/*--------------------------------*- C++ -*----------------------------------*\
| =========                 |                                                 |
| \\      /  F ield         | OpenFOAM: The Open Source CFD Toolbox           |
|  \\    /   O peration     | Version:  2412                                  |
|   \\  /    A nd           | Website:  www.openfoam.com                      |
|    \\/     M anipulation  |                                                 |
\*---------------------------------------------------------------------------*/
FoamFile
{
    version     2.0;
    format      ascii;
    arch        "LSB;label=32;scalar=64";
    class       faceList;
    location    "constant/inner_box/polyMesh";
    object      faces;
}
// * * * * * * * * * * * * * * * * * * * * * * * * * * * * * * * * * * * * * //


11365
(
3(1118 996 1419)
3(987 996 1118)
3(987 1419 996)
3(987 1118 1419)
3(1313 1436 1339)
3(1377 1339 1436)
3(1313 1377 1436)
3(1313 1339 1377)
3(330 322 1349)
3(322 321 1349)
3(330 1349 321)
3(331 322 1349)
3(330 331 1349)
3(1307 1358 1423)
3(1307 1423 1114)
3(1307 1114 1358)
3(1358 1114 1423)
3(465 1402 1308)
3(465 1308 1396)
3(1396 1308 1402)
3(465 1396 1402)
3(654 646 1350)
3(654 1350 645)
3(646 645 1350)
3(655 646 1350)
3(654 655 1350)
3(1254 758 759)
3(1254 1253 758)
3(1254 759 1253)
3(1253 759 758)
3(1126 516 515)
3(1125 516 1126)
3(1125 515 516)
3(1125 1126 515)
3(206 760 190)
3(206 298 760)
3(298 190 760)
3(436 125 296)
3(436 143 125)
3(436 296 143)
3(1159 1432 1183)
3(1159 1134 1432)
3(1134 1183 1432)
3(1048 1340 273)
3(1048 274 1340)
3(274 273 1340)
3(1039 1340 273)
3(1039 1048 1340)
3(1262 1274 168)
3(310 168 1274)
3(1262 168 310)
3(1014 1023 1416)
3(1015 1014 1416)
3(1015 1416 1023)
3(583 1132 501)
3(583 582 1132)
3(583 501 582)
3(582 501 1132)
3(826 1260 825)
3(826 825 763)
3(826 763 1260)
3(1260 763 825)
3(501 583 502)
3(501 502 1132)
3(502 583 1132)
3(1328 1354 1332)
3(1328 1332 1379)
3(1332 1354 1379)
3(1328 1379 1354)
3(903 1389 911)
3(903 902 1389)
3(902 911 1389)
3(912 903 1389)
3(911 912 1389)
3(393 1396 1402)
3(393 402 1396)
3(393 1402 402)
3(1396 402 1402)
3(391 1136 1184)
3(1165 391 1184)
3(1165 1136 391)
3(1258 760 298)
3(1258 1253 760)
3(1253 298 760)
3(296 1125 517)
3(296 517 1130)
3(1125 1130 517)
3(996 997 1347)
3(988 1347 997)
3(988 996 1347)
3(1242 1204 1394)
3(1242 1394 1214)
3(1204 1214 1394)
3(797 1204 1242)
3(797 1242 1203)
3(797 1203 1204)
3(1062 1409 1065)
3(1062 1061 1409)
3(1061 1065 1409)
3(1266 100 1271)
3(295 1271 100)
3(295 100 1266)
3(1328 1379 467)
3(1328 1352 1379)
3(1352 467 1379)
3(1328 467 1352)
3(299 1253 688)
3(1257 688 1253)
3(1257 299 688)
3(1125 297 445)
3(1125 445 1129)
3(297 1129 445)
3(17 257 1383)
3(257 1053 1383)
3(17 1383 1053)
3(443 1125 435)
3(435 1125 444)
3(443 444 1125)
3(435 434 1125)
3(443 1125 434)
3(695 687 1253)
3(695 1253 686)
3(1253 687 686)
3(687 1253 696)
3(696 1253 695)
3(689 72 303)
3(79 72 689)
3(79 689 303)
3(509 51 44)
3(509 44 291)
3(509 291 51)
3(292 428 1124)
3(509 292 1124)
3(509 1124 428)
3(509 428 292)
3(1258 24 832)
3(24 841 832)
3(1258 832 841)
3(1258 841 24)
3(18 1130 589)
3(18 589 580)
3(1130 580 589)
3(18 580 1130)
3(1268 164 664)
3(1272 664 164)
3(1272 1268 664)
3(1272 164 1268)
3(1011 1431 1019)
3(1011 1010 1431)
3(1010 1019 1431)
3(1019 1020 1431)
3(1020 1011 1431)
3(1308 1349 1426)
3(1308 1426 1319)
3(1349 1319 1426)
3(1308 1319 1349)
3(1306 1368 1375)
3(1310 1368 1306)
3(1310 1375 1368)
3(1310 1306 1375)
3(1133 369 368)
3(294 368 369)
3(294 1133 368)
3(294 369 1133)
3(1205 1241 1396)
3(1205 1396 1206)
3(1241 1206 1396)
3(476 1354 1328)
3(477 1328 1354)
3(476 1328 477)
3(476 477 1354)
3(1027 1400 1035)
3(1027 1026 1400)
3(1026 1035 1400)
3(272 1400 1039)
3(272 1030 1400)
3(1030 1039 1400)
3(1035 1036 1400)
3(1036 1027 1400)
3(1039 273 1400)
3(273 272 1400)
3(476 1328 1379)
3(476 467 1328)
3(476 1379 467)
3(1144 1159 1432)
3(1144 1432 1183)
3(1161 1162 742)
3(1140 1161 742)
3(1140 742 1162)
3(1221 734 1199)
3(1221 1220 734)
3(1220 1199 734)
3(368 1133 360)
3(369 360 1133)
3(359 368 1133)
3(359 1133 360)
3(620 1261 612)
3(620 621 1261)
3(621 612 1261)
3(611 1261 612)
3(611 620 1261)
3(806 1203 1242)
3(806 1242 1218)
3(806 1218 1203)
3(1307 1091 1320)
3(1104 1307 1320)
3(1104 1091 1307)
3(1104 1320 1091)
3(1392 1394 1429)
3(1394 1309 1429)
3(1392 1309 1394)
3(1392 1429 1309)
3(830 829 1254)
3(290 1254 829)
3(290 829 830)
3(290 830 1254)
3(586 587 1126)
3(280 586 1126)
3(280 587 586)
3(280 1126 587)
3(946 954 1438)
3(955 946 1438)
3(955 1438 954)
3(945 954 1438)
3(945 1438 946)
3(309 612 611)
3(1261 612 309)
3(1261 309 611)
3(658 1331 649)
3(658 1325 1331)
3(658 649 1325)
3(1325 649 1331)
3(1129 295 371)
3(1128 371 295)
3(1129 371 1128)
3(1148 1091 1320)
3(1148 1307 1091)
3(1148 1320 1307)
3(1205 455 1241)
3(1219 1241 455)
3(1219 455 1205)
3(476 1332 1328)
3(476 1354 1332)
3(1106 1341 1429)
3(1106 1312 1341)
3(1106 1429 1312)
3(1341 1312 1429)
3(400 1136 1137)
3(1184 400 1137)
3(1184 1136 400)
3(1116 960 1398)
3(951 1398 960)
3(951 960 1116)
3(951 1116 1398)
3(614 310 1257)
3(614 1256 310)
3(614 1257 1256)
3(1340 273 1400)
3(1039 1340 1400)
3(1343 1306 1368)
3(1343 1368 1375)
3(1343 1375 1306)
3(24 832 298)
3(298 832 1258)
3(18 296 589)
3(296 1130 589)
3(476 1332 1379)
3(1399 728 1420)
3(1329 728 1399)
3(1329 1420 728)
3(1329 1399 1420)
3(1003 1387 268)
3(269 268 1387)
3(1003 269 1387)
3(994 1387 268)
3(994 1003 1387)
3(1262 668 168)
3(1274 168 668)
3(1262 1274 668)
3(1263 1273 96)
3(96 1273 293)
3(1263 96 293)
3(259 258 1399)
3(258 1362 1399)
3(259 1399 1362)
3(259 1362 258)
3(1204 1394 797)
3(1242 797 1394)
3(1235 1213 473)
3(1213 1198 473)
3(1235 473 1198)
3(293 367 1131)
3(293 366 367)
3(1131 367 366)
3(293 1131 366)
3(866 874 1314)
3(875 1314 874)
3(875 866 1314)
3(866 865 1314)
3(874 1314 865)
3(1356 1308 1402)
3(1356 1402 1436)
3(1402 1308 1436)
3(1356 1436 1308)
3(1146 1412 1160)
3(1146 1182 1412)
3(1182 1160 1412)
3(1354 540 1416)
3(1327 1416 540)
3(1327 1354 1416)
3(1327 540 1354)
3(465 1356 1308)
3(465 1402 1356)
3(1316 1349 1426)
3(1308 1349 1316)
3(1308 1316 1426)
3(871 1106 1341)
3(871 1429 1106)
3(871 1341 1429)
3(1025 1379 1017)
3(1025 1026 1379)
3(1026 1017 1379)
3(1021 1029 1379)
3(1029 1030 1379)
3(1021 1379 1030)
3(1021 1020 1379)
3(1020 1029 1379)
3(1017 1016 1379)
3(1016 1025 1379)
3(257 904 1443)
3(258 1443 904)
3(258 257 1443)
3(257 895 1443)
3(895 904 1443)
3(476 1332 1313)
3(1313 1332 1379)
3(476 1313 1379)
3(1306 1345 1368)
3(1310 1345 1306)
3(1310 1368 1345)
3(1260 825 288)
3(826 288 825)
3(1260 288 826)
3(1132 278 582)
3(583 582 278)
3(583 278 1132)
3(1166 337 1184)
3(1165 1184 337)
3(1165 337 1166)
3(1356 1308 1396)
3(465 1356 1396)
3(798 1394 1429)
3(798 1429 1392)
3(798 1392 1394)
3(1194 401 1241)
3(1194 1216 401)
3(401 1216 1241)
3(26 3 1273)
3(94 3 26)
3(94 26 1273)
3(94 1273 3)
3(317 1266 100)
3(317 100 1271)
3(317 1271 1266)
3(1106 1312 1418)
3(1312 1341 1418)
3(1106 1418 1341)
3(1308 1396 1424)
3(1308 1424 1356)
3(1396 1356 1424)
3(293 94 374)
3(94 26 374)
3(293 26 94)
3(293 374 26)
3(1315 1363 1319)
3(1315 1319 1428)
3(1315 1428 1363)
3(1319 1363 1428)
3(1138 1154 535)
3(1170 535 1154)
3(1170 1138 535)
3(1306 1337 1368)
3(1306 1345 1337)
3(1337 1345 1368)
3(516 1126 507)
3(1130 516 507)
3(1130 1126 516)
3(1130 507 1126)
3(768 1254 759)
3(768 759 1258)
3(759 1254 1258)
3(768 1258 1254)
3(610 308 1259)
3(610 609 308)
3(610 1259 609)
3(1259 308 609)
3(1035 1043 1453)
3(1044 1035 1453)
3(1044 1453 1043)
3(1047 1453 1039)
3(1048 1039 1453)
3(1047 1048 1453)
3(1038 1047 1453)
3(1039 1038 1453)
3(1043 1453 1034)
3(1035 1034 1453)
3(1327 1430 1333)
3(1327 1364 1430)
3(1327 1333 1364)
3(1364 1333 1430)
3(721 1380 1324)
3(1324 1380 1408)
3(721 1324 1408)
3(721 1408 1380)
3(371 372 295)
3(371 1129 372)
3(1129 295 372)
3(1396 1349 1402)
3(1308 1349 1396)
3(1308 1402 1349)
3(102 295 382)
3(102 382 27)
3(102 27 295)
3(27 382 295)
3(476 1332 539)
3(1313 539 1332)
3(476 539 1313)
3(865 1342 1393)
3(865 1393 1314)
3(1342 1314 1393)
3(865 1314 1342)
3(465 1436 1356)
3(465 1402 1436)
3(721 1420 1324)
3(721 1380 1420)
3(1380 1324 1420)
3(1307 1359 1398)
3(1307 1398 1320)
3(1307 1320 1359)
3(1359 1320 1398)
3(28 12 1274)
3(170 12 28)
3(170 28 1274)
3(170 1274 12)
3(872 1341 1440)
3(871 872 1440)
3(871 1440 1341)
3(871 1341 872)
3(1200 1221 734)
3(1199 1200 734)
3(1334 1429 1106)
3(1334 1422 1429)
3(1422 1106 1429)
3(1334 1106 1422)
3(614 310 615)
3(614 615 1257)
3(1257 615 310)
3(607 310 170)
3(607 170 28)
3(28 170 310)
3(607 28 310)
3(665 1268 164)
3(665 664 1268)
3(665 1268 165)
3(164 165 1268)
3(1331 1325 1380)
3(730 1331 1380)
3(730 1380 1325)
3(730 1325 1331)
3(162 308 599)
3(29 162 599)
3(29 308 162)
3(29 599 308)
3(1310 1369 1437)
3(1437 1369 1457)
3(1310 1437 1457)
3(1310 1457 1369)
3(544 553 1385)
3(544 1385 1153)
3(544 1153 553)
3(553 1153 1385)
3(393 1396 1349)
3(393 1349 1402)
3(1364 1010 1431)
3(1011 1010 1364)
3(1011 1364 1431)
3(1307 1390 1423)
3(1307 1358 1390)
3(1390 1358 1423)
3(1311 1340 1353)
3(1308 1353 1340)
3(1308 1340 1311)
3(1308 1311 1353)
3(21 572 1132)
3(278 1132 572)
3(21 278 572)
3(1260 833 25)
3(1260 288 833)
3(288 25 833)
3(404 1372 1328)
3(404 1352 1372)
3(1352 1328 1372)
3(404 1328 1352)
3(1327 477 1328)
3(1327 1328 1354)
3(1327 1354 477)
3(655 646 1315)
3(655 1315 1350)
3(1315 646 1350)
3(1242 716 1193)
3(1214 716 1242)
3(1214 1193 716)
3(1381 996 1419)
3(1118 996 1381)
3(1118 1381 1419)
3(331 322 1316)
3(1316 322 1349)
3(331 1316 1349)
3(1133 1131 367)
3(1133 367 358)
3(367 1131 358)
3(1133 358 1131)
3(272 1352 271)
3(272 271 1372)
3(272 1372 1352)
3(271 1352 1372)
3(726 1392 1394)
3(717 1392 726)
3(717 726 1394)
3(717 1394 1392)
3(952 1336 951)
3(952 943 1336)
3(943 951 1336)
3(869 1211 1210)
3(1210 1211 1365)
3(869 1365 1211)
3(869 1210 1365)
3(292 428 437)
3(437 428 1124)
3(292 437 1124)
3(304 680 689)
3(689 680 1252)
3(304 1252 680)
3(304 689 1252)
3(167 668 1262)
3(1262 668 667)
3(167 1262 667)
3(1262 167 168)
3(1242 716 1218)
3(1218 716 1193)
3(725 1394 1200)
3(725 1200 1214)
3(1214 1200 1394)
3(725 1214 1394)
3(294 377 293)
3(97 293 377)
3(97 377 294)
3(97 294 293)
3(1211 878 1201)
3(1211 1228 878)
3(1201 878 1228)
3(1142 886 1152)
3(1169 1152 886)
3(1169 886 1142)
3(1340 1382 1311)
3(1340 1353 1382)
3(1353 1311 1382)
3(1312 1334 1429)
3(1312 1106 1334)
3(1025 1016 1332)
3(1025 1332 1024)
3(1016 1024 1332)
3(1394 1365 1429)
3(1309 1365 1394)
3(1309 1429 1365)
3(1010 1354 1431)
3(1010 1019 1354)
3(1354 1019 1431)
3(1322 1384 1343)
3(1322 1343 1337)
3(1322 1337 1384)
3(1337 1343 1384)
3(1175 1307 1423)
3(1175 1114 1307)
3(1175 1423 1114)
3(1319 1318 1363)
3(1315 1318 1319)
3(1315 1363 1318)
3(401 1241 1219)
3(401 1219 1194)
3(252 890 1405)
3(891 252 1405)
3(891 1405 890)
3(251 890 1405)
3(252 251 1405)
3(1204 797 1232)
3(1202 1232 797)
3(1204 1202 797)
3(395 1352 404)
3(395 1402 1352)
3(395 404 1402)
3(404 1352 1402)
3(269 268 1333)
3(269 1333 1387)
3(1333 268 1387)
3(1101 1320 1348)
3(1101 1348 1369)
3(1101 1369 1320)
3(1348 1320 1369)
3(368 377 293)
3(294 377 368)
3(294 368 293)
3(728 1420 1331)
3(728 1331 1399)
3(1399 1331 1420)
3(295 379 294)
3(295 99 379)
3(379 99 294)
3(295 294 99)
3(1389 903 1404)
3(902 1404 903)
3(902 1389 1404)
3(1068 1374 1050)
3(1068 1065 1374)
3(1065 1050 1374)
3(657 649 1331)
3(657 1331 648)
3(649 648 1331)
3(657 658 1331)
3(1332 539 1354)
3(476 1354 539)
3(1214 716 1394)
3(1242 1394 716)
3(960 1116 1397)
3(1083 1116 960)
3(1083 1397 1116)
3(1083 960 1397)
3(1309 1350 1425)
3(1425 1350 1428)
3(1309 1428 1350)
3(1309 1425 1428)
3(256 1048 1353)
3(255 256 1353)
3(255 1353 1048)
3(1362 903 1389)
3(912 1362 1389)
3(912 903 1362)
3(96 1263 313)
3(1273 96 313)
3(1273 313 1263)
3(1063 1064 1366)
3(1060 1366 1064)
3(1060 1063 1366)
3(370 295 379)
3(370 379 294)
3(370 294 295)
3(1358 1314 1408)
3(794 1358 1408)
3(794 1408 1314)
3(794 1314 1358)
3(797 1232 1394)
3(1204 1394 1232)
3(95 94 293)
3(95 293 1273)
3(95 1273 94)
3(94 1273 293)
3(257 1383 1367)
3(17 1367 1383)
3(257 1367 17)
3(1358 1326 1408)
3(1314 1326 1358)
3(1314 1408 1326)
3(1350 1392 1394)
3(1350 1394 726)
3(1350 726 1392)
3(1030 1352 271)
3(1030 272 1352)
3(271 1021 1352)
3(1021 1030 1352)
3(399 1345 1412)
3(408 1345 399)
3(408 399 1412)
3(408 1412 1345)
3(1200 1350 1394)
3(1350 725 1394)
3(1200 725 1350)
3(265 264 1335)
3(1335 264 1458)
3(265 1335 1458)
3(265 1458 264)
3(1309 1394 1350)
3(1309 1350 1392)
3(169 170 310)
3(169 310 1274)
3(169 1274 170)
3(170 1274 310)
3(102 101 295)
3(101 1271 295)
3(102 1271 101)
3(102 295 1271)
3(1341 1456 872)
3(1341 1440 1456)
3(1440 872 1456)
3(788 1211 1232)
3(788 1232 1202)
3(788 1202 1211)
3(1312 1422 1429)
3(1312 1334 1422)
3(272 1415 1372)
3(272 271 1415)
3(271 1372 1415)
3(1333 1384 407)
3(1333 1368 1384)
3(1368 407 1384)
3(1333 407 1368)
3(1349 1424 1308)
3(1349 1396 1424)
3(310 309 604)
3(310 604 167)
3(167 604 309)
3(310 167 309)
3(1410 1327 1430)
3(1333 1410 1430)
3(1333 1327 1410)
3(1063 1066 1371)
3(1073 1371 1066)
3(1073 1063 1371)
3(258 1383 259)
3(258 1399 1383)
3(259 1383 1399)
3(1353 1308 1426)
3(1319 1308 1353)
3(1319 1353 1426)
3(1397 960 1398)
3(1116 1397 1398)
3(406 1333 1384)
3(406 1384 407)
3(406 407 1333)
3(719 1392 1279)
3(719 1440 1392)
3(1279 1392 1440)
3(719 1279 1440)
3(162 163 308)
3(1272 308 163)
3(1272 163 162)
3(1272 162 308)
3(952 1398 960)
3(952 951 1398)
3(960 961 1398)
3(961 952 1398)
3(602 309 308)
3(602 308 165)
3(602 165 309)
3(309 165 308)
3(1198 1206 1396)
3(1235 1396 1206)
3(1235 1198 1396)
3(400 1135 1137)
3(1136 1135 400)
3(1272 655 1350)
3(654 655 1272)
3(654 1272 1350)
3(1328 405 1372)
3(404 1372 405)
3(404 405 1328)
3(1316 1426 1319)
3(1316 1319 1367)
3(1367 1319 1426)
3(1316 1367 1426)
3(297 296 436)
3(297 436 125)
3(891 1441 899)
3(890 899 1441)
3(891 890 1441)
3(900 891 1441)
3(899 900 1441)
3(1200 644 1223)
3(1200 1223 1350)
3(1223 644 1350)
3(1200 1350 644)
3(1307 1336 1398)
3(1307 1359 1336)
3(1336 1359 1398)
3(1361 1307 1390)
3(1390 1307 1414)
3(1361 1390 1414)
3(1361 1414 1307)
3(604 310 613)
3(604 613 309)
3(613 310 309)
3(1309 1312 1422)
3(1309 1429 1312)
3(1309 1422 1429)
3(1347 996 1381)
3(997 1347 1381)
3(997 1381 996)
3(1327 1410 1457)
3(1327 1347 1410)
3(1410 1347 1457)
3(1327 1457 1347)
3(602 611 308)
3(309 611 602)
3(309 308 611)
3(1364 269 1387)
3(1003 269 1364)
3(1003 1364 1387)
3(1308 1426 1340)
3(1353 1340 1426)
3(1307 1378 1361)
3(1307 1390 1378)
3(1361 1378 1390)
3(1350 1319 1428)
3(1315 1350 1428)
3(1315 1319 1350)
3(1340 1402 1426)
3(1340 1308 1402)
3(1402 1308 1426)
3(1181 1414 1390)
3(1181 1390 1307)
3(1181 1307 1414)
3(1076 1366 17)
3(1076 274 1366)
3(274 17 1366)
3(1306 1337 1343)
3(1343 1337 1368)
3(274 1353 1048)
3(1340 1048 1353)
3(274 1340 1353)
3(1020 1379 1431)
3(1021 1431 1379)
3(1021 1020 1431)
3(1074 271 1371)
3(1074 1371 1056)
3(271 1056 1371)
3(100 1266 316)
3(100 99 1266)
3(99 316 1266)
3(316 317 1266)
3(540 1354 1332)
3(540 1332 539)
3(540 539 1354)
3(1063 1062 1371)
3(1062 1066 1371)
3(1319 1316 1349)
3(644 1221 1200)
3(644 1223 1221)
3(652 1164 1141)
3(652 1141 1162)
3(652 1162 1164)
3(728 1329 1392)
3(719 1392 1329)
3(719 1329 728)
3(719 728 1392)
3(1354 1332 1416)
3(540 1416 1332)
3(721 720 1324)
3(1324 720 1420)
3(721 1420 720)
3(1158 1345 1412)
3(1345 1172 1412)
3(1158 1172 1345)
3(1158 1412 1172)
3(725 1200 1193)
3(725 1193 1214)
3(1312 1422 1338)
3(1312 1338 1309)
3(1309 1338 1422)
3(824 1260 25)
3(824 25 303)
3(824 303 1260)
3(21 1132 581)
3(291 21 581)
3(291 581 1132)
3(1315 1428 1309)
3(1315 1309 1363)
3(1363 1309 1428)
3(1307 1398 1104)
3(1320 1104 1398)
3(258 904 1338)
3(1338 904 1362)
3(258 1338 1362)
3(258 1362 904)
3(1318 1367 1319)
3(1363 1319 1367)
3(1318 1363 1367)
3(1333 1368 1375)
3(1333 1375 1343)
3(1333 1343 1368)
3(399 1411 1345)
3(399 1345 1368)
3(399 1368 1411)
3(1368 1345 1411)
3(1141 1361 733)
3(1141 1432 1361)
3(1141 733 1432)
3(733 1361 1432)
3(647 656 1315)
3(647 1331 656)
3(1315 656 1331)
3(647 1315 1331)
3(271 1371 270)
3(1074 270 1371)
3(655 1315 647)
3(655 656 1315)
3(647 646 1315)
3(552 1385 544)
3(552 553 1385)
3(544 543 1385)
3(552 1385 543)
3(1365 798 1394)
3(1365 1429 798)
3(296 1125 436)
3(517 436 1125)
3(296 436 517)
3(541 1410 1457)
3(1327 1410 541)
3(1327 541 1457)
3(1378 1326 1408)
3(1358 1326 1378)
3(1358 1378 1408)
3(1273 1349 322)
3(1273 322 321)
3(1273 321 1349)
3(258 1443 1338)
3(904 1338 1443)
3(1394 1350 1425)
3(1309 1394 1425)
3(1023 1022 1085)
3(1031 1085 1022)
3(1023 1085 1031)
3(912 1389 1386)
3(912 1386 911)
3(911 1386 1389)
3(1350 1319 1425)
3(1425 1319 1428)
3(269 1446 1052)
3(269 270 1446)
3(270 1052 1446)
3(1035 1453 1400)
3(1035 1036 1453)
3(1036 1400 1453)
3(268 1333 1444)
3(269 1444 1333)
3(269 268 1444)
3(1310 1333 1368)
3(1310 1375 1333)
3(25 824 833)
3(1260 833 824)
3(21 572 581)
3(1132 581 572)
3(291 1124 509)
3(291 509 292)
3(1326 1360 1378)
3(1378 1360 1408)
3(1326 1408 1360)
3(1194 1448 1216)
3(1196 1216 1448)
3(1194 1196 1448)
3(17 1053 1366)
3(1076 1366 1053)
3(1230 1200 1394)
3(1214 1230 1394)
3(1411 1345 1412)
3(399 1411 1412)
3(1042 1370 249)
3(1041 249 1370)
3(1042 1041 1370)
3(1042 1370 250)
3(249 250 1370)
3(1352 1340 1402)
3(1352 1426 1340)
3(1352 1402 1426)
3(1312 1392 1338)
3(1312 1362 1392)
3(1312 1338 1362)
3(1362 1338 1392)
3(304 689 72)
3(304 303 689)
3(1019 1379 1431)
3(1019 1020 1379)
3(1306 1369 1345)
3(1310 1345 1369)
3(1306 1310 1369)
3(723 1432 732)
3(723 732 1390)
3(723 1390 1432)
3(1390 732 1432)
3(1139 1176 1412)
3(1147 1139 1412)
3(1147 1412 1176)
3(1315 1350 1309)
3(1137 1411 400)
3(1137 1184 1411)
3(1184 400 1411)
3(865 1092 1393)
3(865 1342 1092)
3(1092 1342 1393)
3(1307 1390 1175)
3(1175 1390 1423)
3(295 370 371)
3(1128 371 370)
3(295 1128 370)
3(1235 1213 1356)
3(1213 473 1356)
3(1235 1356 473)
3(283 284 863)
3(283 863 1109)
3(863 284 1109)
3(1345 472 1412)
3(471 472 1345)
3(471 1412 472)
3(471 1345 1412)
3(1333 1384 1430)
3(406 1430 1384)
3(406 1333 1430)
3(1205 1241 464)
3(1205 464 1396)
3(464 1241 1396)
3(1306 1414 1320)
3(1306 1320 1351)
3(1351 1320 1414)
3(1306 1351 1414)
3(1308 1427 1356)
3(1308 1424 1427)
3(1424 1356 1427)
3(1016 1354 1017)
3(1016 1379 1354)
3(1017 1354 1379)
3(1307 1335 1361)
3(1307 1378 1335)
3(1361 1335 1378)
3(1339 1427 1436)
3(1427 1313 1436)
3(1339 1313 1427)
3(1370 1405 1422)
3(1370 1422 1334)
3(1370 1334 1405)
3(1405 1334 1422)
3(724 1432 732)
3(724 723 1432)
3(733 724 1432)
3(732 733 1432)
3(517 1130 508)
3(517 508 296)
3(508 1130 296)
3(1258 760 769)
3(760 298 769)
3(1258 769 298)
3(268 1375 1387)
3(994 1375 268)
3(994 1387 1375)
3(395 1352 1372)
3(404 395 1372)
3(310 614 613)
3(1256 613 614)
3(1256 310 613)
3(265 1050 1374)
3(264 265 1374)
3(264 1374 1050)
3(1334 1312 1418)
3(1106 1334 1418)
3(367 293 1133)
3(367 368 293)
3(367 1133 368)
3(368 1133 293)
3(978 1348 970)
3(979 970 1348)
3(978 979 1348)
3(970 969 1348)
3(969 978 1348)
3(1029 1030 1400)
3(1030 1379 1400)
3(1029 1400 1379)
3(903 1338 1404)
3(1338 894 1404)
3(903 1404 894)
3(903 894 1338)
3(1307 1104 1358)
3(1114 1104 1307)
3(1114 1358 1104)
3(1069 1409 1062)
3(1066 1062 1409)
3(1069 1066 1409)
3(408 1368 399)
3(408 1345 1368)
3(1338 1334 1422)
3(1312 1334 1338)
3(1158 1385 1412)
3(1385 1345 1412)
3(1158 1345 1385)
3(470 1333 1410)
3(1333 469 1410)
3(470 1410 469)
3(470 469 1333)
3(728 1315 1329)
3(728 1399 1315)
3(1329 1315 1399)
3(253 1344 891)
3(252 891 1344)
3(253 252 1344)
3(892 253 1344)
3(891 892 1344)
3(255 1344 893)
3(255 254 1344)
3(254 893 1344)
3(893 894 1344)
3(255 1344 894)
3(1328 1430 1327)
3(1328 1364 1430)
3(1328 1327 1364)
3(23 283 860)
3(283 1117 860)
3(23 860 1117)
3(1284 795 1423)
3(796 1423 795)
3(796 795 1284)
3(796 1284 1423)
3(334 1384 335)
3(334 1295 1384)
3(334 335 1295)
3(1295 335 1384)
3(336 1292 1411)
3(337 336 1411)
3(337 1292 336)
3(337 1411 1292)
3(373 108 297)
3(373 297 364)
3(297 108 364)
3(297 373 109)
3(625 299 172)
3(625 173 299)
3(1319 1349 1424)
3(1319 1424 1308)
3(1360 1380 1408)
3(1360 1408 1324)
3(1360 1324 1380)
3(1026 1400 1379)
3(1026 1379 1027)
3(1027 1379 1400)
3(1014 1085 1416)
3(1023 1416 1085)
3(1023 1085 1014)
3(1181 1361 1390)
3(1181 1414 1361)
3(1095 1436 1339)
3(1095 1427 1436)
3(1095 1339 1427)
3(721 730 1420)
3(730 1380 1420)
3(721 1380 730)
3(1320 1306 1369)
3(1369 1306 1414)
3(1320 1369 1414)
3(1308 1340 1427)
3(1311 1427 1340)
3(1311 1308 1427)
3(1097 1422 1370)
3(1097 1405 1422)
3(1097 1370 1405)
3(1230 1350 1394)
3(1200 1350 1230)
3(1309 1392 1312)
3(1312 1392 1429)
3(1058 1060 1383)
3(1064 1058 1383)
3(1064 1383 1060)
3(1078 1409 266)
3(1078 1068 1409)
3(1068 266 1409)
3(1184 1168 337)
3(1166 337 1168)
3(1368 1333 1410)
3(470 1368 1410)
3(470 1333 1368)
3(469 1430 1410)
3(469 1327 1430)
3(469 1410 1327)
3(1073 1064 1366)
3(1073 1366 1063)
3(891 1344 1405)
3(1344 252 1405)
3(1137 1135 1412)
3(1157 1137 1412)
3(1157 1412 1135)
3(468 1430 1327)
3(468 1327 1328)
3(468 1328 1430)
3(1232 1365 1394)
3(1215 1232 1394)
3(1215 1394 1365)
3(1215 1365 1232)
3(719 1392 718)
3(1279 718 1392)
3(719 718 1279)
3(256 1353 274)
3(17 274 1353)
3(256 17 1353)
3(1315 1392 728)
3(1315 1329 1392)
3(1141 1432 1134)
3(1141 1155 1432)
3(1155 1134 1432)
3(1010 1354 1364)
3(1364 1354 1431)
3(292 356 59)
3(292 60 356)
3(608 64 304)
3(617 608 304)
3(617 304 64)
3(63 304 608)
3(1176 1385 1412)
3(1176 1412 1158)
3(1176 1158 1385)
3(1313 1308 1427)
3(1313 1436 1308)
3(1427 1308 1436)
3(1313 1340 1427)
3(1308 1340 1313)
3(1340 1382 1427)
3(1311 1427 1382)
3(1113 1327 1381)
3(1327 541 1381)
3(1113 541 1327)
3(1113 1381 541)
3(395 1352 1316)
3(395 1316 1372)
3(1316 1352 1372)
3(308 610 1261)
3(308 611 610)
3(610 611 1261)
3(308 1261 611)
3(1145 1432 1143)
3(1173 1143 1432)
3(1145 1173 1432)
3(395 1402 1316)
3(1352 1316 1402)
3(1240 1394 1350)
3(1240 1350 1425)
3(1240 1425 1394)
3(903 904 1362)
3(903 1362 1338)
3(903 1338 904)
3(1322 1321 1343)
3(1322 1384 1321)
3(1343 1321 1384)
3(729 728 1420)
3(729 1420 1331)
3(729 1331 728)
3(1358 1307 1378)
3(1326 1307 1358)
3(1326 1378 1307)
3(1073 1072 1415)
3(1049 1415 1072)
3(1049 1073 1415)
3(436 1125 297)
3(436 297 445)
3(436 445 1125)
3(697 688 299)
3(1253 688 697)
3(1253 697 299)
3(1307 1336 1104)
3(1104 1336 1398)
3(885 1284 795)
3(885 1423 1284)
3(885 795 1423)
3(1056 1072 1415)
3(1073 1056 1415)
3(1365 1425 1309)
3(1365 1394 1425)
3(646 727 728)
3(728 727 1315)
3(646 1315 727)
3(646 728 1315)
3(1139 1385 1176)
3(1139 1154 1385)
3(1154 1176 1385)
3(1278 1368 1437)
3(1278 1437 470)
3(1368 470 1437)
3(1278 470 1368)
3(1324 1376 1314)
3(1360 1314 1376)
3(1324 1314 1360)
3(1324 1360 1376)
3(1144 1432 1143)
3(1144 1145 1432)
3(1345 472 1385)
3(1385 472 1412)
3(544 1153 1154)
3(544 1154 1138)
3(544 1138 1153)
3(1213 1212 536)
3(1197 536 1212)
3(1213 536 1197)
3(652 1141 1361)
3(652 733 1141)
3(652 1361 733)
3(1060 1062 1355)
3(1063 1060 1355)
3(1063 1355 1062)
3(1306 1346 1310)
3(1306 1375 1346)
3(1310 1346 1375)
3(1314 1324 1395)
3(1314 1395 1376)
3(1324 1376 1395)
3(1323 1318 1331)
3(1323 1331 1373)
3(1323 1373 1318)
3(1331 1318 1373)
3(390 336 1292)
3(390 1292 1411)
3(390 1411 336)
3(1048 1340 1453)
3(1340 1039 1453)
3(1347 1327 1381)
3(1113 1347 1381)
3(1113 1327 1347)
3(810 721 1324)
3(810 1324 811)
3(810 811 721)
3(721 811 1324)
3(810 720 1324)
3(721 720 810)
3(1058 1059 1383)
3(1059 1060 1383)
3(467 1328 459)
3(468 459 1328)
3(467 468 1328)
3(458 467 1328)
3(459 458 1328)
3(1345 1369 1401)
3(1369 1179 1401)
3(1345 1401 1179)
3(1345 1179 1369)
3(271 1431 1352)
3(1021 1352 1431)
3(271 1021 1431)
3(1309 1392 1338)
3(1051 1373 260)
3(259 260 1373)
3(1051 259 1373)
3(395 403 1402)
3(403 404 1402)
3(394 1402 395)
3(394 403 1402)
3(1148 1104 1307)
3(1175 1307 1104)
3(1175 1148 1307)
3(1175 1104 1148)
3(405 1430 1328)
3(405 1372 1430)
3(1372 1328 1430)
3(1060 1355 1061)
3(1060 1059 1355)
3(1059 1061 1355)
3(788 1365 1232)
3(1211 1232 1365)
3(788 1211 1365)
3(1203 797 806)
3(806 797 1242)
3(788 1232 797)
3(788 797 1202)
3(1091 1320 1369)
3(1091 1369 1148)
3(1320 1148 1369)
3(272 1415 1352)
3(1372 1352 1415)
3(538 476 530)
3(538 539 476)
3(530 476 539)
3(538 476 529)
3(530 529 476)
3(689 79 743)
3(78 79 689)
3(78 689 743)
3(624 677 686)
3(624 678 677)
3(624 686 678)
3(743 689 752)
3(79 752 689)
3(753 745 691)
3(744 691 745)
3(744 753 691)
3(389 335 390)
3(389 398 335)
3(398 390 335)
3(757 695 748)
3(749 695 757)
3(749 748 695)
3(763 826 817)
3(763 817 825)
3(754 691 753)
3(754 745 691)
3(694 695 748)
3(694 748 757)
3(694 757 695)
3(677 623 624)
3(677 686 623)
3(686 624 623)
3(436 143 526)
3(436 144 143)
3(436 526 144)
3(757 758 695)
3(749 695 758)
3(436 517 526)
3(436 143 517)
3(728 646 736)
3(736 646 727)
3(433 522 513)
3(513 522 432)
3(433 513 432)
3(433 432 522)
3(514 522 433)
3(514 433 523)
3(522 523 433)
3(736 737 646)
3(728 646 737)
3(736 645 727)
3(736 646 645)
3(727 645 646)
3(735 736 645)
3(735 645 727)
3(514 513 433)
3(501 583 591)
3(501 592 583)
3(501 591 592)
3(513 521 432)
3(521 522 432)
3(582 591 501)
3(512 521 432)
3(513 512 432)
3(501 592 502)
3(592 583 502)
3(432 512 431)
3(432 431 521)
3(512 521 431)
3(453 444 362)
3(453 362 452)
3(444 452 362)
3(453 363 362)
3(444 362 363)
3(444 363 453)
3(794 1358 803)
3(794 803 1408)
3(803 1358 1408)
3(1202 797 1203)
3(1345 1172 1411)
3(1411 1172 1412)
3(1306 1345 1401)
3(1345 1337 1401)
3(1306 1401 1337)
3(1422 1338 1428)
3(1344 1338 1422)
3(1344 1422 1428)
3(1344 1428 1338)
3(1054 1409 268)
3(1054 267 1409)
3(267 268 1409)
3(471 1368 1437)
3(471 1278 1368)
3(471 1437 1278)
3(1208 1350 1319)
3(1208 1425 1350)
3(1208 1319 1425)
3(1075 264 1403)
3(1075 1403 1050)
3(264 1050 1403)
3(1067 261 1373)
3(261 262 1373)
3(1067 1373 262)
3(1054 1409 1071)
3(268 1071 1409)
3(719 1440 1329)
3(1392 1329 1440)
3(464 455 1241)
3(464 1205 455)
3(1124 430 438)
3(1124 439 430)
3(1124 438 439)
3(1124 429 438)
3(1124 430 429)
3(682 1252 690)
3(690 1252 681)
3(682 681 1252)
3(682 1252 691)
3(690 691 1252)
3(1206 1198 464)
3(1205 1206 464)
3(1205 464 1198)
3(257 1070 1383)
3(1053 1383 1070)
3(948 1360 940)
3(949 940 1360)
3(948 949 1360)
3(948 1360 939)
3(940 939 1360)
3(1272 163 664)
3(663 1272 664)
3(663 163 1272)
3(164 1272 163)
3(1071 269 1446)
3(1052 1071 1446)
3(1339 1340 1427)
3(1339 1313 1340)
3(313 97 1263)
3(97 96 1263)
3(313 314 1263)
3(97 1263 314)
3(1141 1432 1171)
3(1361 1171 1432)
3(1141 1171 1361)
3(334 1384 326)
3(335 326 1384)
3(334 1384 325)
3(326 325 1384)
3(400 1412 399)
3(400 1411 1412)
3(400 399 1411)
3(975 983 1346)
3(975 1346 984)
3(983 984 1346)
3(975 974 1346)
3(974 983 1346)
3(1306 1369 1401)
3(652 1164 1361)
3(1164 1141 1361)
3(1344 1334 1370)
3(1344 1370 1422)
3(1344 1422 1334)
3(1337 1368 1411)
3(399 1368 1337)
3(399 1337 1411)
3(257 258 1383)
3(258 1070 1383)
3(1104 1091 1148)
3(1065 1077 1403)
3(1050 1403 1077)
3(1050 1065 1403)
3(1333 1364 1387)
3(1327 1333 1387)
3(1327 1387 1364)
3(719 1329 1420)
3(719 1420 728)
3(1229 1198 473)
3(1213 1229 473)
3(1139 481 1154)
3(1170 1154 481)
3(1139 1170 481)
3(1315 1331 1399)
3(728 1331 1315)
3(1389 1362 1404)
3(903 1404 1362)
3(1139 1385 1412)
3(323 331 1435)
3(323 1435 332)
3(331 332 1435)
3(322 331 1435)
3(323 322 1435)
3(326 1337 335)
3(335 1337 1384)
3(326 1384 1337)
3(1061 1077 1403)
3(1061 1403 1065)
3(1261 1259 610)
3(1049 1366 1076)
3(1049 274 1366)
3(1139 1412 1146)
3(1147 1146 1412)
3(1069 1071 1409)
3(1071 1052 1409)
3(1069 1409 1052)
3(720 1420 810)
3(1324 810 1420)
3(1240 1394 1230)
3(1240 1230 1350)
3(1415 272 1426)
3(273 1415 1426)
3(273 272 1415)
3(273 1426 272)
3(1325 1360 1378)
3(1325 1326 1360)
3(1325 1378 1326)
3(1364 1010 1417)
3(1354 1417 1010)
3(1354 1364 1417)
3(1127 512 432)
3(513 1127 432)
3(513 512 1127)
3(432 1127 431)
3(1127 512 431)
3(327 335 1337)
3(327 1337 336)
3(335 336 1337)
3(327 326 1337)
3(1345 1411 1337)
3(1313 1352 1340)
3(1313 1340 1402)
3(1313 1402 1352)
3(1238 1349 1396)
3(1238 1396 1424)
3(1238 1424 1349)
3(1018 1010 1354)
3(1009 1354 1010)
3(1009 1018 1354)
3(1008 1354 1016)
3(1008 1007 1354)
3(1007 1016 1354)
3(1017 1008 1354)
3(1018 1019 1354)
3(1141 733 1134)
3(1134 733 1432)
3(408 1412 400)
3(408 409 1412)
3(409 400 1412)
3(1307 1336 1358)
3(1336 1104 1358)
3(1056 1371 1066)
3(1056 1073 1371)
3(271 1372 270)
3(271 1371 1372)
3(1371 270 1372)
3(1352 1340 1400)
3(1313 1400 1340)
3(1313 1352 1400)
3(1057 259 1383)
3(1051 1383 259)
3(1051 1057 1383)
3(1179 1172 1345)
3(1179 1345 1158)
3(1306 1320 1346)
3(1346 1320 1351)
3(1306 1346 1351)
3(1201 869 1211)
3(1201 1210 869)
3(1142 1152 877)
3(1151 877 1152)
3(1142 877 1151)
3(797 1232 1365)
3(797 1365 1394)
3(1231 1396 1238)
3(1231 1349 1396)
3(1231 1238 1349)
3(1345 1368 1437)
3(471 1345 1437)
3(471 1368 1345)
3(1057 258 1383)
3(1209 1319 1349)
3(1209 1424 1319)
3(1209 1349 1424)
3(1415 1352 1426)
3(272 1426 1352)
3(464 1206 1396)
3(1198 464 1396)
3(269 1333 1364)
3(732 1390 1378)
3(732 1378 723)
3(723 1378 1390)
3(1370 1311 1422)
3(1097 1422 1311)
3(1097 1311 1370)
3(1358 1378 1390)
3(1358 1390 804)
3(1378 804 1390)
3(1358 804 1378)
3(1307 1326 1336)
3(1307 1359 1326)
3(1336 1326 1359)
3(268 1343 1375)
3(268 1375 267)
3(1343 267 1375)
3(268 267 1343)
3(1337 398 1368)
3(399 1368 398)
3(399 398 1337)
3(1207 1311 1422)
3(1207 1422 1425)
3(1422 1311 1425)
3(1207 1425 1311)
3(469 1430 1333)
3(1116 950 951)
3(1088 951 950)
3(1088 950 1116)
3(1088 1116 951)
3(1313 1402 1308)
3(1313 1436 1402)
3(1075 263 1403)
3(264 1403 263)
3(723 1378 722)
3(723 722 1296)
3(1296 722 1378)
3(723 1296 1378)
3(547 1332 539)
3(547 548 1332)
3(548 539 1332)
3(538 547 1332)
3(539 538 1332)
3(1114 1104 1175)
3(1043 1370 250)
3(1043 1042 1370)
3(250 251 1370)
3(251 1043 1370)
3(1230 1223 1350)
3(269 1012 1364)
3(270 269 1364)
3(270 1364 1012)
3(1003 1012 1364)
3(1002 1010 1364)
3(1002 1364 1011)
3(1001 1010 1364)
3(1002 1001 1364)
3(1345 471 1385)
3(472 1385 471)
3(656 1331 648)
3(656 657 1331)
3(648 647 1331)
3(1378 1325 1408)
3(1360 1408 1325)
3(1308 1353 1424)
3(1353 1319 1424)
3(1139 481 1385)
3(481 1154 1385)
3(1045 1382 252)
3(1045 1044 1382)
3(1044 252 1382)
3(1047 1382 254)
3(1046 254 1382)
3(1047 1046 1382)
3(254 255 1382)
3(255 1047 1382)
3(252 253 1382)
3(253 1045 1382)
3(669 168 1274)
3(168 169 1274)
3(669 1274 169)
3(1274 669 668)
3(802 1324 810)
3(802 801 1324)
3(801 810 1324)
3(802 1324 811)
3(1016 1332 1379)
3(1332 1025 1379)
3(1381 1347 1419)
3(996 1419 1347)
3(1315 1392 1309)
3(1315 1350 1392)
3(400 1412 1137)
3(400 1135 1412)
3(865 1314 1105)
3(865 1105 866)
3(866 1105 1314)
3(956 964 1359)
3(956 1359 965)
3(964 965 1359)
3(956 955 1359)
3(955 964 1359)
3(305 3 1273)
3(1062 1355 1061)
3(1234 1117 1365)
3(1234 1365 1422)
3(1234 1422 1117)
3(1365 1117 1422)
3(1320 1307 1351)
3(1351 1307 1414)
3(1320 1414 1307)
3(653 644 1350)
3(653 1350 1223)
3(653 1223 644)
3(1306 1369 1346)
3(1320 1346 1369)
3(458 466 1402)
3(467 1402 466)
3(467 458 1402)
3(457 466 1402)
3(458 457 1402)
3(523 514 1289)
3(523 1289 433)
3(514 433 1289)
3(394 1316 395)
3(394 1402 1316)
3(1274 302 12)
3(1171 1390 1181)
3(1171 1361 1390)
3(1171 1181 1361)
3(1199 725 1200)
3(1199 1193 725)
3(1134 1140 733)
3(1140 1141 733)
3(1308 1402 1316)
3(1349 1316 1402)
3(1345 1172 1401)
3(1345 1401 1411)
3(1401 1172 1411)
3(391 1136 400)
3(391 400 1184)
3(1345 1437 1310)
3(1345 1369 1437)
3(939 1421 1376)
3(939 1376 1395)
3(939 1395 1421)
3(1395 1376 1421)
3(1021 1379 1352)
3(1030 1352 1379)
3(1365 1422 1429)
3(1309 1422 1365)
3(1311 1353 1424)
3(1308 1311 1424)
3(863 862 1109)
3(871 863 1109)
3(871 1109 862)
3(1377 1035 1400)
3(1026 1377 1400)
3(1026 1035 1377)
3(927 1342 935)
3(926 935 1342)
3(927 926 1342)
3(936 927 1342)
3(935 936 1342)
3(933 1342 925)
3(934 925 1342)
3(933 934 1342)
3(925 924 1342)
3(933 1342 924)
3(267 1078 1409)
3(266 267 1409)
3(1325 1326 1406)
3(1326 1360 1406)
3(1325 1406 1360)
3(1310 1368 1437)
3(788 1228 1211)
3(788 1202 1228)
3(1169 796 1152)
3(796 1143 1152)
3(1169 1143 796)
3(997 989 1347)
3(988 1347 989)
3(998 989 1347)
3(997 998 1347)
3(991 1347 999)
3(990 999 1347)
3(991 990 1347)
3(999 1000 1347)
3(1000 991 1347)
3(1402 466 1436)
3(1313 466 1402)
3(1313 1436 466)
3(952 1336 1398)
3(1336 951 1398)
3(875 1314 883)
3(874 883 1314)
3(884 875 1314)
3(883 884 1314)
3(734 1221 644)
3(1221 1220 644)
3(734 644 1220)
3(1161 1162 652)
3(1161 652 742)
3(1162 742 652)
3(1165 391 337)
3(337 391 1184)
3(1068 1374 265)
3(948 1376 939)
3(1360 939 1376)
3(948 1360 1376)
3(1259 617 608)
3(1259 608 304)
3(1259 304 617)
3(1109 1106 1341)
3(871 1109 1341)
3(871 1106 1109)
3(1330 1456 1342)
3(1330 1391 1456)
3(1330 1342 1391)
3(1391 1342 1456)
3(1325 731 1408)
3(730 1408 731)
3(730 1325 1408)
3(730 731 1325)
3(1132 509 500)
3(500 509 291)
3(1132 291 509)
3(1132 500 291)
3(752 1260 761)
3(303 752 761)
3(303 1260 752)
3(303 761 1260)
3(1326 1336 1358)
3(1110 1339 1436)
3(1110 1377 1339)
3(1110 1436 1377)
3(1340 273 1426)
3(1340 1426 1400)
3(273 1400 1426)
3(1352 1030 1400)
3(272 1352 1400)
3(1372 271 1431)
3(1352 1372 1431)
3(813 1390 1432)
3(813 1432 723)
3(813 723 1390)
3(392 1194 1216)
3(401 392 1216)
3(401 1194 392)
3(1074 1052 1371)
3(270 1371 1052)
3(258 1363 1399)
3(258 1362 1363)
3(1363 1362 1399)
3(731 1408 1378)
3(731 1378 1325)
3(1326 1360 1314)
3(1326 1314 1376)
3(1326 1376 1360)
3(1335 1361 1414)
3(1335 1414 1307)
3(96 377 293)
3(377 376 293)
3(96 293 376)
3(96 97 293)
3(375 94 293)
3(375 293 95)
3(375 374 293)
3(1216 1241 1396)
3(1241 401 1396)
3(1216 1396 401)
3(393 1448 1396)
3(393 1396 392)
3(392 1396 1448)
3(393 392 1448)
3(1333 268 1375)
3(1333 1375 1387)
3(979 1348 971)
3(980 971 1348)
3(979 980 1348)
3(971 970 1348)
3(960 961 1397)
3(1397 961 1398)
3(1333 268 1343)
3(814 1144 1159)
3(814 1159 1432)
3(814 1432 1144)
3(863 1341 1456)
3(863 1456 872)
3(863 872 1341)
3(1324 1455 1357)
3(1324 1357 1420)
3(1420 1357 1455)
3(1324 1420 1455)
3(734 1200 644)
3(885 794 1358)
3(794 795 1358)
3(885 795 794)
3(885 1358 795)
3(884 1358 885)
3(884 885 794)
3(884 794 1358)
3(325 334 1321)
3(325 1321 1384)
3(1321 334 1384)
3(264 1335 1374)
3(1335 265 1374)
3(1218 806 716)
3(716 806 1242)
3(1314 793 1408)
3(794 1408 793)
3(794 793 1314)
3(254 1344 1382)
3(1344 255 1382)
3(1344 253 1382)
3(252 1344 1382)
3(1385 1345 1437)
3(471 1385 1437)
3(1334 1405 1344)
3(1370 1344 1405)
3(1233 1211 1365)
3(1233 1365 1210)
3(1154 544 1385)
3(1154 1385 1153)
3(1414 1270 1449)
3(1401 1270 1414)
3(1401 1449 1270)
3(1401 1414 1449)
3(1324 1455 1330)
3(1324 1330 1357)
3(1357 1330 1455)
3(1354 1379 1431)
3(1019 1379 1354)
3(947 1376 939)
3(947 948 1376)
3(939 938 1376)
3(938 947 1376)
3(404 1372 396)
3(405 396 1372)
3(396 395 1372)
3(876 1358 884)
3(876 875 1358)
3(875 884 1358)
3(885 876 1358)
3(455 401 1241)
3(455 1219 401)
3(368 293 376)
3(376 293 367)
3(1090 1207 1311)
3(1090 1311 1422)
3(1090 1422 1207)
3(912 1362 1386)
3(1386 1362 1389)
3(1155 1432 1171)
3(1401 1369 1414)
3(1179 1414 1369)
3(1179 1401 1414)
3(236 1088 932)
3(236 941 1088)
3(932 1088 941)
3(904 912 1362)
3(912 913 1362)
3(904 1362 913)
3(1067 1373 1051)
3(1059 1051 1373)
3(1067 1059 1373)
3(1010 1417 1001)
3(1364 1001 1417)
3(1309 1338 1428)
3(1309 1428 1422)
3(257 1383 1363)
3(1367 1363 1383)
3(257 1363 1367)
3(804 1432 813)
3(804 1390 1432)
3(804 813 1390)
3(472 1139 1385)
3(472 1412 1139)
3(101 1271 317)
3(101 100 1271)
3(317 318 1271)
3(101 1271 318)
3(336 327 1411)
3(327 1337 1411)
3(336 1411 1337)
3(1181 1175 1307)
3(1181 1390 1175)
3(398 1337 1384)
3(398 1384 335)
3(398 335 1337)
3(1385 1369 1437)
3(1345 1369 1385)
3(382 101 295)
3(101 295 381)
3(382 381 295)
3(99 380 295)
3(380 379 295)
3(380 295 100)
3(99 100 295)
3(1386 1341 1440)
3(1386 1440 1456)
3(1386 1456 1341)
3(797 788 1365)
3(892 254 1344)
3(254 253 1344)
3(892 893 1344)
3(468 469 1327)
3(468 1430 469)
3(1377 1031 1439)
3(1032 1439 1031)
3(1032 1377 1439)
3(1032 1031 1377)
3(917 1341 909)
3(918 909 1341)
3(917 918 1341)
3(907 915 1341)
3(916 907 1341)
3(916 1341 915)
3(908 917 1341)
3(908 1341 909)
3(906 915 1341)
3(906 1341 907)
3(1340 274 1426)
3(273 1426 274)
3(477 1328 468)
3(477 468 1327)
3(1325 1331 1447)
3(1325 1447 1323)
3(1331 1323 1447)
3(1325 1323 1331)
3(860 1210 1117)
3(860 869 1210)
3(860 1117 869)
3(1117 1210 869)
3(1102 1348 1320)
3(1102 1320 1397)
3(1102 1397 1348)
3(1320 1348 1397)
3(1306 1454 1335)
3(1306 1335 1351)
3(1306 1351 1454)
3(1351 1335 1454)
3(1362 1404 1338)
3(1389 1338 1404)
3(1362 1338 1389)
3(1329 1455 719)
3(1329 1420 1455)
3(1420 719 1455)
3(721 1420 729)
3(720 729 1420)
3(729 730 1420)
3(371 295 379)
3(371 295 380)
3(535 544 1154)
3(535 1138 544)
3(1451 1330 1456)
3(1342 1330 1451)
3(1342 1451 1456)
3(1098 1422 1429)
3(1098 1429 1365)
3(1098 1365 1422)
3(1215 1204 1394)
3(1386 1312 1440)
3(1341 1312 1386)
3(1341 1440 1312)
3(868 285 22)
3(1114 285 868)
3(1114 868 22)
3(276 550 277)
3(276 1113 550)
3(277 550 1113)
3(1363 258 1383)
3(257 258 1363)
3(579 1130 280)
3(579 580 1130)
3(280 1130 580)
3(579 280 580)
3(290 1258 840)
3(1258 841 840)
3(290 841 1258)
3(290 840 841)
3(797 1365 798)
3(797 798 1394)
3(1346 1310 1369)
3(1386 1455 1456)
3(1386 1440 1455)
3(1455 1440 1456)
3(170 606 310)
3(606 607 310)
3(606 310 169)
3(168 310 604)
3(168 167 310)
3(604 605 310)
3(168 310 605)
3(1377 1026 1379)
3(1025 1026 1377)
3(1025 1377 1379)
3(536 1213 1236)
3(1212 536 1236)
3(1383 1363 1399)
3(1101 1320 1102)
3(1101 1102 1348)
3(1380 1331 1447)
3(1325 1380 1447)
3(1269 1316 1319)
3(1269 1367 1316)
3(1269 1319 1367)
3(1247 383 1224)
3(1247 1224 338)
3(1224 383 338)
3(1247 338 383)
3(727 1392 728)
3(727 1315 1392)
3(388 1295 1384)
3(388 334 1295)
3(388 1384 334)
3(1171 1156 1390)
3(1171 1390 1432)
3(1390 1156 1432)
3(1171 1432 1156)
3(334 1321 387)
3(334 333 1321)
3(334 387 333)
3(333 387 1321)
3(388 1321 387)
3(388 387 334)
3(388 334 1321)
3(601 165 308)
3(601 308 164)
3(165 164 308)
3(601 602 308)
3(163 308 599)
3(163 308 600)
3(599 600 308)
3(1311 1422 1344)
3(1311 1344 1370)
3(724 813 1432)
3(724 723 813)
3(813 1432 814)
3(724 814 1432)
3(813 814 724)
3(795 1358 803)
3(804 795 1358)
3(803 804 1358)
3(388 396 1321)
3(396 397 1321)
3(388 1321 397)
3(387 396 1321)
3(731 1408 722)
3(731 722 1378)
3(1378 722 1408)
3(1159 1134 724)
3(724 1134 1432)
3(1159 724 1432)
3(751 190 760)
3(751 697 190)
3(751 760 697)
3(760 190 697)
3(760 205 190)
3(205 751 190)
3(78 72 689)
3(51 509 518)
3(51 518 428)
3(518 509 428)
3(51 428 509)
3(51 509 45)
3(518 51 45)
3(436 144 125)
3(1400 1352 1426)
3(792 1283 1455)
3(1283 791 1455)
3(792 1455 791)
3(792 791 1283)
3(722 1408 730)
3(722 721 1408)
3(721 730 1408)
3(1137 1411 1412)
3(613 605 310)
3(614 605 310)
3(1214 725 716)
3(716 725 1193)
3(805 1432 813)
3(805 804 1432)
3(814 805 1432)
3(1083 959 960)
3(959 1116 960)
3(1083 1116 959)
3(96 1273 312)
3(96 95 1273)
3(312 1273 95)
3(312 313 1273)
3(1088 942 951)
3(1088 951 1393)
3(1088 1393 942)
3(951 942 1393)
3(1314 1324 1451)
3(1324 1395 1451)
3(1314 1451 1395)
3(463 1160 1146)
3(463 1412 1160)
3(463 1146 1412)
3(1024 1332 1377)
3(1024 1377 1023)
3(1332 1023 1377)
3(1024 1023 1332)
3(1368 1337 1384)
3(398 1368 1384)
3(1168 1184 1411)
3(1137 1168 1411)
3(610 308 602)
3(601 610 308)
3(1265 1319 1350)
3(1265 1315 1319)
3(1265 1350 1315)
3(1058 1051 1383)
3(1051 1059 1383)
3(1055 1067 1403)
3(1055 1403 262)
3(1067 262 1403)
3(1346 1348 1369)
3(1346 1310 1348)
3(1348 1310 1369)
3(265 1351 1454)
3(265 266 1351)
3(265 1454 266)
3(1351 266 1454)
3(1172 1137 1412)
3(1157 1172 1412)
3(1365 1425 1422)
3(1309 1422 1425)
3(939 1421 1360)
3(1376 1360 1421)
3(1181 1156 1390)
3(1451 1324 1455)
3(1330 1324 1451)
3(1330 1451 1455)
3(1324 1421 1452)
3(1324 1452 1357)
3(1324 1357 1421)
3(1421 1357 1452)
3(1172 1401 1179)
3(1378 1325 1406)
3(1335 1378 1406)
3(1335 1325 1378)
3(1335 1406 1325)
3(462 1368 1278)
3(408 1278 1368)
3(462 1278 408)
3(462 408 1368)
3(1009 1417 1010)
3(1009 1354 1417)
3(1008 1007 1417)
3(1008 1417 1354)
3(1007 1354 1417)
3(1335 1326 1378)
3(1307 1326 1335)
3(1086 915 1341)
3(906 915 1086)
3(906 1086 1341)
3(462 471 1278)
3(462 1368 471)
3(397 388 1295)
3(397 1384 388)
3(397 1295 1384)
3(883 1451 1314)
3(793 1314 1451)
3(883 793 1451)
3(883 1314 793)
3(921 1442 1450)
3(1357 921 1450)
3(1357 1442 921)
3(1357 1450 1442)
3(732 1361 1378)
3(732 1390 1361)
3(1328 459 1430)
3(405 1430 459)
3(405 459 1328)
3(1356 1424 1237)
3(1396 1237 1424)
3(1356 1237 1396)
3(1182 1157 1412)
3(1182 1412 1135)
3(645 1350 653)
3(645 644 1350)
3(653 654 1350)
3(1327 1410 1387)
3(1333 1387 1410)
3(392 1448 1216)
3(392 1194 1448)
3(269 1364 1444)
3(270 1444 1364)
3(270 269 1444)
3(734 77 1220)
3(734 1245 77)
3(734 1220 1245)
3(195 742 1161)
3(195 1190 742)
3(1161 742 1190)
3(268 1343 1444)
3(1343 1333 1444)
3(1361 1390 1432)
3(1362 1450 912)
3(1386 912 1450)
3(1362 1386 1450)
3(1427 1356 1436)
3(1100 1369 1385)
3(1369 1178 1385)
3(1100 1385 1178)
3(1100 1178 1369)
3(725 1394 726)
3(725 726 1350)
3(481 535 1154)
3(481 1170 535)
3(1107 1334 1405)
3(1107 1441 1334)
3(1107 1405 1441)
3(1405 1334 1441)
3(1100 1101 1348)
3(1100 1369 1101)
3(1100 1348 1369)
3(800 719 1329)
3(800 1329 1455)
3(800 1455 719)
3(1319 1269 1349)
3(1316 1349 1269)
3(940 939 1421)
3(940 1421 1360)
3(883 1451 874)
3(1314 874 1451)
3(891 1404 1344)
3(892 1344 1404)
3(891 892 1404)
3(893 1404 1344)
3(894 1344 1404)
3(893 894 1404)
3(1217 1396 1238)
3(1217 1231 1396)
3(1199 725 734)
3(1200 734 725)
3(327 1271 1337)
3(326 1271 327)
3(326 1337 1271)
3(719 727 1392)
3(718 727 1392)
3(716 1394 725)
3(995 1118 996)
3(995 1381 1118)
3(995 996 1381)
3(805 804 1390)
3(805 1390 1432)
3(1364 1430 1431)
3(1328 1364 1431)
3(1328 1431 1430)
3(1142 886 877)
3(877 886 1152)
3(878 1201 869)
3(878 869 1211)
3(1401 1306 1414)
3(255 1443 894)
3(255 1344 1443)
3(1344 894 1443)
3(1343 1337 1449)
3(1322 1449 1337)
3(1322 1343 1449)
3(1333 1364 1444)
3(468 459 1430)
3(1059 1055 1403)
3(1055 1061 1403)
3(1059 1403 1061)
3(397 1321 1430)
3(1321 396 1430)
3(397 1430 396)
3(1325 1360 1380)
3(1325 1380 1408)
3(263 1406 958)
3(949 958 1406)
3(263 949 1406)
3(264 263 1406)
3(958 264 1406)
3(333 325 1321)
3(325 324 1321)
3(333 1321 324)
3(364 373 1129)
3(373 297 1129)
3(364 1129 297)
3(1091 1320 1101)
3(1091 1101 1369)
3(865 1393 1105)
3(1314 1105 1393)
3(1053 1058 1383)
3(1064 1053 1383)
3(922 1357 930)
3(922 921 1357)
3(921 930 1357)
3(931 1357 930)
3(931 922 1357)
3(538 1332 1110)
3(538 1110 1436)
3(538 1436 1332)
3(1110 1332 1436)
3(1320 1346 1348)
3(1048 1382 1340)
3(1048 1353 1382)
3(1306 1375 1433)
3(1375 1346 1433)
3(1306 1433 1346)
3(800 1440 1329)
3(800 719 1440)
3(1049 1064 1366)
3(1049 1366 1073)
3(262 949 1360)
3(949 263 1360)
3(262 1360 263)
3(262 940 1360)
3(918 1386 910)
3(918 919 1386)
3(919 910 1386)
3(912 920 1386)
3(921 912 1386)
3(921 1386 920)
3(909 918 1386)
3(910 909 1386)
3(911 920 1386)
3(1326 1406 1378)
3(1049 273 1415)
3(273 274 1415)
3(1049 1415 274)
3(272 1056 1415)
3(1056 271 1415)
3(1224 46 383)
3(383 46 1247)
3(1165 391 120)
3(120 391 1187)
3(1165 1187 391)
3(891 1334 1404)
3(891 900 1334)
3(891 1404 900)
3(1334 900 1404)
3(975 1351 967)
3(976 967 1351)
3(975 976 1351)
3(966 975 1351)
3(967 966 1351)
3(468 476 1328)
3(264 1406 1403)
3(264 1403 1374)
3(264 1374 1406)
3(1374 1403 1406)
3(258 1363 1443)
3(1363 257 1443)
3(944 1336 952)
3(944 943 1336)
3(953 944 1336)
3(952 953 1336)
3(322 1316 1435)
3(1316 331 1435)
3(1314 1408 1324)
3(1314 1360 1408)
3(472 481 1385)
3(472 1139 481)
3(1098 1422 1106)
3(1098 1106 1429)
3(1314 1336 1358)
3(1314 1326 1336)
3(1268 1350 655)
3(1268 1315 1350)
3(1268 655 1315)
3(57 338 1247)
3(57 1224 338)
3(1270 1335 1414)
3(1270 1449 1335)
3(1414 1335 1449)
3(1314 1408 1451)
3(1408 1324 1451)
3(1379 1352 1431)
3(1103 1397 1116)
3(1103 1083 1397)
3(805 1432 1143)
3(805 1143 1144)
3(805 1144 1432)
3(542 1457 550)
3(542 541 1457)
3(541 550 1457)
3(550 551 1457)
3(551 542 1457)
3(788 879 1365)
3(878 1365 879)
3(878 879 788)
3(878 788 1365)
3(789 1365 788)
3(789 788 879)
3(789 879 1365)
3(1338 1334 1344)
3(1207 1311 1427)
3(1311 1090 1427)
3(1207 1427 1090)
3(17 1367 1353)
3(17 274 1367)
3(274 1353 1367)
3(267 1375 994)
3(985 994 1375)
3(267 985 1375)
3(984 1375 992)
3(984 983 1375)
3(983 992 1375)
3(993 984 1375)
3(992 993 1375)
3(1396 1349 1448)
3(393 1448 1349)
3(1043 1339 1034)
3(1043 1453 1339)
3(1034 1339 1453)
3(1114 876 1358)
3(1358 876 1423)
3(1114 1423 876)
3(1066 1074 1371)
3(1218 806 1244)
3(1218 1244 707)
3(1218 707 806)
3(1244 806 707)
3(1065 1068 1409)
3(1065 1409 1078)
3(1148 1181 1307)
3(1148 1414 1181)
3(1148 1307 1414)
3(661 1361 652)
3(661 1164 1361)
3(661 652 1164)
3(322 1349 1263)
3(1316 1263 1349)
3(322 1263 1316)
3(1160 463 1189)
3(1160 1189 418)
3(1160 418 463)
3(1189 463 418)
3(321 1448 329)
3(320 329 1448)
3(321 320 1448)
3(330 321 1448)
3(329 330 1448)
3(1346 1348 1388)
3(1346 1434 1348)
3(1346 1388 1434)
3(1388 1348 1434)
3(1329 1312 1362)
3(1329 1362 1392)
3(1329 1392 1312)
3(1216 1206 1396)
3(1059 1067 1403)
3(1155 1183 1432)
3(906 905 1108)
3(906 1086 905)
3(906 1108 1086)
3(1108 905 1086)
3(1099 1041 249)
3(1099 1370 1041)
3(1099 249 1370)
3(948 1438 1360)
3(948 949 1438)
3(949 1360 1438)
3(793 1408 1451)
3(1375 1343 1433)
3(267 1375 1433)
3(267 1433 1343)
3(507 1126 515)
3(515 1126 506)
3(507 506 1126)
3(767 1254 759)
3(767 768 1254)
3(767 1254 758)
3(878 870 1365)
3(878 1365 869)
3(870 869 1365)
3(879 870 1365)
3(17 1383 1366)
3(1053 1366 1383)
3(1042 1439 1370)
3(1041 1370 1439)
3(1042 1041 1439)
3(886 1169 796)
3(886 796 1152)
3(878 788 1228)
3(1211 788 878)
3(1095 1110 1339)
3(1095 1436 1110)
3(789 798 1365)
3(789 1429 798)
3(789 1365 1429)
3(1338 1312 1389)
3(1338 1404 1312)
3(1389 1312 1404)
3(1075 1403 1077)
3(1009 1354 1017)
3(1009 1008 1354)
3(1017 1018 1354)
3(1330 1455 1456)
3(1330 1456 1386)
3(1330 1386 1455)
3(1208 1265 1319)
3(1208 1350 1265)
3(939 938 1395)
3(938 1376 1395)
3(975 1346 1433)
3(984 975 1433)
3(984 1433 1346)
3(1083 960 969)
3(969 960 1397)
3(1083 969 1397)
3(1369 1437 1100)
3(1385 1100 1437)
3(1117 1233 1234)
3(1234 1233 1365)
3(1117 1365 1233)
3(969 1397 970)
3(1348 970 1397)
3(969 1348 1397)
3(393 1396 401)
3(392 401 1396)
3(401 402 1396)
3(1424 1311 1427)
3(1207 1424 1427)
3(1207 1311 1424)
3(1339 1382 1427)
3(1339 1340 1382)
3(1215 1214 1394)
3(1164 1171 1361)
3(1431 1364 1444)
3(1430 1431 1444)
3(1430 1444 1364)
3(1064 1076 1366)
3(1053 1064 1366)
3(255 256 1443)
3(255 1443 1353)
3(256 1353 1443)
3(1362 1312 1389)
3(1343 1433 1306)
3(926 934 1342)
3(935 1342 934)
3(926 925 1342)
3(797 1365 789)
3(1368 1310 1410)
3(1333 1410 1310)
3(650 1407 659)
3(658 659 1407)
3(650 658 1407)
3(477 1327 469)
3(477 478 1327)
3(478 469 1327)
3(1270 1335 1361)
3(1270 1361 1414)
3(1335 264 1406)
3(1406 264 1458)
3(1335 1406 1458)
3(542 541 1410)
3(542 1410 1457)
3(163 164 308)
3(1272 308 164)
3(927 1395 936)
3(1342 936 1395)
3(927 1342 1395)
3(1103 1397 1398)
3(1103 1398 1116)
3(1007 1381 998)
3(1007 998 1417)
3(998 1381 1417)
3(1007 1417 1381)
3(286 1356 1427)
3(1356 1237 1427)
3(286 1237 1356)
3(286 1427 1237)
3(1312 1389 1418)
3(1312 1341 1389)
3(1389 1341 1418)
3(265 1335 1351)
3(1351 1335 1458)
3(265 1351 1458)
3(1325 1335 1407)
3(1325 1323 1335)
3(1325 1407 1323)
3(1335 1323 1407)
3(263 1055 1403)
3(263 1403 262)
3(798 799 1392)
3(1392 799 1429)
3(798 1429 799)
3(1128 370 369)
3(294 369 370)
3(294 370 1128)
3(294 1128 369)
3(1183 1145 1432)
3(478 531 1327)
3(532 1327 531)
3(532 478 1327)
3(532 531 478)
3(531 477 478)
3(531 1327 477)
3(957 1359 965)
3(957 956 1359)
3(965 966 1359)
3(966 957 1359)
3(1334 1312 1389)
3(1334 1389 1418)
3(1316 1426 1402)
3(1353 1424 1428)
3(1424 1311 1428)
3(1353 1428 1311)
3(998 1347 990)
3(998 999 1347)
3(990 989 1347)
3(301 1414 1401)
3(301 1270 1414)
3(301 1401 1270)
3(1326 1406 1335)
3(253 1046 1382)
3(1045 1382 1046)
3(254 1382 253)
3(463 1412 408)
3(463 409 1412)
3(463 408 409)
3(463 1412 462)
3(463 462 408)
3(408 462 1412)
3(1358 804 1423)
3(795 1423 804)
3(795 1358 1423)
3(968 1083 960)
3(968 969 1083)
3(968 1083 959)
3(1390 804 1423)
3(547 1332 1110)
3(547 1110 538)
3(814 1159 212)
3(814 212 1185)
3(814 1185 1159)
3(806 85 1218)
3(806 1244 85)
3(1139 472 1146)
3(1146 472 1412)
3(913 1450 912)
3(913 1362 1450)
3(1330 1357 1395)
3(1330 1395 1324)
3(1357 1324 1395)
3(978 1111 969)
3(969 1111 1348)
3(978 1348 1111)
3(471 1437 470)
3(471 470 1278)
3(1095 1427 1356)
3(1095 1356 1436)
3(463 137 1160)
3(463 1189 137)
3(455 1219 38)
3(455 38 1249)
3(455 1249 1219)
3(891 1334 1344)
3(1344 1334 1404)
3(264 1406 1447)
3(264 1447 1403)
3(1406 1403 1447)
3(528 473 1356)
3(528 1356 527)
3(528 527 473)
3(473 527 1356)
3(473 1356 474)
3(473 474 528)
3(528 474 1356)
3(547 548 1110)
3(1110 548 1332)
3(1354 1328 1364)
3(1354 1431 1328)
3(1234 1365 1394)
3(1234 1425 1365)
3(1234 1394 1425)
3(1437 1100 1457)
3(1369 1457 1100)
3(1329 1455 1440)
3(800 1440 1455)
3(407 1278 1368)
3(408 407 1368)
3(408 1278 407)
3(265 1351 1374)
3(265 1374 1454)
3(1374 1351 1454)
3(337 1184 1411)
3(337 1411 1168)
3(1372 270 1431)
3(271 1431 270)
3(1003 1011 1364)
3(1011 1012 1364)
3(1003 1002 1364)
3(951 959 1116)
3(959 1116 950)
3(1346 983 1375)
3(984 1346 1375)
3(908 900 1389)
3(908 1389 899)
3(900 899 1389)
3(910 1389 902)
3(910 911 1389)
3(908 909 1389)
3(900 1389 909)
3(902 901 1389)
3(901 910 1389)
3(946 1376 1438)
3(946 1445 1376)
3(1438 1376 1445)
3(946 1438 1445)
3(999 1417 1347)
3(1000 1347 1417)
3(999 1000 1417)
3(471 1412 463)
3(472 463 1412)
3(471 1412 462)
3(1172 1137 1411)
3(270 1431 1364)
3(270 1444 1431)
3(1057 1070 1383)
3(1266 1317 1321)
3(1266 1435 1317)
3(1266 1321 1435)
3(1321 1317 1435)
3(1147 1182 1412)
3(983 1388 991)
3(983 982 1388)
3(982 991 1388)
3(989 981 1388)
3(981 980 1388)
3(989 1388 980)
3(992 983 1388)
3(991 992 1388)
3(989 990 1388)
3(981 1388 990)
3(1368 1410 1437)
3(1410 470 1437)
3(256 1443 894)
3(895 256 1443)
3(894 895 1443)
3(1397 1104 1398)
3(1320 1104 1397)
3(1320 1397 1398)
3(1025 1332 1377)
3(1025 1377 1024)
3(968 969 1111)
3(969 1083 1111)
3(968 1111 1083)
3(1363 1315 1392)
3(1309 1363 1392)
3(1314 1395 1342)
3(1314 1342 1376)
3(1376 1342 1395)
3(260 1452 931)
3(922 931 1452)
3(260 922 1452)
3(261 260 1452)
3(931 261 1452)
3(1256 612 613)
3(613 612 309)
3(1256 309 612)
3(1256 613 309)
3(1320 1359 1351)
3(1307 1351 1359)
3(726 718 1392)
3(718 717 1392)
3(726 727 1392)
3(1096 1095 1339)
3(1096 1339 1427)
3(1096 1427 1095)
3(956 955 1438)
3(956 1438 1359)
3(955 1359 1438)
3(1311 1428 1344)
3(1311 1422 1428)
3(1367 1353 1426)
3(1319 1353 1367)
3(536 1356 528)
3(536 537 1356)
3(537 528 1356)
3(527 536 1356)
3(1240 1394 1215)
3(1230 1215 1394)
3(1276 1319 1315)
3(1276 1318 1319)
3(1276 1315 1318)
3(873 874 1451)
3(865 1451 874)
3(865 873 1451)
3(168 169 310)
3(1386 921 1450)
3(912 1450 921)
3(733 732 1361)
3(733 1361 741)
3(732 741 1361)
3(801 1451 1324)
3(801 1455 1451)
3(801 1324 1455)
3(1344 1428 1443)
3(1338 1344 1443)
3(1338 1443 1428)
3(1327 1354 1364)
3(1327 1364 1417)
3(1327 1417 1354)
3(1154 1385 535)
3(481 535 1385)
3(1321 1266 1322)
3(1317 1322 1266)
3(1317 1321 1322)
3(974 1413 975)
3(1346 975 1413)
3(974 1346 1413)
3(1386 921 1442)
3(1386 1442 1450)
3(977 969 1111)
3(968 977 1111)
3(978 1111 977)
3(1324 1421 1380)
3(1324 1380 1452)
3(1380 1421 1452)
3(1095 286 1356)
3(1095 1427 286)
3(1348 1457 1388)
3(1419 1388 1457)
3(1348 1419 1457)
3(1348 1388 1419)
3(916 1341 908)
3(916 917 1341)
3(908 907 1341)
3(1269 1209 1319)
3(1269 1349 1209)
3(1321 1430 1384)
3(397 1384 1430)
3(1321 1384 397)
3(983 1346 1434)
3(983 1434 974)
3(1346 974 1434)
3(1148 1369 1179)
3(1148 1179 1414)
3(1148 1414 1369)
3(535 544 1385)
3(1195 46 383)
3(1195 383 1224)
3(1136 391 120)
3(1085 1013 1014)
3(1085 1416 1013)
3(1014 1013 1416)
3(806 798 1394)
3(806 1394 797)
3(807 798 1394)
3(806 807 1394)
3(1357 1395 1442)
3(1395 1330 1442)
3(1357 1442 1330)
3(930 1395 1421)
3(930 939 1395)
3(930 1421 939)
3(1364 1012 1431)
3(270 1431 1012)
3(395 1435 1372)
3(1316 1372 1435)
3(395 1316 1435)
3(1067 1373 260)
3(1372 396 1430)
3(1321 396 1372)
3(1321 1372 1430)
3(998 1381 1006)
3(998 997 1381)
3(997 1006 1381)
3(1006 1007 1381)
3(1315 1392 1362)
3(1315 1362 1363)
3(1363 1362 1392)
3(74 1244 707)
3(1218 74 707)
3(474 465 1356)
3(465 473 1356)
3(259 1399 1450)
3(1399 1362 1450)
3(259 1450 1362)
3(1160 123 418)
3(123 1189 418)
3(1208 1240 1350)
3(1208 1425 1240)
3(1097 1090 1311)
3(1097 1422 1090)
3(905 1108 897)
3(897 1108 906)
3(905 1108 896)
3(897 896 1108)
3(894 1404 1443)
3(1338 1443 1404)
3(1338 894 1443)
3(258 1338 1363)
3(1338 1362 1363)
3(686 685 1256)
3(686 1256 694)
3(694 1256 685)
3(434 1128 442)
3(442 1128 433)
3(434 433 1128)
3(442 443 1128)
3(434 1128 443)
3(1035 1453 1377)
3(1400 1377 1453)
3(1335 1407 1361)
3(1335 1378 1407)
3(1378 1361 1407)
3(268 1444 1446)
3(1444 269 1446)
3(268 1446 269)
3(1143 1423 1432)
3(1143 805 1423)
3(1423 805 1432)
3(1325 1406 1323)
3(1323 1406 1447)
3(1325 1447 1406)
3(948 1438 1376)
3(1360 1376 1438)
3(1043 1339 1439)
3(1043 1439 1034)
3(1339 1034 1439)
3(886 1169 1186)
3(787 1186 1169)
3(886 1186 787)
3(886 787 1169)
3(101 100 295)
3(1016 1332 1354)
3(1375 983 1388)
3(992 1375 1388)
3(717 808 1392)
3(808 807 1392)
3(717 807 808)
3(717 1392 807)
3(718 808 1392)
3(717 808 718)
3(1357 1421 930)
3(1357 930 1395)
3(1357 1395 1421)
3(1149 1414 1361)
3(1149 1361 1181)
3(1149 1181 1414)
3(540 1327 532)
3(541 532 1327)
3(540 541 1327)
3(531 540 1327)
3(961 969 1397)
3(970 961 1397)
3(963 971 1397)
3(963 1397 972)
3(971 972 1397)
3(962 971 1397)
3(962 1397 963)
3(1384 1430 1444)
3(1333 1444 1430)
3(1333 1384 1444)
3(1043 1439 1370)
3(1043 1042 1439)
3(931 1421 930)
3(931 1357 1421)
3(1173 1423 1432)
3(1173 1143 1423)
3(717 1394 725)
3(717 716 1394)
3(1215 1234 1365)
3(1215 1394 1234)
3(949 958 1438)
3(949 1438 1406)
3(958 1406 1438)
3(465 1436 474)
3(1356 474 1436)
3(1213 1236 1356)
3(1236 536 1356)
3(1213 1356 536)
3(1310 1410 1437)
3(1000 991 1387)
3(1000 1387 1347)
3(991 1347 1387)
3(394 1402 402)
3(394 393 1402)
3(402 403 1402)
3(1444 1343 1446)
3(1384 1444 1446)
3(1384 1446 1343)
3(1384 1343 1444)
3(96 95 293)
3(987 1118 995)
3(995 1118 986)
3(987 986 1118)
3(998 1347 1381)
3(1207 1422 1234)
3(1234 1422 1425)
3(1207 1234 1425)
3(1078 1409 1054)
3(1343 1368 1384)
3(1343 1384 1333)
3(265 266 1374)
3(1068 1374 266)
3(1075 1055 1403)
3(260 261 1373)
3(891 1334 1405)
3(270 1444 1446)
3(270 1446 1372)
3(270 1372 1444)
3(1444 1372 1446)
3(1334 1422 1098)
3(1405 1098 1422)
3(1334 1098 1405)
3(974 1413 966)
3(975 966 1413)
3(972 1413 964)
3(973 964 1413)
3(972 973 1413)
3(966 965 1413)
3(974 1413 965)
3(963 972 1413)
3(964 963 1413)
3(1338 1363 1443)
3(660 1361 652)
3(660 661 1361)
3(651 660 1361)
3(652 651 1361)
3(261 1380 262)
3(262 1380 1421)
3(261 262 1421)
3(261 1421 1380)
3(274 1426 1353)
3(330 1349 1448)
3(1349 321 1448)
3(259 260 1399)
3(259 1399 1373)
3(260 1373 1399)
3(1178 1345 1369)
3(1178 1385 1345)
3(1324 1452 1420)
3(1357 1420 1452)
3(258 1362 913)
3(913 259 1362)
3(1335 1449 1454)
3(1306 1449 1335)
3(1306 1454 1449)
3(1237 1427 1424)
3(1361 1270 1407)
3(1335 1407 1270)
3(261 1447 262)
3(261 1380 1447)
3(1380 262 1447)
3(1103 1397 1104)
3(1103 1104 1398)
3(920 921 1442)
3(920 1442 1386)
3(918 1442 1386)
3(918 919 1442)
3(919 1386 1442)
3(1327 478 1410)
3(469 1410 478)
3(930 1442 1357)
3(930 1395 1442)
3(1264 1270 1401)
3(1264 1401 1449)
3(1264 1449 1270)
3(1366 1063 1371)
3(1073 1366 1371)
3(804 1423 805)
3(1390 805 1423)
3(466 465 1402)
3(466 1436 465)
3(455 401 1396)
3(455 1396 1241)
3(1070 1058 1383)
3(268 1343 1446)
3(1099 248 1041)
3(1099 1041 1040)
3(1099 1040 248)
3(249 1099 248)
3(946 938 1376)
3(937 1376 938)
3(937 946 1376)
3(946 947 1376)
3(456 401 1396)
3(456 1396 455)
3(456 455 401)
3(456 401 402)
3(456 402 1396)
3(532 1410 1327)
3(532 478 1410)
3(1065 1069 1409)
3(921 1450 922)
3(1357 922 1450)
3(255 1344 1353)
3(1353 1344 1443)
3(532 1410 541)
3(644 1223 1222)
3(1221 644 1222)
3(1147 1412 1158)
3(1077 1403 1055)
3(1341 909 1389)
3(908 1341 1389)
3(1179 1178 1345)
3(1179 1369 1178)
3(1098 1334 1106)
3(1325 1378 1407)
3(471 1385 480)
3(480 1385 1437)
3(471 480 1437)
3(1366 17 1367)
3(1366 1367 1383)
3(799 807 1392)
3(799 1392 808)
3(798 807 1392)
3(932 235 1088)
3(653 1350 1272)
3(1223 1272 1350)
3(653 1272 1223)
3(880 1440 872)
3(881 872 1440)
3(880 881 1440)
3(871 880 1440)
3(1312 1362 1386)
3(1312 1386 1329)
3(1362 1329 1386)
3(455 1396 464)
3(1207 287 1422)
3(287 1090 1422)
3(1207 1090 287)
3(1100 1112 1348)
3(1101 1348 1112)
3(1028 1036 1400)
3(1037 1028 1400)
3(1037 1400 1036)
3(1028 1027 1400)
3(1038 1030 1400)
3(1029 1038 1400)
3(1039 1400 1038)
3(1379 1377 1400)
3(927 1442 1395)
3(927 1391 1442)
3(1391 1395 1442)
3(927 1395 1391)
3(1344 1353 1382)
3(1353 255 1382)
3(900 1334 1441)
3(1334 891 1441)
3(1262 658 1331)
3(657 658 1262)
3(657 1262 1331)
3(979 1348 1419)
3(1348 978 1419)
3(979 1419 978)
3(1371 1415 271)
3(1371 1372 1415)
3(1009 1417 1001)
3(1007 999 1417)
3(999 998 1417)
3(999 1417 1008)
3(1001 1000 1417)
3(1000 1009 1417)
3(1066 1052 1371)
3(1374 1068 1409)
3(1065 1374 1409)
3(1323 1335 1406)
3(267 1343 1454)
3(268 1454 1343)
3(268 267 1454)
3(1330 1395 1451)
3(1232 1234 1365)
3(1387 1364 1417)
3(1327 1387 1417)
3(1372 1316 1415)
3(1352 1415 1316)
3(1032 1024 1377)
3(1023 1032 1377)
3(1024 1377 1033)
3(1032 1033 1377)
3(1034 1026 1377)
3(1034 1377 1025)
3(1035 1377 1034)
3(30 527 1229)
3(30 1248 527)
3(1248 1229 527)
3(886 1169 229)
3(886 229 1186)
3(1170 535 154)
3(1188 154 535)
3(1170 1188 535)
3(878 93 1228)
3(878 1246 93)
3(878 1228 1246)
3(983 1434 1375)
3(983 1388 1434)
3(1388 1375 1434)
3(1262 1325 1331)
3(1262 658 1325)
3(1376 947 1438)
3(948 1438 947)
3(945 1336 953)
3(945 944 1336)
3(954 945 1336)
3(953 954 1336)
3(1335 1359 1458)
3(1335 1326 1359)
3(1335 1458 1326)
3(1359 1326 1458)
3(1270 1149 1414)
3(1270 1361 1149)
3(971 1434 980)
3(1348 980 1434)
3(971 1348 1434)
3(1397 972 1413)
3(963 1397 1413)
3(1338 1428 1363)
3(1338 1363 1309)
3(1396 1231 1448)
3(1349 1448 1231)
3(1174 1423 1114)
3(1174 1114 1175)
3(1174 1175 1423)
3(1064 1383 1366)
3(1060 1366 1383)
3(1315 1329 1362)
3(480 1385 472)
3(480 481 1385)
3(1238 1396 1237)
3(1238 1237 1424)
3(1018 1026 1379)
3(1018 1379 1027)
3(1018 1017 1379)
3(1020 1379 1028)
3(1019 1028 1379)
3(1028 1029 1379)
3(1370 249 1405)
3(250 1370 1405)
3(250 1405 249)
3(1387 1347 1410)
3(1327 1347 1387)
3(535 480 1385)
3(535 1385 534)
3(480 534 1385)
3(535 534 480)
3(480 481 535)
3(1177 1178 1100)
3(1177 1100 1385)
3(1177 1385 1178)
3(396 1430 405)
3(328 336 1411)
3(337 328 1411)
3(328 327 1411)
3(930 1442 921)
3(1353 17 1443)
3(1353 1443 1367)
3(17 1367 1443)
3(561 277 552)
3(553 277 561)
3(553 552 277)
3(548 547 275)
3(556 275 547)
3(548 275 556)
3(1316 1426 1352)
3(1395 1342 1451)
3(1314 1451 1342)
3(270 1446 1371)
3(1372 1371 1446)
3(1062 1355 1409)
3(1355 1061 1409)
3(1120 868 285)
3(1120 22 868)
3(1080 550 277)
3(1080 276 550)
3(285 284 865)
3(1121 865 284)
3(1121 285 865)
3(1122 860 23)
3(283 860 1122)
3(275 545 20)
3(1081 545 275)
3(1081 20 545)
3(863 283 1123)
3(863 1123 284)
3(802 1324 1451)
3(802 1451 1408)
3(802 1408 1324)
3(865 1092 1105)
3(1105 1092 1393)
3(1386 1312 1389)
3(1243 1196 1448)
3(1196 1195 1448)
3(1243 1448 1195)
3(975 1413 1433)
3(1346 1433 1413)
3(1000 992 1387)
3(992 991 1387)
3(994 1387 1002)
3(994 993 1387)
3(993 1002 1387)
3(1002 1003 1387)
3(1000 1001 1387)
3(1001 992 1387)
3(1023 1332 1085)
3(1085 1332 1416)
3(1023 1416 1332)
3(261 1447 1373)
3(262 1373 1447)
3(965 1359 1413)
3(964 965 1413)
3(964 1413 1359)
3(909 1341 1386)
3(1341 918 1386)
3(918 1442 1391)
3(1386 1391 1442)
3(918 1391 1386)
3(456 1396 464)
3(465 456 1396)
3(464 465 1396)
3(1180 301 1414)
3(1180 1401 301)
3(1180 1414 1401)
3(1366 274 1367)
3(804 1423 796)
3(805 796 1423)
3(787 1186 209)
3(787 209 1169)
3(1001 1387 1417)
3(1000 1417 1387)
3(264 263 1447)
3(263 1406 1447)
3(285 875 1314)
3(285 1358 875)
3(285 1314 1358)
3(1314 875 1358)
3(1104 1397 1102)
3(1104 1102 1320)
3(1337 1401 1411)
3(1069 1054 1409)
3(1328 1379 1431)
3(976 1351 265)
3(976 266 1351)
3(265 967 1351)
3(541 1113 1457)
3(550 1113 541)
3(550 1457 1113)
3(1440 881 1456)
3(872 1456 881)
3(1209 1239 1319)
3(1319 1239 1424)
3(1209 1424 1239)
3(1001 1364 1387)
3(1002 1387 1364)
3(1002 1001 1387)
3(1234 287 1422)
3(1178 1385 1158)
3(1178 1158 1345)
3(802 801 1451)
3(969 1397 1111)
3(1083 1111 1397)
3(998 1417 1347)
3(1334 1338 1404)
3(1334 1404 1312)
3(306 1319 1208)
3(306 1265 1319)
3(306 1208 1265)
3(945 1336 1438)
3(1336 954 1438)
3(1265 1315 1276)
3(1265 1276 1319)
3(1352 1379 1400)
3(1392 1440 1312)
3(1392 1429 1440)
3(1429 1312 1440)
3(392 1216 1396)
3(806 85 1203)
3(212 814 1144)
3(1321 1444 1384)
3(1321 1430 1444)
3(1086 915 1391)
3(915 1341 1391)
3(1086 1391 1341)
3(1011 1012 1431)
3(465 457 1402)
3(456 465 1402)
3(456 1402 457)
3(75 1218 716)
3(75 716 1193)
3(193 724 1159)
3(193 1134 724)
3(1050 1374 1403)
3(1374 1065 1403)
3(306 1319 1239)
3(1208 1239 1319)
3(1209 306 1319)
3(799 1279 1440)
3(799 1440 800)
3(799 800 1279)
3(1279 800 1440)
3(927 928 1395)
3(927 1442 928)
3(1395 928 1442)
3(929 930 1395)
3(929 1442 930)
3(929 1395 1442)
3(1112 1348 1457)
3(1100 1112 1457)
3(1100 1457 1348)
3(463 137 1146)
3(38 455 1205)
3(1208 1230 1350)
3(1328 1372 1431)
3(1328 1431 1352)
3(543 1385 535)
3(534 543 1385)
3(975 976 1433)
3(975 1433 1351)
3(976 1351 1433)
3(1239 1319 1425)
3(1208 1239 1425)
3(1375 1346 1434)
3(975 1351 1413)
3(1351 966 1413)
3(48 401 1219)
3(48 1194 401)
3(122 1160 409)
3(122 409 1135)
3(409 1160 1135)
3(1311 1090 1370)
3(1311 1370 1427)
3(1370 1090 1427)
3(534 1385 1437)
3(534 1437 480)
3(1072 273 1415)
3(272 1072 1415)
3(1319 1276 1367)
3(1318 1367 1276)
3(906 1086 914)
3(914 1086 905)
3(914 915 1086)
3(1344 1338 1404)
3(1156 1432 1173)
3(1390 1173 1432)
3(1156 1173 1390)
3(892 893 1404)
3(285 866 1314)
3(875 866 285)
3(661 1164 1274)
3(1274 1164 1361)
3(661 1274 1361)
3(990 1347 1388)
3(991 990 1388)
3(991 1388 1347)
3(1319 1424 1428)
3(1319 1428 1353)
3(1275 1374 1335)
3(1335 1374 1449)
3(1275 1335 1449)
3(1275 1449 1374)
3(1344 1404 1443)
3(1429 880 1440)
3(871 880 1429)
3(871 1429 1440)
3(1403 263 1447)
3(949 1406 1360)
3(263 1360 1406)
3(1051 1383 1373)
3(259 1373 1383)
3(1148 281 1369)
3(1091 1369 281)
3(1091 281 1148)
3(1310 1388 1348)
3(1310 1457 1388)
3(1310 1348 1457)
3(1058 1057 1383)
3(1234 1240 1394)
3(1354 1018 1379)
3(1019 1379 1018)
3(936 928 1395)
3(930 1395 938)
3(929 938 1395)
3(936 937 1395)
3(937 928 1395)
3(1353 1428 1443)
3(1353 1344 1428)
3(1022 1085 1014)
3(1022 1085 1013)
3(543 1437 534)
3(543 1385 1437)
3(666 657 1262)
3(666 1268 657)
3(657 1268 1262)
3(666 1262 1268)
3(461 1278 1368)
3(461 407 1278)
3(461 1368 407)
3(1335 1374 1406)
3(791 1440 881)
3(791 1456 1440)
3(791 881 1456)
3(77 1199 734)
3(1140 195 742)
3(1276 1316 1367)
3(1316 1317 1367)
3(1276 1317 1316)
3(1276 1367 1317)
3(287 1422 1117)
3(287 1117 1234)
3(56 329 1224)
3(1225 329 56)
3(1225 1224 329)
3(337 105 1165)
3(1166 105 337)
3(939 1421 931)
3(940 931 1421)
3(1310 1388 1346)
3(1059 1355 1383)
3(1355 1060 1383)
3(1329 1440 1312)
3(1329 1362 1399)
3(1362 1315 1399)
3(1266 1384 1322)
3(1266 1322 1337)
3(1266 1337 1384)
3(1335 1351 1374)
3(1357 931 1452)
3(922 1357 1452)
3(1321 1446 1384)
3(1321 1444 1446)
3(792 1330 1455)
3(792 1456 1330)
3(792 1455 1456)
3(919 1386 911)
3(919 920 1386)
3(911 910 1386)
3(902 1404 894)
3(892 1404 900)
3(893 902 1404)
3(900 901 1404)
3(901 892 1404)
3(880 1440 790)
3(1429 790 1440)
3(880 790 1429)
3(262 1360 1447)
3(262 1447 263)
3(1360 263 1447)
3(1372 396 1435)
3(395 1435 396)
3(1060 1355 1366)
3(1355 1063 1366)
3(286 1207 1427)
3(1090 286 1427)
3(1090 1207 286)
3(392 47 1195)
3(1194 47 392)
3(1194 392 1195)
3(121 400 1136)
3(1135 400 121)
3(1276 1269 1367)
3(1276 1316 1269)
3(1090 1370 1097)
3(1016 1416 1354)
3(1016 1332 1416)
3(863 1109 1456)
3(1109 1341 1456)
3(863 1341 1109)
3(808 1392 1279)
3(808 1279 718)
3(1422 1425 1428)
3(947 1438 946)
3(1149 1361 1171)
3(1056 1415 1371)
3(1073 1371 1415)
3(1333 1387 1310)
3(1310 1387 1410)
3(1269 306 1319)
3(1209 306 1269)
3(1330 1456 1341)
3(1330 1341 1386)
3(1102 1091 1320)
3(461 1278 470)
3(461 470 1368)
3(1067 1373 1403)
3(1373 262 1403)
3(1103 1397 1102)
3(1321 1343 1446)
3(1321 1446 1322)
3(1343 1322 1446)
3(899 908 1418)
3(899 1418 1389)
3(908 1389 1418)
3(1009 1008 1417)
3(1176 1178 1385)
3(262 1421 1360)
3(262 940 1421)
3(1329 1386 1440)
3(1329 1455 1386)
3(1178 281 1369)
3(1178 1369 1148)
3(1209 1349 1238)
3(1209 1238 1424)
3(1236 1356 286)
3(1236 1237 1356)
3(1063 1355 1371)
3(1355 1062 1371)
3(1332 1085 1377)
3(1023 1377 1085)
3(796 1143 1423)
3(1152 1423 1143)
3(1152 796 1423)
3(1175 1114 282)
3(1104 1175 282)
3(1359 955 1398)
3(964 1398 955)
3(964 1359 1398)
3(1313 1453 1340)
3(1400 1340 1453)
3(1313 1400 1453)
3(1373 1059 1383)
3(1339 1382 1370)
3(1339 1370 1427)
3(1370 1382 1427)
3(1424 1319 1425)
3(1239 1424 1425)
3(1428 1367 1443)
3(1363 1367 1428)
3(1363 1428 1443)
3(1363 1443 1367)
3(970 1397 971)
3(1348 971 1397)
3(17 1443 256)
3(1386 910 1389)
3(909 1389 910)
3(909 1386 1389)
3(799 1392 1440)
3(799 1279 1392)
3(936 1342 1445)
3(935 1445 1342)
3(935 936 1445)
3(262 1421 1447)
3(1360 1447 1421)
3(834 1260 288)
3(834 833 1260)
3(834 288 833)
3(573 278 1132)
3(573 1132 572)
3(573 572 278)
3(1354 1007 1416)
3(1016 1416 1007)
3(992 1388 1387)
3(991 1387 1388)
3(301 1149 1414)
3(301 1270 1149)
3(1217 1396 1237)
3(1380 1360 1421)
3(1324 1421 1360)
3(1335 1323 1374)
3(1275 1374 1323)
3(1275 1323 1335)
3(1341 906 1418)
3(1086 1418 906)
3(1086 1341 1418)
3(1097 1098 1422)
3(1097 1405 1098)
3(993 985 1375)
3(984 1375 985)
3(993 994 1375)
3(899 907 1418)
3(907 908 1418)
3(907 1418 898)
3(899 898 1418)
3(1231 1209 1349)
3(1306 1337 1449)
3(1306 1449 1343)
3(1222 1223 653)
3(653 1223 307)
3(1222 653 307)
3(661 1163 302)
3(1164 661 302)
3(1164 1163 661)
3(1347 1381 1417)
3(985 1375 1433)
3(267 985 1433)
3(980 1388 1434)
3(981 980 1434)
3(981 1434 1388)
3(982 1434 983)
3(982 1388 1434)
3(1371 1062 1409)
3(1066 1371 1409)
3(1216 1396 1448)
3(988 1419 989)
3(1347 989 1419)
3(988 1347 1419)
3(1374 1454 1335)
3(1374 1449 1454)
3(666 658 1262)
3(658 1262 667)
3(666 667 1262)
3(1266 1384 1321)
3(1351 1335 1359)
3(1351 1359 1458)
3(283 1365 1429)
3(870 283 1429)
3(870 1429 1365)
3(870 1365 283)
3(966 1359 1413)
3(792 1330 1451)
3(792 1451 1455)
3(865 1092 284)
3(865 284 1105)
3(1207 1427 1237)
3(1316 1415 1426)
3(1316 1367 1415)
3(1415 1367 1426)
3(406 397 1384)
3(406 1430 397)
3(1430 1372 1431)
3(1059 1403 1355)
3(1061 1355 1403)
3(900 1404 1389)
3(1334 1389 1404)
3(900 1389 1334)
3(1406 1374 1447)
3(1403 1447 1374)
3(260 1399 1450)
3(259 260 1450)
3(1145 1156 1432)
3(384 392 1448)
3(384 1448 393)
3(383 392 1448)
3(383 1448 384)
3(1096 1110 1339)
3(799 1429 1440)
3(1111 1348 1397)
3(1193 725 76)
3(76 725 1199)
3(194 733 1134)
3(194 1140 733)
3(1007 1416 1417)
3(1416 1354 1417)
3(1339 1043 1370)
3(1370 1043 1382)
3(1339 1382 1043)
3(305 1226 1448)
3(1226 320 1448)
3(305 320 1226)
3(305 1448 320)
3(957 1438 949)
3(957 958 1438)
3(955 1438 947)
3(956 947 1438)
3(948 957 1438)
3(731 1378 1407)
3(731 1407 1325)
3(1045 1044 1453)
3(1045 1453 1382)
3(1044 1382 1453)
3(1047 1046 1453)
3(1046 1382 1453)
3(1047 1453 1382)
3(1420 1380 1452)
3(1217 1235 1396)
3(1217 1396 1206)
3(984 976 1433)
3(984 985 1433)
3(976 1433 985)
3(732 731 1378)
3(732 1378 1407)
3(732 1407 731)
3(1007 1416 1381)
3(1381 1416 1417)
3(1367 1353 1428)
3(579 588 280)
3(579 1130 588)
3(1130 280 588)
3(290 831 840)
3(1258 840 831)
3(1258 831 290)
3(1155 1432 1156)
3(656 657 1268)
3(1268 657 1331)
3(656 1268 1331)
3(1451 792 1456)
3(1310 1375 1387)
3(972 1434 971)
3(972 1397 1434)
3(1397 971 1434)
3(665 1268 657)
3(665 666 1268)
3(665 1268 656)
3(1236 1095 286)
3(1236 1356 1095)
3(261 1373 1452)
3(1373 260 1452)
3(808 799 1279)
3(1235 1236 1356)
3(1103 1104 1336)
3(1103 1336 1398)
3(1425 1311 1428)
3(1424 1311 1425)
3(1424 1425 1428)
3(1390 1173 1423)
3(1390 1423 1432)
3(1268 1272 655)
3(1268 1350 1272)
3(989 1347 1388)
3(1306 1401 1449)
3(1401 1337 1449)
3(1387 1347 1417)
3(906 1418 907)
3(1341 907 1418)
3(1347 1310 1387)
3(1347 1410 1310)
3(1323 1267 1331)
3(1318 1331 1267)
3(1318 1267 1323)
3(980 1419 979)
3(980 1348 1419)
3(1371 1052 1446)
3(1197 30 527)
3(1229 1197 527)
3(1142 229 886)
3(154 1138 535)
3(93 1201 878)
3(1270 1449 1275)
3(1270 1275 1335)
3(1268 1262 1331)
3(1388 980 1419)
3(989 1419 980)
3(989 1388 1419)
3(1031 1087 1377)
3(1031 1439 1087)
3(1377 1087 1439)
3(1415 1372 1435)
3(1316 1415 1435)
3(281 1369 1100)
3(281 1100 1178)
3(1105 1336 1358)
3(1105 1358 1314)
3(1105 1314 1336)
3(663 1272 655)
3(655 1272 664)
3(663 1272 654)
3(1264 301 1401)
3(877 1423 885)
3(876 885 1423)
3(877 876 1423)
3(1059 1373 1403)
3(1020 1431 1012)
3(1021 1012 1431)
3(1331 1373 1447)
3(1373 1323 1447)
3(1386 1341 1389)
3(1013 1119 1416)
3(1085 1119 1013)
3(1085 1416 1119)
3(1306 1335 1414)
3(1335 1351 1414)
3(1234 1240 1425)
3(790 881 1440)
3(880 881 790)
3(791 790 881)
3(791 1440 790)
3(1332 1377 1379)
3(1235 1396 1237)
3(901 1389 1404)
3(901 1404 902)
3(1235 1356 1237)
3(1235 1396 1356)
3(1335 1307 1359)
3(1152 1151 1423)
3(877 1152 1423)
3(877 1423 1151)
3(1157 1158 1412)
3(927 926 1391)
3(927 1391 1342)
3(926 1342 1391)
3(925 924 1391)
3(924 1342 1391)
3(925 1391 1342)
3(1346 1434 1320)
3(1348 1320 1434)
3(1096 1370 1427)
3(1096 1339 1370)
3(1347 1417 1327)
3(1233 1232 1365)
3(1329 1450 1362)
3(1329 1386 1450)
3(67 1220 644)
3(67 644 1221)
3(1161 176 652)
3(1162 652 176)
3(324 1266 316)
3(324 325 1266)
3(316 1266 325)
3(316 315 1266)
3(324 1266 315)
3(1357 1386 1442)
3(1357 1450 1386)
3(650 651 1407)
3(741 651 650)
3(741 1407 651)
3(741 650 1407)
3(796 1143 805)
3(899 1418 1441)
3(1418 1389 1441)
3(899 1441 1389)
3(1154 1385 1177)
3(1153 1177 1385)
3(1370 1339 1439)
3(261 1373 1380)
3(261 1380 1452)
3(1380 1373 1452)
3(1086 915 1093)
3(1093 915 1391)
3(1086 1093 1391)
3(1095 275 545)
3(1095 545 20)
3(1341 1109 1418)
3(1106 1418 1109)
3(921 1450 913)
3(922 913 1450)
3(1340 1339 1453)
3(1313 1453 1339)
3(1433 1343 1454)
3(267 1433 1454)
3(1118 1094 1381)
3(995 1094 1118)
3(995 1381 1094)
3(1099 1439 1041)
3(1099 1370 1439)
3(980 1419 1434)
3(1419 1388 1434)
3(1273 1349 1263)
3(1273 1263 322)
3(791 1456 1455)
3(791 1455 1440)
3(977 978 1419)
3(978 1111 1419)
3(977 1419 1111)
3(274 1415 1426)
3(1237 1207 1424)
3(1406 1360 1438)
3(1180 1149 1414)
3(1311 1370 1382)
3(283 1429 1106)
3(283 871 1429)
3(283 1106 871)
3(1344 1311 1353)
3(984 1433 1375)
3(1087 1085 1031)
3(1087 1377 1085)
3(1031 1085 1377)
3(918 1442 927)
3(918 927 1391)
3(1100 1091 1369)
3(753 754 1252)
3(691 1252 754)
3(691 753 1252)
3(301 1150 1401)
3(1180 1401 1150)
3(1266 1449 1337)
3(1266 1322 1449)
3(1431 1372 1444)
3(990 982 1388)
3(981 1388 982)
3(993 1375 1387)
3(992 1387 1375)
3(992 993 1387)
3(275 1436 1356)
3(275 537 1436)
3(275 1356 537)
3(537 1356 1436)
3(723 731 1378)
3(266 1374 1454)
3(1351 1413 1433)
3(1424 1207 1425)
3(1266 324 1321)
3(1266 1321 325)
3(17 1443 895)
3(257 17 1443)
3(1231 1216 1448)
3(1196 1231 1448)
3(929 1442 921)
3(920 929 1442)
3(927 1442 919)
3(928 919 1442)
3(1372 1444 1430)
3(268 1446 1071)
3(287 1098 1422)
3(1090 1422 1098)
3(1326 1336 1376)
3(1336 1314 1376)
3(724 1134 733)
3(1263 1317 1266)
3(1263 1435 1317)
3(1263 1266 1435)
3(900 901 1389)
3(909 1389 901)
3(1320 1413 1351)
3(1320 1359 1413)
3(1359 1351 1413)
3(1342 1376 1445)
3(1376 1314 1445)
3(1342 1445 1314)
3(1318 1399 1315)
3(1318 1331 1399)
3(1318 1315 1331)
3(1414 1306 1449)
3(1357 1386 1455)
3(1357 1330 1386)
3(957 956 1438)
3(957 1438 1359)
3(399 1368 407)
3(398 407 1368)
3(980 1434 972)
3(981 972 1434)
3(982 1434 974)
3(974 973 1434)
3(973 982 1434)
3(814 1159 724)
3(1347 1388 1387)
3(1310 1387 1388)
3(1347 1310 1388)
3(1175 1173 1390)
3(1156 1175 1390)
3(1271 1337 1411)
3(327 1271 1411)
3(284 865 1342)
3(1092 284 1342)
3(917 918 1391)
3(918 1341 1391)
3(917 1391 1341)
3(915 916 1391)
3(916 1341 1391)
3(1359 1458 966)
3(1413 966 1458)
3(1359 1413 1458)
3(398 1384 406)
3(398 397 1384)
3(407 398 1384)
3(1336 944 1445)
3(943 1445 944)
3(943 1336 1445)
3(1102 1083 1397)
3(1398 1359 1438)
3(955 1398 1438)
3(1102 1397 1111)
3(1102 1111 1348)
3(1330 1442 1391)
3(1330 1391 1395)
3(1151 1174 1423)
3(1114 1174 1151)
3(1114 1151 1423)
3(1152 1423 1173)
3(906 1108 1418)
3(1086 1418 1108)
3(660 1274 669)
3(660 668 1274)
3(479 1437 1410)
3(479 470 1437)
3(479 1410 470)
3(1173 1423 1175)
3(1399 1329 1450)
3(811 1408 722)
3(811 722 721)
3(811 721 1408)
3(812 811 1408)
3(722 811 812)
3(722 812 1408)
3(937 1395 938)
3(937 1376 1395)
3(644 653 1222)
3(1262 1331 1323)
3(1262 1267 1331)
3(1262 1323 1267)
3(1096 1370 1090)
3(1096 1090 1427)
3(1005 1381 997)
3(1005 1006 1381)
3(996 1005 1381)
3(249 1405 248)
3(249 1099 1405)
3(1099 248 1405)
3(1117 1098 1422)
3(276 1416 1327)
3(276 1381 1416)
3(276 1327 1381)
3(1381 1327 1416)
3(978 986 1419)
3(987 978 1419)
3(987 1419 986)
3(988 1419 980)
3(986 1419 977)
3(979 988 1419)
3(966 1351 1458)
3(966 1458 967)
3(1351 967 1458)
3(913 259 1450)
3(889 251 1405)
3(251 250 1405)
3(889 1405 250)
3(887 249 1405)
3(887 1405 248)
3(887 888 1405)
3(888 249 1405)
3(889 890 1405)
3(1078 1069 1409)
3(326 1384 1266)
3(326 1266 1337)
3(1406 958 1458)
3(264 1458 958)
3(1319 1367 1428)
3(970 1397 962)
3(962 961 1397)
3(1361 1407 732)
3(955 1398 963)
3(954 963 1398)
3(955 954 1398)
3(961 953 1398)
3(952 1398 953)
3(963 964 1398)
3(961 962 1398)
3(962 953 1398)
3(409 400 1135)
3(409 1135 1412)
3(1366 1318 1367)
3(1317 1367 1318)
3(1317 1366 1367)
3(1317 1318 1366)
3(1329 1455 1357)
3(1329 1357 1386)
3(1320 1413 1346)
3(1351 1346 1413)
3(1265 1319 1269)
3(918 1391 926)
3(917 926 1391)
3(916 1391 924)
3(915 924 1391)
3(916 1391 925)
3(558 566 1082)
3(567 558 1082)
3(567 1082 566)
3(557 1082 558)
3(557 566 1082)
3(854 1123 846)
3(846 1123 855)
3(854 855 1123)
3(846 845 1123)
3(854 1123 845)
3(157 1079 571)
3(157 562 1079)
3(562 571 1079)
3(158 157 1079)
3(158 1079 571)
3(859 1120 225)
3(226 225 1120)
3(226 1120 859)
3(850 1120 225)
3(859 1120 850)
3(34 1081 554)
3(34 563 1081)
3(554 1081 563)
3(34 1081 33)
3(554 33 1081)
3(90 1122 842)
3(90 851 1122)
3(842 1122 851)
3(90 1122 89)
3(842 89 1122)
3(567 1080 559)
3(567 568 1080)
3(559 1080 568)
3(567 1080 558)
3(559 558 1080)
3(855 1121 847)
3(855 856 1121)
3(847 1121 856)
3(855 1121 846)
3(847 846 1121)
3(1093 914 915)
3(1086 914 1093)
3(802 793 1408)
3(802 1451 793)
3(1041 1040 1439)
3(1099 1439 1040)
3(1323 1262 1325)
3(324 1321 1435)
3(324 1435 1266)
3(1327 1381 1417)
3(1040 1032 1439)
3(1040 1439 1031)
3(1034 1042 1439)
3(1033 1439 1034)
3(1033 1042 1439)
3(1032 1439 1041)
3(1346 1413 1434)
3(974 1434 1413)
3(1326 1376 1438)
3(1326 1438 1360)
3(1357 1329 1420)
3(1271 318 326)
3(1271 327 318)
3(1271 317 326)
3(1025 1377 1033)
3(1033 1034 1377)
3(1264 1401 1411)
3(1264 1411 1337)
3(1264 1337 1401)
3(805 211 1144)
3(805 1143 211)
3(1203 84 797)
3(84 1202 797)
3(1205 464 39)
3(1198 39 464)
3(138 472 1146)
3(138 1139 472)
3(1335 1307 1351)
3(1387 1375 1388)
3(1231 1216 1396)
3(965 1413 973)
3(973 974 1413)
3(1395 1342 1445)
3(936 1395 1445)
3(1122 852 288)
3(852 843 288)
3(1122 843 852)
3(1122 288 843)
3(858 1120 290)
3(858 290 849)
3(858 849 1120)
3(849 290 1120)
3(1121 857 290)
3(290 857 848)
3(1121 848 857)
3(1121 290 848)
3(288 853 1123)
3(288 844 853)
3(853 844 1123)
3(288 1123 844)
3(1081 278 555)
3(278 564 555)
3(1081 555 564)
3(1081 564 278)
3(1080 280 560)
3(569 560 280)
3(569 1080 560)
3(569 280 1080)
3(561 280 1079)
3(570 280 561)
3(570 561 1079)
3(570 1079 280)
3(556 278 1082)
3(565 278 556)
3(565 556 1082)
3(565 1082 278)
3(1160 463 409)
3(1160 409 1412)
3(1283 1455 1456)
3(792 1283 1456)
3(898 906 1418)
3(897 906 1418)
3(898 897 1418)
3(791 1456 1283)
3(1117 1233 287)
3(867 868 285)
3(867 285 1120)
3(867 1120 868)
3(862 863 283)
3(862 283 1123)
3(862 1123 863)
3(275 546 545)
3(275 1081 546)
3(1081 545 546)
3(277 1080 551)
3(1080 550 551)
3(277 551 550)
3(1370 1099 1405)
3(1395 1376 1445)
3(1106 1334 1441)
3(1334 1418 1441)
3(1106 1441 1418)
3(1410 533 1437)
3(479 1437 533)
3(479 533 1410)
3(1324 1395 1421)
3(972 1413 1434)
3(1413 1397 1434)
3(533 542 1410)
3(1410 542 1437)
3(533 1437 542)
3(1336 1438 1326)
3(1336 1376 1438)
3(1348 1111 1419)
3(1373 1380 1447)
3(1379 1028 1400)
3(1029 1400 1028)
3(1049 1415 1366)
3(274 1366 1415)
3(973 1413 1434)
3(972 973 1434)
3(533 541 1410)
3(532 1410 533)
3(1330 1386 1442)
3(1276 1269 1319)
3(935 1445 934)
3(1342 934 1445)
3(1372 1321 1435)
3(396 1435 1321)
3(1380 1421 1447)
3(251 1370 1405)
3(283 1098 1429)
3(283 1365 1098)
3(1373 1383 1399)
3(333 1435 324)
3(333 1321 1435)
3(1391 1342 1395)
3(1093 1391 924)
3(1093 924 1342)
3(1093 1342 1391)
3(479 471 1437)
3(479 480 1437)
3(1265 1350 1268)
3(1265 1268 1315)
3(964 1398 1413)
3(963 1413 1398)
3(321 313 1273)
3(321 1273 312)
3(313 1273 322)
3(19 1385 1100)
3(19 553 1385)
3(19 1100 553)
3(553 1100 1385)
3(1266 325 1384)
3(326 325 1266)
3(1263 1269 1316)
3(1263 1349 1269)
3(1342 1330 1395)
3(1028 1027 1379)
3(1341 908 1418)
3(1375 1388 1310)
3(1268 1331 1267)
3(1268 1318 1331)
3(1268 1267 1318)
3(937 1395 1445)
3(936 937 1445)
3(1029 1400 1037)
3(1037 1038 1400)
3(274 1426 1367)
3(1105 865 285)
3(1019 1379 1027)
3(953 1336 1398)
3(897 1108 1418)
3(1098 1405 1107)
3(1098 1107 1334)
3(585 577 279)
3(585 279 576)
3(576 279 577)
3(279 585 586)
3(279 586 577)
3(36 572 21)
3(35 21 572)
3(581 21 36)
3(837 829 289)
3(837 289 828)
3(829 828 289)
3(837 838 289)
3(829 289 838)
3(589 18 159)
3(589 160 18)
3(159 580 18)
3(88 25 824)
3(88 833 25)
3(824 87 25)
3(223 24 841)
3(223 832 24)
3(584 279 576)
3(584 585 279)
3(575 279 576)
3(575 584 279)
3(841 224 24)
3(836 289 828)
3(836 837 289)
3(828 827 289)
3(836 289 827)
3(1110 1339 1439)
3(1096 1439 1339)
3(1096 1110 1439)
3(1036 1044 1453)
3(1045 1036 1453)
3(1046 1038 1453)
3(1038 1037 1453)
3(1046 1453 1037)
3(1379 1313 1400)
3(1377 1313 1379)
3(1377 1400 1313)
3(801 792 1451)
3(801 1455 792)
3(656 1268 1315)
3(1315 1268 1331)
3(305 1227 1448)
3(1227 1226 1448)
3(1331 1373 1380)
3(920 1442 919)
3(1348 1419 1434)
3(1090 1095 1427)
3(534 1437 479)
3(534 479 480)
3(533 534 1437)
3(533 479 534)
3(1144 814 805)
3(1366 1073 1415)
3(655 656 1268)
3(266 267 1454)
3(266 1454 1409)
3(267 1409 1454)
3(1320 1413 1434)
3(1229 40 473)
3(1198 473 40)
3(139 1170 481)
3(139 481 1139)
3(1169 210 796)
3(1143 796 210)
3(1228 788 83)
3(83 788 1202)
3(266 1351 1433)
3(976 266 1433)
3(1216 1396 1217)
3(1001 993 1387)
3(957 1458 966)
3(957 1359 1458)
3(1037 1400 1453)
3(1037 1453 1036)
3(651 660 1407)
3(660 1361 1407)
3(651 1407 1361)
3(877 228 1142)
3(877 1151 228)
3(869 1201 92)
3(869 92 1210)
3(536 31 1197)
3(536 1212 31)
3(155 544 1138)
3(155 1153 544)
3(1374 266 1409)
3(320 1225 1448)
3(320 329 1225)
3(1225 329 1448)
3(1226 320 1225)
3(1226 1225 1448)
3(958 1438 1458)
3(958 1458 957)
3(1438 957 1458)
3(1317 1415 1316)
3(1317 1367 1415)
3(1406 1438 1458)
3(395 1435 387)
3(396 387 1435)
3(387 386 1435)
3(386 395 1435)
3(1000 1008 1417)
3(1372 1444 1321)
3(1323 1355 1318)
3(1323 1373 1355)
3(1318 1355 1373)
3(305 311 1226)
3(1226 311 320)
3(305 320 311)
3(1371 1446 1321)
3(1372 1321 1446)
3(1371 1321 1372)
3(1397 1434 1320)
3(1397 1320 1413)
3(1163 302 670)
3(1163 670 661)
3(661 670 302)
3(383 1224 329)
3(383 1448 1224)
3(329 1224 1448)
3(383 329 1448)
3(1415 1317 1435)
3(1372 1317 1415)
3(1372 1435 1317)
3(1223 1250 1350)
3(307 1223 1350)
3(307 1350 1250)
3(1351 1433 1454)
3(266 1454 1433)
3(1007 1416 1006)
3(1381 1006 1416)
3(1004 1005 1416)
3(1004 1416 1381)
3(1005 1381 1416)
3(1004 1381 1005)
3(1340 1382 1453)
3(1382 1339 1453)
3(942 950 1088)
3(941 1088 942)
3(941 950 1088)
3(1351 1458 1413)
3(1322 1321 1371)
3(1322 1371 1446)
3(1437 1410 1457)
3(542 1437 1457)
3(1192 1264 1401)
3(1192 1411 1264)
3(1192 1401 1411)
3(1088 1336 1393)
3(1088 951 1336)
3(1336 951 1393)
3(915 1093 923)
3(923 1093 914)
3(923 924 1093)
3(915 1093 924)
3(1265 1250 1350)
3(1265 1208 1250)
3(1250 1208 1350)
3(1174 1114 282)
3(1357 1450 1329)
3(1397 1348 1434)
3(1329 1452 1357)
3(1329 1420 1452)
3(1106 1334 1107)
3(1106 1107 1441)
3(1329 1452 1450)
3(1357 1450 1452)
3(1330 1386 1391)
3(276 540 1327)
3(276 1416 540)
3(1377 1339 1439)
3(1110 1377 1439)
3(1375 1346 1388)
3(333 386 1435)
3(387 386 333)
3(387 333 1435)
3(333 386 332)
3(333 332 1435)
3(332 386 1435)
3(463 1146 472)
3(546 545 1095)
3(546 1095 275)
3(652 643 1161)
3(652 742 643)
3(742 1161 643)
3(1220 635 644)
3(734 644 635)
3(1220 734 635)
3(1363 1318 1383)
3(1363 1399 1318)
3(1383 1318 1399)
3(1359 1398 1413)
3(1347 1388 1419)
3(1367 274 1415)
3(1376 937 1445)
3(946 1445 937)
3(1100 1177 281)
3(1172 1168 1411)
3(1264 1150 1401)
3(1264 301 1150)
3(1341 1391 1456)
3(1341 1330 1391)
3(369 1128 361)
3(361 1128 370)
3(369 1128 360)
3(361 360 1128)
3(613 1256 621)
3(621 1256 612)
3(613 1256 622)
3(621 622 1256)
3(1388 1457 1347)
3(1419 1347 1457)
3(860 861 1117)
3(283 1117 861)
3(860 283 861)
3(1038 1400 1453)
3(1150 1401 1172)
3(1150 1411 1401)
3(1150 1172 1411)
3(790 1429 798)
3(790 789 1429)
3(799 790 1429)
3(1363 1315 1399)
3(1320 1398 1413)
3(283 862 1109)
3(1313 1352 1379)
3(898 890 1441)
3(889 1441 890)
3(889 898 1441)
3(898 899 1441)
3(896 1441 888)
3(897 888 1441)
3(896 897 1441)
3(888 887 1441)
3(896 1441 887)
3(937 1395 929)
3(929 928 1395)
3(1318 1383 1367)
3(1096 1439 1370)
3(1386 1341 1391)
3(268 1446 1409)
3(1071 1409 1446)
3(1112 1348 1419)
3(1112 1419 1457)
3(1113 1381 1419)
3(1118 1113 1419)
3(1118 1381 1113)
3(1311 1382 1344)
3(326 1266 1271)
3(1271 1266 1337)
3(1326 1359 1438)
3(1359 1336 1438)
3(926 925 1391)
3(901 1404 893)
3(1165 346 337)
3(391 337 346)
3(1165 391 346)
3(329 338 1224)
3(329 383 338)
3(1306 1454 1433)
3(1306 1343 1454)
3(1267 1266 1317)
3(1267 1322 1266)
3(1267 1317 1322)
3(542 534 1437)
3(542 543 1437)
3(1150 1192 1264)
3(1150 1401 1192)
3(799 790 1440)
3(1250 1350 1230)
3(1306 1351 1433)
3(1092 923 924)
3(1092 924 1093)
3(1092 1093 923)
3(945 944 1445)
3(945 1445 1336)
3(261 940 1421)
3(261 931 1421)
3(1337 1264 1449)
3(1266 1264 1337)
3(1266 1449 1264)
3(276 540 541)
3(276 541 1327)
3(880 1429 789)
3(880 879 1429)
3(880 789 879)
3(879 789 1429)
3(880 790 789)
3(13 187 1190)
3(13 175 187)
3(187 175 1190)
3(933 1092 924)
3(924 1092 1342)
3(933 1342 1092)
3(1251 1448 1349)
3(305 1349 1448)
3(1251 1349 305)
3(1251 305 1448)
3(1180 1414 1179)
3(1180 1179 1401)
3(898 1418 1441)
3(1157 1412 1147)
3(1271 1264 1411)
3(1271 1337 1264)
3(1262 1323 1407)
3(1262 1407 1275)
3(1262 1275 1323)
3(1323 1275 1407)
3(1045 1453 1046)
3(1148 1180 1414)
3(262 1447 1403)
3(466 474 1436)
3(475 1436 474)
3(475 466 1436)
3(1191 1270 1361)
3(1191 1149 1270)
3(1191 1361 1149)
3(1326 1406 1458)
3(794 1408 802)
3(802 803 1408)
3(653 654 1272)
3(1247 2 338)
3(2 57 338)
3(1247 111 338)
3(1247 2 111)
3(111 2 338)
3(1101 1111 1348)
3(958 966 1458)
3(958 1458 967)
3(1033 1377 1439)
3(1032 1033 1439)
3(1150 1401 1179)
3(1397 963 1398)
3(962 1397 1398)
3(962 1398 963)
3(1015 1007 1416)
3(1015 1416 1006)
3(1016 1416 1015)
3(1013 1416 1005)
3(1014 1005 1416)
3(1013 1416 1004)
3(74 6 707)
3(6 1244 707)
3(14 204 1185)
3(14 192 204)
3(192 1185 204)
3(1268 1276 1315)
3(1268 1315 1318)
3(1268 1318 1276)
3(1322 1374 1449)
3(1322 1449 1454)
3(1322 1454 1374)
3(1398 1397 1413)
3(916 917 1391)
3(1186 787 15)
3(1186 221 787)
3(1186 15 221)
3(15 787 221)
3(0 145 1248)
3(41 145 0)
3(41 1248 145)
3(15 209 787)
3(1267 1263 1317)
3(1343 1446 1454)
3(268 1454 1446)
3(1313 1332 1377)
3(1323 1406 1374)
3(1323 1374 1447)
3(1377 1034 1439)
3(1339 1034 1377)
3(1164 1361 1191)
3(1164 302 1361)
3(302 1191 1361)
3(261 1421 1452)
3(285 876 1114)
3(285 1114 867)
3(285 867 876)
3(1114 876 867)
3(1275 1322 1449)
3(1266 1322 1275)
3(1266 1275 1449)
3(275 555 1081)
3(275 278 555)
3(277 560 1080)
3(277 280 560)
3(278 275 556)
3(275 1082 556)
3(288 283 852)
3(283 1122 852)
3(280 277 561)
3(277 1079 561)
3(290 285 857)
3(285 1121 857)
3(285 858 1120)
3(285 290 858)
3(283 853 1123)
3(283 288 853)
3(1325 1262 1407)
3(658 1407 1262)
3(658 1325 1407)
3(285 1358 876)
3(285 876 875)
3(1268 664 655)
3(1159 724 715)
3(814 715 724)
3(814 1159 715)
3(716 1218 707)
3(806 716 707)
3(1367 1366 1415)
3(1399 260 1452)
3(1373 1399 1452)
3(409 1160 418)
3(463 409 418)
3(1219 401 410)
3(401 455 410)
3(1219 410 455)
3(1344 1370 1382)
3(1269 1349 1251)
3(1209 1251 1349)
3(1269 1251 1209)
3(1247 111 383)
3(383 111 338)
3(948 1438 956)
3(889 1441 1405)
3(890 1405 1441)
3(887 1441 1405)
3(888 1405 1441)
3(285 1358 1114)
3(1403 1373 1447)
3(1104 1358 1105)
3(1104 1105 1336)
3(1195 383 392)
3(1195 392 1448)
3(1195 1448 383)
3(1096 1370 1097)
3(463 136 1189)
3(463 418 136)
3(1189 136 418)
3(933 941 1393)
3(933 1393 942)
3(941 942 1393)
3(933 932 1393)
3(932 941 1393)
3(187 1190 195)
3(742 187 1190)
3(734 1245 5)
3(932 924 1092)
3(932 1092 923)
3(932 933 1092)
3(881 1283 1456)
3(1283 882 1456)
3(881 1456 882)
3(881 882 1283)
3(266 1433 985)
3(267 266 1433)
3(307 1223 1272)
3(307 1272 1350)
3(470 1410 478)
3(478 479 1410)
3(1321 1371 1317)
3(1322 1317 1371)
3(277 1100 1437)
3(277 1385 1100)
3(277 1437 1385)
3(1276 1263 1316)
3(1276 1317 1263)
3(1316 1263 1317)
3(981 1434 982)
3(868 1114 867)
3(111 1247 46)
3(391 1187 9)
3(221 886 1186)
3(221 787 886)
3(1059 1373 1355)
3(1355 1373 1403)
3(1322 1374 1275)
3(1371 1317 1372)
3(1321 1372 1317)
3(1373 1355 1383)
3(275 1110 547)
3(548 1110 275)
3(728 1420 720)
3(720 719 1420)
3(38 128 1249)
3(128 1 1249)
3(128 1249 455)
3(1189 10 463)
3(136 1189 10)
3(1145 1432 1155)
3(204 212 1185)
3(204 1185 814)
3(1244 6 806)
3(967 1458 265)
3(1360 1447 1380)
3(1226 54 311)
3(54 305 311)
3(803 1408 811)
3(802 811 1408)
3(812 803 1408)
3(1097 1405 1107)
3(1163 178 670)
3(670 178 302)
3(1251 1231 1349)
3(1251 1448 1231)
3(221 1186 229)
3(30 145 1248)
3(145 1248 527)
3(1246 7 878)
3(535 1188 11)
3(945 1445 937)
3(945 946 1445)
3(943 1445 935)
3(944 935 1445)
3(936 945 1445)
3(934 943 1445)
3(285 1105 866)
3(865 285 866)
3(1329 1399 1452)
3(1399 1420 1452)
3(278 582 573)
3(573 582 1132)
3(834 825 288)
3(834 1260 825)
3(1263 322 1435)
3(323 322 1263)
3(323 1263 1435)
3(651 659 1407)
3(659 660 1407)
3(1360 1406 1447)
3(459 1430 406)
3(459 460 1430)
3(459 406 460)
3(460 406 1430)
3(406 405 1430)
3(406 459 405)
3(270 1021 1431)
3(1274 302 1164)
3(1274 661 302)
3(1117 1098 1365)
3(954 1398 953)
3(954 1336 1398)
3(929 928 1442)
3(282 1148 1091)
3(887 1405 1084)
3(248 1084 1405)
3(887 1084 248)
3(317 326 1266)
3(1450 1399 1452)
3(276 1416 1332)
3(276 1332 540)
3(305 1273 1448)
3(305 1349 1273)
3(1273 1349 1448)
3(887 1441 1084)
3(1405 1084 1441)
3(1316 1317 1435)
3(1177 1176 1385)
3(1323 1403 1447)
3(1323 1374 1403)
3(1004 1094 1416)
3(1004 1416 1119)
3(1004 1119 1094)
3(1094 1119 1416)
3(300 1264 1192)
3(300 1411 1264)
3(300 1192 1411)
3(246 1085 1031)
3(246 1031 1087)
3(1084 1405 1099)
3(1084 1099 248)
3(307 653 1272)
3(275 1110 1436)
3(275 538 1110)
3(275 1436 538)
3(1171 1361 1191)
3(788 779 878)
3(788 1228 779)
3(878 779 1228)
3(796 787 1169)
3(886 787 796)
3(490 535 481)
3(490 481 1170)
3(490 1170 535)
3(473 527 482)
3(473 482 1229)
3(1229 482 527)
3(473 1229 527)
3(259 1450 922)
3(57 1224 329)
3(346 1165 105)
3(346 106 1165)
3(1272 1265 1350)
3(962 1398 954)
3(1095 275 1436)
3(1095 1356 275)
3(879 871 1429)
3(870 1429 871)
3(870 879 1429)
3(19 1177 1100)
3(19 1385 1177)
3(260 1452 1450)
3(987 1419 979)
3(987 988 1419)
3(882 792 1456)
3(882 1451 792)
3(882 1456 1451)
3(1250 307 1265)
3(1265 307 1350)
3(925 1391 917)
3(67 1220 635)
3(635 66 1220)
3(652 1161 175)
3(175 643 1161)
3(981 973 1434)
3(888 1405 250)
3(888 889 1405)
3(1373 1331 1399)
3(1318 1373 1399)
3(320 1225 55)
3(320 55 1226)
3(328 104 1166)
3(328 1167 104)
3(328 1166 1167)
3(934 1393 933)
3(934 1342 1393)
3(1342 933 1393)
3(1438 1359 1458)
3(1403 1374 1409)
3(1065 1403 1409)
3(1096 1439 1099)
3(1096 1099 1370)
3(1310 1457 1347)
3(1346 1433 1351)
3(1381 1094 1416)
3(1004 1094 1381)
3(920 928 1442)
3(22 1114 1151)
3(22 1151 868)
3(1151 1114 868)
3(1274 302 1361)
3(1355 1366 1383)
3(1105 285 1314)
3(1105 1358 285)
3(1240 1239 1425)
3(1273 1349 1269)
3(660 1274 1361)
3(660 661 1274)
3(1317 1415 1371)
3(1366 1355 1371)
3(881 1283 791)
3(792 1283 882)
3(1041 1439 1033)
3(283 1365 1117)
3(320 56 1225)
3(104 337 1166)
3(328 337 1166)
3(537 529 1436)
3(528 537 1436)
3(528 1436 529)
3(537 538 1436)
3(529 1436 538)
3(1096 1087 1439)
3(1087 1110 1439)
3(1371 1355 1409)
3(328 1271 1411)
3(327 1271 328)
3(305 1273 320)
3(320 1273 1448)
3(400 120 1136)
3(383 47 1195)
3(1376 1445 1336)
3(1438 1336 1445)
3(1341 1093 1391)
3(1086 1093 1341)
3(792 1451 883)
3(792 793 1451)
3(792 883 793)
3(792 882 883)
3(883 882 1451)
3(801 793 1451)
3(1152 1174 1423)
3(397 1430 405)
3(538 547 275)
3(1264 1449 1275)
3(1343 1449 1454)
3(1322 1343 1454)
3(289 846 855)
3(289 855 1121)
3(289 1121 846)
3(25 90 1122)
3(25 1122 89)
3(226 24 1120)
3(1120 24 225)
3(279 558 567)
3(279 1080 558)
3(279 567 1080)
3(1123 855 289)
3(1123 289 846)
3(33 21 1081)
3(34 1081 21)
3(157 1079 18)
3(158 18 1079)
3(1082 279 558)
3(1082 567 279)
3(1250 1265 306)
3(1263 322 313)
3(1380 1331 1452)
3(1373 1452 1331)
3(1181 1180 1414)
3(1115 1416 1085)
3(1115 1085 1332)
3(1115 1332 1416)
3(1410 1310 1457)
3(1191 1270 302)
3(302 1270 1361)
3(1264 301 1192)
3(1263 1316 1435)
3(865 1342 1451)
3(1342 284 1451)
3(865 1451 284)
3(300 1271 1411)
3(328 1271 300)
3(328 300 1411)
3(468 460 1430)
3(460 1430 469)
3(1270 1262 1407)
3(1270 1407 1275)
3(1347 1419 1113)
3(544 1138 154)
3(31 1197 527)
3(527 1197 536)
3(93 1201 869)
3(228 1142 886)
3(284 1391 1456)
3(284 1341 1391)
3(284 1456 1341)
3(1218 707 75)
3(724 192 1159)
3(192 715 1159)
3(977 1419 1089)
3(977 1089 1111)
3(1111 1089 1419)
3(1322 1317 1355)
3(1322 1355 1371)
3(1355 1317 1371)
3(418 122 1160)
3(401 1219 49)
3(1219 49 410)
3(177 661 1163)
3(670 177 1163)
3(873 1451 882)
3(873 882 1456)
3(873 1456 1451)
3(661 1162 177)
3(661 1163 1162)
3(305 1251 1269)
3(305 1269 1349)
3(311 55 1226)
3(1210 1117 23)
3(1210 23 860)
3(814 1144 211)
3(85 797 1203)
3(1336 1314 1445)
3(1323 1322 1374)
3(1275 1322 1323)
3(455 39 1205)
3(472 1146 137)
3(1366 1371 1415)
3(1326 1458 1438)
3(1275 1267 1322)
3(1225 1227 1448)
3(1227 1243 1448)
3(1225 1448 1243)
3(922 260 1450)
3(986 1089 977)
3(986 1419 1089)
3(279 276 558)
3(276 1080 558)
3(284 289 855)
3(284 855 1121)
3(20 1081 33)
3(19 157 1079)
3(23 90 1122)
3(22 1120 226)
3(276 558 1082)
3(284 1123 855)
3(1406 1326 1438)
3(1331 1452 1420)
3(1331 1420 1380)
3(1360 1447 1325)
3(661 176 1162)
3(661 1162 652)
3(1221 68 644)
3(541 276 549)
3(549 276 540)
3(549 550 276)
3(541 276 550)
3(549 276 548)
3(540 548 276)
3(355 454 107)
3(364 107 454)
3(355 364 454)
3(453 354 362)
3(453 363 354)
3(43 590 42)
3(491 590 43)
3(491 42 590)
3(788 879 780)
3(780 879 789)
3(42 37 590)
3(37 43 590)
3(43 500 590)
3(491 590 500)
3(786 885 794)
3(785 794 885)
3(786 785 885)
3(810 712 720)
3(810 721 712)
3(53 347 356)
3(53 446 347)
3(53 356 446)
3(347 446 356)
3(422 521 431)
3(422 430 521)
3(431 521 430)
3(788 879 779)
3(780 779 879)
3(792 883 784)
3(784 883 793)
3(423 521 432)
3(431 521 423)
3(521 522 423)
3(522 432 423)
3(648 640 738)
3(648 738 639)
3(640 639 738)
3(640 649 738)
3(640 739 649)
3(640 738 739)
3(649 739 738)
3(644 735 636)
3(645 636 735)
3(645 735 644)
3(59 347 53)
3(347 58 53)
3(59 356 53)
3(792 883 783)
3(784 783 883)
3(648 649 738)
3(718 709 809)
3(718 808 709)
3(808 809 709)
3(718 809 808)
3(492 592 501)
3(492 591 592)
3(492 501 591)
3(810 711 720)
3(712 711 810)
3(781 881 790)
3(781 790 880)
3(781 880 881)
3(790 782 881)
3(782 781 881)
3(883 783 882)
3(783 792 882)
3(646 737 638)
3(638 737 647)
3(646 647 737)
3(647 738 639)
3(647 648 738)
3(712 811 721)
3(712 810 811)
3(810 719 720)
3(810 711 719)
3(809 710 718)
3(809 718 719)
3(809 719 710)
3(646 637 737)
3(646 736 637)
3(736 737 637)
3(809 710 709)
3(707 806 708)
3(806 716 708)
3(635 644 735)
3(635 735 636)
3(782 881 791)
3(638 637 737)
3(508 499 161)
3(161 499 598)
3(508 161 598)
3(508 598 499)
3(592 501 493)
3(492 592 493)
3(779 878 879)
3(161 141 508)
3(161 508 142)
3(436 427 144)
3(526 144 427)
3(436 526 427)
3(141 499 161)
3(124 144 436)
3(124 427 144)
3(647 738 638)
3(639 638 738)
3(735 635 734)
3(735 734 644)
3(493 592 502)
3(789 780 880)
3(880 780 879)
3(423 422 521)
3(781 880 789)
3(780 880 781)
3(506 596 497)
3(498 497 596)
3(498 596 506)
3(808 709 717)
3(808 717 708)
3(808 708 807)
3(708 717 807)
3(638 737 738)
3(647 738 737)
3(645 736 636)
3(645 637 736)
3(637 636 736)
3(735 736 636)
3(708 808 709)
3(453 362 353)
3(453 353 452)
3(452 353 362)
3(354 353 453)
3(651 742 643)
3(651 652 742)
3(642 741 651)
3(642 650 741)
3(786 885 795)
3(884 885 785)
3(884 785 794)
3(641 739 649)
3(641 640 739)
3(813 715 724)
3(813 814 715)
3(713 811 721)
3(713 712 811)
3(641 739 650)
3(649 650 739)
3(811 722 713)
3(723 813 715)
3(651 742 642)
3(643 642 742)
3(715 714 813)
3(723 813 714)
3(700 692 745)
3(700 745 691)
3(692 691 745)
3(761 770 86)
3(815 86 770)
3(761 86 815)
3(761 815 770)
3(739 740 641)
3(650 641 740)
3(739 650 740)
3(741 742 642)
3(741 651 742)
3(713 811 812)
3(713 812 722)
3(617 70 626)
3(65 70 617)
3(65 626 70)
3(626 671 70)
3(617 70 671)
3(626 617 671)
3(701 745 692)
3(701 746 745)
3(701 692 746)
3(692 745 746)
3(700 701 745)
3(78 689 698)
3(78 698 743)
3(698 689 743)
3(617 64 70)
3(81 761 86)
3(80 86 761)
3(86 81 770)
3(78 689 73)
3(78 73 698)
3(818 774 765)
3(773 818 765)
3(773 774 818)
3(765 774 819)
3(765 819 766)
3(774 766 819)
3(818 774 819)
3(818 819 765)
3(478 531 487)
3(486 531 478)
3(486 487 531)
3(417 408 462)
3(417 461 408)
3(417 462 461)
3(408 461 462)
3(699 691 744)
3(699 744 690)
3(690 744 691)
3(473 482 528)
3(528 482 474)
3(528 527 482)
3(487 532 531)
3(487 478 532)
3(406 415 459)
3(406 460 415)
3(459 415 460)
3(388 343 334)
3(343 387 334)
3(388 387 343)
3(486 531 477)
3(482 483 528)
3(474 528 483)
3(818 765 764)
3(818 764 773)
3(778 222 207)
3(778 208 222)
3(459 406 414)
3(459 414 415)
3(335 388 343)
3(335 334 388)
3(387 334 342)
3(387 342 343)
3(386 332 340)
3(341 332 386)
3(341 386 340)
3(402 456 410)
3(401 410 456)
3(331 384 339)
3(330 384 331)
3(330 339 384)
3(331 386 340)
3(385 331 340)
3(385 340 386)
3(385 386 331)
3(459 405 414)
3(484 529 475)
3(475 529 476)
3(484 476 529)
3(333 386 342)
3(341 386 333)
3(341 342 386)
3(778 222 769)
3(207 769 222)
3(222 823 778)
3(222 769 823)
3(823 769 778)
3(417 463 408)
3(409 463 417)
3(342 333 387)
3(342 387 386)
3(700 744 691)
3(700 745 744)
3(331 386 332)
3(410 411 456)
3(402 456 411)
3(331 384 340)
3(339 340 384)
3(456 455 410)
3(385 384 340)
3(331 384 385)
3(768 776 822)
3(777 822 776)
3(777 768 822)
3(704 749 695)
3(749 696 695)
3(704 696 749)
3(776 767 822)
3(776 822 821)
3(776 821 767)
3(767 821 822)
3(677 624 632)
3(633 624 677)
3(633 677 632)
3(632 677 623)
3(483 484 529)
3(483 529 475)
3(767 822 768)
3(703 748 695)
3(704 695 748)
3(704 748 703)
3(677 633 678)
3(633 624 678)
3(463 462 417)
3(457 411 412)
3(457 403 411)
3(457 412 403)
3(694 703 748)
3(700 744 699)
3(481 489 535)
3(489 490 535)
3(390 336 344)
3(345 390 344)
3(345 336 390)
3(417 418 463)
3(415 407 460)
3(407 406 460)
3(480 534 488)
3(488 534 479)
3(390 344 335)
3(389 335 344)
3(389 344 390)
3(480 534 489)
3(488 489 534)
3(479 488 533)
3(533 488 534)
3(416 408 461)
3(416 461 407)
3(408 407 461)
3(416 417 461)
3(390 336 335)
3(344 335 388)
3(344 388 343)
3(535 480 489)
3(407 460 416)
3(415 416 460)
3(748 704 749)
3(416 461 460)
3(460 461 407)
3(389 388 344)
3(389 335 388)
3(535 534 489)
3(1114 1358 1105)
3(1251 1227 1448)
3(1013 1119 1004)
3(1318 1383 1366)
3(1267 1276 1317)
3(1389 1441 1334)
3(1092 1342 1093)
3(1191 1270 301)
3(1115 1094 1381)
3(1094 1113 1381)
3(1115 1381 1113)
3(1317 1276 1318)
3(1045 1453 1037)
3(1040 1439 1087)
3(1040 1087 1031)
3(733 1134 193)
3(76 1193 716)
3(1366 1415 1317)
3(409 1135 121)
3(48 1194 392)
3(1229 473 41)
3(1229 41 482)
3(490 1170 139)
3(490 140 1170)
3(83 1228 779)
3(779 82 1228)
3(209 1169 796)
3(1269 1251 306)
3(725 1199 77)
3(1140 194 742)
3(1140 733 742)
3(897 1441 898)
3(897 1418 1441)
3(877 1151 227)
3(227 868 1151)
3(877 1151 868)
3(536 1212 32)
3(32 545 1212)
3(536 1212 545)
3(92 860 1210)
3(860 91 1210)
3(553 1153 155)
3(553 156 1153)
3(1342 284 1391)
3(1342 1456 284)
3(1097 1405 1084)
3(1107 1084 1405)
3(659 1262 658)
3(659 1407 1262)
3(1111 1112 1348)
3(1111 1419 1112)
3(1274 1361 1407)
3(660 1274 1407)
3(1268 656 664)
3(1314 1393 1445)
3(1342 1445 1393)
3(1006 1416 1005)
3(1174 1173 1423)
3(864 872 1456)
3(872 873 1456)
3(864 1456 873)
3(864 863 1456)
3(240 977 1111)
3(240 1111 968)
3(1398 1336 1438)
3(1168 1192 1411)
3(300 1168 1411)
3(1270 1274 1361)
3(1270 1407 1274)
3(889 1441 897)
3(889 888 1441)
3(934 1393 942)
3(943 934 1393)
3(942 943 1393)
3(222 298 832)
3(222 823 298)
3(832 298 823)
3(598 296 160)
3(598 161 296)
3(832 223 298)
3(160 589 296)
3(598 296 589)
3(659 1262 667)
3(659 1262 668)
3(1013 244 1119)
3(1013 1085 244)
3(232 905 1108)
3(232 1108 896)
3(324 1435 332)
3(324 323 1435)
3(1331 1452 1399)
3(1093 1391 284)
3(1093 284 1341)
3(1100 1457 277)
3(1437 277 1457)
3(464 1198 40)
3(464 1198 473)
3(1139 138 481)
3(84 1202 788)
3(1143 805 210)
3(1119 1115 1416)
3(874 882 1451)
3(1317 1318 1355)
3(1317 1355 1366)
3(1355 1318 1366)
3(1099 1087 1439)
3(1006 1416 1014)
3(1314 1336 1393)
3(1105 1393 1336)
3(1099 1087 1040)
3(1267 1275 1323)
3(284 1109 1456)
3(863 284 1456)
3(791 1455 800)
3(791 800 1440)
3(941 1088 1393)
3(16 1099 1040)
3(248 1099 16)
3(1150 1411 1192)
3(516 1130 508)
3(516 517 1130)
3(1130 508 507)
3(760 1258 768)
3(760 759 1258)
3(768 769 1258)
3(1419 1113 1457)
3(1347 1457 1113)
3(317 325 1266)
3(967 264 1458)
3(1105 1336 1103)
3(87 815 303)
3(815 86 303)
3(87 824 303)
3(815 303 824)
3(581 291 37)
3(581 36 291)
3(37 590 291)
3(581 291 590)
3(1267 1318 1276)
3(1192 1172 1411)
3(1323 1322 1355)
3(1355 1322 1374)
3(1323 1355 1374)
3(1260 752 753)
3(753 752 1252)
3(1260 753 1252)
3(1260 1252 752)
3(510 509 1132)
3(510 1124 509)
3(1132 509 1124)
3(510 1132 1124)
3(518 51 419)
3(50 51 518)
3(50 518 419)
3(428 419 518)
3(518 50 45)
3(751 191 190)
3(751 190 706)
3(751 706 191)
3(205 751 191)
3(751 697 706)
3(1022 1085 246)
3(245 1085 1022)
3(1393 1336 1445)
3(943 1393 1445)
3(943 1336 1393)
3(1085 1332 1110)
3(1115 1110 1332)
3(896 1107 887)
3(887 1107 1441)
3(896 1441 1107)
3(1274 1262 1407)
3(800 1455 792)
3(800 801 1455)
3(1238 1207 1424)
3(320 311 1273)
3(311 305 1273)
3(231 1107 887)
3(231 896 1107)
3(791 799 1440)
3(247 1087 1031)
3(247 1040 1087)
3(1409 1374 1454)
3(1318 1373 1383)
3(1227 1448 1231)
3(977 1089 240)
3(1174 22 1114)
3(239 1083 968)
3(239 968 1111)
3(239 1083 959)
3(1274 661 670)
3(1274 670 302)
3(653 68 1222)
3(69 653 1222)
3(328 1167 103)
3(1256 684 675)
3(675 684 621)
3(1256 675 621)
3(1256 621 684)
3(1089 977 241)
3(1089 241 986)
3(1099 1097 1405)
3(959 238 1083)
3(189 299 697)
3(189 688 299)
3(1267 1355 1323)
3(1267 1322 1355)
3(1267 1323 1322)
3(501 1132 509)
3(501 500 1132)
3(1132 510 501)
3(761 1260 753)
3(761 762 1260)
3(753 1260 762)
3(944 936 1445)
3(289 846 845)
3(289 845 1123)
3(566 567 279)
3(566 279 1082)
3(571 158 18)
3(571 18 1079)
3(850 24 225)
3(1120 24 850)
3(842 89 25)
3(842 25 1122)
3(21 34 563)
3(21 563 1081)
3(846 289 847)
3(1121 847 289)
3(279 567 568)
3(1080 279 568)
3(284 1109 1341)
3(314 1263 322)
3(1263 323 314)
3(52 292 428)
3(52 437 292)
3(1418 1107 1441)
3(1106 1107 1418)
3(1267 1355 1318)
3(1099 1097 1370)
3(887 1107 1084)
3(1084 1107 1441)
3(593 1127 584)
3(585 584 1127)
3(593 585 1127)
3(20 1236 1095)
3(687 1257 688)
3(1253 687 688)
3(1253 1257 687)
3(1125 445 444)
3(1125 444 1129)
3(445 1129 444)
3(1089 1113 1419)
3(1089 1419 1118)
3(881 1456 873)
3(1227 1196 1448)
3(283 871 870)
3(558 557 276)
3(276 557 1082)
3(854 284 1123)
3(854 855 284)
3(562 19 157)
3(562 1079 19)
3(22 1120 859)
3(22 859 226)
3(1081 554 20)
3(33 20 554)
3(851 1122 23)
3(851 23 90)
3(284 856 1121)
3(284 855 856)
3(1080 559 276)
3(558 276 559)
3(1239 1238 1424)
3(1355 1322 1409)
3(1355 1409 1374)
3(1322 1374 1409)
3(680 681 1252)
3(1259 680 1252)
3(1259 1252 681)
3(1259 681 680)
3(438 1131 437)
3(438 437 1124)
3(1124 437 1131)
3(438 1124 1131)
3(355 454 119)
3(107 119 454)
3(355 119 107)
3(117 353 452)
3(453 353 117)
3(118 453 354)
3(118 353 453)
3(118 354 353)
3(118 344 389)
3(389 344 117)
3(118 117 344)
3(781 215 881)
3(880 215 781)
3(200 712 810)
3(811 712 200)
3(119 354 454)
3(119 355 354)
3(454 354 355)
3(809 709 198)
3(808 198 709)
3(347 53 2)
3(347 2 446)
3(0 42 590)
3(590 42 145)
3(0 145 42)
3(816 770 214)
3(816 214 771)
3(771 214 770)
3(816 771 770)
3(635 735 180)
3(180 735 636)
3(635 180 636)
3(484 147 529)
3(484 148 147)
3(484 529 148)
3(493 593 147)
3(493 148 593)
3(493 147 148)
3(590 491 145)
3(42 145 491)
3(146 482 527)
3(145 482 146)
3(145 527 482)
3(145 591 491)
3(590 491 591)
3(591 491 146)
3(145 146 491)
3(146 591 492)
3(146 492 491)
3(492 591 491)
3(528 146 482)
3(528 146 483)
3(482 483 146)
3(86 7 770)
3(7 81 770)
3(86 213 770)
3(7 770 213)
3(214 779 879)
3(780 214 879)
3(780 779 214)
3(779 213 879)
3(779 878 213)
3(711 200 712)
3(711 810 200)
3(883 783 217)
3(217 783 882)
3(531 487 149)
3(531 150 487)
3(150 149 487)
3(486 487 149)
3(486 149 531)
3(595 496 150)
3(149 150 496)
3(595 149 496)
3(415 459 132)
3(415 132 414)
3(132 459 414)
3(131 423 522)
3(522 423 132)
3(131 132 423)
3(806 196 708)
3(807 708 196)
3(807 806 708)
3(640 739 183)
3(640 184 739)
3(640 183 184)
3(183 639 738)
3(640 183 738)
3(640 639 183)
3(707 196 708)
3(707 806 196)
3(807 708 197)
3(196 197 708)
3(150 487 532)
3(819 774 217)
3(218 217 774)
3(819 218 774)
3(50 1 518)
3(111 447 348)
3(111 348 446)
3(447 446 348)
3(671 180 626)
3(671 626 179)
3(180 179 626)
3(65 70 179)
3(65 179 5)
3(147 493 592)
3(592 493 593)
3(58 2 347)
3(50 128 518)
3(50 1 128)
3(745 198 701)
3(745 700 198)
3(701 198 700)
3(770 815 213)
3(213 214 779)
3(782 881 215)
3(782 216 881)
3(782 215 216)
3(809 198 710)
3(199 710 198)
3(199 809 710)
3(811 712 201)
3(200 201 712)
3(882 783 216)
3(882 216 782)
3(782 216 783)
3(882 782 783)
3(781 215 782)
3(218 783 883)
3(218 784 783)
3(218 883 784)
3(217 218 783)
3(493 148 494)
3(493 494 593)
3(148 593 494)
3(459 415 133)
3(460 133 415)
3(133 132 415)
3(114 340 385)
3(385 340 113)
3(114 113 340)
3(340 114 386)
3(340 341 114)
3(386 114 341)
3(745 701 199)
3(199 701 746)
3(638 738 183)
3(638 183 639)
3(626 180 672)
3(180 627 672)
3(626 627 180)
3(626 672 627)
3(710 709 198)
3(737 637 181)
3(181 637 736)
3(111 112 348)
3(447 348 112)
3(446 111 347)
3(446 347 348)
3(347 111 348)
3(455 129 410)
3(129 128 410)
3(455 410 128)
3(347 2 111)
3(50 128 419)
3(128 518 419)
3(456 410 129)
3(456 129 411)
3(129 410 411)
3(698 78 6)
3(698 6 73)
3(214 770 815)
3(214 213 770)
3(815 816 770)
3(199 198 701)
3(116 343 388)
3(387 343 116)
3(737 637 182)
3(181 182 637)
3(196 78 698)
3(196 698 743)
3(179 735 635)
3(179 635 734)
3(182 737 638)
3(182 638 637)
3(180 635 179)
3(6 698 196)
3(217 783 216)
3(881 782 882)
3(818 774 217)
3(495 148 149)
3(495 594 148)
3(495 149 594)
3(638 738 182)
3(638 182 183)
3(179 626 70)
3(179 65 626)
3(671 672 626)
3(592 492 146)
3(161 153 141)
3(153 11 141)
3(131 423 521)
3(131 423 422)
3(521 131 422)
3(592 492 147)
3(146 147 492)
3(147 483 528)
3(146 483 147)
3(147 483 529)
3(528 529 483)
3(808 197 709)
3(197 198 709)
3(771 215 214)
3(771 816 215)
3(880 780 214)
3(818 216 774)
3(216 773 774)
3(818 773 216)
3(384 112 340)
3(339 340 112)
3(339 112 384)
3(136 144 427)
3(136 427 526)
3(342 115 386)
3(387 115 342)
3(187 634 678)
3(678 634 186)
3(187 186 634)
3(744 198 700)
3(744 700 197)
3(198 197 700)
3(808 708 197)
3(736 180 636)
3(736 636 181)
3(180 181 636)
3(456 130 411)
3(130 129 411)
3(181 180 627)
3(672 181 627)
3(215 780 880)
3(781 780 215)
3(107 119 127)
3(107 127 454)
3(147 493 492)
3(147 483 484)
3(215 780 214)
3(217 216 774)
3(499 153 161)
3(499 598 153)
3(144 10 427)
3(124 427 10)
3(454 354 118)
3(454 453 354)
3(117 352 452)
3(117 353 352)
3(452 352 353)
3(197 709 708)
3(699 700 197)
3(699 197 744)
3(637 636 181)
3(384 113 340)
3(113 112 340)
3(130 411 457)
3(456 457 411)
3(141 499 153)
3(136 10 427)
3(107 119 9)
3(821 220 776)
3(821 776 219)
3(220 219 776)
3(778 823 15)
3(778 15 221)
3(778 221 823)
3(457 130 412)
3(130 411 412)
3(220 776 822)
3(134 135 426)
3(525 426 135)
3(134 426 525)
3(15 222 778)
3(15 778 208)
3(219 885 785)
3(219 785 884)
3(785 885 220)
3(786 220 885)
3(785 220 786)
3(134 417 461)
3(134 461 416)
3(134 416 417)
3(461 135 417)
3(135 134 417)
3(117 118 353)
3(191 751 14)
3(204 751 191)
3(204 191 14)
3(813 203 713)
3(714 203 813)
3(714 713 203)
3(714 813 713)
3(202 813 713)
3(202 713 812)
3(813 812 713)
3(219 220 785)
3(202 203 713)
3(150 596 496)
3(596 595 496)
3(118 390 344)
3(118 345 390)
3(118 344 345)
3(204 706 191)
3(204 751 706)
3(641 184 739)
3(641 640 184)
3(135 417 462)
3(632 676 184)
3(632 184 631)
3(632 631 676)
3(184 676 631)
3(221 786 886)
3(221 787 786)
3(786 787 886)
3(133 416 460)
3(133 415 416)
3(742 187 642)
3(643 642 187)
3(643 187 742)
3(220 776 777)
3(220 777 822)
3(201 811 713)
3(712 201 713)
3(203 715 814)
3(203 204 715)
3(814 715 204)
3(343 388 117)
3(343 117 116)
3(417 136 463)
3(417 418 136)
3(116 452 352)
3(116 352 451)
3(452 451 352)
3(633 186 677)
3(678 186 633)
3(202 749 704)
3(202 704 203)
3(749 203 704)
3(677 185 633)
3(677 632 185)
3(633 185 632)
3(741 642 186)
3(185 186 642)
3(185 642 741)
3(775 820 219)
3(218 820 775)
3(218 775 219)
3(390 346 119)
3(390 391 346)
3(391 119 346)
3(185 633 186)
3(201 704 748)
3(201 703 704)
3(201 748 703)
3(118 119 354)
3(203 715 813)
3(596 497 150)
3(596 496 497)
3(150 497 496)
3(134 416 460)
3(134 133 416)
3(116 117 352)
3(740 641 184)
3(678 679 634)
3(187 634 679)
3(220 786 886)
3(220 221 786)
3(344 388 117)
3(344 117 343)
3(345 119 390)
3(345 346 119)
3(345 390 346)
3(417 136 462)
3(201 812 713)
3(676 185 632)
3(185 184 632)
3(219 775 821)
3(775 820 821)
3(704 748 202)
3(201 704 202)
3(821 776 775)
3(219 775 776)
3(186 642 742)
3(186 187 642)
3(633 634 186)
3(633 678 634)
3(886 885 786)
3(151 596 497)
3(151 497 150)
3(203 715 714)
3(201 202 713)
3(136 135 417)
3(119 118 345)
3(184 185 641)
3(740 641 185)
3(676 677 632)
3(1040 247 1099)
3(275 537 538)
3(1112 1089 1419)
3(582 591 1132)
3(501 1132 591)
3(1117 23 1233)
3(1210 1117 1233)
3(1107 1108 1441)
3(1107 896 1108)
3(1108 896 1441)
3(1393 934 1445)
3(752 743 1252)
3(743 689 1252)
3(752 1252 689)
3(518 509 1124)
3(428 518 1124)
3(1267 1317 1355)
3(1088 1105 1336)
3(1088 1336 1103)
3(238 950 1116)
3(237 1116 950)
3(238 959 1116)
3(1086 1418 1109)
3(1108 1109 1418)
3(276 1416 1115)
3(276 1115 1332)
3(868 859 22)
3(868 1120 859)
3(860 23 851)
3(860 851 1122)
3(863 854 284)
3(863 1123 854)
3(865 284 856)
3(865 856 1121)
3(545 554 20)
3(545 1081 554)
3(550 559 276)
3(550 1080 559)
3(1322 1446 1454)
3(1207 1425 1239)
3(1207 1239 1424)
3(867 858 1120)
3(867 285 858)
3(862 853 1123)
3(862 283 853)
3(1081 546 555)
3(275 555 546)
3(1080 551 560)
3(277 560 551)
3(760 1253 751)
3(751 1253 697)
3(760 697 1253)
3(517 526 1125)
3(526 436 1125)
3(1323 1403 1373)
3(1110 1085 1377)
3(1110 1377 1332)
3(1093 1342 284)
3(777 785 220)
3(786 777 220)
3(776 785 220)
3(705 203 713)
3(713 203 704)
3(705 704 203)
3(185 633 641)
3(642 633 185)
3(642 185 641)
3(187 174 175)
3(187 13 174)
3(187 634 643)
3(187 643 174)
3(187 174 634)
3(715 706 204)
3(715 203 706)
3(706 203 204)
3(418 426 136)
3(427 136 426)
3(418 136 427)
3(416 133 424)
3(133 415 424)
3(118 345 353)
3(118 354 345)
3(185 632 641)
3(66 65 179)
3(66 179 5)
3(338 347 2)
3(338 111 347)
3(146 483 491)
3(492 483 146)
3(482 491 146)
3(783 218 775)
3(775 218 784)
3(487 149 496)
3(487 495 149)
3(149 495 496)
3(415 132 423)
3(132 414 423)
3(707 196 699)
3(699 196 708)
3(74 698 6)
3(635 180 627)
3(627 180 636)
3(701 198 710)
3(709 198 701)
3(698 6 707)
3(707 196 698)
3(699 698 196)
3(148 493 484)
3(147 484 493)
3(145 482 491)
3(214 779 771)
3(214 770 779)
3(634 642 187)
3(218 783 774)
3(217 774 783)
3(150 496 487)
3(486 495 149)
3(148 486 495)
3(148 149 486)
3(148 485 493)
3(148 494 485)
3(179 635 626)
3(66 179 626)
3(66 635 179)
3(419 128 410)
3(419 410 129)
3(419 129 128)
3(42 41 145)
3(214 780 771)
3(338 58 2)
3(7 82 770)
3(774 216 783)
3(782 216 774)
3(148 485 484)
3(180 635 626)
3(340 114 349)
3(340 349 113)
3(114 113 349)
3(128 410 50)
3(411 129 419)
3(419 420 129)
3(411 129 420)
3(341 349 114)
3(114 349 350)
3(341 114 350)
3(482 145 42)
3(482 41 145)
3(699 197 708)
3(699 196 197)
3(770 213 82)
3(7 82 213)
3(780 771 215)
3(770 779 213)
3(701 199 710)
3(775 774 218)
3(186 634 642)
3(183 639 630)
3(183 630 638)
3(196 6 707)
3(708 700 197)
3(709 198 700)
3(709 700 197)
3(483 492 147)
3(484 147 492)
3(82 779 213)
3(780 772 215)
3(771 215 772)
3(781 772 215)
3(192 204 191)
3(148 486 494)
3(495 148 494)
3(417 426 135)
3(417 136 426)
3(136 135 426)
3(628 182 637)
3(628 637 181)
3(628 181 182)
3(629 182 637)
3(628 182 629)
3(629 182 638)
3(782 216 773)
3(787 15 208)
3(715 204 191)
3(715 192 204)
3(175 187 643)
3(181 636 627)
3(112 348 340)
3(112 339 348)
3(787 15 778)
3(141 153 140)
3(140 153 11)
3(778 787 221)
3(499 153 140)
3(485 148 486)
3(499 153 490)
3(140 490 153)
3(123 427 10)
3(705 203 714)
3(713 202 704)
3(348 340 113)
3(348 113 112)
3(134 426 417)
3(134 417 425)
3(134 425 426)
3(786 221 778)
3(119 107 106)
3(119 106 355)
3(181 636 628)
3(627 181 628)
3(113 348 349)
3(9 106 119)
3(353 344 118)
3(353 117 344)
3(416 425 134)
3(119 346 355)
3(106 346 119)
3(642 633 186)
3(776 785 219)
3(346 354 119)
3(117 352 343)
3(116 343 352)
3(714 203 706)
3(201 704 712)
3(713 704 201)
3(712 201 703)
3(184 640 632)
3(184 631 640)
3(134 424 416)
3(134 133 424)
3(184 641 632)
3(786 221 777)
3(778 777 221)
3(354 119 345)
3(352 344 117)
3(706 705 203)
3(220 221 777)
3(425 134 424)
3(1107 1108 1418)
3(1418 1108 1441)
3(1112 1113 1419)
3(232 905 1086)
3(1086 1341 1109)
3(697 190 299)
3(445 125 297)
3(126 297 445)
3(1109 1093 1341)
3(1371 1322 1409)
3(1207 1240 1425)
3(1106 1108 1418)
3(864 863 284)
3(864 284 1456)
3(304 72 680)
3(304 680 71)
3(428 51 292)
3(292 356 53)
3(446 53 292)
3(446 292 356)
3(617 70 304)
3(671 304 70)
3(671 617 304)
3(1084 230 887)
3(1084 248 230)
3(556 278 555)
3(556 555 275)
3(853 852 288)
3(853 283 852)
3(560 561 280)
3(560 277 561)
3(857 290 858)
3(857 858 285)
3(242 1118 986)
3(242 995 1118)
3(764 1255 765)
3(818 765 1255)
3(764 818 1255)
3(1108 896 231)
3(1323 1403 1355)
3(950 237 1088)
3(241 1118 986)
3(1112 1113 1457)
3(1115 1381 1416)
3(276 1381 1115)
3(887 230 1107)
3(1112 277 1457)
3(277 1113 1457)
3(852 844 288)
3(843 288 844)
3(849 290 857)
3(849 848 290)
3(556 278 564)
3(564 565 278)
3(280 569 561)
3(280 569 570)
3(1084 16 248)
3(243 1094 1004)
3(243 1004 1119)
3(760 759 1253)
3(759 1258 1253)
3(516 517 1125)
3(516 1125 1130)
3(933 1393 1092)
3(508 296 161)
3(508 142 296)
3(598 508 296)
3(222 298 769)
3(207 769 298)
3(823 298 769)
3(817 1255 826)
3(817 763 1255)
3(763 826 1255)
3(583 1127 592)
3(583 502 1127)
3(502 592 1127)
3(582 574 278)
3(573 278 574)
3(583 574 278)
3(579 587 280)
3(280 587 588)
3(578 280 579)
3(587 280 578)
3(826 288 834)
3(834 835 288)
3(826 288 835)
3(839 290 831)
3(839 840 290)
3(839 290 830)
3(831 830 290)
3(684 1256 676)
3(676 1256 685)
3(684 685 1256)
3(676 675 1256)
3(1128 450 442)
3(1128 442 441)
3(1128 441 450)
3(442 1128 451)
3(451 1128 450)
3(986 1089 1118)
3(1409 1322 1446)
3(1409 1454 1322)
3(1409 1446 1454)
3(1110 1087 1377)
3(1115 1094 1416)
3(32 545 20)
3(20 545 1212)
3(91 23 860)
3(553 156 19)
3(553 19 1153)
3(227 868 22)
3(932 235 1092)
3(1088 932 1092)
3(1267 1318 1317)
3(670 1274 169)
3(670 669 1274)
3(670 1274 170)
3(1094 995 243)
3(1004 995 1094)
3(242 1094 995)
3(862 283 870)
3(862 861 283)
3(870 283 861)
3(862 283 871)
3(538 275 546)
3(546 275 537)
3(875 285 867)
3(867 866 285)
3(546 547 275)
3(162 1272 663)
3(1272 663 662)
3(1272 662 162)
3(590 291 43)
3(43 500 291)
3(500 590 291)
3(303 86 761)
3(303 761 80)
3(303 815 761)
3(233 1086 905)
3(233 914 1086)
3(318 1271 102)
3(318 319 1271)
3(102 1271 319)
3(311 1273 95)
3(311 312 1273)
3(311 1273 94)
3(1374 1355 1403)
3(1403 1355 1409)
3(558 276 550)
3(558 276 549)
3(284 864 856)
3(284 855 864)
3(864 865 284)
3(545 20 33)
3(91 851 23)
3(156 562 19)
3(562 19 553)
3(868 226 22)
3(557 276 549)
3(548 557 276)
3(863 284 855)
3(234 1093 914)
3(234 923 1093)
3(1105 1393 1088)
3(245 1085 1013)
3(244 1119 1004)
3(446 1131 438)
3(447 438 1131)
3(446 447 1131)
3(437 446 1131)
3(1366 1317 1371)
3(1318 1355 1383)
3(503 494 1303)
3(593 494 503)
3(593 1303 494)
3(593 503 1303)
3(786 885 1284)
3(786 1284 795)
3(713 812 1296)
3(713 1296 722)
3(812 722 1296)
3(782 1283 791)
3(782 881 1283)
3(477 486 1288)
3(486 531 1288)
3(477 1288 531)
3(337 346 1292)
3(391 1292 346)
3(391 337 1292)
3(174 1277 173)
3(174 188 1277)
3(188 173 1277)
3(630 1297 621)
3(675 621 1297)
3(630 621 675)
3(630 675 1297)
3(29 62 599)
3(162 62 29)
3(110 382 27)
3(102 110 27)
3(276 1381 1113)
3(599 29 63)
3(63 608 29)
3(599 29 608)
3(61 26 365)
3(61 374 26)
3(365 26 374)
3(365 60 26)
3(28 171 616)
3(28 616 172)
3(28 171 607)
3(28 607 616)
3(382 109 27)
3(27 109 373)
3(382 27 373)
3(914 233 1093)
3(686 1256 677)
3(677 1256 623)
3(686 623 1256)
3(1092 932 1393)
3(857 856 1121)
3(857 1121 865)
3(852 851 1122)
3(852 1122 860)
3(546 1081 554)
3(554 555 1081)
3(559 551 1080)
3(1123 854 862)
3(559 560 1080)
3(1123 854 853)
3(867 1120 859)
3(859 858 1120)
3(234 923 1092)
3(1409 1371 1446)
3(237 941 1088)
3(98 294 379)
3(98 99 294)
3(98 294 378)
3(379 378 294)
3(294 378 97)
3(294 97 98)
3(378 377 294)
3(853 1123 845)
3(557 565 1082)
3(566 1082 565)
3(1123 845 844)
3(557 556 1082)
3(851 1122 843)
3(843 842 1122)
3(563 555 1081)
3(563 564 1081)
3(562 570 1079)
3(571 1079 570)
3(858 1120 850)
3(848 1121 856)
3(848 847 1121)
3(561 1079 562)
3(850 849 1120)
3(568 560 1080)
3(569 1080 568)
3(378 294 370)
3(378 294 369)
3(369 377 294)
3(609 617 1259)
3(609 1259 618)
3(618 1259 617)
3(608 1259 609)
3(357 365 1131)
3(357 1131 366)
3(366 1131 365)
3(356 365 1131)
3(356 1131 357)
3(167 309 603)
3(166 603 309)
3(167 166 309)
3(603 604 309)
3(166 309 602)
3(166 165 309)
3(602 603 309)
3(604 309 612)
3(612 309 603)
3(309 603 611)
3(679 687 1257)
3(679 1257 688)
3(1257 678 687)
3(679 678 1257)
3(235 1092 923)
3(142 517 296)
3(143 296 517)
3(206 298 769)
3(454 126 297)
3(454 297 445)
3(688 299 188)
3(688 299 679)
3(188 679 299)
3(127 297 454)
3(818 1255 826)
3(818 817 1255)
3(826 827 1255)
3(818 1255 827)
3(584 1127 592)
3(584 583 1127)
3(592 593 1127)
3(292 53 437)
3(437 292 446)
3(671 304 71)
3(671 304 680)
3(669 1274 661)
3(662 654 1272)
3(662 1272 653)
3(1258 823 831)
3(1258 831 832)
3(1258 832 823)
3(1258 822 831)
3(823 822 1258)
3(597 1130 589)
3(589 1130 598)
3(597 598 1130)
3(589 588 1130)
3(597 1130 588)
3(319 327 1271)
3(319 1271 328)
3(320 1273 312)
3(320 321 1273)
3(576 279 568)
3(577 568 279)
3(838 846 289)
3(838 289 847)
3(576 279 567)
3(846 289 837)
3(35 21 563)
3(563 21 572)
3(89 833 25)
3(842 833 25)
3(580 18 158)
3(580 18 571)
3(24 850 224)
3(24 841 850)
3(845 837 289)
3(845 289 836)
3(575 279 567)
3(575 279 566)
3(500 291 44)
3(80 303 752)
3(752 79 303)
3(1088 1092 1393)
3(796 1284 787)
3(886 787 1284)
3(796 886 1284)
3(783 792 1283)
3(783 1283 882)
3(714 1296 813)
3(714 723 1296)
3(723 813 1296)
3(345 336 1292)
3(390 345 1292)
3(476 1288 485)
3(476 530 1288)
3(476 485 530)
3(530 485 1288)
3(634 625 1277)
3(634 679 625)
3(634 1277 679)
3(625 679 1277)
3(1258 769 777)
3(1258 778 769)
3(1258 777 778)
3(1258 768 777)
3(499 507 1130)
3(499 1130 508)
3(507 1130 498)
3(1130 499 498)
3(624 1257 616)
3(616 1257 625)
3(624 625 1257)
3(624 1257 615)
3(616 615 1257)
3(372 1129 364)
3(372 373 1129)
3(372 1129 363)
3(364 363 1129)
3(3 26 374)
3(102 8 27)
3(4 29 162)
3(607 12 28)
3(275 555 547)
3(560 277 552)
3(552 551 277)
3(861 853 283)
3(861 283 852)
3(858 866 285)
3(857 866 285)
3(348 1300 357)
3(447 357 1300)
3(348 447 1300)
3(348 357 447)
3(832 840 1258)
3(588 1130 580)
3(764 1255 756)
3(756 1255 765)
3(764 1255 755)
3(756 755 1255)
3(817 215 1282)
3(817 1282 772)
3(215 772 1282)
3(817 772 215)
3(183 1301 675)
3(183 630 1301)
3(630 675 1301)
3(183 675 630)
3(383 111 1298)
3(111 338 1298)
3(383 1298 338)
3(413 131 458)
3(458 131 1305)
3(413 1305 131)
3(413 458 1305)
3(747 200 1280)
3(200 702 1280)
3(747 702 200)
3(747 1280 702)
3(150 1286 532)
3(487 532 1286)
3(150 487 1286)
3(451 116 1293)
3(116 352 1293)
3(451 1293 352)
3(115 450 351)
3(115 1294 450)
3(115 351 1294)
3(351 450 1294)
3(884 219 1281)
3(219 785 1281)
3(884 1281 785)
3(520 130 1304)
3(520 421 130)
3(130 421 1304)
3(520 1304 421)
3(523 133 1287)
3(523 1287 424)
3(133 424 1287)
3(523 424 133)
3(816 1260 824)
3(815 1260 816)
3(815 824 1260)
3(824 825 1260)
3(816 1260 825)
3(590 582 1132)
3(582 581 1132)
3(590 1132 581)
3(590 591 1132)
3(699 196 1252)
3(196 197 1252)
3(699 1252 197)
3(698 196 1252)
3(699 698 1252)
3(128 1124 518)
3(519 518 1124)
3(128 519 1124)
3(743 197 1252)
3(743 1252 196)
3(197 1252 744)
3(743 744 1252)
3(591 1132 491)
3(1132 590 491)
3(816 1260 770)
3(771 770 1260)
3(771 1260 816)
3(815 1260 770)
3(1132 491 492)
3(1132 492 591)
3(95 376 293)
3(376 375 293)
3(518 419 1124)
3(128 1124 419)
3(698 743 1252)
3(367 293 375)
3(366 375 293)
3(1260 762 770)
3(1260 771 762)
3(500 492 1132)
3(500 1132 491)
3(492 1132 501)
3(1260 761 770)
3(381 295 100)
3(381 380 295)
3(380 295 372)
3(381 372 295)
3(699 1252 744)
3(706 203 1253)
3(203 204 1253)
3(706 1253 204)
3(706 705 1253)
3(203 1253 705)
3(1125 136 426)
3(1125 426 427)
3(1125 427 136)
3(135 1125 136)
3(135 426 1125)
3(605 310 169)
3(605 606 310)
3(606 310 614)
3(606 310 615)
3(752 744 1252)
3(518 1124 510)
3(519 510 1124)
3(744 1252 753)
3(600 308 164)
3(600 601 308)
3(609 601 308)
3(609 308 600)
3(843 835 288)
3(843 288 834)
3(573 565 278)
3(573 278 564)
3(565 278 574)
3(835 288 844)
3(290 848 840)
3(290 839 848)
3(578 570 280)
3(578 280 569)
3(570 280 579)
3(290 849 840)
3(526 1125 135)
3(526 525 1125)
3(135 1125 525)
3(526 1125 136)
3(750 1253 204)
3(750 751 1253)
3(751 204 1253)
3(203 750 1253)
3(690 698 1252)
3(699 690 1252)
3(428 1124 420)
3(429 1124 428)
3(429 420 1124)
3(428 1124 419)
3(419 1124 420)
3(689 1252 690)
3(689 698 1252)
3(681 689 1252)
3(429 1124 437)
3(444 1125 436)
3(436 435 1125)
3(696 1253 688)
3(696 697 1253)
3(772 763 1255)
3(772 1255 817)
3(772 817 763)
3(581 573 1132)
3(833 1260 825)
3(751 759 1253)
3(750 759 1253)
3(517 1125 525)
3(525 1125 516)
3(596 1126 496)
3(596 595 1126)
3(1126 595 496)
3(821 1254 775)
3(775 1254 776)
3(821 776 1254)
3(1254 820 821)
3(1254 775 820)
3(1126 496 497)
3(1126 497 596)
3(435 1125 427)
3(427 1125 436)
3(697 705 1253)
3(697 1253 706)
3(705 1253 696)
3(435 1125 426)
3(349 1133 114)
3(349 350 1133)
3(114 1133 350)
3(114 113 1133)
3(349 1133 113)
3(628 182 1261)
3(628 1261 629)
3(182 629 1261)
3(181 182 1261)
3(181 1261 628)
3(113 1133 449)
3(114 449 1133)
3(449 448 1133)
3(113 1133 448)
3(182 1261 673)
3(673 1261 181)
3(673 674 1261)
3(182 1261 674)
3(427 526 1125)
3(1253 751 706)
3(587 595 1126)
3(587 1126 596)
3(1126 586 595)
3(1254 821 829)
3(1254 830 821)
3(829 1254 820)
3(367 1133 359)
3(359 358 1133)
3(619 1261 611)
3(619 620 1261)
3(619 1261 610)
3(1125 525 426)
3(750 705 203)
3(750 1253 705)
3(674 682 1261)
3(683 1261 682)
3(683 674 1261)
3(440 1133 448)
3(440 439 1133)
3(439 448 1133)
3(673 682 1261)
3(449 440 1133)
3(1133 358 350)
3(1133 349 358)
3(1133 359 350)
3(628 620 1261)
3(628 1261 619)
3(620 1261 629)
3(1254 767 775)
3(1254 776 767)
3(497 1126 505)
3(496 505 1126)
3(506 1126 505)
3(497 1126 506)
3(766 1254 767)
3(775 1254 766)
3(370 362 1128)
3(362 361 1128)
3(362 1128 371)
3(1256 622 614)
3(622 623 1256)
3(1256 623 614)
3(763 1255 764)
3(772 764 1255)
3(766 758 1254)
3(758 757 1254)
3(766 1254 757)
3(514 506 1126)
3(514 1126 505)
3(514 515 1126)
3(628 673 1261)
3(628 181 673)
3(452 1128 352)
3(452 451 1128)
3(352 1128 451)
3(352 353 1128)
3(452 1128 353)
3(676 632 1256)
3(1256 632 631)
3(676 1256 631)
3(1256 676 677)
3(1256 677 632)
3(457 130 1299)
3(130 412 1299)
3(457 1299 412)
3(449 350 114)
3(449 1133 350)
3(822 1258 768)
3(822 777 1258)
3(507 1130 597)
3(597 1130 498)
3(507 597 498)
3(508 598 1130)
3(499 1130 598)
3(769 1258 823)
3(823 1258 778)
3(755 1255 763)
3(754 763 1255)
3(755 754 1255)
3(503 1127 511)
3(511 1127 502)
3(503 502 1127)
3(511 512 1127)
3(503 1127 512)
3(677 1256 685)
3(443 1128 451)
3(1128 452 443)
3(623 1256 631)
3(631 1256 622)
3(353 1128 361)
3(1128 352 361)
3(1128 362 353)
3(623 1256 632)
3(458 1299 131)
3(413 131 1299)
3(458 413 1299)
3(1260 761 815)
3(1132 590 500)
3(152 498 489)
3(489 498 1290)
3(152 1290 498)
3(152 489 1290)
3(702 711 1302)
3(702 200 711)
3(711 200 1302)
3(702 1302 200)
3(490 499 1291)
3(499 153 1291)
3(490 1291 153)
3(489 1291 498)
3(489 152 1291)
3(152 498 1291)
3(701 1302 710)
3(701 199 1302)
3(199 710 1302)
3(488 1290 497)
3(151 497 1290)
3(488 151 1290)
3(488 497 151)
3(452 1128 362)
3(522 1287 132)
3(522 423 1287)
3(423 132 1287)
3(218 883 1281)
3(218 1281 784)
3(883 784 1281)
3(129 519 1304)
3(129 420 519)
3(129 1304 420)
3(519 420 1304)
3(114 449 1294)
3(449 350 1294)
3(114 1294 350)
3(115 450 1293)
3(351 115 1293)
3(351 1293 450)
3(533 1286 151)
3(533 488 1286)
3(533 151 488)
3(488 151 1286)
3(132 459 1305)
3(459 414 1305)
3(132 1305 414)
3(201 748 1280)
3(703 1280 748)
3(703 201 1280)
3(384 1298 112)
3(339 112 1298)
3(384 339 1298)
3(184 676 1301)
3(184 1301 631)
3(676 631 1301)
3(216 818 1282)
3(818 773 1282)
3(216 1282 773)
3(619 673 1261)
3(619 628 673)
3(525 426 435)
3(525 435 1125)
3(449 1133 359)
3(449 359 350)
3(1124 519 420)
3(429 420 519)
3(429 519 1124)
3(744 690 1252)
3(506 596 1126)
3(767 1254 821)
3(451 352 361)
3(451 361 1128)
3(631 676 622)
3(676 1256 622)
3(441 440 1127)
3(441 1127 1133)
3(441 1133 440)
3(1133 1127 440)
3(1260 754 1252)
3(753 754 1260)
3(129 520 1304)
3(519 1304 520)
3(586 1126 279)
3(280 586 279)
3(808 1279 809)
3(718 809 1279)
3(513 1126 505)
3(513 514 1126)
3(303 1252 752)
3(586 594 1285)
3(586 1285 595)
3(594 595 1285)
3(523 132 1287)
3(132 133 1287)
3(363 1129 371)
3(363 362 1129)
3(371 1129 362)
3(98 1263 315)
3(314 1263 98)
3(314 315 1263)
3(294 98 1266)
3(98 99 1266)
3(294 1266 99)
3(288 1255 827)
3(827 1255 289)
3(288 827 289)
3(1132 1127 502)
3(1132 502 511)
3(1132 511 1127)
3(279 585 1126)
3(1126 585 586)
3(173 634 1277)
3(634 174 1277)
3(1124 1127 511)
3(1124 430 1127)
3(1127 430 511)
3(1124 511 430)
3(1128 514 513)
3(1128 513 433)
3(1128 433 514)
3(502 1132 510)
3(1127 1132 583)
3(278 1127 583)
3(510 511 1132)
3(461 462 1278)
3(408 461 1278)
3(173 625 1277)
3(747 201 1280)
3(201 200 1280)
3(1256 1257 623)
3(1257 686 623)
3(1256 686 1257)
3(826 1255 288)
3(1260 1255 826)
3(309 1268 165)
3(309 166 1268)
3(166 165 1268)
3(1268 166 1262)
3(1268 666 166)
3(1262 166 666)
3(470 462 1278)
3(800 808 1279)
3(800 1279 809)
3(457 131 1299)
3(131 130 1299)
3(130 1304 129)
3(1132 1124 511)
3(511 1124 510)
3(288 835 827)
3(288 827 826)
3(689 303 752)
3(787 795 1284)
3(614 623 1257)
3(1257 623 615)
3(1266 98 1263)
3(1266 315 98)
3(1266 1263 315)
3(357 349 1300)
3(349 348 1300)
3(357 358 1300)
3(349 1300 358)
3(1254 695 758)
3(1253 695 1254)
3(1253 758 695)
3(1254 289 829)
3(828 289 1254)
3(828 1254 829)
3(288 836 827)
3(288 835 836)
3(748 1280 747)
3(783 791 1283)
3(817 1282 216)
3(817 818 1282)
3(218 1281 884)
3(218 219 1281)
3(1254 756 757)
3(1254 1256 756)
3(756 1256 757)
3(1254 757 1256)
3(884 883 1281)
3(786 1284 886)
3(786 787 1284)
3(783 782 1283)
3(1254 765 757)
3(756 765 1254)
3(216 215 1282)
3(290 289 829)
3(719 809 1279)
3(754 1252 1255)
3(1260 754 1255)
3(1268 165 308)
3(1260 762 754)
3(829 290 838)
3(290 289 838)
3(618 610 1259)
3(1255 289 828)
3(1255 828 827)
3(1255 1254 828)
3(24 290 841)
3(886 885 1284)
3(585 1285 586)
3(585 594 1285)
3(583 575 278)
3(278 575 574)
3(115 451 1293)
3(451 450 1293)
3(675 184 1301)
3(184 183 1301)
3(99 1266 295)
3(813 713 1296)
3(714 1296 713)
3(308 164 1268)
3(813 812 1296)
3(513 1126 1128)
3(513 1128 1127)
3(513 1127 1126)
3(279 1127 585)
3(279 584 1127)
3(1127 585 1126)
3(280 586 577)
3(280 577 279)
3(278 279 584)
3(278 584 1127)
3(498 490 1291)
3(490 489 1291)
3(498 499 1291)
3(578 280 586)
3(578 577 280)
3(515 523 1289)
3(524 515 1289)
3(524 1289 523)
3(514 1289 515)
3(532 151 1286)
3(151 150 1286)
3(533 1286 532)
3(513 1126 504)
3(505 504 1126)
3(280 18 580)
3(345 337 1292)
3(345 346 1292)
3(390 346 1292)
3(388 389 1295)
3(388 1295 335)
3(389 335 1295)
3(390 391 1292)
3(489 497 1290)
3(498 1290 497)
3(1129 444 362)
3(363 444 1129)
3(489 488 1290)
3(485 477 1288)
3(476 1288 477)
3(116 1293 115)
3(1259 680 304)
3(450 114 1294)
3(115 1294 114)
3(449 1294 450)
3(1263 97 293)
3(1128 1129 362)
3(1263 294 98)
3(1128 514 1126)
3(1124 1127 439)
3(1124 439 1133)
3(1127 1133 439)
3(112 383 1298)
3(384 1298 383)
3(486 1288 485)
3(294 97 1263)
3(97 98 1263)
3(513 1127 441)
3(441 1127 432)
3(513 441 432)
3(1128 1127 441)
3(513 1128 441)
3(441 1128 433)
3(440 1127 432)
3(702 710 1302)
3(710 711 1302)
3(397 389 1295)
3(132 458 1305)
3(458 459 1305)
3(702 701 1302)
3(1266 315 99)
3(1271 102 27)
3(166 309 1262)
3(167 1262 309)
3(167 166 1262)
3(1254 695 757)
3(1262 310 167)
3(1256 1261 612)
3(503 1303 495)
3(503 504 1303)
3(504 495 1303)
3(495 494 1303)
3(714 1296 722)
3(756 1255 1256)
3(756 1254 1255)
3(684 1255 1261)
3(684 1256 1255)
3(684 1261 1256)
3(684 692 1255)
3(1255 692 693)
3(684 1255 693)
3(686 1254 1253)
3(686 695 1254)
3(523 522 1287)
3(686 1256 1253)
3(686 1254 1256)
3(623 624 1257)
3(686 1253 1257)
3(686 1257 687)
3(686 624 1257)
3(1254 765 766)
3(1268 165 666)
3(629 1297 621)
3(629 630 1297)
3(278 584 575)
3(278 583 584)
3(166 667 1262)
3(621 620 1297)
3(629 1297 620)
3(683 1255 684)
3(683 692 1255)
3(754 1260 763)
3(1260 762 763)
3(882 1283 782)
3(683 1261 684)
3(683 1255 1261)
3(682 1255 1252)
3(682 1252 1261)
3(682 1261 1255)
3(1261 1252 681)
3(1261 681 1259)
3(1252 1255 691)
3(691 1255 754)
3(682 1255 691)
3(288 836 289)
3(1272 162 29)
3(1127 439 430)
3(112 111 1298)
3(457 458 1299)
3(292 437 1131)
3(1128 1133 441)
3(1124 1133 438)
3(1131 438 1133)
3(675 676 1301)
3(358 366 1131)
3(358 357 1131)
3(1261 682 681)
3(1260 1255 763)
3(278 279 575)
3(1133 438 439)
3(440 1127 431)
3(131 1305 132)
3(830 290 838)
3(838 839 290)
3(1128 369 1133)
3(1429 1440 1341)
3(760 299 190)
3(760 298 299)
3(299 697 760)
3(299 760 1253)
3(1381 276 541)
3(608 304 29)
3(608 29 1259)
3(509 292 51)
3(1252 303 689)
3(673 681 1261)
3(1296 804 812)
3(813 804 1296)
3(1296 803 812)
3(804 803 1296)
3(670 1274 178)
3(178 1274 170)
3(1274 178 302)
3(12 178 1274)
3(311 1273 54)
3(54 1273 94)
3(1273 54 305)
3(3 54 1273)
3(1414 1148 1320)
3(373 297 27)
3(373 27 1129)
3(1338 1363 1392)
3(467 1313 1379)
3(467 476 1313)
3(1313 1352 467)
3(1457 1113 1327)
3(861 1117 869)
3(1272 4 162)
3(662 4 1272)
3(29 4 1272)
3(1272 4 307)
3(1271 8 102)
3(319 8 1271)
3(27 8 1271)
3(1271 8 300)
3(272 1400 1426)
3(571 280 18)
3(571 580 280)
3(280 1079 571)
3(280 571 579)
3(279 278 566)
3(566 278 1082)
3(278 566 575)
3(574 278 566)
3(847 290 838)
3(839 290 847)
3(289 847 290)
3(847 290 1121)
3(842 288 833)
3(834 288 842)
3(25 842 288)
3(842 288 1122)
3(646 1350 727)
3(727 1350 1315)
3(1350 727 645)
3(1432 1361 732)
3(1402 1313 467)
3(467 1313 466)
3(1402 1352 467)
3(1332 539 1436)
3(1436 539 538)
3(539 1436 1313)
3(1436 1332 1313)
3(1436 539 476)
3(1436 476 538)
3(476 1436 1313)
3(537 1095 546)
3(545 1095 537)
3(275 537 1095)
3(537 1095 1356)
3(1420 1331 730)
3(730 1331 729)
3(996 988 1419)
3(1023 1377 1031)
3(868 1114 876)
3(1255 683 691)
3(1255 691 692)
3(619 681 1261)
3(673 681 619)
3(1259 619 610)
3(1259 618 619)
3(619 1261 1259)
3(681 619 1259)
3(681 618 619)
3(681 1259 618)
3(1416 1417 1327)
3(894 903 1443)
3(1443 903 895)
3(903 1443 1338)
3(904 1443 903)
3(28 1257 172)
3(172 1257 616)
3(28 616 1257)
3(1257 172 299)
3(625 172 1257)
3(625 299 1257)
3(1367 1443 257)
3(1242 1394 806)
3(806 1394 716)
3(458 1352 1328)
3(458 467 1352)
3(1352 404 458)
3(1328 458 404)
3(1352 458 1402)
3(458 1402 404)
3(356 1131 60)
3(60 1131 292)
3(356 292 1131)
3(1131 60 365)
3(26 60 1131)
3(26 365 1131)
3(390 399 1292)
3(1292 399 391)
3(399 1292 1411)
3(390 399 1411)
3(399 400 1292)
3(1292 400 391)
3(400 1292 1411)
3(386 395 1316)
3(386 1316 1435)
3(530 539 1288)
3(1288 539 531)
3(530 1288 531)
3(539 1288 476)
3(1288 539 540)
3(1288 540 531)
3(384 1349 1448)
3(384 330 1349)
3(384 1448 330)
3(1349 393 384)
3(1349 384 331)
3(529 1436 476)
3(1436 475 529)
3(1436 476 475)
3(386 394 1316)
3(386 1316 385)
3(385 1316 331)
3(386 331 1316)
3(1316 385 394)
3(384 1349 385)
3(385 1349 393)
3(1349 385 331)
3(1316 1349 385)
3(820 828 1254)
3(765 1254 819)
3(819 1254 828)
3(765 819 828)
3(765 828 1254)
3(1254 819 766)
3(820 819 1254)
3(756 694 757)
3(1256 757 694)
3(1256 694 756)
3(748 756 694)
3(1255 755 693)
3(693 755 692)
3(1255 692 755)
3(755 693 756)
3(1255 756 693)
3(747 755 693)
3(747 693 756)
3(678 1257 686)
3(678 624 1257)
3(684 1297 675)
3(621 1297 684)
3(683 675 1297)
3(683 1297 674)
3(674 1297 675)
3(684 1297 683)
3(825 763 816)
3(816 763 817)
3(1430 1333 460)
3(460 1333 469)
3(1333 460 406)
3(407 1333 460)
3(744 1252 691)
3(619 618 672)
3(627 672 618)
3(619 672 627)
3(619 672 681)
3(619 673 672)
3(672 681 618)
3(755 693 746)
3(746 693 747)
3(693 746 692)
3(755 692 746)
3(701 693 746)
3(758 1253 750)
3(1368 1333 461)
3(461 1333 407)
3(1333 461 470)
3(469 1333 461)
3(738 1331 648)
3(647 1331 738)
3(649 738 1331)
3(749 1253 695)
3(749 696 1253)
3(1253 758 749)
3(749 1253 750)
3(1254 822 830)
3(831 1254 830)
3(831 822 1254)
3(767 822 1254)
3(1254 822 768)
3(822 1254 821)
3(1350 645 735)
3(1350 735 644)
3(1350 735 727)
3(1350 726 735)
3(1350 727 726)
3(734 1350 1200)
3(734 725 1350)
3(1350 644 734)
3(1350 734 726)
3(735 1350 734)
3(737 1315 646)
3(737 728 1315)
3(1315 647 737)
3(737 1331 1315)
3(737 728 1331)
3(1331 647 737)
3(737 729 1331)
3(450 359 360)
3(351 359 450)
3(351 450 360)
3(511 1124 519)
3(439 447 1300)
3(448 1300 447)
3(439 1300 448)
3(1300 438 447)
3(439 438 1300)
3(596 588 1126)
3(1126 588 587)
3(449 441 1133)
3(1130 1126 597)
3(597 1126 588)
3(1130 588 1126)
3(1126 597 507)
3(596 597 1126)
3(434 435 525)
3(434 525 426)
3(516 1125 524)
3(524 1125 515)
3(514 1289 1126)
3(1126 1289 515)
3(1453 1382 1048)
3(1048 1382 1047)
3(1453 1400 1039)
3(1254 831 290)
3(1254 1258 831)
3(280 588 1126)
3(1184 1292 1411)
3(1184 400 1292)
3(1292 337 1184)
3(1292 1184 391)
3(1398 1336 1116)
3(1116 1336 951)
3(1336 1116 1103)
3(1088 1116 1336)
3(1095 536 1356)
3(1236 536 1095)
3(537 536 1095)
3(1095 536 545)
3(315 1263 323)
3(1382 255 1048)
3(1385 19 1153)
3(1285 586 1126)
3(1285 1126 585)
3(1126 1285 595)
3(1284 877 885)
3(1284 886 877)
3(1284 877 1423)
3(1152 877 1284)
3(1152 1284 886)
3(1152 1423 1284)
3(796 1152 1284)
3(658 650 1325)
3(1325 650 649)
3(650 1325 1407)
3(462 1345 1412)
3(462 471 1345)
3(1345 408 462)
3(1345 462 1368)
3(19 277 553)
3(553 277 1100)
3(569 577 280)
3(564 572 278)
3(21 278 563)
3(563 278 572)
3(278 563 1081)
3(564 563 278)
3(570 280 571)
3(565 278 566)
3(848 290 847)
3(842 288 843)
3(841 290 849)
3(288 844 836)
3(845 288 289)
3(845 1123 288)
3(288 836 845)
3(288 845 844)
3(1279 719 800)
3(800 719 809)
3(275 548 276)
3(276 548 1110)
3(1358 1314 884)
3(1314 884 794)
3(449 450 1133)
3(1133 450 441)
3(450 1133 359)
3(449 450 359)
3(360 450 1133)
3(621 1297 1261)
3(1261 1297 684)
3(621 1261 684)
3(1297 1261 620)
3(683 1261 1297)
3(541 276 1113)
3(1266 1263 324)
3(324 1263 315)
3(1263 324 1435)
3(323 324 1263)
3(1382 1044 251)
3(1382 251 252)
3(251 1382 1043)
3(1043 1382 1044)
3(1382 1370 251)
3(682 1255 683)
3(431 430 1127)
3(431 1127 439)
3(1448 1195 1194)
3(652 1162 733)
3(733 1162 742)
3(652 733 742)
3(1162 733 1141)
3(1140 733 1162)
3(1412 1135 1160)
3(1321 1435 387)
3(1125 525 434)
3(1321 1384 388)
3(811 1408 1324)
3(1341 871 863)
3(878 1365 1211)
3(1408 1380 730)
3(1377 1332 1436)
3(1451 1314 865)
3(1043 1382 1453)
3(1453 1377 1034)
3(1453 1377 1339)
3(1396 1402 456)
3(1402 456 402)
3(1365 1117 1210)
3(1365 869 1117)
3(1435 386 331)
3(807 1394 1392)
3(807 717 1394)
3(1104 282 1148)
3(1369 1348 1457)
3(1224 1195 1448)
3(1448 1224 1243)
3(1421 1324 1376)
3(476 1288 1354)
3(1354 1288 477)
3(1365 1429 879)
3(1448 1225 1224)
3(686 1254 694)
3(694 1254 1256)
3(1254 694 695)
3(757 694 1254)
3(741 651 733)
3(733 651 742)
3(651 733 1361)
3(741 651 1361)
3(652 733 651)
3(1361 1407 741)
3(741 1407 732)
3(1356 1436 528)
3(1436 528 474)
3(1441 1389 900)
3(1441 1405 891)
3(1423 1358 885)
3(19 1079 553)
3(553 1079 277)
3(1079 553 562)
3(561 553 1079)
3(276 1082 548)
3(548 1082 275)
3(1082 548 557)
3(556 548 1082)
3(1393 943 951)
3(1411 1337 390)
3(390 1337 336)
3(1337 390 399)
3(335 390 1337)
3(1409 1403 1061)
3(810 719 1420)
3(719 801 809)
3(810 719 809)
3(810 801 719)
3(800 719 801)
3(719 801 1455)
3(1438 1445 945)
3(954 1398 1438)
3(1454 1409 268)
3(1408 1296 722)
3(1378 1296 1408)
3(812 1408 1296)
3(1408 1296 803)
3(1166 1168 328)
3(328 1168 1167)
3(1168 328 337)
3(1411 1168 328)
3(1409 1446 1052)
3(1409 1371 1052)
3(870 1117 869)
3(870 861 1117)
3(1117 1365 870)
3(1117 870 283)
3(1452 1421 931)
3(527 1213 1356)
3(527 536 1213)
3(1213 473 527)
3(1213 527 1197)
3(335 1295 398)
3(398 1295 389)
3(1295 398 1384)
3(397 398 1295)
3(1275 1335 1407)
3(1452 1450 922)
3(871 1109 283)
3(1453 1377 1313)
3(1332 1110 276)
3(1332 276 548)
3(986 1118 1419)
3(1262 1274 659)
3(659 1274 668)
3(1274 659 1407)
3(660 659 1274)
3(1409 1052 1066)
3(897 1441 1108)
3(1381 996 1004)
3(1381 1004 995)
3(298 1258 823)
3(598 1130 296)
3(1162 1164 661)
3(1222 68 644)
3(679 1257 299)
3(1257 625 679)
3(299 679 625)
3(454 1129 297)
3(454 297 364)
3(454 364 1129)
3(454 1129 445)
3(277 1457 550)
3(277 551 1457)
3(671 1259 304)
3(671 617 1259)
3(671 1259 680)
3(446 1131 292)
3(446 1131 356)
3(1220 734 66)
3(66 734 635)
3(734 66 1245)
3(179 66 734)
3(187 742 175)
3(175 742 643)
3(742 175 1190)
3(1161 175 742)
3(815 1260 303)
3(291 1132 590)
3(391 106 346)
3(119 106 391)
3(1165 106 391)
3(391 106 1187)
3(50 49 128)
3(128 49 1)
3(49 128 410)
3(1249 128 49)
3(418 427 1189)
3(1189 427 123)
3(427 1189 136)
3(10 1189 427)
3(6 806 707)
3(192 814 204)
3(192 1185 814)
3(814 715 192)
3(814 192 1159)
3(878 82 779)
3(213 82 878)
3(1228 82 878)
3(878 82 1246)
3(145 527 41)
3(41 527 482)
3(527 41 1248)
3(1229 41 527)
3(535 140 490)
3(153 140 535)
3(153 535 490)
3(1170 140 535)
3(535 140 1188)
3(734 66 5)
3(9 106 391)
3(878 82 7)
3(535 140 11)
3(293 366 374)
3(1448 321 1273)
3(615 607 310)
3(540 1332 548)
3(430 421 521)
3(521 421 520)
3(430 521 520)
3(430 520 421)
3(421 521 422)
3(130 521 421)
3(708 717 806)
3(806 717 807)
3(717 806 716)
3(1394 806 717)
3(454 108 297)
3(454 127 108)
3(108 364 454)
3(108 454 107)
3(810 710 719)
3(810 711 710)
3(710 809 810)
3(810 710 199)
3(185 641 741)
3(741 641 642)
3(641 741 740)
3(650 741 641)
3(650 741 740)
3(218 775 819)
3(819 775 774)
3(775 819 820)
3(766 819 775)
3(621 630 1256)
3(1256 630 622)
3(630 1256 675)
3(749 705 203)
3(749 750 705)
3(705 704 749)
3(749 705 696)
3(148 485 529)
3(529 485 484)
3(485 529 530)
3(148 485 530)
3(476 529 485)
3(1436 474 529)
3(529 474 475)
3(474 529 528)
3(483 529 474)
3(1402 402 457)
3(457 402 403)
3(1402 457 403)
3(402 457 456)
3(411 457 402)
3(1258 1254 822)
3(932 1393 1088)
3(1451 1456 284)
3(691 692 754)
3(754 692 1255)
3(692 754 745)
3(746 692 754)
3(1131 1300 357)
3(358 1300 1131)
3(447 1131 1300)
3(447 357 1131)
3(1131 1300 438)
3(818 827 765)
3(765 827 819)
3(827 765 1255)
3(828 765 827)
3(828 765 1255)
3(431 430 512)
3(512 430 1127)
3(430 512 521)
3(520 430 512)
3(755 754 692)
3(653 307 69)
3(103 328 300)
3(300 328 1167)
3(511 430 512)
3(511 520 430)
3(816 1260 763)
3(1261 1297 674)
3(1457 1437 551)
3(551 1437 277)
3(1437 551 542)
3(543 1437 551)
3(373 295 382)
3(381 295 373)
3(27 373 295)
3(373 295 1129)
3(28 310 616)
3(616 310 607)
3(310 616 1257)
3(615 616 310)
3(864 1451 1456)
3(864 284 1451)
3(1451 873 864)
3(1451 864 865)
3(852 283 860)
3(857 285 865)
3(26 293 365)
3(365 293 374)
3(293 365 1131)
3(366 365 293)
3(608 308 599)
3(600 308 608)
3(29 608 308)
3(608 308 1259)
3(609 308 608)
3(777 822 221)
3(823 777 778)
3(823 1258 777)
3(777 221 823)
3(777 823 822)
3(356 348 446)
3(618 626 672)
3(363 454 354)
3(355 454 363)
3(453 363 454)
3(679 678 625)
3(625 678 1257)
3(678 625 634)
3(633 678 625)
3(420 419 519)
3(519 419 1124)
3(419 519 129)
3(128 519 419)
3(502 593 493)
3(494 593 502)
3(592 502 593)
3(502 593 1127)
3(503 593 502)
3(503 593 1127)
3(1277 13 188)
3(1277 174 13)
3(1277 13 679)
3(1277 679 188)
3(187 13 1277)
3(187 1277 174)
3(187 679 1277)
3(634 187 1277)
3(694 685 756)
3(756 685 693)
3(694 756 693)
3(685 756 1256)
3(1256 685 1255)
3(1255 685 756)
3(685 1255 684)
3(693 1255 685)
3(199 746 1302)
3(199 1302 200)
3(1302 746 200)
3(746 1302 701)
3(441 433 513)
3(1287 432 423)
3(1287 522 432)
3(1287 432 424)
3(1287 424 423)
3(433 432 1287)
3(433 1287 522)
3(433 424 1287)
3(523 433 1287)
3(523 433 424)
3(173 299 1277)
3(1277 299 625)
3(299 1277 188)
3(679 1277 299)
3(703 694 1280)
3(703 1280 702)
3(1280 694 702)
3(694 1280 748)
3(1282 1255 817)
3(1282 772 1255)
3(1282 1255 818)
3(764 1255 1282)
3(764 1282 772)
3(764 818 1282)
3(773 764 1282)
3(773 1282 772)
3(1304 411 129)
3(1304 420 411)
3(1304 411 130)
3(412 411 1304)
3(412 1304 420)
3(412 130 1304)
3(421 412 1304)
3(421 1304 420)
3(421 412 130)
3(1280 712 201)
3(1280 703 712)
3(1280 712 200)
3(711 712 1280)
3(711 1280 703)
3(711 200 1280)
3(702 711 1280)
3(1281 775 218)
3(1281 784 775)
3(1281 775 219)
3(776 775 1281)
3(776 1281 784)
3(776 219 1281)
3(785 776 1281)
3(785 1281 784)
3(593 148 1303)
3(1303 148 594)
3(593 1303 594)
3(148 1303 494)
3(495 1303 148)
3(495 594 1303)
3(1305 405 414)
3(1305 459 405)
3(1305 413 414)
3(1305 405 413)
3(710 810 1302)
3(1302 810 711)
3(810 1302 199)
3(200 1302 810)
3(1304 429 420)
3(1304 519 429)
3(1304 429 421)
3(1303 585 593)
3(594 585 1303)
3(434 1125 1128)
3(434 1128 1126)
3(434 1126 1125)
3(1125 1128 443)
3(478 1286 487)
3(478 532 1286)
3(479 1286 487)
3(478 1286 479)
3(1286 479 488)
3(1286 533 479)
3(488 1286 487)
3(184 640 1301)
3(1301 640 183)
3(640 1301 631)
3(1301 640 639)
3(1301 639 183)
3(639 1301 631)
3(1301 639 630)
3(630 1301 631)
3(1299 421 412)
3(1299 130 421)
3(1299 421 413)
3(1299 413 412)
3(422 413 1299)
3(422 1299 421)
3(131 422 413)
3(131 1299 422)
3(112 348 1298)
3(1298 348 111)
3(348 1298 339)
3(1298 348 347)
3(1298 347 111)
3(347 1298 339)
3(1298 347 338)
3(338 1298 339)
3(631 622 1301)
3(1301 622 630)
3(622 1301 676)
3(1301 622 1256)
3(1301 1256 630)
3(1256 1301 676)
3(1301 1256 675)
3(183 1297 674)
3(182 674 1297)
3(182 1297 183)
3(675 1297 183)
3(183 1297 630)
3(504 1127 513)
3(512 1127 504)
3(1126 504 1127)
3(1126 504 585)
3(504 1127 585)
3(132 415 1287)
3(1287 415 133)
3(415 1287 423)
3(424 1287 415)
3(1289 425 434)
3(434 425 524)
3(1289 434 524)
3(1289 524 425)
3(1289 425 433)
3(1289 433 434)
3(424 433 1289)
3(424 1289 425)
3(523 1289 424)
3(1126 1128 1289)
3(1289 1128 514)
3(1128 1289 434)
3(1126 434 1289)
3(433 1289 1128)
3(1128 360 1133)
3(1294 342 351)
3(351 342 115)
3(1294 115 342)
3(1294 350 351)
3(1294 342 350)
3(1291 1130 499)
3(1291 498 1130)
3(598 499 1291)
3(598 1291 1130)
3(153 598 1291)
3(153 1291 152)
3(1291 598 152)
3(450 359 1294)
3(1294 359 449)
3(359 1294 351)
3(350 1294 359)
3(1293 343 352)
3(1293 116 343)
3(1293 343 351)
3(1293 351 352)
3(342 351 1293)
3(342 1293 343)
3(115 1293 342)
3(351 360 1293)
3(1293 360 352)
3(360 1293 450)
3(1293 361 352)
3(1293 360 361)
3(1293 361 451)
3(152 597 1290)
3(1290 597 151)
3(152 1290 151)
3(597 1290 498)
3(597 498 152)
3(1290 597 596)
3(1290 596 151)
3(596 1290 498)
3(597 596 498)
3(1290 596 497)
3(1128 1129 444)
3(1128 444 362)
3(444 1128 1125)
3(1128 443 444)
3(621 1261 1256)
3(1290 533 151)
3(1290 488 533)
3(1290 533 152)
3(534 533 1290)
3(534 1290 488)
3(534 152 1290)
3(489 534 1290)
3(489 534 152)
3(1291 535 490)
3(1291 153 535)
3(1291 535 489)
3(534 535 1291)
3(534 1291 153)
3(534 489 1291)
3(152 534 1291)
3(1300 113 348)
3(1300 349 113)
3(1288 148 485)
3(1288 530 148)
3(1288 148 486)
3(149 148 1288)
3(149 1288 530)
3(149 486 1288)
3(531 149 1288)
3(1255 765 1254)
3(794 1281 785)
3(794 884 1281)
3(793 1281 785)
3(794 1281 793)
3(1281 793 784)
3(1281 883 793)
3(1305 422 413)
3(1305 131 422)
3(1305 422 414)
3(423 422 1305)
3(423 1305 131)
3(423 414 1305)
3(132 423 1305)
3(495 1285 496)
3(495 504 1285)
3(496 1285 504)
3(1285 504 585)
3(1126 504 1285)
3(1282 782 216)
3(1282 773 782)
3(1282 782 215)
3(781 782 1282)
3(781 1282 773)
3(781 215 1282)
3(772 781 1282)
3(1286 497 151)
3(1286 488 497)
3(1286 497 150)
3(496 497 1286)
3(496 1286 488)
3(496 150 1286)
3(487 496 1286)
3(1299 404 413)
3(413 404 458)
3(1299 458 404)
3(1299 404 412)
3(403 412 1299)
3(403 1299 404)
3(457 1299 403)
3(1298 330 339)
3(1298 384 330)
3(1298 330 338)
3(329 338 1298)
3(329 1298 330)
3(383 1298 329)
3(113 112 1300)
3(1300 112 348)
3(112 1300 448)
3(113 448 1300)
3(447 1300 112)
3(1131 1300 1133)
3(1133 1300 438)
3(1300 1133 358)
3(439 1133 1300)
3(569 280 568)
3(568 280 1080)
3(280 568 577)
3(279 568 280)
3(24 290 850)
3(850 290 841)
3(290 850 1120)
3(849 850 290)
3(1151 1114 877)
3(877 1114 868)
3(1114 877 1423)
3(876 877 1114)
3(440 439 1127)
3(69 1272 653)
3(69 662 1272)
3(1272 307 69)
3(1272 69 4)
3(103 1271 328)
3(103 319 1271)
3(1271 300 103)
3(1271 103 8)
3(747 748 694)
3(747 694 1280)
3(694 747 756)
3(747 693 694)
3(460 1333 461)
3(730 1331 738)
3(738 1331 729)
3(739 1331 738)
3(739 730 1331)
3(1331 649 739)
3(739 1325 1331)
3(739 730 1325)
3(1325 649 739)
3(650 739 1325)
3(737 1331 738)
3(739 731 1325)
3(739 1325 740)
3(740 1325 650)
3(1325 740 731)
3(1325 1407 740)
3(740 1407 650)
3(1407 740 731)
3(1407 740 732)
3(511 1124 520)
3(520 1124 519)
3(1124 520 430)
3(1124 1304 519)
3(429 1304 1124)
3(1124 1304 520)
3(444 1128 452)
3(20 1095 1212)
3(1212 1095 545)
3(1095 1212 1236)
3(536 1212 1095)
3(1385 553 277)
3(1385 552 277)
3(295 373 372)
3(681 680 618)
3(618 680 1259)
3(680 618 672)
3(680 671 618)
3(618 671 1259)
3(671 618 672)
3(671 618 626)
3(450 1133 1128)
3(450 1128 360)
3(444 445 363)
3(363 445 1129)
3(445 363 453)
3(454 363 445)
3(454 1129 363)
3(1133 1300 448)
3(1300 448 358)
3(448 1133 358)
3(597 1291 498)
3(597 1130 1291)
3(1291 152 597)
3(1291 597 598)
3(447 446 357)
3(357 446 348)
3(446 357 1131)
3(356 357 446)
3(617 671 618)
3(363 454 364)
3(624 678 625)
3(723 1390 1296)
3(1296 1390 813)
3(1390 1296 1378)
3(804 1296 1390)
3(804 1296 1378)
3(552 1437 551)
3(552 543 1437)
3(1437 277 552)
3(1437 552 1385)
3(727 1392 1350)
3(1436 467 466)
3(1436 475 467)
3(467 1313 1436)
3(467 1436 476)
3(539 1354 1288)
3(1288 1354 540)
3(394 1349 1402)
3(394 393 1349)
3(1349 1316 394)
3(1349 394 385)
3(1254 775 819)
3(215 772 816)
3(816 772 771)
3(772 816 817)
3(763 816 772)
3(763 771 816)
3(390 1337 398)
3(672 628 619)
3(672 627 628)
3(628 673 672)
3(628 672 181)
3(746 702 701)
3(1302 702 746)
3(693 746 702)
3(746 702 747)
3(693 747 702)
3(1253 705 749)
3(1126 506 597)
3(597 506 596)
3(506 597 507)
3(498 597 506)
3(525 425 434)
3(525 426 425)
3(425 524 525)
3(434 525 524)
3(425 525 134)
3(134 425 524)
3(524 1125 525)
3(524 434 1125)
3(515 434 1126)
3(515 1125 434)
3(434 1289 515)
3(434 515 524)
3(1285 595 496)
3(1285 496 1126)
3(1015 1332 1023)
3(1015 1416 1332)
3(1332 1024 1015)
3(1332 1015 1016)
3(1382 1405 1344)
3(1382 252 1405)
3(1405 1370 1382)
3(1405 1382 251)
3(1229 1213 527)
3(1288 1327 540)
3(1288 1354 1327)
3(1327 531 1288)
3(1327 1288 477)
3(465 1356 464)
3(464 1356 1396)
3(1356 464 473)
3(464 1356 1235)
3(464 1235 1396)
3(1235 464 473)
3(464 1235 1198)
3(719 1420 801)
3(801 1420 810)
3(1420 801 1455)
3(1324 801 1420)
3(1358 804 1408)
3(1408 804 1378)
3(804 1408 803)
3(1296 1408 804)
3(328 300 1168)
3(1219 455 49)
3(49 455 1249)
3(455 49 410)
3(128 49 455)
3(740 1407 741)
3(763 771 1260)
3(1297 182 1261)
3(503 1127 504)
3(200 702 746)
3(702 747 694)
3(1328 1305 459)
3(405 1305 1328)
3(458 1328 1305)
3(405 458 413)
3(405 404 458)
3(458 1305 405)
3(458 405 1328)
3(429 520 421)
3(429 430 520)
3(520 1304 429)
3(520 429 1124)
3(1303 1127 504)
3(1303 503 1127)
3(1127 585 1303)
3(504 1303 585)
3(1127 1303 593)
3(594 149 1285)
3(1285 149 595)
3(149 1285 495)
3(594 495 1285)
3(496 1285 149)
3(594 504 585)
3(594 1285 504)
3(504 1303 594)
3(504 594 495)
3(479 1410 1286)
3(1286 1410 478)
3(1410 1286 533)
3(532 1286 1410)
3(521 131 421)
3(421 131 422)
3(131 421 130)
3(1299 421 131)
3(629 1297 1261)
3(629 1297 182)
3(638 629 183)
3(183 629 182)
3(629 183 630)
3(1297 183 629)
3(425 134 1289)
3(1289 134 424)
3(134 1289 524)
3(134 133 1289)
3(1289 133 424)
3(133 1289 524)
3(133 523 1289)
3(386 114 342)
3(342 114 341)
3(114 342 115)
3(1294 114 342)
3(342 114 350)
3(387 115 343)
3(343 115 342)
3(115 343 116)
3(1293 343 115)
3(1293 1128 451)
3(1293 361 1128)
3(1128 450 1293)
3(1128 1293 360)
3(1300 448 349)
3(349 448 358)
3(448 349 113)
3(1133 349 448)
3(793 1314 1281)
3(1281 1314 794)
3(1314 1281 883)
3(884 1281 1314)
3(504 496 1126)
3(404 1402 1299)
3(1299 1402 403)
3(1402 1299 458)
3(457 1299 1402)
3(330 1448 1298)
3(1298 1448 329)
3(1448 1298 384)
3(383 1298 1448)
3(50 49 410)
3(419 50 410)
3(419 410 411)
3(420 419 411)
3(420 411 412)
3(421 420 412)
3(421 412 413)
3(422 421 413)
3(422 413 414)
3(423 422 414)
3(423 414 415)
3(424 423 415)
3(424 415 416)
3(425 424 416)
3(425 416 417)
3(426 425 417)
3(426 417 418)
3(427 426 418)
3(427 418 123)
3(124 427 123)
3(53 52 437)
3(446 53 437)
3(446 437 438)
3(447 446 438)
3(447 438 439)
3(448 447 439)
3(448 439 440)
3(449 448 440)
3(449 440 441)
3(450 449 441)
3(450 441 442)
3(451 450 442)
3(451 442 443)
3(452 451 443)
3(452 443 444)
3(453 452 444)
3(453 444 445)
3(454 453 445)
3(454 445 126)
3(127 454 126)
3(46 2 111)
3(383 46 111)
3(383 111 112)
3(384 383 112)
3(384 112 113)
3(385 384 113)
3(385 113 114)
3(386 385 114)
3(386 114 115)
3(387 386 115)
3(387 115 116)
3(388 387 116)
3(388 116 117)
3(389 388 117)
3(389 117 118)
3(390 389 118)
3(390 118 119)
3(391 390 119)
3(391 119 9)
3(120 391 9)
3(48 47 392)
3(401 48 392)
3(401 392 393)
3(402 401 393)
3(402 393 394)
3(403 402 394)
3(403 394 395)
3(404 403 395)
3(404 395 396)
3(405 404 396)
3(405 396 397)
3(406 405 397)
3(406 397 398)
3(407 406 398)
3(407 398 399)
3(408 407 399)
3(408 399 400)
3(409 408 400)
3(409 400 121)
3(122 409 121)
3(2 53 446)
3(111 2 446)
3(111 446 447)
3(112 111 447)
3(112 447 448)
3(113 112 448)
3(113 448 449)
3(114 113 449)
3(114 449 450)
3(115 114 450)
3(115 450 451)
3(116 115 451)
3(116 451 452)
3(117 116 452)
3(117 452 453)
3(118 117 453)
3(118 453 454)
3(119 118 454)
3(119 454 127)
3(9 119 127)
3(49 48 401)
3(410 49 401)
3(410 401 402)
3(411 410 402)
3(411 402 403)
3(412 411 403)
3(412 403 404)
3(413 412 404)
3(413 404 405)
3(414 413 405)
3(414 405 406)
3(415 414 406)
3(415 406 407)
3(416 415 407)
3(416 407 408)
3(417 416 408)
3(417 408 409)
3(418 417 409)
3(418 409 122)
3(123 418 122)
3(51 50 419)
3(428 51 419)
3(428 419 420)
3(429 428 420)
3(429 420 421)
3(430 429 421)
3(430 421 422)
3(431 430 422)
3(431 422 423)
3(432 431 423)
3(432 423 424)
3(433 432 424)
3(433 424 425)
3(434 433 425)
3(434 425 426)
3(435 434 426)
3(435 426 427)
3(436 435 427)
3(436 427 124)
3(125 436 124)
3(52 51 428)
3(437 52 428)
3(437 428 429)
3(438 437 429)
3(438 429 430)
3(439 438 430)
3(439 430 431)
3(440 439 431)
3(440 431 432)
3(441 440 432)
3(441 432 433)
3(442 441 433)
3(442 433 434)
3(443 442 434)
3(443 434 435)
3(444 443 435)
3(444 435 436)
3(445 444 436)
3(445 436 125)
3(126 445 125)
3(47 46 383)
3(392 47 383)
3(392 383 384)
3(393 392 384)
3(393 384 385)
3(394 393 385)
3(394 385 386)
3(395 394 386)
3(395 386 387)
3(396 395 387)
3(396 387 388)
3(397 396 388)
3(397 388 389)
3(398 397 389)
3(398 389 390)
3(399 398 390)
3(399 390 391)
3(400 399 391)
3(400 391 120)
3(121 400 120)
3(283 1109 284)
3(23 1117 283)
3(1114 22 285)
3(276 277 1113)
3(1103 1116 1083)
3(236 1088 235)
3(1101 1112 1100)
3(1102 1101 1091)
3(1103 1102 1104)
3(1104 282 1114)
3(1105 284 1092)
3(1096 1095 1110)
3(1095 20 275)
3(281 1091 1100)
3(1090 1098 287)
3(1102 1103 1083)
3(287 1098 1117)
3(1102 1083 1111)
3(1105 285 284)
3(1090 286 1095)
3(1091 1101 1100)
3(1097 1098 1090)
3(1102 1091 1104)
3(283 1098 1106)
3(1101 1102 1111)
3(1096 1097 1090)
3(1097 1107 1098)
3(282 1091 281)
3(286 1090 287)
3(246 1087 1085)
3(1095 275 1110)
3(283 1117 1098)
3(1096 1110 1087)
3(1114 1105 1104)
3(1098 1107 1106)
3(1115 1113 1094)
3(1097 1084 1107)
3(244 1085 1119)
3(1085 1115 1119)
3(1096 1090 1095)
3(1096 1087 1099)
3(1105 1103 1104)
3(1101 1111 1112)
3(245 246 1085)
3(1085 1110 1115)
3(1105 1114 285)
3(240 1089 1111)
3(239 1111 1083)
3(1099 1084 1097)
3(281 1100 19)
3(239 1083 238)
3(240 1111 239)
3(20 1095 286)
3(1089 1118 1113)
3(1097 1096 1099)
3(16 1099 247)
3(1111 1089 1112)
3(247 1087 246)
3(1088 1103 1105)
3(237 238 1116)
3(238 1083 1116)
3(1086 1109 1108)
3(1099 1087 247)
3(1089 1113 1112)
3(1108 232 1086)
3(1086 1093 1109)
3(1106 1107 1108)
3(287 1117 23)
3(1108 231 232)
3(237 1116 1088)
3(241 242 1118)
3(231 1107 230)
3(22 1114 282)
3(1112 1113 277)
3(240 241 1089)
3(1084 1099 16)
3(243 1119 1094)
3(1107 231 1108)
3(1107 1084 230)
3(1093 284 1109)
3(241 1118 1089)
3(1085 1087 1110)
3(1088 1092 235)
3(242 243 1094)
3(1093 1092 284)
3(1118 1094 1113)
3(1112 277 1100)
3(230 1084 16)
3(1115 1094 1119)
3(1094 1118 242)
3(1108 1109 1106)
3(244 1119 243)
3(245 1085 244)
3(233 1086 232)
3(276 1113 1115)
3(234 1093 233)
3(1093 234 1092)
3(237 1088 236)
3(1093 1086 233)
3(1105 1092 1088)
3(235 1092 234)
3(1088 1116 1103)
3(19 1100 277)
3(275 276 1110)
3(1104 1091 282)
3(1109 283 1106)
3(1110 276 1115)
3(1073 1056 1066)
3(1067 260 1051)
3(1061 1055 1059)
3(1078 1065 1069)
3(1074 1066 1056)
3(1078 1069 1054)
3(234 233 914)
3(923 234 914)
3(923 914 915)
3(924 923 915)
3(924 915 916)
3(925 924 916)
3(925 916 917)
3(926 925 917)
3(926 917 918)
3(927 926 918)
3(927 918 919)
3(928 927 919)
3(928 919 920)
3(929 928 920)
3(929 920 921)
3(930 929 921)
3(930 921 922)
3(931 930 922)
3(931 922 260)
3(1067 261 260)
3(261 931 260)
3(1073 1066 1063)
3(1067 1059 1055)
3(1078 1068 1065)
3(1076 1049 1064)
3(1073 1064 1049)
3(1064 1058 1053)
3(1074 1052 1066)
3(1070 1053 1058)
3(1071 1069 1052)
3(1077 1055 1061)
3(1069 1066 1052)
3(1076 1064 1053)
3(1067 1051 1059)
3(1073 1063 1064)
3(1067 1055 262)
3(235 234 923)
3(932 235 923)
3(932 923 924)
3(933 932 924)
3(933 924 925)
3(934 933 925)
3(934 925 926)
3(935 934 926)
3(935 926 927)
3(936 935 927)
3(936 927 928)
3(937 936 928)
3(937 928 929)
3(938 937 929)
3(938 929 930)
3(939 938 930)
3(939 930 931)
3(940 939 931)
3(940 931 261)
3(1067 262 261)
3(262 940 261)
3(230 16 248)
3(887 230 248)
3(887 248 249)
3(888 887 249)
3(888 249 250)
3(889 888 250)
3(889 250 251)
3(890 889 251)
3(890 251 252)
3(891 890 252)
3(891 252 253)
3(892 891 253)
3(892 253 254)
3(893 892 254)
3(893 254 255)
3(894 893 255)
3(894 255 256)
3(895 894 256)
3(895 256 17)
3(1053 257 17)
3(257 895 17)
3(243 242 995)
3(1004 243 995)
3(1004 995 996)
3(1005 1004 996)
3(1005 996 997)
3(1006 1005 997)
3(1006 997 998)
3(1007 1006 998)
3(1007 998 999)
3(1008 1007 999)
3(1008 999 1000)
3(1009 1008 1000)
3(1009 1000 1001)
3(1010 1009 1001)
3(1010 1001 1002)
3(1011 1010 1002)
3(1011 1002 1003)
3(1012 1011 1003)
3(1012 1003 269)
3(1052 270 269)
3(270 1012 269)
3(233 232 905)
3(914 233 905)
3(914 905 906)
3(915 914 906)
3(915 906 907)
3(916 915 907)
3(916 907 908)
3(917 916 908)
3(917 908 909)
3(918 917 909)
3(918 909 910)
3(919 918 910)
3(919 910 911)
3(920 919 911)
3(920 911 912)
3(921 920 912)
3(921 912 913)
3(922 921 913)
3(922 913 259)
3(1051 260 259)
3(260 922 259)
3(247 246 1031)
3(1040 247 1031)
3(1040 1031 1032)
3(1041 1040 1032)
3(1041 1032 1033)
3(1042 1041 1033)
3(1042 1033 1034)
3(1043 1042 1034)
3(1043 1034 1035)
3(1044 1043 1035)
3(1044 1035 1036)
3(1045 1044 1036)
3(1045 1036 1037)
3(1046 1045 1037)
3(1046 1037 1038)
3(1047 1046 1038)
3(1047 1038 1039)
3(1048 1047 1039)
3(1048 1039 273)
3(1049 274 273)
3(274 1048 273)
3(245 244 1013)
3(1022 245 1013)
3(1022 1013 1014)
3(1023 1022 1014)
3(1023 1014 1015)
3(1024 1023 1015)
3(1024 1015 1016)
3(1025 1024 1016)
3(1025 1016 1017)
3(1026 1025 1017)
3(1026 1017 1018)
3(1027 1026 1018)
3(1027 1018 1019)
3(1028 1027 1019)
3(1028 1019 1020)
3(1029 1028 1020)
3(1029 1020 1021)
3(1030 1029 1021)
3(1030 1021 271)
3(1056 272 271)
3(272 1030 271)
3(238 237 950)
3(959 238 950)
3(959 950 951)
3(960 959 951)
3(960 951 952)
3(961 960 952)
3(961 952 953)
3(962 961 953)
3(962 953 954)
3(963 962 954)
3(963 954 955)
3(964 963 955)
3(964 955 956)
3(965 964 956)
3(965 956 957)
3(966 965 957)
3(966 957 958)
3(967 966 958)
3(967 958 264)
3(1050 265 264)
3(265 967 264)
3(236 235 932)
3(941 236 932)
3(941 932 933)
3(942 941 933)
3(942 933 934)
3(943 942 934)
3(943 934 935)
3(944 943 935)
3(944 935 936)
3(945 944 936)
3(945 936 937)
3(946 945 937)
3(946 937 938)
3(947 946 938)
3(947 938 939)
3(948 947 939)
3(948 939 940)
3(949 948 940)
3(949 940 262)
3(1055 263 262)
3(263 949 262)
3(241 240 977)
3(986 241 977)
3(986 977 978)
3(987 986 978)
3(987 978 979)
3(988 987 979)
3(988 979 980)
3(989 988 980)
3(989 980 981)
3(990 989 981)
3(990 981 982)
3(991 990 982)
3(991 982 983)
3(992 991 983)
3(992 983 984)
3(993 992 984)
3(993 984 985)
3(994 993 985)
3(994 985 267)
3(1054 268 267)
3(268 994 267)
3(1063 1062 1060)
3(1062 1061 1060)
3(1061 1059 1060)
3(1060 1059 1058)
3(1064 1060 1058)
3(1071 1054 1069)
3(1064 1063 1060)
3(1059 1051 1058)
3(239 238 959)
3(968 239 959)
3(968 959 960)
3(969 968 960)
3(969 960 961)
3(970 969 961)
3(970 961 962)
3(971 970 962)
3(971 962 963)
3(972 971 963)
3(972 963 964)
3(973 972 964)
3(973 964 965)
3(974 973 965)
3(974 965 966)
3(975 974 966)
3(975 966 967)
3(976 975 967)
3(976 967 265)
3(1068 266 265)
3(266 976 265)
3(1068 265 1050)
3(1070 1058 1057)
3(1065 1061 1062)
3(1066 1062 1063)
3(1069 1065 1062)
3(1058 1051 1057)
3(1068 1050 1065)
3(1077 1061 1065)
3(1077 1065 1050)
3(1076 1053 17)
3(244 243 1004)
3(1013 244 1004)
3(1013 1004 1005)
3(1014 1013 1005)
3(1014 1005 1006)
3(1015 1014 1006)
3(1015 1006 1007)
3(1016 1015 1007)
3(1016 1007 1008)
3(1017 1016 1008)
3(1017 1008 1009)
3(1018 1017 1009)
3(1018 1009 1010)
3(1019 1018 1010)
3(1019 1010 1011)
3(1020 1019 1011)
3(1020 1011 1012)
3(1021 1020 1012)
3(1021 1012 270)
3(1074 271 270)
3(271 1021 270)
3(16 247 1040)
3(248 16 1040)
3(248 1040 1041)
3(249 248 1041)
3(249 1041 1042)
3(250 249 1042)
3(250 1042 1043)
3(251 250 1043)
3(251 1043 1044)
3(252 251 1044)
3(252 1044 1045)
3(253 252 1045)
3(253 1045 1046)
3(254 253 1046)
3(254 1046 1047)
3(255 254 1047)
3(255 1047 1048)
3(256 255 1048)
3(256 1048 274)
3(1076 17 274)
3(17 256 274)
3(1075 1050 264)
3(242 241 986)
3(995 242 986)
3(995 986 987)
3(996 995 987)
3(996 987 988)
3(997 996 988)
3(997 988 989)
3(998 997 989)
3(998 989 990)
3(999 998 990)
3(999 990 991)
3(1000 999 991)
3(1000 991 992)
3(1001 1000 992)
3(1001 992 993)
3(1002 1001 993)
3(1002 993 994)
3(1003 1002 994)
3(1003 994 268)
3(1071 269 268)
3(269 1003 268)
3(1071 268 1054)
3(1072 272 1056)
3(1057 1051 259)
3(1074 1056 271)
3(237 236 941)
3(950 237 941)
3(950 941 942)
3(951 950 942)
3(951 942 943)
3(952 951 943)
3(952 943 944)
3(953 952 944)
3(953 944 945)
3(954 953 945)
3(954 945 946)
3(955 954 946)
3(955 946 947)
3(956 955 947)
3(956 947 948)
3(957 956 948)
3(957 948 949)
3(958 957 949)
3(958 949 263)
3(1075 264 263)
3(264 958 263)
3(1072 1049 273)
3(1070 257 1053)
3(232 231 896)
3(905 232 896)
3(905 896 897)
3(906 905 897)
3(906 897 898)
3(907 906 898)
3(907 898 899)
3(908 907 899)
3(908 899 900)
3(909 908 900)
3(909 900 901)
3(910 909 901)
3(910 901 902)
3(911 910 902)
3(911 902 903)
3(912 911 903)
3(912 903 904)
3(913 912 904)
3(913 904 258)
3(1057 259 258)
3(259 913 258)
3(1074 270 1052)
3(1071 1052 269)
3(246 245 1022)
3(1031 246 1022)
3(1031 1022 1023)
3(1032 1031 1023)
3(1032 1023 1024)
3(1033 1032 1024)
3(1033 1024 1025)
3(1034 1033 1025)
3(1034 1025 1026)
3(1035 1034 1026)
3(1035 1026 1027)
3(1036 1035 1027)
3(1036 1027 1028)
3(1037 1036 1028)
3(1037 1028 1029)
3(1038 1037 1029)
3(1038 1029 1030)
3(1039 1038 1030)
3(1039 1030 272)
3(1072 273 272)
3(273 1039 272)
3(231 230 887)
3(896 231 887)
3(896 887 888)
3(897 896 888)
3(897 888 889)
3(898 897 889)
3(898 889 890)
3(899 898 890)
3(899 890 891)
3(900 899 891)
3(900 891 892)
3(901 900 892)
3(901 892 893)
3(902 901 893)
3(902 893 894)
3(903 902 894)
3(903 894 895)
3(904 903 895)
3(904 895 257)
3(1070 258 257)
3(258 904 257)
3(1075 263 1055)
3(1076 274 1049)
3(240 239 968)
3(977 240 968)
3(977 968 969)
3(978 977 969)
3(978 969 970)
3(979 978 970)
3(979 970 971)
3(980 979 971)
3(980 971 972)
3(981 980 972)
3(981 972 973)
3(982 981 973)
3(982 973 974)
3(983 982 974)
3(983 974 975)
3(984 983 975)
3(984 975 976)
3(985 984 976)
3(985 976 266)
3(1078 267 266)
3(267 985 266)
3(1078 1054 267)
3(1069 1062 1066)
3(1078 266 1068)
3(1073 1072 1056)
3(1073 1049 1072)
3(1070 1057 258)
3(1077 1075 1055)
3(1077 1050 1075)
3(40 39 464)
3(473 40 464)
3(473 464 465)
3(474 473 465)
3(474 465 466)
3(475 474 466)
3(475 466 467)
3(476 475 467)
3(476 467 468)
3(477 476 468)
3(477 468 469)
3(478 477 469)
3(478 469 470)
3(479 478 470)
3(479 470 471)
3(480 479 471)
3(480 471 472)
3(481 480 472)
3(481 472 138)
3(139 481 138)
3(43 42 491)
3(500 43 491)
3(500 491 492)
3(501 500 492)
3(501 492 493)
3(502 501 493)
3(502 493 494)
3(503 502 494)
3(503 494 495)
3(504 503 495)
3(504 495 496)
3(505 504 496)
3(505 496 497)
3(506 505 497)
3(506 497 498)
3(507 506 498)
3(507 498 499)
3(508 507 499)
3(508 499 141)
3(142 508 141)
3(38 1 128)
3(455 38 128)
3(455 128 129)
3(456 455 129)
3(456 129 130)
3(457 456 130)
3(457 130 131)
3(458 457 131)
3(458 131 132)
3(459 458 132)
3(459 132 133)
3(460 459 133)
3(460 133 134)
3(461 460 134)
3(461 134 135)
3(462 461 135)
3(462 135 136)
3(463 462 136)
3(463 136 10)
3(137 463 10)
3(45 44 509)
3(518 45 509)
3(518 509 510)
3(519 518 510)
3(519 510 511)
3(520 519 511)
3(520 511 512)
3(521 520 512)
3(521 512 513)
3(522 521 513)
3(522 513 514)
3(523 522 514)
3(523 514 515)
3(524 523 515)
3(524 515 516)
3(525 524 516)
3(525 516 517)
3(526 525 517)
3(526 517 143)
3(144 526 143)
3(39 38 455)
3(464 39 455)
3(464 455 456)
3(465 464 456)
3(465 456 457)
3(466 465 457)
3(466 457 458)
3(467 466 458)
3(467 458 459)
3(468 467 459)
3(468 459 460)
3(469 468 460)
3(469 460 461)
3(470 469 461)
3(470 461 462)
3(471 470 462)
3(471 462 463)
3(472 471 463)
3(472 463 137)
3(138 472 137)
3(44 43 500)
3(509 44 500)
3(509 500 501)
3(510 509 501)
3(510 501 502)
3(511 510 502)
3(511 502 503)
3(512 511 503)
3(512 503 504)
3(513 512 504)
3(513 504 505)
3(514 513 505)
3(514 505 506)
3(515 514 506)
3(515 506 507)
3(516 515 507)
3(516 507 508)
3(517 516 508)
3(517 508 142)
3(143 517 142)
3(42 41 482)
3(491 42 482)
3(491 482 483)
3(492 491 483)
3(492 483 484)
3(493 492 484)
3(493 484 485)
3(494 493 485)
3(494 485 486)
3(495 494 486)
3(495 486 487)
3(496 495 487)
3(496 487 488)
3(497 496 488)
3(497 488 489)
3(498 497 489)
3(498 489 490)
3(499 498 490)
3(499 490 140)
3(141 499 140)
3(41 40 473)
3(482 41 473)
3(482 473 474)
3(483 482 474)
3(483 474 475)
3(484 483 475)
3(484 475 476)
3(485 484 476)
3(485 476 477)
3(486 485 477)
3(486 477 478)
3(487 486 478)
3(487 478 479)
3(488 487 479)
3(488 479 480)
3(489 488 480)
3(489 480 481)
3(490 489 481)
3(490 481 139)
3(140 490 139)
3(1 45 518)
3(128 1 518)
3(128 518 519)
3(129 128 519)
3(129 519 520)
3(130 129 520)
3(130 520 521)
3(131 130 521)
3(131 521 522)
3(132 131 522)
3(132 522 523)
3(133 132 523)
3(133 523 524)
3(134 133 524)
3(134 524 525)
3(135 134 525)
3(135 525 526)
3(136 135 526)
3(136 526 144)
3(10 136 144)
3(7 93 878)
3(213 7 878)
3(213 878 879)
3(214 213 879)
3(214 879 880)
3(215 214 880)
3(215 880 881)
3(216 215 881)
3(216 881 882)
3(217 216 882)
3(217 882 883)
3(218 217 883)
3(218 883 884)
3(219 218 884)
3(219 884 885)
3(220 219 885)
3(220 885 886)
3(221 220 886)
3(221 886 229)
3(15 221 229)
3(88 87 824)
3(833 88 824)
3(833 824 825)
3(834 833 825)
3(834 825 826)
3(835 834 826)
3(835 826 827)
3(836 835 827)
3(836 827 828)
3(837 836 828)
3(837 828 829)
3(838 837 829)
3(838 829 830)
3(839 838 830)
3(839 830 831)
3(840 839 831)
3(840 831 832)
3(841 840 832)
3(841 832 223)
3(224 841 223)
3(92 91 860)
3(869 92 860)
3(869 860 861)
3(870 869 861)
3(870 861 862)
3(871 870 862)
3(871 862 863)
3(872 871 863)
3(872 863 864)
3(873 872 864)
3(873 864 865)
3(874 873 865)
3(874 865 866)
3(875 874 866)
3(875 866 867)
3(876 875 867)
3(876 867 868)
3(877 876 868)
3(877 868 227)
3(228 877 227)
3(90 89 842)
3(851 90 842)
3(851 842 843)
3(852 851 843)
3(852 843 844)
3(853 852 844)
3(853 844 845)
3(854 853 845)
3(854 845 846)
3(855 854 846)
3(855 846 847)
3(856 855 847)
3(856 847 848)
3(857 856 848)
3(857 848 849)
3(858 857 849)
3(858 849 850)
3(859 858 850)
3(859 850 225)
3(226 859 225)
3(93 92 869)
3(878 93 869)
3(878 869 870)
3(879 878 870)
3(879 870 871)
3(880 879 871)
3(880 871 872)
3(881 880 872)
3(881 872 873)
3(882 881 873)
3(882 873 874)
3(883 882 874)
3(883 874 875)
3(884 883 875)
3(884 875 876)
3(885 884 876)
3(885 876 877)
3(886 885 877)
3(886 877 228)
3(229 886 228)
3(89 88 833)
3(842 89 833)
3(842 833 834)
3(843 842 834)
3(843 834 835)
3(844 843 835)
3(844 835 836)
3(845 844 836)
3(845 836 837)
3(846 845 837)
3(846 837 838)
3(847 846 838)
3(847 838 839)
3(848 847 839)
3(848 839 840)
3(849 848 840)
3(849 840 841)
3(850 849 841)
3(850 841 224)
3(225 850 224)
3(87 86 815)
3(824 87 815)
3(824 815 816)
3(825 824 816)
3(825 816 817)
3(826 825 817)
3(826 817 818)
3(827 826 818)
3(827 818 819)
3(828 827 819)
3(828 819 820)
3(829 828 820)
3(829 820 821)
3(830 829 821)
3(830 821 822)
3(831 830 822)
3(831 822 823)
3(832 831 823)
3(832 823 222)
3(223 832 222)
3(86 7 213)
3(815 86 213)
3(815 213 214)
3(816 815 214)
3(816 214 215)
3(817 816 215)
3(817 215 216)
3(818 817 216)
3(818 216 217)
3(819 818 217)
3(819 217 218)
3(820 819 218)
3(820 218 219)
3(821 820 219)
3(821 219 220)
3(822 821 220)
3(822 220 221)
3(823 822 221)
3(823 221 15)
3(222 823 15)
3(91 90 851)
3(860 91 851)
3(860 851 852)
3(861 860 852)
3(861 852 853)
3(862 861 853)
3(862 853 854)
3(863 862 854)
3(863 854 855)
3(864 863 855)
3(864 855 856)
3(865 864 856)
3(865 856 857)
3(866 865 857)
3(866 857 858)
3(867 866 858)
3(867 858 859)
3(868 867 859)
3(868 859 226)
3(227 868 226)
3(6 85 806)
3(196 6 806)
3(196 806 807)
3(197 196 807)
3(197 807 808)
3(198 197 808)
3(198 808 809)
3(199 198 809)
3(199 809 810)
3(200 199 810)
3(200 810 811)
3(201 200 811)
3(201 811 812)
3(202 201 812)
3(202 812 813)
3(203 202 813)
3(203 813 814)
3(204 203 814)
3(204 814 212)
3(14 204 212)
3(84 83 788)
3(797 84 788)
3(797 788 789)
3(798 797 789)
3(798 789 790)
3(799 798 790)
3(799 790 791)
3(800 799 791)
3(800 791 792)
3(801 800 792)
3(801 792 793)
3(802 801 793)
3(802 793 794)
3(803 802 794)
3(803 794 795)
3(804 803 795)
3(804 795 796)
3(805 804 796)
3(805 796 210)
3(211 805 210)
3(80 79 752)
3(761 80 752)
3(761 752 753)
3(762 761 753)
3(762 753 754)
3(763 762 754)
3(763 754 755)
3(764 763 755)
3(764 755 756)
3(765 764 756)
3(765 756 757)
3(766 765 757)
3(766 757 758)
3(767 766 758)
3(767 758 759)
3(768 767 759)
3(768 759 760)
3(769 768 760)
3(769 760 206)
3(207 769 206)
3(82 81 770)
3(779 82 770)
3(779 770 771)
3(780 779 771)
3(780 771 772)
3(781 780 772)
3(781 772 773)
3(782 781 773)
3(782 773 774)
3(783 782 774)
3(783 774 775)
3(784 783 775)
3(784 775 776)
3(785 784 776)
3(785 776 777)
3(786 785 777)
3(786 777 778)
3(787 786 778)
3(787 778 208)
3(209 787 208)
3(78 6 196)
3(743 78 196)
3(743 196 197)
3(744 743 197)
3(744 197 198)
3(745 744 198)
3(745 198 199)
3(746 745 199)
3(746 199 200)
3(747 746 200)
3(747 200 201)
3(748 747 201)
3(748 201 202)
3(749 748 202)
3(749 202 203)
3(750 749 203)
3(750 203 204)
3(751 750 204)
3(751 204 14)
3(205 751 14)
3(85 84 797)
3(806 85 797)
3(806 797 798)
3(807 806 798)
3(807 798 799)
3(808 807 799)
3(808 799 800)
3(809 808 800)
3(809 800 801)
3(810 809 801)
3(810 801 802)
3(811 810 802)
3(811 802 803)
3(812 811 803)
3(812 803 804)
3(813 812 804)
3(813 804 805)
3(814 813 805)
3(814 805 211)
3(212 814 211)
3(81 80 761)
3(770 81 761)
3(770 761 762)
3(771 770 762)
3(771 762 763)
3(772 771 763)
3(772 763 764)
3(773 772 764)
3(773 764 765)
3(774 773 765)
3(774 765 766)
3(775 774 766)
3(775 766 767)
3(776 775 767)
3(776 767 768)
3(777 776 768)
3(777 768 769)
3(778 777 769)
3(778 769 207)
3(208 778 207)
3(79 78 743)
3(752 79 743)
3(752 743 744)
3(753 752 744)
3(753 744 745)
3(754 753 745)
3(754 745 746)
3(755 754 746)
3(755 746 747)
3(756 755 747)
3(756 747 748)
3(757 756 748)
3(757 748 749)
3(758 757 749)
3(758 749 750)
3(759 758 750)
3(759 750 751)
3(760 759 751)
3(760 751 205)
3(206 760 205)
3(83 82 779)
3(788 83 779)
3(788 779 780)
3(789 788 780)
3(789 780 781)
3(790 789 781)
3(790 781 782)
3(791 790 782)
3(791 782 783)
3(792 791 783)
3(792 783 784)
3(793 792 784)
3(793 784 785)
3(794 793 785)
3(794 785 786)
3(795 794 786)
3(795 786 787)
3(796 795 787)
3(796 787 209)
3(210 796 209)
3(32 31 536)
3(545 32 536)
3(545 536 537)
3(546 545 537)
3(546 537 538)
3(547 546 538)
3(547 538 539)
3(548 547 539)
3(548 539 540)
3(549 548 540)
3(549 540 541)
3(550 549 541)
3(550 541 542)
3(551 550 542)
3(551 542 543)
3(552 551 543)
3(552 543 544)
3(553 552 544)
3(553 544 155)
3(156 553 155)
3(35 34 563)
3(572 35 563)
3(572 563 564)
3(573 572 564)
3(573 564 565)
3(574 573 565)
3(574 565 566)
3(575 574 566)
3(575 566 567)
3(576 575 567)
3(576 567 568)
3(577 576 568)
3(577 568 569)
3(578 577 569)
3(578 569 570)
3(579 578 570)
3(579 570 571)
3(580 579 571)
3(580 571 158)
3(159 580 158)
3(30 0 145)
3(527 30 145)
3(527 145 146)
3(528 527 146)
3(528 146 147)
3(529 528 147)
3(529 147 148)
3(530 529 148)
3(530 148 149)
3(531 530 149)
3(531 149 150)
3(532 531 150)
3(532 150 151)
3(533 532 151)
3(533 151 152)
3(534 533 152)
3(534 152 153)
3(535 534 153)
3(535 153 11)
3(154 535 11)
3(33 32 545)
3(554 33 545)
3(554 545 546)
3(555 554 546)
3(555 546 547)
3(556 555 547)
3(556 547 548)
3(557 556 548)
3(557 548 549)
3(558 557 549)
3(558 549 550)
3(559 558 550)
3(559 550 551)
3(560 559 551)
3(560 551 552)
3(561 560 552)
3(561 552 553)
3(562 561 553)
3(562 553 156)
3(157 562 156)
3(37 36 581)
3(590 37 581)
3(590 581 582)
3(591 590 582)
3(591 582 583)
3(592 591 583)
3(592 583 584)
3(593 592 584)
3(593 584 585)
3(594 593 585)
3(594 585 586)
3(595 594 586)
3(595 586 587)
3(596 595 587)
3(596 587 588)
3(597 596 588)
3(597 588 589)
3(598 597 589)
3(598 589 160)
3(161 598 160)
3(31 30 527)
3(536 31 527)
3(536 527 528)
3(537 536 528)
3(537 528 529)
3(538 537 529)
3(538 529 530)
3(539 538 530)
3(539 530 531)
3(540 539 531)
3(540 531 532)
3(541 540 532)
3(541 532 533)
3(542 541 533)
3(542 533 534)
3(543 542 534)
3(543 534 535)
3(544 543 535)
3(544 535 154)
3(155 544 154)
3(36 35 572)
3(581 36 572)
3(581 572 573)
3(582 581 573)
3(582 573 574)
3(583 582 574)
3(583 574 575)
3(584 583 575)
3(584 575 576)
3(585 584 576)
3(585 576 577)
3(586 585 577)
3(586 577 578)
3(587 586 578)
3(587 578 579)
3(588 587 579)
3(588 579 580)
3(589 588 580)
3(589 580 159)
3(160 589 159)
3(0 37 590)
3(145 0 590)
3(145 590 591)
3(146 145 591)
3(146 591 592)
3(147 146 592)
3(147 592 593)
3(148 147 593)
3(148 593 594)
3(149 148 594)
3(149 594 595)
3(150 149 595)
3(150 595 596)
3(151 150 596)
3(151 596 597)
3(152 151 597)
3(152 597 598)
3(153 152 598)
3(153 598 161)
3(11 153 161)
3(34 33 554)
3(563 34 554)
3(563 554 555)
3(564 563 555)
3(564 555 556)
3(565 564 556)
3(565 556 557)
3(566 565 557)
3(566 557 558)
3(567 566 558)
3(567 558 559)
3(568 567 559)
3(568 559 560)
3(569 568 560)
3(569 560 561)
3(570 569 561)
3(570 561 562)
3(571 570 562)
3(571 562 157)
3(158 571 157)
3(206 190 298)
3(143 296 125)
3(1159 1183 1134)
3(1262 310 1274)
3(1165 1184 1136)
3(1258 298 1253)
3(296 1130 1125)
3(1242 1214 1204)
3(1204 1203 1242)
3(295 1266 1271)
3(1257 1253 299)
3(1125 1129 297)
3(79 303 72)
3(44 51 291)
3(1205 1206 1241)
3(1144 1183 1159)
3(1140 1162 1161)
3(1221 1199 1220)
3(1203 1218 1242)
3(1129 1128 295)
3(1219 1205 1241)
3(1184 1137 1136)
3(1257 310 1256)
3(24 298 1258)
3(18 1130 296)
3(1263 293 1273)
3(1235 1198 1213)
3(1146 1160 1182)
3(1165 1166 1184)
3(1194 1241 1216)
3(1170 1154 1138)
3(1199 1221 1200)
3(21 1132 278)
3(1260 25 288)
3(1214 1242 1193)
3(1242 1218 1193)
3(1211 1201 1228)
3(1169 1142 1152)
3(1194 1219 1241)
3(1204 1232 1202)
3(1232 1211 1202)
3(1235 1206 1198)
3(1136 1137 1135)
3(297 125 296)
3(1200 1221 1223)
3(1162 1141 1164)
3(1214 1193 1200)
3(303 25 1260)
3(291 1132 21)
3(291 292 1124)
3(1194 1216 1196)
3(1214 1200 1230)
3(304 72 303)
3(1147 1176 1139)
3(297 109 108)
3(172 299 173)
3(1184 1166 1168)
3(1157 1135 1137)
3(1141 1134 1155)
3(292 59 60)
3(63 64 304)
3(1145 1143 1173)
3(1139 1176 1154)
3(1144 1143 1145)
3(1138 1154 1153)
3(1213 1197 1212)
3(1133 1131 293)
3(1202 1203 1204)
3(1205 1198 1206)
3(1213 1198 1229)
3(1139 1154 1170)
3(1261 308 1259)
3(1139 1146 1147)
3(1179 1158 1172)
3(1201 1211 1210)
3(1142 1151 1152)
3(1200 1223 1230)
3(305 1273 26)
3(305 26 3)
3(1274 28 302)
3(28 12 302)
3(1199 1200 1193)
3(1134 1141 1140)
3(1211 1228 1202)
3(1169 1152 1143)
3(1233 1210 1211)
3(1155 1171 1141)
3(1215 1232 1204)
3(1212 1236 1213)
3(205 190 206)
3(78 79 72)
3(45 51 44)
3(143 125 144)
3(1137 1184 1168)
3(1157 1137 1172)
3(1171 1156 1181)
3(297 296 1125)
3(1182 1135 1157)
3(1220 77 1245)
3(195 1161 1190)
3(1217 1238 1231)
3(1224 1247 46)
3(1165 120 1187)
3(57 1247 1224)
3(1216 1241 1206)
3(1134 1183 1155)
3(1215 1204 1214)
3(1141 1171 1164)
3(1144 1145 1183)
3(1185 212 1159)
3(85 1244 1218)
3(137 1189 1160)
3(1249 38 1219)
3(1147 1146 1182)
3(1240 1215 1230)
3(1195 1224 46)
3(1136 120 1165)
3(1218 1244 74)
3(1160 1189 123)
3(1148 1181 1175)
3(1221 1222 1223)
3(1147 1158 1176)
3(1232 1215 1234)
3(30 1229 1248)
3(1186 229 1169)
3(1170 154 1188)
3(93 1246 1228)
3(1120 285 22)
3(1080 277 276)
3(1121 284 285)
3(283 1122 23)
3(1081 275 20)
3(1123 283 284)
3(1243 1195 1196)
3(209 1186 1169)
3(1234 1207 287)
3(1203 85 1218)
3(212 1144 1159)
3(75 1193 1218)
3(193 1159 1134)
3(306 1239 1208)
3(1209 1239 306)
3(1146 137 1160)
3(38 1205 1219)
3(1208 1240 1230)
3(48 1219 1194)
3(122 1135 1160)
3(1215 1240 1234)
3(1220 1199 77)
3(1161 195 1140)
3(1225 56 1224)
3(1166 1165 105)
3(1214 1230 1215)
3(1194 1195 47)
3(1135 121 1136)
3(1149 1171 1181)
3(1176 1158 1178)
3(1178 1148 281)
3(1236 286 1237)
3(1217 1237 1238)
3(1231 1238 1209)
3(1222 307 1223)
3(1164 302 1163)
3(1207 1237 286)
3(1145 1173 1156)
3(1193 76 1199)
3(194 1134 1140)
3(1217 1206 1235)
3(1155 1156 1171)
3(1235 1213 1236)
3(1229 30 1197)
3(1142 1169 229)
3(154 1170 1138)
3(93 1228 1201)
3(1264 1270 301)
3(1235 1237 1217)
3(1157 1172 1158)
3(1233 1211 1232)
3(67 1221 1220)
3(1162 176 1161)
3(1154 1177 1153)
3(1158 1179 1178)
3(1180 301 1149)
3(1180 1150 301)
3(1196 1216 1231)
3(1156 1173 1175)
3(1152 1173 1143)
3(1265 1269 306)
3(1144 211 1143)
3(1203 1202 84)
3(1205 39 1198)
3(138 1146 1139)
3(1156 1175 1181)
3(1233 1234 287)
3(36 21 35)
3(159 18 160)
3(88 25 87)
3(223 24 224)
3(305 1226 1227)
3(1198 40 1229)
3(139 1139 1170)
3(1169 1143 210)
3(1228 83 1202)
3(1216 1217 1231)
3(228 1151 1142)
3(1210 92 1201)
3(1197 31 1212)
3(155 1138 1153)
3(307 1250 1223)
3(1148 1178 1179)
3(1174 282 1175)
3(281 1177 1178)
3(1137 1168 1172)
3(1268 1262 1267)
3(1206 1217 1216)
3(1250 1230 1223)
3(13 1190 175)
3(1157 1147 1182)
3(1148 1179 1180)
3(1247 57 2)
3(1150 1179 1172)
3(74 1244 6)
3(14 1185 192)
3(41 0 1248)
3(1186 209 15)
3(1266 1263 1267)
3(1164 1191 302)
3(275 1081 278)
3(277 1080 280)
3(278 1082 275)
3(288 1122 283)
3(280 1079 277)
3(290 1121 285)
3(285 1120 290)
3(283 1123 288)
3(13 195 1190)
3(5 1245 77)
3(46 1247 2)
3(120 9 1187)
3(38 1249 1)
3(1189 137 10)
3(1145 1155 1183)
3(212 1185 14)
3(1244 85 6)
3(1226 305 54)
3(1163 302 178)
3(229 1186 15)
3(30 1248 0)
3(1246 93 7)
3(11 1188 154)
3(282 281 1148)
3(286 287 1207)
3(1276 1263 1269)
3(1154 1176 1177)
3(1233 1232 1234)
3(1171 1191 1164)
3(57 1224 56)
3(105 1165 106)
3(1272 1268 1265)
3(1265 1268 1276)
3(1158 1147 1157)
3(67 1220 66)
3(175 1161 176)
3(1226 55 1225)
3(104 1167 1166)
3(1208 1239 1240)
3(1273 1269 1263)
3(55 56 1225)
3(105 104 1166)
3(120 1136 121)
3(46 47 1195)
3(1151 1174 1152)
3(1264 1275 1270)
3(25 89 90)
3(226 225 24)
3(34 21 33)
3(157 18 158)
3(1208 1250 306)
3(1148 1180 1181)
3(1276 1269 1265)
3(1150 1192 301)
3(1145 1156 1155)
3(1265 306 307)
3(1250 307 306)
3(1270 1275 1262)
3(154 1138 155)
3(31 1197 30)
3(93 1201 92)
3(229 228 1142)
3(1218 74 75)
3(192 1159 193)
3(122 1160 123)
3(48 49 1219)
3(177 1162 1163)
3(211 1144 212)
3(85 1203 84)
3(39 1205 38)
3(137 1146 138)
3(1237 1235 1236)
3(300 1264 301)
3(300 301 1192)
3(1275 1266 1267)
3(1225 1243 1227)
3(279 1080 276)
3(284 1121 289)
3(21 20 33)
3(21 1081 20)
3(19 1079 18)
3(19 18 157)
3(23 1122 25)
3(23 25 90)
3(24 22 226)
3(24 1120 22)
3(276 1082 279)
3(289 1123 284)
3(1221 67 68)
3(176 1162 177)
3(300 1271 1264)
3(42 43 37)
3(59 53 58)
3(161 142 141)
3(65 70 64)
3(81 86 80)
3(207 222 208)
3(1251 305 1227)
3(1264 1271 1266)
3(1267 1263 1276)
3(1250 1208 1230)
3(301 1270 302)
3(1191 301 302)
3(1225 1227 1226)
3(301 1191 1149)
3(1231 1209 1251)
3(193 1134 194)
3(75 76 1193)
3(1265 307 1272)
3(122 121 1135)
3(48 1194 47)
3(1229 40 41)
3(140 139 1170)
3(83 1228 82)
3(209 1169 210)
3(1266 1275 1264)
3(306 1251 1209)
3(77 1199 76)
3(1140 195 194)
3(305 306 1269)
3(305 1251 306)
3(227 1151 228)
3(31 32 1212)
3(92 1210 91)
3(155 1153 156)
3(1180 1149 1181)
3(1191 1171 1149)
3(1174 1175 1173)
3(300 1192 1168)
3(1270 1274 302)
3(1273 305 1269)
3(1177 1176 1178)
3(160 296 161)
3(222 298 223)
3(40 1198 39)
3(1139 139 138)
3(83 84 1202)
3(1143 211 210)
3(1262 1275 1267)
3(87 303 86)
3(36 37 291)
3(1267 1276 1268)
3(1150 1172 1192)
3(50 51 45)
3(124 144 125)
3(73 78 72)
3(205 191 190)
3(1270 1262 1274)
3(1237 1207 1238)
3(1168 1192 1172)
3(1227 1231 1251)
3(1151 22 1174)
3(1179 1150 1180)
3(177 1163 178)
3(69 1222 68)
3(1226 54 55)
3(103 1167 104)
3(281 19 1177)
3(20 286 1236)
3(1243 1196 1227)
3(1209 1238 1239)
3(0 42 37)
3(86 81 7)
3(50 45 1)
3(65 5 70)
3(58 53 2)
3(6 78 73)
3(161 141 11)
3(124 10 144)
3(107 9 127)
3(15 208 222)
3(191 205 14)
3(1210 1233 23)
3(1152 1174 1173)
3(175 174 13)
3(66 5 65)
3(74 6 73)
3(42 0 41)
3(7 81 82)
3(58 2 57)
3(192 191 14)
3(208 15 209)
3(141 140 11)
3(123 10 124)
3(107 106 9)
3(189 299 190)
3(125 297 126)
3(1227 1196 1231)
3(1207 1234 1240)
3(304 71 72)
3(52 292 51)
3(292 53 59)
3(64 70 304)
3(287 23 1233)
3(22 282 1174)
3(142 161 296)
3(207 298 222)
3(1240 1239 1207)
3(1238 1207 1239)
3(32 20 1212)
3(1210 23 91)
3(19 156 1153)
3(227 22 1151)
3(37 43 291)
3(303 80 86)
3(33 20 32)
3(91 23 90)
3(156 19 157)
3(226 22 227)
3(174 173 188)
3(63 29 62)
3(61 26 60)
3(28 172 171)
3(109 27 110)
3(143 142 296)
3(206 298 207)
3(189 188 299)
3(126 297 127)
3(292 52 53)
3(71 304 70)
3(35 21 34)
3(89 25 88)
3(158 18 159)
3(24 225 224)
3(44 291 43)
3(80 303 79)
3(26 61 3)
3(110 27 8)
3(4 62 29)
3(12 28 171)
3(1124 1132 291)
3(280 279 1126)
3(1260 1252 303)
3(288 289 1255)
3(291 21 36)
3(278 1132 1127)
3(1260 288 1255)
3(303 87 25)
3(1258 1253 1254)
3(1254 289 290)
3(1260 1255 1252)
3(1268 308 309)
3(1255 289 1254)
3(1258 290 24)
3(308 1268 1272)
3(1128 1126 1127)
3(1127 1126 279)
3(278 1127 279)
3(280 1130 18)
3(18 296 160)
3(1125 1130 1126)
3(1259 304 1252)
3(295 1128 294)
3(1266 294 1263)
3(1124 1133 1127)
3(294 1133 293)
3(1263 294 293)
3(1132 1124 1127)
3(1266 295 294)
3(1271 27 295)
3(1268 309 1262)
3(1262 309 310)
3(1256 309 1261)
3(1254 1256 1255)
3(1255 1256 1261)
3(1254 1253 1256)
3(1256 310 309)
3(1274 310 28)
3(1261 309 308)
3(1255 1261 1252)
3(1261 1259 1252)
3(1272 29 308)
3(292 1131 1124)
3(1127 1133 1128)
3(1131 1133 1124)
3(1273 293 26)
3(298 24 223)
3(1257 1256 1253)
3(1128 1133 294)
3(190 299 298)
3(299 1253 298)
3(29 304 1259)
3(304 29 63)
3(51 292 291)
3(1252 304 303)
3(12 178 302)
3(3 54 305)
3(27 297 1129)
3(297 27 109)
3(29 1272 307)
3(29 307 4)
3(27 1271 300)
3(27 300 8)
3(280 18 1079)
3(279 1082 278)
3(289 1121 290)
3(25 1122 288)
3(28 299 172)
3(28 1257 299)
3(26 292 60)
3(26 1131 292)
3(1254 290 1258)
3(280 1126 1130)
3(19 1153 1177)
3(21 278 1081)
3(289 288 1123)
3(1195 1194 1196)
3(1140 1141 1162)
3(1160 1135 1182)
3(282 1148 1175)
3(1195 1243 1224)
3(1225 1224 1243)
3(19 277 1079)
3(276 275 1082)
3(1166 1167 1168)
3(1162 1164 1163)
3(1222 1221 68)
3(1220 1245 66)
3(1161 175 1190)
3(1165 1187 106)
3(50 1 49)
3(1249 49 1)
3(10 123 1189)
3(1159 192 1185)
3(1228 1246 82)
3(1229 41 1248)
3(1170 1188 140)
3(5 66 1245)
3(106 1187 9)
3(7 82 1246)
3(11 140 1188)
3(297 108 127)
3(108 107 127)
3(69 307 1222)
3(103 300 1167)
3(27 1129 295)
3(28 310 1257)
3(26 293 1131)
3(29 1259 308)
3(188 13 174)
3(173 299 188)
3(1128 1125 1126)
3(1125 1128 1129)
3(279 280 1080)
3(24 290 1120)
3(69 4 307)
3(103 8 300)
3(20 1236 1212)
3(1229 1197 1213)
3(300 1168 1167)
3(1219 49 1249)
3(72 71 680)
3(689 72 680)
3(689 680 681)
3(690 689 681)
3(690 681 682)
3(691 690 682)
3(691 682 683)
3(692 691 683)
3(692 683 684)
3(693 692 684)
3(693 684 685)
3(694 693 685)
3(694 685 686)
3(695 694 686)
3(695 686 687)
3(696 695 687)
3(696 687 688)
3(697 696 688)
3(697 688 189)
3(190 697 189)
3(73 72 689)
3(698 73 689)
3(698 689 690)
3(699 698 690)
3(699 690 691)
3(700 699 691)
3(700 691 692)
3(701 700 692)
3(701 692 693)
3(702 701 693)
3(702 693 694)
3(703 702 694)
3(703 694 695)
3(704 703 695)
3(704 695 696)
3(705 704 696)
3(705 696 697)
3(706 705 697)
3(706 697 190)
3(191 706 190)
3(77 76 725)
3(734 77 725)
3(734 725 726)
3(735 734 726)
3(735 726 727)
3(736 735 727)
3(736 727 728)
3(737 736 728)
3(737 728 729)
3(738 737 729)
3(738 729 730)
3(739 738 730)
3(739 730 731)
3(740 739 731)
3(740 731 732)
3(741 740 732)
3(741 732 733)
3(742 741 733)
3(742 733 194)
3(195 742 194)
3(75 74 707)
3(716 75 707)
3(716 707 708)
3(717 716 708)
3(717 708 709)
3(718 717 709)
3(718 709 710)
3(719 718 710)
3(719 710 711)
3(720 719 711)
3(720 711 712)
3(721 720 712)
3(721 712 713)
3(722 721 713)
3(722 713 714)
3(723 722 714)
3(723 714 715)
3(724 723 715)
3(724 715 192)
3(193 724 192)
3(70 5 179)
3(671 70 179)
3(671 179 180)
3(672 671 180)
3(672 180 181)
3(673 672 181)
3(673 181 182)
3(674 673 182)
3(674 182 183)
3(675 674 183)
3(675 183 184)
3(676 675 184)
3(676 184 185)
3(677 676 185)
3(677 185 186)
3(678 677 186)
3(678 186 187)
3(679 678 187)
3(679 187 13)
3(188 679 13)
3(71 70 671)
3(680 71 671)
3(680 671 672)
3(681 680 672)
3(681 672 673)
3(682 681 673)
3(682 673 674)
3(683 682 674)
3(683 674 675)
3(684 683 675)
3(684 675 676)
3(685 684 676)
3(685 676 677)
3(686 685 677)
3(686 677 678)
3(687 686 678)
3(687 678 679)
3(688 687 679)
3(688 679 188)
3(189 688 188)
3(76 75 716)
3(725 76 716)
3(725 716 717)
3(726 725 717)
3(726 717 718)
3(727 726 718)
3(727 718 719)
3(728 727 719)
3(728 719 720)
3(729 728 720)
3(729 720 721)
3(730 729 721)
3(730 721 722)
3(731 730 722)
3(731 722 723)
3(732 731 723)
3(732 723 724)
3(733 732 724)
3(733 724 193)
3(194 733 193)
3(5 77 734)
3(179 5 734)
3(179 734 735)
3(180 179 735)
3(180 735 736)
3(181 180 736)
3(181 736 737)
3(182 181 737)
3(182 737 738)
3(183 182 738)
3(183 738 739)
3(184 183 739)
3(184 739 740)
3(185 184 740)
3(185 740 741)
3(186 185 741)
3(186 741 742)
3(187 186 742)
3(187 742 195)
3(13 187 195)
3(74 73 698)
3(707 74 698)
3(707 698 699)
3(708 707 699)
3(708 699 700)
3(709 708 700)
3(709 700 701)
3(710 709 701)
3(710 701 702)
3(711 710 702)
3(711 702 703)
3(712 711 703)
3(712 703 704)
3(713 712 704)
3(713 704 705)
3(714 713 705)
3(714 705 706)
3(715 714 706)
3(715 706 191)
3(192 715 191)
3(64 63 608)
3(617 64 608)
3(617 608 609)
3(618 617 609)
3(618 609 610)
3(619 618 610)
3(619 610 611)
3(620 619 611)
3(620 611 612)
3(621 620 612)
3(621 612 613)
3(622 621 613)
3(622 613 614)
3(623 622 614)
3(623 614 615)
3(624 623 615)
3(624 615 616)
3(625 624 616)
3(625 616 172)
3(173 625 172)
3(65 64 617)
3(626 65 617)
3(626 617 618)
3(627 626 618)
3(627 618 619)
3(628 627 619)
3(628 619 620)
3(629 628 620)
3(629 620 621)
3(630 629 621)
3(630 621 622)
3(631 630 622)
3(631 622 623)
3(632 631 623)
3(632 623 624)
3(633 632 624)
3(633 624 625)
3(634 633 625)
3(634 625 173)
3(174 634 173)
3(69 68 653)
3(662 69 653)
3(662 653 654)
3(663 662 654)
3(663 654 655)
3(664 663 655)
3(664 655 656)
3(665 664 656)
3(665 656 657)
3(666 665 657)
3(666 657 658)
3(667 666 658)
3(667 658 659)
3(668 667 659)
3(668 659 660)
3(669 668 660)
3(669 660 661)
3(670 669 661)
3(670 661 177)
3(178 670 177)
3(67 66 635)
3(644 67 635)
3(644 635 636)
3(645 644 636)
3(645 636 637)
3(646 645 637)
3(646 637 638)
3(647 646 638)
3(647 638 639)
3(648 647 639)
3(648 639 640)
3(649 648 640)
3(649 640 641)
3(650 649 641)
3(650 641 642)
3(651 650 642)
3(651 642 643)
3(652 651 643)
3(652 643 175)
3(176 652 175)
3(62 4 162)
3(599 62 162)
3(599 162 163)
3(600 599 163)
3(600 163 164)
3(601 600 164)
3(601 164 165)
3(602 601 165)
3(602 165 166)
3(603 602 166)
3(603 166 167)
3(604 603 167)
3(604 167 168)
3(605 604 168)
3(605 168 169)
3(606 605 169)
3(606 169 170)
3(607 606 170)
3(607 170 12)
3(171 607 12)
3(63 62 599)
3(608 63 599)
3(608 599 600)
3(609 608 600)
3(609 600 601)
3(610 609 601)
3(610 601 602)
3(611 610 602)
3(611 602 603)
3(612 611 603)
3(612 603 604)
3(613 612 604)
3(613 604 605)
3(614 613 605)
3(614 605 606)
3(615 614 606)
3(615 606 607)
3(616 615 607)
3(616 607 171)
3(172 616 171)
3(68 67 644)
3(653 68 644)
3(653 644 645)
3(654 653 645)
3(654 645 646)
3(655 654 646)
3(655 646 647)
3(656 655 647)
3(656 647 648)
3(657 656 648)
3(657 648 649)
3(658 657 649)
3(658 649 650)
3(659 658 650)
3(659 650 651)
3(660 659 651)
3(660 651 652)
3(661 660 652)
3(661 652 176)
3(177 661 176)
3(4 69 662)
3(162 4 662)
3(162 662 663)
3(163 162 663)
3(163 663 664)
3(164 163 664)
3(164 664 665)
3(165 164 665)
3(165 665 666)
3(166 165 666)
3(166 666 667)
3(167 166 667)
3(167 667 668)
3(168 167 668)
3(168 668 669)
3(169 168 669)
3(169 669 670)
3(170 169 670)
3(170 670 178)
3(12 170 178)
3(66 65 626)
3(635 66 626)
3(635 626 627)
3(636 635 627)
3(636 627 628)
3(637 636 628)
3(637 628 629)
3(638 637 629)
3(638 629 630)
3(639 638 630)
3(639 630 631)
3(640 639 631)
3(640 631 632)
3(641 640 632)
3(641 632 633)
3(642 641 633)
3(642 633 634)
3(643 642 634)
3(643 634 174)
3(175 643 174)
3(61 60 365)
3(374 61 365)
3(374 365 366)
3(375 374 366)
3(375 366 367)
3(376 375 367)
3(376 367 368)
3(377 376 368)
3(377 368 369)
3(378 377 369)
3(378 369 370)
3(379 378 370)
3(379 370 371)
3(380 379 371)
3(380 371 372)
3(381 380 372)
3(381 372 373)
3(382 381 373)
3(382 373 109)
3(110 382 109)
3(58 57 338)
3(347 58 338)
3(347 338 339)
3(348 347 339)
3(348 339 340)
3(349 348 340)
3(349 340 341)
3(350 349 341)
3(350 341 342)
3(351 350 342)
3(351 342 343)
3(352 351 343)
3(352 343 344)
3(353 352 344)
3(353 344 345)
3(354 353 345)
3(354 345 346)
3(355 354 346)
3(355 346 106)
3(107 355 106)
3(60 59 356)
3(365 60 356)
3(365 356 357)
3(366 365 357)
3(366 357 358)
3(367 366 358)
3(367 358 359)
3(368 367 359)
3(368 359 360)
3(369 368 360)
3(369 360 361)
3(370 369 361)
3(370 361 362)
3(371 370 362)
3(371 362 363)
3(372 371 363)
3(372 363 364)
3(373 372 364)
3(373 364 108)
3(109 373 108)
3(54 3 94)
3(311 54 94)
3(311 94 95)
3(312 311 95)
3(312 95 96)
3(313 312 96)
3(313 96 97)
3(314 313 97)
3(314 97 98)
3(315 314 98)
3(315 98 99)
3(316 315 99)
3(316 99 100)
3(317 316 100)
3(317 100 101)
3(318 317 101)
3(318 101 102)
3(319 318 102)
3(319 102 8)
3(103 319 8)
3(56 55 320)
3(329 56 320)
3(329 320 321)
3(330 329 321)
3(330 321 322)
3(331 330 322)
3(331 322 323)
3(332 331 323)
3(332 323 324)
3(333 332 324)
3(333 324 325)
3(334 333 325)
3(334 325 326)
3(335 334 326)
3(335 326 327)
3(336 335 327)
3(336 327 328)
3(337 336 328)
3(337 328 104)
3(105 337 104)
3(3 61 374)
3(94 3 374)
3(94 374 375)
3(95 94 375)
3(95 375 376)
3(96 95 376)
3(96 376 377)
3(97 96 377)
3(97 377 378)
3(98 97 378)
3(98 378 379)
3(99 98 379)
3(99 379 380)
3(100 99 380)
3(100 380 381)
3(101 100 381)
3(101 381 382)
3(102 101 382)
3(102 382 110)
3(8 102 110)
3(57 56 329)
3(338 57 329)
3(338 329 330)
3(339 338 330)
3(339 330 331)
3(340 339 331)
3(340 331 332)
3(341 340 332)
3(341 332 333)
3(342 341 333)
3(342 333 334)
3(343 342 334)
3(343 334 335)
3(344 343 335)
3(344 335 336)
3(345 344 336)
3(345 336 337)
3(346 345 337)
3(346 337 105)
3(106 346 105)
3(59 58 347)
3(356 59 347)
3(356 347 348)
3(357 356 348)
3(357 348 349)
3(358 357 349)
3(358 349 350)
3(359 358 350)
3(359 350 351)
3(360 359 351)
3(360 351 352)
3(361 360 352)
3(361 352 353)
3(362 361 353)
3(362 353 354)
3(363 362 354)
3(363 354 355)
3(364 363 355)
3(364 355 107)
3(108 364 107)
3(55 54 311)
3(320 55 311)
3(320 311 312)
3(321 320 312)
3(321 312 313)
3(322 321 313)
3(322 313 314)
3(323 322 314)
3(323 314 315)
3(324 323 315)
3(324 315 316)
3(325 324 316)
3(325 316 317)
3(326 325 317)
3(326 317 318)
3(327 326 318)
3(327 318 319)
3(328 327 319)
3(328 319 103)
3(104 328 103)
)


// ************************************************************************* //
