/*--------------------------------*- C++ -*----------------------------------*\
| =========                 |                                                 |
| \\      /  F ield         | OpenFOAM: The Open Source CFD Toolbox           |
|  \\    /   O peration     | Version:  2412                                  |
|   \\  /    A nd           | Website:  www.openfoam.com                      |
|    \\/     M anipulation  |                                                 |
\*---------------------------------------------------------------------------*/
FoamFile
{
    version     2.0;
    format      ascii;
    arch        "LSB;label=32;scalar=64";
    class       faceList;
    location    "constant/polyMesh";
    object      faces;
}
// * * * * * * * * * * * * * * * * * * * * * * * * * * * * * * * * * * * * * //


27598
(
3(437 439 511)
3(437 511 80)
3(439 80 511)
3(437 80 439)
3(1728 511 439)
3(1746 511 1728)
3(1746 439 511)
3(1746 1728 439)
3(1728 511 437)
3(439 1728 437)
3(1728 1746 512)
3(1728 512 511)
3(1746 511 512)
3(1729 512 1746)
3(1747 512 1729)
3(1747 1746 512)
3(1747 1729 1746)
3(1729 512 1728)
3(1746 1729 1728)
3(1729 1747 513)
3(1729 513 512)
3(1747 512 513)
3(1730 513 1747)
3(1748 513 1730)
3(1748 1747 513)
3(1748 1730 1747)
3(1730 513 1729)
3(1747 1730 1729)
3(1730 1748 514)
3(1730 514 513)
3(1748 513 514)
3(1731 514 1748)
3(1749 514 1731)
3(1749 1748 514)
3(1749 1731 1748)
3(1731 514 1730)
3(1748 1731 1730)
3(1731 1749 515)
3(1731 515 514)
3(1749 514 515)
3(1732 515 1749)
3(1750 515 1732)
3(1750 1749 515)
3(1750 1732 1749)
3(1732 515 1731)
3(1749 1732 1731)
3(1732 1750 516)
3(1732 516 515)
3(1750 515 516)
3(1733 516 1750)
3(1751 516 1733)
3(1751 1750 516)
3(1751 1733 1750)
3(1733 516 1732)
3(1750 1733 1732)
3(1733 1751 517)
3(1733 517 516)
3(1751 516 517)
3(1734 517 1751)
3(1752 517 1734)
3(1752 1751 517)
3(1752 1734 1751)
3(1734 517 1733)
3(1751 1734 1733)
3(1734 1752 518)
3(1734 518 517)
3(1752 517 518)
3(1735 518 1752)
3(1753 518 1735)
3(1753 1752 518)
3(1753 1735 1752)
3(1735 518 1734)
3(1752 1735 1734)
3(1735 1753 519)
3(1735 519 518)
3(1753 518 519)
3(1736 519 1753)
3(1754 519 1736)
3(1754 1753 519)
3(1754 1736 1753)
3(1736 519 1735)
3(1753 1736 1735)
3(1736 1754 129)
3(1736 129 519)
3(1754 519 129)
3(529 129 1754)
3(531 1754 129)
3(531 529 1754)
3(531 129 529)
3(529 129 1736)
3(1754 529 1736)
3(81 437 511)
3(81 511 80)
3(81 80 437)
3(520 511 437)
3(1728 511 520)
3(1728 520 437)
3(437 520 81)
3(520 511 81)
3(520 1728 512)
3(520 512 511)
3(521 512 1728)
3(1729 512 521)
3(1729 521 1728)
3(1728 521 520)
3(521 512 520)
3(521 1729 513)
3(521 513 512)
3(522 513 1729)
3(1730 513 522)
3(1730 522 1729)
3(1729 522 521)
3(522 513 521)
3(522 1730 514)
3(522 514 513)
3(523 514 1730)
3(1731 514 523)
3(1731 523 1730)
3(1730 523 522)
3(523 514 522)
3(523 1731 515)
3(523 515 514)
3(524 515 1731)
3(1732 515 524)
3(1732 524 1731)
3(1731 524 523)
3(524 515 523)
3(524 1732 516)
3(524 516 515)
3(525 516 1732)
3(1733 516 525)
3(1733 525 1732)
3(1732 525 524)
3(525 516 524)
3(525 1733 517)
3(525 517 516)
3(526 517 1733)
3(1734 517 526)
3(1734 526 1733)
3(1733 526 525)
3(526 517 525)
3(526 1734 518)
3(526 518 517)
3(527 518 1734)
3(1735 518 527)
3(1735 527 1734)
3(1734 527 526)
3(527 518 526)
3(527 1735 519)
3(527 519 518)
3(528 519 1735)
3(1736 519 528)
3(1736 528 1735)
3(1735 528 527)
3(528 519 527)
3(528 1736 129)
3(528 129 519)
3(130 129 1736)
3(529 130 1736)
3(529 129 130)
3(1736 130 528)
3(130 129 528)
3(3 440 1728)
3(3 1728 437)
3(440 437 1728)
3(3 437 440)
3(114 1728 440)
3(1755 1728 114)
3(1755 114 440)
3(1755 440 1728)
3(440 114 3)
3(114 1728 3)
3(114 1755 1729)
3(114 1729 1728)
3(1755 1728 1729)
3(115 1729 1755)
3(1756 1729 115)
3(1756 115 1755)
3(1756 1755 1729)
3(1755 115 114)
3(115 1729 114)
3(115 1756 1730)
3(115 1730 1729)
3(1756 1729 1730)
3(116 1730 1756)
3(1757 1730 116)
3(1757 116 1756)
3(1757 1756 1730)
3(1756 116 115)
3(116 1730 115)
3(116 1757 1731)
3(116 1731 1730)
3(1757 1730 1731)
3(117 1731 1757)
3(1758 1731 117)
3(1758 117 1757)
3(1758 1757 1731)
3(1757 117 116)
3(117 1731 116)
3(117 1758 1732)
3(117 1732 1731)
3(1758 1731 1732)
3(118 1732 1758)
3(1759 1732 118)
3(1759 118 1758)
3(1759 1758 1732)
3(1758 118 117)
3(118 1732 117)
3(118 1759 1733)
3(118 1733 1732)
3(1759 1732 1733)
3(119 1733 1759)
3(1760 1733 119)
3(1760 119 1759)
3(1760 1759 1733)
3(1759 119 118)
3(119 1733 118)
3(119 1760 1734)
3(119 1734 1733)
3(1760 1733 1734)
3(120 1734 1760)
3(1761 1734 120)
3(1761 120 1760)
3(1761 1760 1734)
3(1760 120 119)
3(120 1734 119)
3(120 1761 1735)
3(120 1735 1734)
3(1761 1734 1735)
3(121 1735 1761)
3(1762 1735 121)
3(1762 121 1761)
3(1762 1761 1735)
3(1761 121 120)
3(121 1735 120)
3(121 1762 1736)
3(121 1736 1735)
3(1762 1735 1736)
3(122 1736 1762)
3(1763 1736 122)
3(1763 122 1762)
3(1763 1762 1736)
3(1762 122 121)
3(122 1736 121)
3(122 1763 529)
3(122 529 1736)
3(1763 1736 529)
3(8 529 1763)
3(532 8 1763)
3(532 1763 529)
3(532 529 8)
3(1763 8 122)
3(8 529 122)
3(78 439 484)
3(439 77 484)
3(78 484 77)
3(78 77 439)
3(493 484 439)
3(1746 484 493)
3(1746 439 484)
3(1746 493 439)
3(439 493 78)
3(493 484 78)
3(493 1746 485)
3(1746 484 485)
3(493 485 484)
3(494 485 1746)
3(1747 485 494)
3(1747 1746 485)
3(1747 494 1746)
3(1746 494 493)
3(494 485 493)
3(494 1747 486)
3(1747 485 486)
3(494 486 485)
3(495 486 1747)
3(1748 486 495)
3(1748 1747 486)
3(1748 495 1747)
3(1747 495 494)
3(495 486 494)
3(495 1748 487)
3(1748 486 487)
3(495 487 486)
3(496 487 1748)
3(1749 487 496)
3(1749 1748 487)
3(1749 496 1748)
3(1748 496 495)
3(496 487 495)
3(496 1749 488)
3(1749 487 488)
3(496 488 487)
3(497 488 1749)
3(1750 488 497)
3(1750 1749 488)
3(1750 497 1749)
3(1749 497 496)
3(497 488 496)
3(497 1750 489)
3(1750 488 489)
3(497 489 488)
3(498 489 1750)
3(1751 489 498)
3(1751 1750 489)
3(1751 498 1750)
3(1750 498 497)
3(498 489 497)
3(498 1751 490)
3(1751 489 490)
3(498 490 489)
3(499 490 1751)
3(1752 490 499)
3(1752 1751 490)
3(1752 499 1751)
3(1751 499 498)
3(499 490 498)
3(499 1752 491)
3(1752 490 491)
3(499 491 490)
3(500 491 1752)
3(1753 491 500)
3(1753 1752 491)
3(1753 500 1752)
3(1752 500 499)
3(500 491 499)
3(500 1753 492)
3(1753 491 492)
3(500 492 491)
3(501 492 1753)
3(1754 492 501)
3(1754 1753 492)
3(1754 501 1753)
3(1753 501 500)
3(501 492 500)
3(501 1754 126)
3(1754 492 126)
3(501 126 492)
3(127 126 1754)
3(531 1754 126)
3(531 127 1754)
3(531 126 127)
3(1754 127 501)
3(127 126 501)
3(80 439 502)
3(439 79 502)
3(80 502 79)
3(80 79 439)
3(511 502 439)
3(1746 502 511)
3(1746 439 502)
3(511 502 80)
3(511 1746 503)
3(1746 502 503)
3(511 503 502)
3(512 503 1746)
3(1747 503 512)
3(1747 1746 503)
3(512 503 511)
3(512 1747 504)
3(1747 503 504)
3(512 504 503)
3(513 504 1747)
3(1748 504 513)
3(1748 1747 504)
3(513 504 512)
3(513 1748 505)
3(1748 504 505)
3(513 505 504)
3(514 505 1748)
3(1749 505 514)
3(1749 1748 505)
3(514 505 513)
3(514 1749 506)
3(1749 505 506)
3(514 506 505)
3(515 506 1749)
3(1750 506 515)
3(1750 1749 506)
3(515 506 514)
3(515 1750 507)
3(1750 506 507)
3(515 507 506)
3(516 507 1750)
3(1751 507 516)
3(1751 1750 507)
3(516 507 515)
3(516 1751 508)
3(1751 507 508)
3(516 508 507)
3(517 508 1751)
3(1752 508 517)
3(1752 1751 508)
3(517 508 516)
3(517 1752 509)
3(1752 508 509)
3(517 509 508)
3(518 509 1752)
3(1753 509 518)
3(1753 1752 509)
3(518 509 517)
3(518 1753 510)
3(1753 509 510)
3(518 510 509)
3(519 510 1753)
3(1754 510 519)
3(1754 1753 510)
3(519 510 518)
3(519 1754 128)
3(1754 510 128)
3(519 128 510)
3(129 128 1754)
3(531 1754 128)
3(531 128 129)
3(129 128 519)
3(74 440 114)
3(74 114 3)
3(74 3 440)
3(457 114 440)
3(1755 114 457)
3(1755 457 440)
3(440 457 74)
3(457 114 74)
3(457 1755 115)
3(457 115 114)
3(458 115 1755)
3(1756 115 458)
3(1756 458 1755)
3(1755 458 457)
3(458 115 457)
3(458 1756 116)
3(458 116 115)
3(459 116 1756)
3(1757 116 459)
3(1757 459 1756)
3(1756 459 458)
3(459 116 458)
3(459 1757 117)
3(459 117 116)
3(460 117 1757)
3(1758 117 460)
3(1758 460 1757)
3(1757 460 459)
3(460 117 459)
3(460 1758 118)
3(460 118 117)
3(461 118 1758)
3(1759 118 461)
3(1759 461 1758)
3(1758 461 460)
3(461 118 460)
3(461 1759 119)
3(461 119 118)
3(462 119 1759)
3(1760 119 462)
3(1760 462 1759)
3(1759 462 461)
3(462 119 461)
3(462 1760 120)
3(462 120 119)
3(463 120 1760)
3(1761 120 463)
3(1761 463 1760)
3(1760 463 462)
3(463 120 462)
3(463 1761 121)
3(463 121 120)
3(464 121 1761)
3(1762 121 464)
3(1762 464 1761)
3(1761 464 463)
3(464 121 463)
3(464 1762 122)
3(464 122 121)
3(465 122 1762)
3(1763 122 465)
3(1763 465 1762)
3(1762 465 464)
3(465 122 464)
3(465 1763 8)
3(465 8 122)
3(123 8 1763)
3(532 123 1763)
3(532 8 123)
3(1763 123 465)
3(123 8 465)
3(438 440 475)
3(440 76 475)
3(438 475 76)
3(438 76 440)
3(1737 475 440)
3(1755 475 1737)
3(1755 440 475)
3(1755 1737 440)
3(1737 475 438)
3(440 1737 438)
3(1737 1755 476)
3(1755 475 476)
3(1737 476 475)
3(1738 476 1755)
3(1756 476 1738)
3(1756 1755 476)
3(1756 1738 1755)
3(1738 476 1737)
3(1755 1738 1737)
3(1738 1756 477)
3(1756 476 477)
3(1738 477 476)
3(1739 477 1756)
3(1757 477 1739)
3(1757 1756 477)
3(1757 1739 1756)
3(1739 477 1738)
3(1756 1739 1738)
3(1739 1757 478)
3(1757 477 478)
3(1739 478 477)
3(1740 478 1757)
3(1758 478 1740)
3(1758 1757 478)
3(1758 1740 1757)
3(1740 478 1739)
3(1757 1740 1739)
3(1740 1758 479)
3(1758 478 479)
3(1740 479 478)
3(1741 479 1758)
3(1759 479 1741)
3(1759 1758 479)
3(1759 1741 1758)
3(1741 479 1740)
3(1758 1741 1740)
3(1741 1759 480)
3(1759 479 480)
3(1741 480 479)
3(1742 480 1759)
3(1760 480 1742)
3(1760 1759 480)
3(1760 1742 1759)
3(1742 480 1741)
3(1759 1742 1741)
3(1742 1760 481)
3(1760 480 481)
3(1742 481 480)
3(1743 481 1760)
3(1761 481 1743)
3(1761 1760 481)
3(1761 1743 1760)
3(1743 481 1742)
3(1760 1743 1742)
3(1743 1761 482)
3(1761 481 482)
3(1743 482 481)
3(1744 482 1761)
3(1762 482 1744)
3(1762 1761 482)
3(1762 1744 1761)
3(1744 482 1743)
3(1761 1744 1743)
3(1744 1762 483)
3(1762 482 483)
3(1744 483 482)
3(1745 483 1762)
3(1763 483 1745)
3(1763 1762 483)
3(1763 1745 1762)
3(1745 483 1744)
3(1762 1745 1744)
3(1745 1763 125)
3(1763 483 125)
3(1745 125 483)
3(530 125 1763)
3(532 1763 125)
3(532 530 1763)
3(532 125 530)
3(530 125 1745)
3(1763 530 1745)
3(76 440 466)
3(440 75 466)
3(76 466 75)
3(76 75 440)
3(475 466 440)
3(1755 466 475)
3(1755 440 466)
3(475 466 76)
3(475 1755 467)
3(1755 466 467)
3(475 467 466)
3(476 467 1755)
3(1756 467 476)
3(1756 1755 467)
3(476 467 475)
3(476 1756 468)
3(1756 467 468)
3(476 468 467)
3(477 468 1756)
3(1757 468 477)
3(1757 1756 468)
3(477 468 476)
3(477 1757 469)
3(1757 468 469)
3(477 469 468)
3(478 469 1757)
3(1758 469 478)
3(1758 1757 469)
3(478 469 477)
3(478 1758 470)
3(1758 469 470)
3(478 470 469)
3(479 470 1758)
3(1759 470 479)
3(1759 1758 470)
3(479 470 478)
3(479 1759 471)
3(1759 470 471)
3(479 471 470)
3(480 471 1759)
3(1760 471 480)
3(1760 1759 471)
3(480 471 479)
3(480 1760 472)
3(1760 471 472)
3(480 472 471)
3(481 472 1760)
3(1761 472 481)
3(1761 1760 472)
3(481 472 480)
3(481 1761 473)
3(1761 472 473)
3(481 473 472)
3(482 473 1761)
3(1762 473 482)
3(1762 1761 473)
3(482 473 481)
3(482 1762 474)
3(1762 473 474)
3(482 474 473)
3(483 474 1762)
3(1763 474 483)
3(1763 1762 474)
3(483 474 482)
3(483 1763 124)
3(1763 474 124)
3(483 124 474)
3(125 124 1763)
3(532 1763 124)
3(532 124 125)
3(125 124 483)
3(77 439 1737)
3(77 1737 438)
3(439 438 1737)
3(77 438 439)
3(484 1737 439)
3(1746 1737 484)
3(1746 439 1737)
3(484 1737 77)
3(484 1746 1738)
3(484 1738 1737)
3(1746 1737 1738)
3(485 1738 1746)
3(1747 1738 485)
3(1747 1746 1738)
3(485 1738 484)
3(485 1747 1739)
3(485 1739 1738)
3(1747 1738 1739)
3(486 1739 1747)
3(1748 1739 486)
3(1748 1747 1739)
3(486 1739 485)
3(486 1748 1740)
3(486 1740 1739)
3(1748 1739 1740)
3(487 1740 1748)
3(1749 1740 487)
3(1749 1748 1740)
3(487 1740 486)
3(487 1749 1741)
3(487 1741 1740)
3(1749 1740 1741)
3(488 1741 1749)
3(1750 1741 488)
3(1750 1749 1741)
3(488 1741 487)
3(488 1750 1742)
3(488 1742 1741)
3(1750 1741 1742)
3(489 1742 1750)
3(1751 1742 489)
3(1751 1750 1742)
3(489 1742 488)
3(489 1751 1743)
3(489 1743 1742)
3(1751 1742 1743)
3(490 1743 1751)
3(1752 1743 490)
3(1752 1751 1743)
3(490 1743 489)
3(490 1752 1744)
3(490 1744 1743)
3(1752 1743 1744)
3(491 1744 1752)
3(1753 1744 491)
3(1753 1752 1744)
3(491 1744 490)
3(491 1753 1745)
3(491 1745 1744)
3(1753 1744 1745)
3(492 1745 1753)
3(1754 1745 492)
3(1754 1753 1745)
3(492 1745 491)
3(492 1754 530)
3(492 530 1745)
3(1754 1745 530)
3(126 530 1754)
3(531 1754 530)
3(531 530 126)
3(126 530 492)
3(3 437 520)
3(3 520 81)
3(3 81 437)
3(1728 3 520)
3(1728 520 114)
3(114 520 3)
3(114 1728 521)
3(114 521 520)
3(1729 114 521)
3(1729 521 115)
3(115 521 114)
3(115 1729 522)
3(115 522 521)
3(1730 115 522)
3(1730 522 116)
3(116 522 115)
3(116 1730 523)
3(116 523 522)
3(1731 116 523)
3(1731 523 117)
3(117 523 116)
3(117 1731 524)
3(117 524 523)
3(1732 117 524)
3(1732 524 118)
3(118 524 117)
3(118 1732 525)
3(118 525 524)
3(1733 118 525)
3(1733 525 119)
3(119 525 118)
3(119 1733 526)
3(119 526 525)
3(1734 119 526)
3(1734 526 120)
3(120 526 119)
3(120 1734 527)
3(120 527 526)
3(1735 120 527)
3(1735 527 121)
3(121 527 120)
3(121 1735 528)
3(121 528 527)
3(1736 121 528)
3(1736 528 122)
3(122 528 121)
3(122 1736 130)
3(122 130 528)
3(529 122 130)
3(8 130 122)
3(529 130 8)
3(77 438 475)
3(77 475 76)
3(77 76 438)
3(1737 77 475)
3(1737 475 484)
3(484 475 77)
3(484 1737 476)
3(484 476 475)
3(1738 484 476)
3(1738 476 485)
3(485 476 484)
3(485 1738 477)
3(485 477 476)
3(1739 485 477)
3(1739 477 486)
3(486 477 485)
3(486 1739 478)
3(486 478 477)
3(1740 486 478)
3(1740 478 487)
3(487 478 486)
3(487 1740 479)
3(487 479 478)
3(1741 487 479)
3(1741 479 488)
3(488 479 487)
3(488 1741 480)
3(488 480 479)
3(1742 488 480)
3(1742 480 489)
3(489 480 488)
3(489 1742 481)
3(489 481 480)
3(1743 489 481)
3(1743 481 490)
3(490 481 489)
3(490 1743 482)
3(490 482 481)
3(1744 490 482)
3(1744 482 491)
3(491 482 490)
3(491 1744 483)
3(491 483 482)
3(1745 491 483)
3(1745 483 492)
3(492 483 491)
3(492 1745 125)
3(492 125 483)
3(530 492 125)
3(126 125 492)
3(530 125 126)
3(438 439 1728)
3(438 1728 437)
3(438 437 439)
3(1737 1728 439)
3(1746 1728 1737)
3(1737 1728 438)
3(1737 1746 1729)
3(1737 1729 1728)
3(1738 1729 1746)
3(1747 1729 1738)
3(1738 1729 1737)
3(1738 1747 1730)
3(1738 1730 1729)
3(1739 1730 1747)
3(1748 1730 1739)
3(1739 1730 1738)
3(1739 1748 1731)
3(1739 1731 1730)
3(1740 1731 1748)
3(1749 1731 1740)
3(1740 1731 1739)
3(1740 1749 1732)
3(1740 1732 1731)
3(1741 1732 1749)
3(1750 1732 1741)
3(1741 1732 1740)
3(1741 1750 1733)
3(1741 1733 1732)
3(1742 1733 1750)
3(1751 1733 1742)
3(1742 1733 1741)
3(1742 1751 1734)
3(1742 1734 1733)
3(1743 1734 1751)
3(1752 1734 1743)
3(1743 1734 1742)
3(1743 1752 1735)
3(1743 1735 1734)
3(1744 1735 1752)
3(1753 1735 1744)
3(1744 1735 1743)
3(1744 1753 1736)
3(1744 1736 1735)
3(1745 1736 1753)
3(1754 1736 1745)
3(1745 1736 1744)
3(1745 1754 529)
3(1745 529 1736)
3(530 529 1754)
3(531 529 530)
3(530 529 1745)
3(440 438 1728)
3(437 438 440)
3(1728 1737 440)
3(1755 1737 1728)
3(1755 1737 1729)
3(1729 1738 1755)
3(1756 1738 1729)
3(1756 1738 1730)
3(1730 1739 1756)
3(1757 1739 1730)
3(1757 1739 1731)
3(1731 1740 1757)
3(1758 1740 1731)
3(1758 1740 1732)
3(1732 1741 1758)
3(1759 1741 1732)
3(1759 1741 1733)
3(1733 1742 1759)
3(1760 1742 1733)
3(1760 1742 1734)
3(1734 1743 1760)
3(1761 1743 1734)
3(1761 1743 1735)
3(1735 1744 1761)
3(1762 1744 1735)
3(1762 1744 1736)
3(1736 1745 1762)
3(1763 1745 1736)
3(1763 1745 529)
3(529 530 1763)
3(532 530 529)
3(79 439 493)
3(79 493 78)
3(79 78 439)
3(502 493 439)
3(1746 493 502)
3(502 493 79)
3(502 1746 494)
3(502 494 493)
3(503 494 1746)
3(1747 494 503)
3(503 494 502)
3(503 1747 495)
3(503 495 494)
3(504 495 1747)
3(1748 495 504)
3(504 495 503)
3(504 1748 496)
3(504 496 495)
3(505 496 1748)
3(1749 496 505)
3(505 496 504)
3(505 1749 497)
3(505 497 496)
3(506 497 1749)
3(1750 497 506)
3(506 497 505)
3(506 1750 498)
3(506 498 497)
3(507 498 1750)
3(1751 498 507)
3(507 498 506)
3(507 1751 499)
3(507 499 498)
3(508 499 1751)
3(1752 499 508)
3(508 499 507)
3(508 1752 500)
3(508 500 499)
3(509 500 1752)
3(1753 500 509)
3(509 500 508)
3(509 1753 501)
3(509 501 500)
3(510 501 1753)
3(1754 501 510)
3(510 501 509)
3(510 1754 127)
3(510 127 501)
3(128 127 1754)
3(531 127 128)
3(128 127 510)
3(75 440 457)
3(75 457 74)
3(75 74 440)
3(466 457 440)
3(1755 457 466)
3(466 457 75)
3(466 1755 458)
3(466 458 457)
3(467 458 1755)
3(1756 458 467)
3(467 458 466)
3(467 1756 459)
3(467 459 458)
3(468 459 1756)
3(1757 459 468)
3(468 459 467)
3(468 1757 460)
3(468 460 459)
3(469 460 1757)
3(1758 460 469)
3(469 460 468)
3(469 1758 461)
3(469 461 460)
3(470 461 1758)
3(1759 461 470)
3(470 461 469)
3(470 1759 462)
3(470 462 461)
3(471 462 1759)
3(1760 462 471)
3(471 462 470)
3(471 1760 463)
3(471 463 462)
3(472 463 1760)
3(1761 463 472)
3(472 463 471)
3(472 1761 464)
3(472 464 463)
3(473 464 1761)
3(1762 464 473)
3(473 464 472)
3(473 1762 465)
3(473 465 464)
3(474 465 1762)
3(1763 465 474)
3(474 465 473)
3(474 1763 123)
3(474 123 465)
3(124 123 1763)
3(532 123 124)
3(124 123 474)
3(70 434 560)
3(434 69 560)
3(70 560 69)
3(70 69 434)
3(569 560 434)
3(1773 560 569)
3(1773 569 434)
3(1773 434 560)
3(434 569 70)
3(569 560 70)
3(569 1773 561)
3(1773 560 561)
3(569 561 560)
3(570 561 1773)
3(1774 561 570)
3(1774 570 1773)
3(1774 1773 561)
3(1773 570 569)
3(570 561 569)
3(570 1774 562)
3(1774 561 562)
3(570 562 561)
3(571 562 1774)
3(1775 562 571)
3(1775 571 1774)
3(1775 1774 562)
3(1774 571 570)
3(571 562 570)
3(571 1775 563)
3(1775 562 563)
3(571 563 562)
3(572 563 1775)
3(1776 563 572)
3(1776 572 1775)
3(1776 1775 563)
3(1775 572 571)
3(572 563 571)
3(572 1776 564)
3(1776 563 564)
3(572 564 563)
3(573 564 1776)
3(1777 564 573)
3(1777 573 1776)
3(1777 1776 564)
3(1776 573 572)
3(573 564 572)
3(573 1777 565)
3(1777 564 565)
3(573 565 564)
3(574 565 1777)
3(1778 565 574)
3(1778 574 1777)
3(1778 1777 565)
3(1777 574 573)
3(574 565 573)
3(574 1778 566)
3(1778 565 566)
3(574 566 565)
3(575 566 1778)
3(1779 566 575)
3(1779 575 1778)
3(1779 1778 566)
3(1778 575 574)
3(575 566 574)
3(575 1779 567)
3(1779 566 567)
3(575 567 566)
3(576 567 1779)
3(1780 567 576)
3(1780 576 1779)
3(1780 1779 567)
3(1779 576 575)
3(576 567 575)
3(576 1780 568)
3(1780 567 568)
3(576 568 567)
3(577 568 1780)
3(1781 568 577)
3(1781 577 1780)
3(1781 1780 568)
3(1780 577 576)
3(577 568 576)
3(577 1781 143)
3(1781 568 143)
3(577 143 568)
3(144 143 1781)
3(606 144 1781)
3(606 1781 143)
3(606 143 144)
3(1781 144 577)
3(144 143 577)
3(73 433 587)
3(433 72 587)
3(73 587 72)
3(73 72 433)
3(596 587 433)
3(1764 587 596)
3(1764 433 587)
3(1764 596 433)
3(433 596 73)
3(596 587 73)
3(596 1764 588)
3(1764 587 588)
3(596 588 587)
3(597 588 1764)
3(1765 588 597)
3(1765 1764 588)
3(1765 597 1764)
3(1764 597 596)
3(597 588 596)
3(597 1765 589)
3(1765 588 589)
3(597 589 588)
3(598 589 1765)
3(1766 589 598)
3(1766 1765 589)
3(1766 598 1765)
3(1765 598 597)
3(598 589 597)
3(598 1766 590)
3(1766 589 590)
3(598 590 589)
3(599 590 1766)
3(1767 590 599)
3(1767 1766 590)
3(1767 599 1766)
3(1766 599 598)
3(599 590 598)
3(599 1767 591)
3(1767 590 591)
3(599 591 590)
3(600 591 1767)
3(1768 591 600)
3(1768 1767 591)
3(1768 600 1767)
3(1767 600 599)
3(600 591 599)
3(600 1768 592)
3(1768 591 592)
3(600 592 591)
3(601 592 1768)
3(1769 592 601)
3(1769 1768 592)
3(1769 601 1768)
3(1768 601 600)
3(601 592 600)
3(601 1769 593)
3(1769 592 593)
3(601 593 592)
3(602 593 1769)
3(1770 593 602)
3(1770 1769 593)
3(1770 602 1769)
3(1769 602 601)
3(602 593 601)
3(602 1770 594)
3(1770 593 594)
3(602 594 593)
3(603 594 1770)
3(1771 594 603)
3(1771 1770 594)
3(1771 603 1770)
3(1770 603 602)
3(603 594 602)
3(603 1771 595)
3(1771 594 595)
3(603 595 594)
3(604 595 1771)
3(1772 595 604)
3(1772 1771 595)
3(1772 604 1771)
3(1771 604 603)
3(604 595 603)
3(604 1772 146)
3(1772 595 146)
3(604 146 595)
3(147 146 1772)
3(605 1772 146)
3(605 147 1772)
3(605 146 147)
3(1772 147 604)
3(147 146 604)
3(433 436 587)
3(436 72 587)
3(433 72 436)
3(1764 587 436)
3(1791 587 1764)
3(1791 436 587)
3(1791 1764 436)
3(436 1764 433)
3(1764 1791 588)
3(1791 587 588)
3(1765 588 1791)
3(1792 588 1765)
3(1792 1791 588)
3(1792 1765 1791)
3(1791 1765 1764)
3(1765 1792 589)
3(1792 588 589)
3(1766 589 1792)
3(1793 589 1766)
3(1793 1792 589)
3(1793 1766 1792)
3(1792 1766 1765)
3(1766 1793 590)
3(1793 589 590)
3(1767 590 1793)
3(1794 590 1767)
3(1794 1793 590)
3(1794 1767 1793)
3(1793 1767 1766)
3(1767 1794 591)
3(1794 590 591)
3(1768 591 1794)
3(1795 591 1768)
3(1795 1794 591)
3(1795 1768 1794)
3(1794 1768 1767)
3(1768 1795 592)
3(1795 591 592)
3(1769 592 1795)
3(1796 592 1769)
3(1796 1795 592)
3(1796 1769 1795)
3(1795 1769 1768)
3(1769 1796 593)
3(1796 592 593)
3(1770 593 1796)
3(1797 593 1770)
3(1797 1796 593)
3(1797 1770 1796)
3(1796 1770 1769)
3(1770 1797 594)
3(1797 593 594)
3(1771 594 1797)
3(1798 594 1771)
3(1798 1797 594)
3(1798 1771 1797)
3(1797 1771 1770)
3(1771 1798 595)
3(1798 594 595)
3(1772 595 1798)
3(1799 595 1772)
3(1799 1798 595)
3(1799 1772 1798)
3(1798 1772 1771)
3(1772 1799 146)
3(1799 595 146)
3(605 146 1799)
3(608 1799 146)
3(608 605 1799)
3(608 146 605)
3(1799 605 1772)
3(436 434 569)
3(70 436 569)
3(70 434 436)
3(569 1773 436)
3(1791 1773 569)
3(1791 569 436)
3(1791 436 1773)
3(436 434 1773)
3(1791 1773 570)
3(569 1791 570)
3(570 1774 1791)
3(1792 1774 570)
3(1792 570 1791)
3(1792 1791 1774)
3(1791 1773 1774)
3(1792 1774 571)
3(570 1792 571)
3(571 1775 1792)
3(1793 1775 571)
3(1793 571 1792)
3(1793 1792 1775)
3(1792 1774 1775)
3(1793 1775 572)
3(571 1793 572)
3(572 1776 1793)
3(1794 1776 572)
3(1794 572 1793)
3(1794 1793 1776)
3(1793 1775 1776)
3(1794 1776 573)
3(572 1794 573)
3(573 1777 1794)
3(1795 1777 573)
3(1795 573 1794)
3(1795 1794 1777)
3(1794 1776 1777)
3(1795 1777 574)
3(573 1795 574)
3(574 1778 1795)
3(1796 1778 574)
3(1796 574 1795)
3(1796 1795 1778)
3(1795 1777 1778)
3(1796 1778 575)
3(574 1796 575)
3(575 1779 1796)
3(1797 1779 575)
3(1797 575 1796)
3(1797 1796 1779)
3(1796 1778 1779)
3(1797 1779 576)
3(575 1797 576)
3(576 1780 1797)
3(1798 1780 576)
3(1798 576 1797)
3(1798 1797 1780)
3(1797 1779 1780)
3(1798 1780 577)
3(576 1798 577)
3(577 1781 1798)
3(1799 1781 577)
3(1799 577 1798)
3(1799 1798 1781)
3(1798 1780 1781)
3(1799 1781 144)
3(577 1799 144)
3(144 606 1799)
3(608 144 1799)
3(608 1799 606)
3(608 606 144)
3(1799 1781 606)
3(2 435 1764)
3(2 1764 433)
3(435 433 1764)
3(2 433 435)
3(131 1764 435)
3(1782 1764 131)
3(1782 131 435)
3(1782 435 1764)
3(435 131 2)
3(131 1764 2)
3(131 1782 1765)
3(131 1765 1764)
3(1782 1764 1765)
3(132 1765 1782)
3(1783 1765 132)
3(1783 132 1782)
3(1783 1782 1765)
3(1782 132 131)
3(132 1765 131)
3(132 1783 1766)
3(132 1766 1765)
3(1783 1765 1766)
3(133 1766 1783)
3(1784 1766 133)
3(1784 133 1783)
3(1784 1783 1766)
3(1783 133 132)
3(133 1766 132)
3(133 1784 1767)
3(133 1767 1766)
3(1784 1766 1767)
3(134 1767 1784)
3(1785 1767 134)
3(1785 134 1784)
3(1785 1784 1767)
3(1784 134 133)
3(134 1767 133)
3(134 1785 1768)
3(134 1768 1767)
3(1785 1767 1768)
3(135 1768 1785)
3(1786 1768 135)
3(1786 135 1785)
3(1786 1785 1768)
3(1785 135 134)
3(135 1768 134)
3(135 1786 1769)
3(135 1769 1768)
3(1786 1768 1769)
3(136 1769 1786)
3(1787 1769 136)
3(1787 136 1786)
3(1787 1786 1769)
3(1786 136 135)
3(136 1769 135)
3(136 1787 1770)
3(136 1770 1769)
3(1787 1769 1770)
3(137 1770 1787)
3(1788 1770 137)
3(1788 137 1787)
3(1788 1787 1770)
3(1787 137 136)
3(137 1770 136)
3(137 1788 1771)
3(137 1771 1770)
3(1788 1770 1771)
3(138 1771 1788)
3(1789 1771 138)
3(1789 138 1788)
3(1789 1788 1771)
3(1788 138 137)
3(138 1771 137)
3(138 1789 1772)
3(138 1772 1771)
3(1789 1771 1772)
3(139 1772 1789)
3(1790 1772 139)
3(1790 139 1789)
3(1790 1789 1772)
3(1789 139 138)
3(139 1772 138)
3(139 1790 605)
3(139 605 1772)
3(1790 1772 605)
3(9 605 1790)
3(607 9 1790)
3(607 1790 605)
3(607 605 9)
3(1790 9 139)
3(9 605 139)
3(434 435 551)
3(435 68 551)
3(434 551 68)
3(434 68 435)
3(1773 551 435)
3(1782 551 1773)
3(1782 435 551)
3(1782 1773 435)
3(1773 551 434)
3(435 1773 434)
3(1773 1782 552)
3(1782 551 552)
3(1773 552 551)
3(1774 552 1782)
3(1783 552 1774)
3(1783 1782 552)
3(1783 1774 1782)
3(1774 552 1773)
3(1782 1774 1773)
3(1774 1783 553)
3(1783 552 553)
3(1774 553 552)
3(1775 553 1783)
3(1784 553 1775)
3(1784 1783 553)
3(1784 1775 1783)
3(1775 553 1774)
3(1783 1775 1774)
3(1775 1784 554)
3(1784 553 554)
3(1775 554 553)
3(1776 554 1784)
3(1785 554 1776)
3(1785 1784 554)
3(1785 1776 1784)
3(1776 554 1775)
3(1784 1776 1775)
3(1776 1785 555)
3(1785 554 555)
3(1776 555 554)
3(1777 555 1785)
3(1786 555 1777)
3(1786 1785 555)
3(1786 1777 1785)
3(1777 555 1776)
3(1785 1777 1776)
3(1777 1786 556)
3(1786 555 556)
3(1777 556 555)
3(1778 556 1786)
3(1787 556 1778)
3(1787 1786 556)
3(1787 1778 1786)
3(1778 556 1777)
3(1786 1778 1777)
3(1778 1787 557)
3(1787 556 557)
3(1778 557 556)
3(1779 557 1787)
3(1788 557 1779)
3(1788 1787 557)
3(1788 1779 1787)
3(1779 557 1778)
3(1787 1779 1778)
3(1779 1788 558)
3(1788 557 558)
3(1779 558 557)
3(1780 558 1788)
3(1789 558 1780)
3(1789 1788 558)
3(1789 1780 1788)
3(1780 558 1779)
3(1788 1780 1779)
3(1780 1789 559)
3(1789 558 559)
3(1780 559 558)
3(1781 559 1789)
3(1790 559 1781)
3(1790 1789 559)
3(1790 1781 1789)
3(1781 559 1780)
3(1789 1781 1780)
3(1781 1790 142)
3(1790 559 142)
3(1781 142 559)
3(606 142 1790)
3(607 1790 142)
3(607 606 1790)
3(607 142 606)
3(606 142 1781)
3(1790 606 1781)
3(66 435 131)
3(66 131 2)
3(66 2 435)
3(533 131 435)
3(1782 131 533)
3(1782 533 435)
3(435 533 66)
3(533 131 66)
3(533 1782 132)
3(533 132 131)
3(534 132 1782)
3(1783 132 534)
3(1783 534 1782)
3(1782 534 533)
3(534 132 533)
3(534 1783 133)
3(534 133 132)
3(535 133 1783)
3(1784 133 535)
3(1784 535 1783)
3(1783 535 534)
3(535 133 534)
3(535 1784 134)
3(535 134 133)
3(536 134 1784)
3(1785 134 536)
3(1785 536 1784)
3(1784 536 535)
3(536 134 535)
3(536 1785 135)
3(536 135 134)
3(537 135 1785)
3(1786 135 537)
3(1786 537 1785)
3(1785 537 536)
3(537 135 536)
3(537 1786 136)
3(537 136 135)
3(538 136 1786)
3(1787 136 538)
3(1787 538 1786)
3(1786 538 537)
3(538 136 537)
3(538 1787 137)
3(538 137 136)
3(539 137 1787)
3(1788 137 539)
3(1788 539 1787)
3(1787 539 538)
3(539 137 538)
3(539 1788 138)
3(539 138 137)
3(540 138 1788)
3(1789 138 540)
3(1789 540 1788)
3(1788 540 539)
3(540 138 539)
3(540 1789 139)
3(540 139 138)
3(541 139 1789)
3(1790 139 541)
3(1790 541 1789)
3(1789 541 540)
3(541 139 540)
3(541 1790 9)
3(541 9 139)
3(140 9 1790)
3(607 140 1790)
3(607 9 140)
3(1790 140 541)
3(140 9 541)
3(68 435 542)
3(435 67 542)
3(68 542 67)
3(68 67 435)
3(551 542 435)
3(1782 542 551)
3(1782 435 542)
3(551 542 68)
3(551 1782 543)
3(1782 542 543)
3(551 543 542)
3(552 543 1782)
3(1783 543 552)
3(1783 1782 543)
3(552 543 551)
3(552 1783 544)
3(1783 543 544)
3(552 544 543)
3(553 544 1783)
3(1784 544 553)
3(1784 1783 544)
3(553 544 552)
3(553 1784 545)
3(1784 544 545)
3(553 545 544)
3(554 545 1784)
3(1785 545 554)
3(1785 1784 545)
3(554 545 553)
3(554 1785 546)
3(1785 545 546)
3(554 546 545)
3(555 546 1785)
3(1786 546 555)
3(1786 1785 546)
3(555 546 554)
3(555 1786 547)
3(1786 546 547)
3(555 547 546)
3(556 547 1786)
3(1787 547 556)
3(1787 1786 547)
3(556 547 555)
3(556 1787 548)
3(1787 547 548)
3(556 548 547)
3(557 548 1787)
3(1788 548 557)
3(1788 1787 548)
3(557 548 556)
3(557 1788 549)
3(1788 548 549)
3(557 549 548)
3(558 549 1788)
3(1789 549 558)
3(1789 1788 549)
3(558 549 557)
3(558 1789 550)
3(1789 549 550)
3(558 550 549)
3(559 550 1789)
3(1790 550 559)
3(1790 1789 550)
3(559 550 558)
3(559 1790 141)
3(1790 550 141)
3(559 141 550)
3(142 141 1790)
3(607 1790 141)
3(607 141 142)
3(142 141 559)
3(2 433 596)
3(2 596 73)
3(2 73 433)
3(1764 2 596)
3(1764 596 131)
3(131 596 2)
3(131 1764 597)
3(131 597 596)
3(1765 131 597)
3(1765 597 132)
3(132 597 131)
3(132 1765 598)
3(132 598 597)
3(1766 132 598)
3(1766 598 133)
3(133 598 132)
3(133 1766 599)
3(133 599 598)
3(1767 133 599)
3(1767 599 134)
3(134 599 133)
3(134 1767 600)
3(134 600 599)
3(1768 134 600)
3(1768 600 135)
3(135 600 134)
3(135 1768 601)
3(135 601 600)
3(1769 135 601)
3(1769 601 136)
3(136 601 135)
3(136 1769 602)
3(136 602 601)
3(1770 136 602)
3(1770 602 137)
3(137 602 136)
3(137 1770 603)
3(137 603 602)
3(1771 137 603)
3(1771 603 138)
3(138 603 137)
3(138 1771 604)
3(138 604 603)
3(1772 138 604)
3(1772 604 139)
3(139 604 138)
3(139 1772 147)
3(139 147 604)
3(605 139 147)
3(9 147 139)
3(605 147 9)
3(69 434 551)
3(69 551 68)
3(69 68 434)
3(560 551 434)
3(1773 551 560)
3(560 551 69)
3(560 1773 552)
3(560 552 551)
3(561 552 1773)
3(1774 552 561)
3(561 552 560)
3(561 1774 553)
3(561 553 552)
3(562 553 1774)
3(1775 553 562)
3(562 553 561)
3(562 1775 554)
3(562 554 553)
3(563 554 1775)
3(1776 554 563)
3(563 554 562)
3(563 1776 555)
3(563 555 554)
3(564 555 1776)
3(1777 555 564)
3(564 555 563)
3(564 1777 556)
3(564 556 555)
3(565 556 1777)
3(1778 556 565)
3(565 556 564)
3(565 1778 557)
3(565 557 556)
3(566 557 1778)
3(1779 557 566)
3(566 557 565)
3(566 1779 558)
3(566 558 557)
3(567 558 1779)
3(1780 558 567)
3(567 558 566)
3(567 1780 559)
3(567 559 558)
3(568 559 1780)
3(1781 559 568)
3(568 559 567)
3(568 1781 142)
3(568 142 559)
3(143 142 1781)
3(606 142 143)
3(143 142 568)
3(71 436 569)
3(71 569 70)
3(71 70 436)
3(578 569 436)
3(1791 569 578)
3(1791 578 436)
3(436 578 71)
3(578 569 71)
3(578 1791 570)
3(578 570 569)
3(579 570 1791)
3(1792 570 579)
3(1792 579 1791)
3(1791 579 578)
3(579 570 578)
3(579 1792 571)
3(579 571 570)
3(580 571 1792)
3(1793 571 580)
3(1793 580 1792)
3(1792 580 579)
3(580 571 579)
3(580 1793 572)
3(580 572 571)
3(581 572 1793)
3(1794 572 581)
3(1794 581 1793)
3(1793 581 580)
3(581 572 580)
3(581 1794 573)
3(581 573 572)
3(582 573 1794)
3(1795 573 582)
3(1795 582 1794)
3(1794 582 581)
3(582 573 581)
3(582 1795 574)
3(582 574 573)
3(583 574 1795)
3(1796 574 583)
3(1796 583 1795)
3(1795 583 582)
3(583 574 582)
3(583 1796 575)
3(583 575 574)
3(584 575 1796)
3(1797 575 584)
3(1797 584 1796)
3(1796 584 583)
3(584 575 583)
3(584 1797 576)
3(584 576 575)
3(585 576 1797)
3(1798 576 585)
3(1798 585 1797)
3(1797 585 584)
3(585 576 584)
3(585 1798 577)
3(585 577 576)
3(586 577 1798)
3(1799 577 586)
3(1799 586 1798)
3(1798 586 585)
3(586 577 585)
3(586 1799 144)
3(586 144 577)
3(145 144 1799)
3(608 145 1799)
3(608 144 145)
3(1799 145 586)
3(145 144 586)
3(72 436 578)
3(72 578 71)
3(72 71 436)
3(587 578 436)
3(1791 578 587)
3(587 578 72)
3(587 1791 579)
3(587 579 578)
3(588 579 1791)
3(1792 579 588)
3(588 579 587)
3(588 1792 580)
3(588 580 579)
3(589 580 1792)
3(1793 580 589)
3(589 580 588)
3(589 1793 581)
3(589 581 580)
3(590 581 1793)
3(1794 581 590)
3(590 581 589)
3(590 1794 582)
3(590 582 581)
3(591 582 1794)
3(1795 582 591)
3(591 582 590)
3(591 1795 583)
3(591 583 582)
3(592 583 1795)
3(1796 583 592)
3(592 583 591)
3(592 1796 584)
3(592 584 583)
3(593 584 1796)
3(1797 584 593)
3(593 584 592)
3(593 1797 585)
3(593 585 584)
3(594 585 1797)
3(1798 585 594)
3(594 585 593)
3(594 1798 586)
3(594 586 585)
3(595 586 1798)
3(1799 586 595)
3(595 586 594)
3(595 1799 145)
3(595 145 586)
3(146 145 1799)
3(608 145 146)
3(146 145 595)
3(434 436 1764)
3(434 1764 433)
3(434 433 436)
3(1773 1764 436)
3(1791 1764 1773)
3(1773 1764 434)
3(1773 1791 1765)
3(1773 1765 1764)
3(1774 1765 1791)
3(1792 1765 1774)
3(1774 1765 1773)
3(1774 1792 1766)
3(1774 1766 1765)
3(1775 1766 1792)
3(1793 1766 1775)
3(1775 1766 1774)
3(1775 1793 1767)
3(1775 1767 1766)
3(1776 1767 1793)
3(1794 1767 1776)
3(1776 1767 1775)
3(1776 1794 1768)
3(1776 1768 1767)
3(1777 1768 1794)
3(1795 1768 1777)
3(1777 1768 1776)
3(1777 1795 1769)
3(1777 1769 1768)
3(1778 1769 1795)
3(1796 1769 1778)
3(1778 1769 1777)
3(1778 1796 1770)
3(1778 1770 1769)
3(1779 1770 1796)
3(1797 1770 1779)
3(1779 1770 1778)
3(1779 1797 1771)
3(1779 1771 1770)
3(1780 1771 1797)
3(1798 1771 1780)
3(1780 1771 1779)
3(1780 1798 1772)
3(1780 1772 1771)
3(1781 1772 1798)
3(1799 1772 1781)
3(1781 1772 1780)
3(1781 1799 605)
3(1781 605 1772)
3(606 605 1799)
3(608 605 606)
3(606 605 1781)
3(435 434 1764)
3(433 434 435)
3(1764 1773 435)
3(1782 1773 1764)
3(1782 1773 1765)
3(1765 1774 1782)
3(1783 1774 1765)
3(1783 1774 1766)
3(1766 1775 1783)
3(1784 1775 1766)
3(1784 1775 1767)
3(1767 1776 1784)
3(1785 1776 1767)
3(1785 1776 1768)
3(1768 1777 1785)
3(1786 1777 1768)
3(1786 1777 1769)
3(1769 1778 1786)
3(1787 1778 1769)
3(1787 1778 1770)
3(1770 1779 1787)
3(1788 1779 1770)
3(1788 1779 1771)
3(1771 1780 1788)
3(1789 1780 1771)
3(1789 1780 1772)
3(1772 1781 1789)
3(1790 1781 1772)
3(1790 1781 605)
3(605 606 1790)
3(607 606 605)
3(67 435 533)
3(67 533 66)
3(67 66 435)
3(542 533 435)
3(1782 533 542)
3(542 533 67)
3(542 1782 534)
3(542 534 533)
3(543 534 1782)
3(1783 534 543)
3(543 534 542)
3(543 1783 535)
3(543 535 534)
3(544 535 1783)
3(1784 535 544)
3(544 535 543)
3(544 1784 536)
3(544 536 535)
3(545 536 1784)
3(1785 536 545)
3(545 536 544)
3(545 1785 537)
3(545 537 536)
3(546 537 1785)
3(1786 537 546)
3(546 537 545)
3(546 1786 538)
3(546 538 537)
3(547 538 1786)
3(1787 538 547)
3(547 538 546)
3(547 1787 539)
3(547 539 538)
3(548 539 1787)
3(1788 539 548)
3(548 539 547)
3(548 1788 540)
3(548 540 539)
3(549 540 1788)
3(1789 540 549)
3(549 540 548)
3(549 1789 541)
3(549 541 540)
3(550 541 1789)
3(1790 541 550)
3(550 541 549)
3(550 1790 140)
3(550 140 541)
3(141 140 1790)
3(607 140 141)
3(141 140 550)
3(60 430 618)
3(430 59 618)
3(60 618 59)
3(60 59 430)
3(627 618 430)
3(1809 618 627)
3(1809 627 430)
3(1809 430 618)
3(430 627 60)
3(627 618 60)
3(627 1809 619)
3(1809 618 619)
3(627 619 618)
3(628 619 1809)
3(1810 619 628)
3(1810 628 1809)
3(1810 1809 619)
3(1809 628 627)
3(628 619 627)
3(628 1810 620)
3(1810 619 620)
3(628 620 619)
3(629 620 1810)
3(1811 620 629)
3(1811 629 1810)
3(1811 1810 620)
3(1810 629 628)
3(629 620 628)
3(629 1811 621)
3(1811 620 621)
3(629 621 620)
3(630 621 1811)
3(1812 621 630)
3(1812 630 1811)
3(1812 1811 621)
3(1811 630 629)
3(630 621 629)
3(630 1812 622)
3(1812 621 622)
3(630 622 621)
3(631 622 1812)
3(1813 622 631)
3(1813 631 1812)
3(1813 1812 622)
3(1812 631 630)
3(631 622 630)
3(631 1813 623)
3(1813 622 623)
3(631 623 622)
3(632 623 1813)
3(1814 623 632)
3(1814 632 1813)
3(1814 1813 623)
3(1813 632 631)
3(632 623 631)
3(632 1814 624)
3(1814 623 624)
3(632 624 623)
3(633 624 1814)
3(1815 624 633)
3(1815 633 1814)
3(1815 1814 624)
3(1814 633 632)
3(633 624 632)
3(633 1815 625)
3(1815 624 625)
3(633 625 624)
3(634 625 1815)
3(1816 625 634)
3(1816 634 1815)
3(1816 1815 625)
3(1815 634 633)
3(634 625 633)
3(634 1816 626)
3(1816 625 626)
3(634 626 625)
3(635 626 1816)
3(1817 626 635)
3(1817 635 1816)
3(1817 1816 626)
3(1816 635 634)
3(635 626 634)
3(635 1817 158)
3(1817 626 158)
3(635 158 626)
3(159 158 1817)
3(682 159 1817)
3(682 1817 158)
3(682 158 159)
3(1817 159 635)
3(159 158 635)
3(63 429 645)
3(429 62 645)
3(63 645 62)
3(63 62 429)
3(654 645 429)
3(1800 645 654)
3(1800 429 645)
3(1800 654 429)
3(429 654 63)
3(654 645 63)
3(654 1800 646)
3(1800 645 646)
3(654 646 645)
3(655 646 1800)
3(1801 646 655)
3(1801 1800 646)
3(1801 655 1800)
3(1800 655 654)
3(655 646 654)
3(655 1801 647)
3(1801 646 647)
3(655 647 646)
3(656 647 1801)
3(1802 647 656)
3(1802 1801 647)
3(1802 656 1801)
3(1801 656 655)
3(656 647 655)
3(656 1802 648)
3(1802 647 648)
3(656 648 647)
3(657 648 1802)
3(1803 648 657)
3(1803 1802 648)
3(1803 657 1802)
3(1802 657 656)
3(657 648 656)
3(657 1803 649)
3(1803 648 649)
3(657 649 648)
3(658 649 1803)
3(1804 649 658)
3(1804 1803 649)
3(1804 658 1803)
3(1803 658 657)
3(658 649 657)
3(658 1804 650)
3(1804 649 650)
3(658 650 649)
3(659 650 1804)
3(1805 650 659)
3(1805 1804 650)
3(1805 659 1804)
3(1804 659 658)
3(659 650 658)
3(659 1805 651)
3(1805 650 651)
3(659 651 650)
3(660 651 1805)
3(1806 651 660)
3(1806 1805 651)
3(1806 660 1805)
3(1805 660 659)
3(660 651 659)
3(660 1806 652)
3(1806 651 652)
3(660 652 651)
3(661 652 1806)
3(1807 652 661)
3(1807 1806 652)
3(1807 661 1806)
3(1806 661 660)
3(661 652 660)
3(661 1807 653)
3(1807 652 653)
3(661 653 652)
3(662 653 1807)
3(1808 653 662)
3(1808 1807 653)
3(1808 662 1807)
3(1807 662 661)
3(662 653 661)
3(662 1808 161)
3(1808 653 161)
3(662 161 653)
3(162 161 1808)
3(681 1808 161)
3(681 162 1808)
3(681 161 162)
3(1808 162 662)
3(162 161 662)
3(432 430 627)
3(60 432 627)
3(60 430 432)
3(627 1809 432)
3(1827 1809 627)
3(1827 627 432)
3(1827 432 1809)
3(432 430 1809)
3(1827 1809 628)
3(627 1827 628)
3(628 1810 1827)
3(1828 1810 628)
3(1828 628 1827)
3(1828 1827 1810)
3(1827 1809 1810)
3(1828 1810 629)
3(628 1828 629)
3(629 1811 1828)
3(1829 1811 629)
3(1829 629 1828)
3(1829 1828 1811)
3(1828 1810 1811)
3(1829 1811 630)
3(629 1829 630)
3(630 1812 1829)
3(1830 1812 630)
3(1830 630 1829)
3(1830 1829 1812)
3(1829 1811 1812)
3(1830 1812 631)
3(630 1830 631)
3(631 1813 1830)
3(1831 1813 631)
3(1831 631 1830)
3(1831 1830 1813)
3(1830 1812 1813)
3(1831 1813 632)
3(631 1831 632)
3(632 1814 1831)
3(1832 1814 632)
3(1832 632 1831)
3(1832 1831 1814)
3(1831 1813 1814)
3(1832 1814 633)
3(632 1832 633)
3(633 1815 1832)
3(1833 1815 633)
3(1833 633 1832)
3(1833 1832 1815)
3(1832 1814 1815)
3(1833 1815 634)
3(633 1833 634)
3(634 1816 1833)
3(1834 1816 634)
3(1834 634 1833)
3(1834 1833 1816)
3(1833 1815 1816)
3(1834 1816 635)
3(634 1834 635)
3(635 1817 1834)
3(1835 1817 635)
3(1835 635 1834)
3(1835 1834 1817)
3(1834 1816 1817)
3(1835 1817 159)
3(635 1835 159)
3(159 682 1835)
3(684 159 1835)
3(684 1835 682)
3(684 682 159)
3(1835 1817 682)
3(429 432 645)
3(432 62 645)
3(429 62 432)
3(1800 645 432)
3(1827 645 1800)
3(1827 432 645)
3(1827 1800 432)
3(432 1800 429)
3(1800 1827 646)
3(1827 645 646)
3(1801 646 1827)
3(1828 646 1801)
3(1828 1827 646)
3(1828 1801 1827)
3(1827 1801 1800)
3(1801 1828 647)
3(1828 646 647)
3(1802 647 1828)
3(1829 647 1802)
3(1829 1828 647)
3(1829 1802 1828)
3(1828 1802 1801)
3(1802 1829 648)
3(1829 647 648)
3(1803 648 1829)
3(1830 648 1803)
3(1830 1829 648)
3(1830 1803 1829)
3(1829 1803 1802)
3(1803 1830 649)
3(1830 648 649)
3(1804 649 1830)
3(1831 649 1804)
3(1831 1830 649)
3(1831 1804 1830)
3(1830 1804 1803)
3(1804 1831 650)
3(1831 649 650)
3(1805 650 1831)
3(1832 650 1805)
3(1832 1831 650)
3(1832 1805 1831)
3(1831 1805 1804)
3(1805 1832 651)
3(1832 650 651)
3(1806 651 1832)
3(1833 651 1806)
3(1833 1832 651)
3(1833 1806 1832)
3(1832 1806 1805)
3(1806 1833 652)
3(1833 651 652)
3(1807 652 1833)
3(1834 652 1807)
3(1834 1833 652)
3(1834 1807 1833)
3(1833 1807 1806)
3(1807 1834 653)
3(1834 652 653)
3(1808 653 1834)
3(1835 653 1808)
3(1835 1834 653)
3(1835 1808 1834)
3(1834 1808 1807)
3(1808 1835 161)
3(1835 653 161)
3(681 161 1835)
3(684 1835 161)
3(684 681 1835)
3(684 161 681)
3(1835 681 1808)
3(430 431 609)
3(431 58 609)
3(430 609 58)
3(430 58 431)
3(1809 609 431)
3(1818 609 1809)
3(1818 431 609)
3(1818 1809 431)
3(1809 609 430)
3(431 1809 430)
3(1809 1818 610)
3(1818 609 610)
3(1809 610 609)
3(1810 610 1818)
3(1819 610 1810)
3(1819 1818 610)
3(1819 1810 1818)
3(1810 610 1809)
3(1818 1810 1809)
3(1810 1819 611)
3(1819 610 611)
3(1810 611 610)
3(1811 611 1819)
3(1820 611 1811)
3(1820 1819 611)
3(1820 1811 1819)
3(1811 611 1810)
3(1819 1811 1810)
3(1811 1820 612)
3(1820 611 612)
3(1811 612 611)
3(1812 612 1820)
3(1821 612 1812)
3(1821 1820 612)
3(1821 1812 1820)
3(1812 612 1811)
3(1820 1812 1811)
3(1812 1821 613)
3(1821 612 613)
3(1812 613 612)
3(1813 613 1821)
3(1822 613 1813)
3(1822 1821 613)
3(1822 1813 1821)
3(1813 613 1812)
3(1821 1813 1812)
3(1813 1822 614)
3(1822 613 614)
3(1813 614 613)
3(1814 614 1822)
3(1823 614 1814)
3(1823 1822 614)
3(1823 1814 1822)
3(1814 614 1813)
3(1822 1814 1813)
3(1814 1823 615)
3(1823 614 615)
3(1814 615 614)
3(1815 615 1823)
3(1824 615 1815)
3(1824 1823 615)
3(1824 1815 1823)
3(1815 615 1814)
3(1823 1815 1814)
3(1815 1824 616)
3(1824 615 616)
3(1815 616 615)
3(1816 616 1824)
3(1825 616 1816)
3(1825 1824 616)
3(1825 1816 1824)
3(1816 616 1815)
3(1824 1816 1815)
3(1816 1825 617)
3(1825 616 617)
3(1816 617 616)
3(1817 617 1825)
3(1826 617 1817)
3(1826 1825 617)
3(1826 1817 1825)
3(1817 617 1816)
3(1825 1817 1816)
3(1817 1826 157)
3(1826 617 157)
3(1817 157 617)
3(682 157 1826)
3(683 1826 157)
3(683 682 1826)
3(683 157 682)
3(682 157 1817)
3(1826 682 1817)
3(64 431 1800)
3(64 1800 429)
3(431 429 1800)
3(64 429 431)
3(663 1800 431)
3(1818 1800 663)
3(1818 663 431)
3(1818 431 1800)
3(431 663 64)
3(663 1800 64)
3(663 1818 1801)
3(663 1801 1800)
3(1818 1800 1801)
3(664 1801 1818)
3(1819 1801 664)
3(1819 664 1818)
3(1819 1818 1801)
3(1818 664 663)
3(664 1801 663)
3(664 1819 1802)
3(664 1802 1801)
3(1819 1801 1802)
3(665 1802 1819)
3(1820 1802 665)
3(1820 665 1819)
3(1820 1819 1802)
3(1819 665 664)
3(665 1802 664)
3(665 1820 1803)
3(665 1803 1802)
3(1820 1802 1803)
3(666 1803 1820)
3(1821 1803 666)
3(1821 666 1820)
3(1821 1820 1803)
3(1820 666 665)
3(666 1803 665)
3(666 1821 1804)
3(666 1804 1803)
3(1821 1803 1804)
3(667 1804 1821)
3(1822 1804 667)
3(1822 667 1821)
3(1822 1821 1804)
3(1821 667 666)
3(667 1804 666)
3(667 1822 1805)
3(667 1805 1804)
3(1822 1804 1805)
3(668 1805 1822)
3(1823 1805 668)
3(1823 668 1822)
3(1823 1822 1805)
3(1822 668 667)
3(668 1805 667)
3(668 1823 1806)
3(668 1806 1805)
3(1823 1805 1806)
3(669 1806 1823)
3(1824 1806 669)
3(1824 669 1823)
3(1824 1823 1806)
3(1823 669 668)
3(669 1806 668)
3(669 1824 1807)
3(669 1807 1806)
3(1824 1806 1807)
3(670 1807 1824)
3(1825 1807 670)
3(1825 670 1824)
3(1825 1824 1807)
3(1824 670 669)
3(670 1807 669)
3(670 1825 1808)
3(670 1808 1807)
3(1825 1807 1808)
3(671 1808 1825)
3(1826 1808 671)
3(1826 671 1825)
3(1826 1825 1808)
3(1825 671 670)
3(671 1808 670)
3(671 1826 681)
3(671 681 1808)
3(1826 1808 681)
3(163 681 1826)
3(683 163 1826)
3(683 1826 681)
3(683 681 163)
3(1826 163 671)
3(163 681 671)
3(58 431 148)
3(431 1 148)
3(58 148 1)
3(58 1 431)
3(609 148 431)
3(1818 148 609)
3(1818 431 148)
3(609 148 58)
3(609 1818 149)
3(1818 148 149)
3(609 149 148)
3(610 149 1818)
3(1819 149 610)
3(1819 1818 149)
3(610 149 609)
3(610 1819 150)
3(1819 149 150)
3(610 150 149)
3(611 150 1819)
3(1820 150 611)
3(1820 1819 150)
3(611 150 610)
3(611 1820 151)
3(1820 150 151)
3(611 151 150)
3(612 151 1820)
3(1821 151 612)
3(1821 1820 151)
3(612 151 611)
3(612 1821 152)
3(1821 151 152)
3(612 152 151)
3(613 152 1821)
3(1822 152 613)
3(1822 1821 152)
3(613 152 612)
3(613 1822 153)
3(1822 152 153)
3(613 153 152)
3(614 153 1822)
3(1823 153 614)
3(1823 1822 153)
3(614 153 613)
3(614 1823 154)
3(1823 153 154)
3(614 154 153)
3(615 154 1823)
3(1824 154 615)
3(1824 1823 154)
3(615 154 614)
3(615 1824 155)
3(1824 154 155)
3(615 155 154)
3(616 155 1824)
3(1825 155 616)
3(1825 1824 155)
3(616 155 615)
3(616 1825 156)
3(1825 155 156)
3(616 156 155)
3(617 156 1825)
3(1826 156 617)
3(1826 1825 156)
3(617 156 616)
3(617 1826 10)
3(1826 156 10)
3(617 10 156)
3(157 10 1826)
3(683 1826 10)
3(683 10 157)
3(157 10 617)
3(65 431 663)
3(65 663 64)
3(65 64 431)
3(672 663 431)
3(1818 663 672)
3(1818 672 431)
3(431 672 65)
3(672 663 65)
3(672 1818 664)
3(672 664 663)
3(673 664 1818)
3(1819 664 673)
3(1819 673 1818)
3(1818 673 672)
3(673 664 672)
3(673 1819 665)
3(673 665 664)
3(674 665 1819)
3(1820 665 674)
3(1820 674 1819)
3(1819 674 673)
3(674 665 673)
3(674 1820 666)
3(674 666 665)
3(675 666 1820)
3(1821 666 675)
3(1821 675 1820)
3(1820 675 674)
3(675 666 674)
3(675 1821 667)
3(675 667 666)
3(676 667 1821)
3(1822 667 676)
3(1822 676 1821)
3(1821 676 675)
3(676 667 675)
3(676 1822 668)
3(676 668 667)
3(677 668 1822)
3(1823 668 677)
3(1823 677 1822)
3(1822 677 676)
3(677 668 676)
3(677 1823 669)
3(677 669 668)
3(678 669 1823)
3(1824 669 678)
3(1824 678 1823)
3(1823 678 677)
3(678 669 677)
3(678 1824 670)
3(678 670 669)
3(679 670 1824)
3(1825 670 679)
3(1825 679 1824)
3(1824 679 678)
3(679 670 678)
3(679 1825 671)
3(679 671 670)
3(680 671 1825)
3(1826 671 680)
3(1826 680 1825)
3(1825 680 679)
3(680 671 679)
3(680 1826 163)
3(680 163 671)
3(164 163 1826)
3(683 164 1826)
3(683 163 164)
3(1826 164 680)
3(164 163 680)
3(59 430 609)
3(59 609 58)
3(59 58 430)
3(618 609 430)
3(1809 609 618)
3(618 609 59)
3(618 1809 610)
3(618 610 609)
3(619 610 1809)
3(1810 610 619)
3(619 610 618)
3(619 1810 611)
3(619 611 610)
3(620 611 1810)
3(1811 611 620)
3(620 611 619)
3(620 1811 612)
3(620 612 611)
3(621 612 1811)
3(1812 612 621)
3(621 612 620)
3(621 1812 613)
3(621 613 612)
3(622 613 1812)
3(1813 613 622)
3(622 613 621)
3(622 1813 614)
3(622 614 613)
3(623 614 1813)
3(1814 614 623)
3(623 614 622)
3(623 1814 615)
3(623 615 614)
3(624 615 1814)
3(1815 615 624)
3(624 615 623)
3(624 1815 616)
3(624 616 615)
3(625 616 1815)
3(1816 616 625)
3(625 616 624)
3(625 1816 617)
3(625 617 616)
3(626 617 1816)
3(1817 617 626)
3(626 617 625)
3(626 1817 157)
3(626 157 617)
3(158 157 1817)
3(682 157 158)
3(158 157 626)
3(64 429 654)
3(64 654 63)
3(64 63 429)
3(1800 64 654)
3(1800 654 663)
3(663 654 64)
3(663 1800 655)
3(663 655 654)
3(1801 663 655)
3(1801 655 664)
3(664 655 663)
3(664 1801 656)
3(664 656 655)
3(1802 664 656)
3(1802 656 665)
3(665 656 664)
3(665 1802 657)
3(665 657 656)
3(1803 665 657)
3(1803 657 666)
3(666 657 665)
3(666 1803 658)
3(666 658 657)
3(1804 666 658)
3(1804 658 667)
3(667 658 666)
3(667 1804 659)
3(667 659 658)
3(1805 667 659)
3(1805 659 668)
3(668 659 667)
3(668 1805 660)
3(668 660 659)
3(1806 668 660)
3(1806 660 669)
3(669 660 668)
3(669 1806 661)
3(669 661 660)
3(1807 669 661)
3(1807 661 670)
3(670 661 669)
3(670 1807 662)
3(670 662 661)
3(1808 670 662)
3(1808 662 671)
3(671 662 670)
3(671 1808 162)
3(671 162 662)
3(681 671 162)
3(163 162 671)
3(681 162 163)
3(62 432 636)
3(432 61 636)
3(62 636 61)
3(62 61 432)
3(645 636 432)
3(1827 636 645)
3(1827 432 636)
3(645 636 62)
3(645 1827 637)
3(1827 636 637)
3(645 637 636)
3(646 637 1827)
3(1828 637 646)
3(1828 1827 637)
3(646 637 645)
3(646 1828 638)
3(1828 637 638)
3(646 638 637)
3(647 638 1828)
3(1829 638 647)
3(1829 1828 638)
3(647 638 646)
3(647 1829 639)
3(1829 638 639)
3(647 639 638)
3(648 639 1829)
3(1830 639 648)
3(1830 1829 639)
3(648 639 647)
3(648 1830 640)
3(1830 639 640)
3(648 640 639)
3(649 640 1830)
3(1831 640 649)
3(1831 1830 640)
3(649 640 648)
3(649 1831 641)
3(1831 640 641)
3(649 641 640)
3(650 641 1831)
3(1832 641 650)
3(1832 1831 641)
3(650 641 649)
3(650 1832 642)
3(1832 641 642)
3(650 642 641)
3(651 642 1832)
3(1833 642 651)
3(1833 1832 642)
3(651 642 650)
3(651 1833 643)
3(1833 642 643)
3(651 643 642)
3(652 643 1833)
3(1834 643 652)
3(1834 1833 643)
3(652 643 651)
3(652 1834 644)
3(1834 643 644)
3(652 644 643)
3(653 644 1834)
3(1835 644 653)
3(1835 1834 644)
3(653 644 652)
3(653 1835 160)
3(1835 644 160)
3(653 160 644)
3(161 160 1835)
3(684 1835 160)
3(684 160 161)
3(161 160 653)
3(61 432 627)
3(61 627 60)
3(61 60 432)
3(636 627 432)
3(1827 627 636)
3(636 627 61)
3(636 1827 628)
3(636 628 627)
3(637 628 1827)
3(1828 628 637)
3(637 628 636)
3(637 1828 629)
3(637 629 628)
3(638 629 1828)
3(1829 629 638)
3(638 629 637)
3(638 1829 630)
3(638 630 629)
3(639 630 1829)
3(1830 630 639)
3(639 630 638)
3(639 1830 631)
3(639 631 630)
3(640 631 1830)
3(1831 631 640)
3(640 631 639)
3(640 1831 632)
3(640 632 631)
3(641 632 1831)
3(1832 632 641)
3(641 632 640)
3(641 1832 633)
3(641 633 632)
3(642 633 1832)
3(1833 633 642)
3(642 633 641)
3(642 1833 634)
3(642 634 633)
3(643 634 1833)
3(1834 634 643)
3(643 634 642)
3(643 1834 635)
3(643 635 634)
3(644 635 1834)
3(1835 635 644)
3(644 635 643)
3(644 1835 159)
3(644 159 635)
3(160 159 1835)
3(684 159 160)
3(160 159 644)
3(430 432 1800)
3(430 1800 429)
3(430 429 432)
3(1809 1800 432)
3(1827 1800 1809)
3(1809 1800 430)
3(1809 1827 1801)
3(1809 1801 1800)
3(1810 1801 1827)
3(1828 1801 1810)
3(1810 1801 1809)
3(1810 1828 1802)
3(1810 1802 1801)
3(1811 1802 1828)
3(1829 1802 1811)
3(1811 1802 1810)
3(1811 1829 1803)
3(1811 1803 1802)
3(1812 1803 1829)
3(1830 1803 1812)
3(1812 1803 1811)
3(1812 1830 1804)
3(1812 1804 1803)
3(1813 1804 1830)
3(1831 1804 1813)
3(1813 1804 1812)
3(1813 1831 1805)
3(1813 1805 1804)
3(1814 1805 1831)
3(1832 1805 1814)
3(1814 1805 1813)
3(1814 1832 1806)
3(1814 1806 1805)
3(1815 1806 1832)
3(1833 1806 1815)
3(1815 1806 1814)
3(1815 1833 1807)
3(1815 1807 1806)
3(1816 1807 1833)
3(1834 1807 1816)
3(1816 1807 1815)
3(1816 1834 1808)
3(1816 1808 1807)
3(1817 1808 1834)
3(1835 1808 1817)
3(1817 1808 1816)
3(1817 1835 681)
3(1817 681 1808)
3(682 681 1835)
3(684 681 682)
3(682 681 1817)
3(431 430 1800)
3(429 430 431)
3(1800 1809 431)
3(1818 1809 1800)
3(1818 1809 1801)
3(1801 1810 1818)
3(1819 1810 1801)
3(1819 1810 1802)
3(1802 1811 1819)
3(1820 1811 1802)
3(1820 1811 1803)
3(1803 1812 1820)
3(1821 1812 1803)
3(1821 1812 1804)
3(1804 1813 1821)
3(1822 1813 1804)
3(1822 1813 1805)
3(1805 1814 1822)
3(1823 1814 1805)
3(1823 1814 1806)
3(1806 1815 1823)
3(1824 1815 1806)
3(1824 1815 1807)
3(1807 1816 1824)
3(1825 1816 1807)
3(1825 1816 1808)
3(1808 1817 1825)
3(1826 1817 1808)
3(1826 1817 681)
3(681 682 1826)
3(683 682 681)
3(1 431 672)
3(1 672 65)
3(1 65 431)
3(148 672 431)
3(1818 672 148)
3(148 672 1)
3(148 1818 673)
3(148 673 672)
3(149 673 1818)
3(1819 673 149)
3(149 673 148)
3(149 1819 674)
3(149 674 673)
3(150 674 1819)
3(1820 674 150)
3(150 674 149)
3(150 1820 675)
3(150 675 674)
3(151 675 1820)
3(1821 675 151)
3(151 675 150)
3(151 1821 676)
3(151 676 675)
3(152 676 1821)
3(1822 676 152)
3(152 676 151)
3(152 1822 677)
3(152 677 676)
3(153 677 1822)
3(1823 677 153)
3(153 677 152)
3(153 1823 678)
3(153 678 677)
3(154 678 1823)
3(1824 678 154)
3(154 678 153)
3(154 1824 679)
3(154 679 678)
3(155 679 1824)
3(1825 679 155)
3(155 679 154)
3(155 1825 680)
3(155 680 679)
3(156 680 1825)
3(1826 680 156)
3(156 680 155)
3(156 1826 164)
3(156 164 680)
3(10 164 1826)
3(683 164 10)
3(10 164 156)
3(52 427 1845)
3(52 1845 426)
3(427 426 1845)
3(52 426 427)
3(703 1845 427)
3(1854 1845 703)
3(1854 703 427)
3(1854 427 1845)
3(703 1845 52)
3(427 703 52)
3(703 1854 1846)
3(703 1846 1845)
3(1854 1845 1846)
3(704 1846 1854)
3(1855 1846 704)
3(1855 704 1854)
3(1855 1854 1846)
3(704 1846 703)
3(1854 704 703)
3(704 1855 1847)
3(704 1847 1846)
3(1855 1846 1847)
3(705 1847 1855)
3(1856 1847 705)
3(1856 705 1855)
3(1856 1855 1847)
3(705 1847 704)
3(1855 705 704)
3(705 1856 1848)
3(705 1848 1847)
3(1856 1847 1848)
3(706 1848 1856)
3(1857 1848 706)
3(1857 706 1856)
3(1857 1856 1848)
3(706 1848 705)
3(1856 706 705)
3(706 1857 1849)
3(706 1849 1848)
3(1857 1848 1849)
3(707 1849 1857)
3(1858 1849 707)
3(1858 707 1857)
3(1858 1857 1849)
3(707 1849 706)
3(1857 707 706)
3(707 1858 1850)
3(707 1850 1849)
3(1858 1849 1850)
3(708 1850 1858)
3(1859 1850 708)
3(1859 708 1858)
3(1859 1858 1850)
3(708 1850 707)
3(1858 708 707)
3(708 1859 1851)
3(708 1851 1850)
3(1859 1850 1851)
3(709 1851 1859)
3(1860 1851 709)
3(1860 709 1859)
3(1860 1859 1851)
3(709 1851 708)
3(1859 709 708)
3(709 1860 1852)
3(709 1852 1851)
3(1860 1851 1852)
3(710 1852 1860)
3(1861 1852 710)
3(1861 710 1860)
3(1861 1860 1852)
3(710 1852 709)
3(1860 710 709)
3(710 1861 1853)
3(710 1853 1852)
3(1861 1852 1853)
3(711 1853 1861)
3(1862 1853 711)
3(1862 711 1861)
3(1862 1861 1853)
3(711 1853 710)
3(1861 711 710)
3(711 1862 758)
3(711 758 1853)
3(1862 1853 758)
3(176 758 1862)
3(759 176 1862)
3(759 1862 758)
3(759 758 176)
3(176 758 711)
3(1862 176 711)
3(52 426 694)
3(426 51 694)
3(52 694 51)
3(52 51 426)
3(1845 52 694)
3(1845 694 703)
3(703 694 52)
3(426 694 1845)
3(703 1845 695)
3(1845 694 695)
3(703 695 694)
3(1846 703 695)
3(1846 695 704)
3(704 695 703)
3(1845 695 1846)
3(704 1846 696)
3(1846 695 696)
3(704 696 695)
3(1847 704 696)
3(1847 696 705)
3(705 696 704)
3(1846 696 1847)
3(705 1847 697)
3(1847 696 697)
3(705 697 696)
3(1848 705 697)
3(1848 697 706)
3(706 697 705)
3(1847 697 1848)
3(706 1848 698)
3(1848 697 698)
3(706 698 697)
3(1849 706 698)
3(1849 698 707)
3(707 698 706)
3(1848 698 1849)
3(707 1849 699)
3(1849 698 699)
3(707 699 698)
3(1850 707 699)
3(1850 699 708)
3(708 699 707)
3(1849 699 1850)
3(708 1850 700)
3(1850 699 700)
3(708 700 699)
3(1851 708 700)
3(1851 700 709)
3(709 700 708)
3(1850 700 1851)
3(709 1851 701)
3(1851 700 701)
3(709 701 700)
3(1852 709 701)
3(1852 701 710)
3(710 701 709)
3(1851 701 1852)
3(710 1852 702)
3(1852 701 702)
3(710 702 701)
3(1853 710 702)
3(1853 702 711)
3(711 702 710)
3(1852 702 1853)
3(711 1853 175)
3(1853 702 175)
3(711 175 702)
3(758 711 175)
3(176 175 711)
3(758 175 176)
3(1853 175 758)
3(425 427 730)
3(427 55 730)
3(425 730 55)
3(425 55 427)
3(1836 730 427)
3(1854 730 1836)
3(1854 427 730)
3(1854 1836 427)
3(1836 730 425)
3(427 1836 425)
3(1836 1854 731)
3(1854 730 731)
3(1836 731 730)
3(1837 731 1854)
3(1855 731 1837)
3(1855 1854 731)
3(1855 1837 1854)
3(1837 731 1836)
3(1854 1837 1836)
3(1837 1855 732)
3(1855 731 732)
3(1837 732 731)
3(1838 732 1855)
3(1856 732 1838)
3(1856 1855 732)
3(1856 1838 1855)
3(1838 732 1837)
3(1855 1838 1837)
3(1838 1856 733)
3(1856 732 733)
3(1838 733 732)
3(1839 733 1856)
3(1857 733 1839)
3(1857 1856 733)
3(1857 1839 1856)
3(1839 733 1838)
3(1856 1839 1838)
3(1839 1857 734)
3(1857 733 734)
3(1839 734 733)
3(1840 734 1857)
3(1858 734 1840)
3(1858 1857 734)
3(1858 1840 1857)
3(1840 734 1839)
3(1857 1840 1839)
3(1840 1858 735)
3(1858 734 735)
3(1840 735 734)
3(1841 735 1858)
3(1859 735 1841)
3(1859 1858 735)
3(1859 1841 1858)
3(1841 735 1840)
3(1858 1841 1840)
3(1841 1859 736)
3(1859 735 736)
3(1841 736 735)
3(1842 736 1859)
3(1860 736 1842)
3(1860 1859 736)
3(1860 1842 1859)
3(1842 736 1841)
3(1859 1842 1841)
3(1842 1860 737)
3(1860 736 737)
3(1842 737 736)
3(1843 737 1860)
3(1861 737 1843)
3(1861 1860 737)
3(1861 1843 1860)
3(1843 737 1842)
3(1860 1843 1842)
3(1843 1861 738)
3(1861 737 738)
3(1843 738 737)
3(1844 738 1861)
3(1862 738 1844)
3(1862 1861 738)
3(1862 1844 1861)
3(1844 738 1843)
3(1861 1844 1843)
3(1844 1862 179)
3(1862 738 179)
3(1844 179 738)
3(757 179 1862)
3(759 1862 179)
3(759 757 1862)
3(759 179 757)
3(757 179 1844)
3(1862 757 1844)
3(55 427 721)
3(427 54 721)
3(55 721 54)
3(55 54 427)
3(730 721 427)
3(1854 721 730)
3(1854 427 721)
3(730 721 55)
3(730 1854 722)
3(1854 721 722)
3(730 722 721)
3(731 722 1854)
3(1855 722 731)
3(1855 1854 722)
3(731 722 730)
3(731 1855 723)
3(1855 722 723)
3(731 723 722)
3(732 723 1855)
3(1856 723 732)
3(1856 1855 723)
3(732 723 731)
3(732 1856 724)
3(1856 723 724)
3(732 724 723)
3(733 724 1856)
3(1857 724 733)
3(1857 1856 724)
3(733 724 732)
3(733 1857 725)
3(1857 724 725)
3(733 725 724)
3(734 725 1857)
3(1858 725 734)
3(1858 1857 725)
3(734 725 733)
3(734 1858 726)
3(1858 725 726)
3(734 726 725)
3(735 726 1858)
3(1859 726 735)
3(1859 1858 726)
3(735 726 734)
3(735 1859 727)
3(1859 726 727)
3(735 727 726)
3(736 727 1859)
3(1860 727 736)
3(1860 1859 727)
3(736 727 735)
3(736 1860 728)
3(1860 727 728)
3(736 728 727)
3(737 728 1860)
3(1861 728 737)
3(1861 1860 728)
3(737 728 736)
3(737 1861 729)
3(1861 728 729)
3(737 729 728)
3(738 729 1861)
3(1862 729 738)
3(1862 1861 729)
3(738 729 737)
3(738 1862 178)
3(1862 729 178)
3(738 178 729)
3(179 178 1862)
3(759 1862 178)
3(759 178 179)
3(179 178 738)
3(50 428 165)
3(428 0 165)
3(50 165 0)
3(50 0 428)
3(685 165 428)
3(1863 165 685)
3(1863 685 428)
3(1863 428 165)
3(428 685 50)
3(685 165 50)
3(685 1863 166)
3(1863 165 166)
3(685 166 165)
3(686 166 1863)
3(1864 166 686)
3(1864 686 1863)
3(1864 1863 166)
3(1863 686 685)
3(686 166 685)
3(686 1864 167)
3(1864 166 167)
3(686 167 166)
3(687 167 1864)
3(1865 167 687)
3(1865 687 1864)
3(1865 1864 167)
3(1864 687 686)
3(687 167 686)
3(687 1865 168)
3(1865 167 168)
3(687 168 167)
3(688 168 1865)
3(1866 168 688)
3(1866 688 1865)
3(1866 1865 168)
3(1865 688 687)
3(688 168 687)
3(688 1866 169)
3(1866 168 169)
3(688 169 168)
3(689 169 1866)
3(1867 169 689)
3(1867 689 1866)
3(1867 1866 169)
3(1866 689 688)
3(689 169 688)
3(689 1867 170)
3(1867 169 170)
3(689 170 169)
3(690 170 1867)
3(1868 170 690)
3(1868 690 1867)
3(1868 1867 170)
3(1867 690 689)
3(690 170 689)
3(690 1868 171)
3(1868 170 171)
3(690 171 170)
3(691 171 1868)
3(1869 171 691)
3(1869 691 1868)
3(1869 1868 171)
3(1868 691 690)
3(691 171 690)
3(691 1869 172)
3(1869 171 172)
3(691 172 171)
3(692 172 1869)
3(1870 172 692)
3(1870 692 1869)
3(1870 1869 172)
3(1869 692 691)
3(692 172 691)
3(692 1870 173)
3(1870 172 173)
3(692 173 172)
3(693 173 1870)
3(1871 173 693)
3(1871 693 1870)
3(1871 1870 173)
3(1870 693 692)
3(693 173 692)
3(693 1871 11)
3(1871 173 11)
3(693 11 173)
3(174 11 1871)
3(760 174 1871)
3(760 1871 11)
3(760 11 174)
3(1871 174 693)
3(174 11 693)
3(56 428 1836)
3(56 1836 425)
3(428 425 1836)
3(56 425 428)
3(739 1836 428)
3(1863 1836 739)
3(1863 739 428)
3(1863 428 1836)
3(428 739 56)
3(739 1836 56)
3(739 1863 1837)
3(739 1837 1836)
3(1863 1836 1837)
3(740 1837 1863)
3(1864 1837 740)
3(1864 740 1863)
3(1864 1863 1837)
3(1863 740 739)
3(740 1837 739)
3(740 1864 1838)
3(740 1838 1837)
3(1864 1837 1838)
3(741 1838 1864)
3(1865 1838 741)
3(1865 741 1864)
3(1865 1864 1838)
3(1864 741 740)
3(741 1838 740)
3(741 1865 1839)
3(741 1839 1838)
3(1865 1838 1839)
3(742 1839 1865)
3(1866 1839 742)
3(1866 742 1865)
3(1866 1865 1839)
3(1865 742 741)
3(742 1839 741)
3(742 1866 1840)
3(742 1840 1839)
3(1866 1839 1840)
3(743 1840 1866)
3(1867 1840 743)
3(1867 743 1866)
3(1867 1866 1840)
3(1866 743 742)
3(743 1840 742)
3(743 1867 1841)
3(743 1841 1840)
3(1867 1840 1841)
3(744 1841 1867)
3(1868 1841 744)
3(1868 744 1867)
3(1868 1867 1841)
3(1867 744 743)
3(744 1841 743)
3(744 1868 1842)
3(744 1842 1841)
3(1868 1841 1842)
3(745 1842 1868)
3(1869 1842 745)
3(1869 745 1868)
3(1869 1868 1842)
3(1868 745 744)
3(745 1842 744)
3(745 1869 1843)
3(745 1843 1842)
3(1869 1842 1843)
3(746 1843 1869)
3(1870 1843 746)
3(1870 746 1869)
3(1870 1869 1843)
3(1869 746 745)
3(746 1843 745)
3(746 1870 1844)
3(746 1844 1843)
3(1870 1843 1844)
3(747 1844 1870)
3(1871 1844 747)
3(1871 747 1870)
3(1871 1870 1844)
3(1870 747 746)
3(747 1844 746)
3(747 1871 757)
3(747 757 1844)
3(1871 1844 757)
3(180 757 1871)
3(760 180 1871)
3(760 1871 757)
3(760 757 180)
3(1871 180 747)
3(180 757 747)
3(426 428 685)
3(426 685 50)
3(426 50 428)
3(1845 685 428)
3(1863 685 1845)
3(1863 1845 428)
3(1845 685 426)
3(428 1845 426)
3(1845 1863 686)
3(1845 686 685)
3(1846 686 1863)
3(1864 686 1846)
3(1864 1846 1863)
3(1846 686 1845)
3(1863 1846 1845)
3(1846 1864 687)
3(1846 687 686)
3(1847 687 1864)
3(1865 687 1847)
3(1865 1847 1864)
3(1847 687 1846)
3(1864 1847 1846)
3(1847 1865 688)
3(1847 688 687)
3(1848 688 1865)
3(1866 688 1848)
3(1866 1848 1865)
3(1848 688 1847)
3(1865 1848 1847)
3(1848 1866 689)
3(1848 689 688)
3(1849 689 1866)
3(1867 689 1849)
3(1867 1849 1866)
3(1849 689 1848)
3(1866 1849 1848)
3(1849 1867 690)
3(1849 690 689)
3(1850 690 1867)
3(1868 690 1850)
3(1868 1850 1867)
3(1850 690 1849)
3(1867 1850 1849)
3(1850 1868 691)
3(1850 691 690)
3(1851 691 1868)
3(1869 691 1851)
3(1869 1851 1868)
3(1851 691 1850)
3(1868 1851 1850)
3(1851 1869 692)
3(1851 692 691)
3(1852 692 1869)
3(1870 692 1852)
3(1870 1852 1869)
3(1852 692 1851)
3(1869 1852 1851)
3(1852 1870 693)
3(1852 693 692)
3(1853 693 1870)
3(1871 693 1853)
3(1871 1853 1870)
3(1853 693 1852)
3(1870 1853 1852)
3(1853 1871 174)
3(1853 174 693)
3(758 174 1871)
3(760 758 1871)
3(760 174 758)
3(758 174 1853)
3(1871 758 1853)
3(53 427 703)
3(53 703 52)
3(53 52 427)
3(712 703 427)
3(1854 703 712)
3(1854 712 427)
3(427 712 53)
3(712 703 53)
3(712 1854 704)
3(712 704 703)
3(713 704 1854)
3(1855 704 713)
3(1855 713 1854)
3(1854 713 712)
3(713 704 712)
3(713 1855 705)
3(713 705 704)
3(714 705 1855)
3(1856 705 714)
3(1856 714 1855)
3(1855 714 713)
3(714 705 713)
3(714 1856 706)
3(714 706 705)
3(715 706 1856)
3(1857 706 715)
3(1857 715 1856)
3(1856 715 714)
3(715 706 714)
3(715 1857 707)
3(715 707 706)
3(716 707 1857)
3(1858 707 716)
3(1858 716 1857)
3(1857 716 715)
3(716 707 715)
3(716 1858 708)
3(716 708 707)
3(717 708 1858)
3(1859 708 717)
3(1859 717 1858)
3(1858 717 716)
3(717 708 716)
3(717 1859 709)
3(717 709 708)
3(718 709 1859)
3(1860 709 718)
3(1860 718 1859)
3(1859 718 717)
3(718 709 717)
3(718 1860 710)
3(718 710 709)
3(719 710 1860)
3(1861 710 719)
3(1861 719 1860)
3(1860 719 718)
3(719 710 718)
3(719 1861 711)
3(719 711 710)
3(720 711 1861)
3(1862 711 720)
3(1862 720 1861)
3(1861 720 719)
3(720 711 719)
3(720 1862 176)
3(720 176 711)
3(177 176 1862)
3(759 177 1862)
3(759 176 177)
3(1862 177 720)
3(177 176 720)
3(57 428 739)
3(57 739 56)
3(57 56 428)
3(748 739 428)
3(1863 739 748)
3(1863 748 428)
3(428 748 57)
3(748 739 57)
3(748 1863 740)
3(748 740 739)
3(749 740 1863)
3(1864 740 749)
3(1864 749 1863)
3(1863 749 748)
3(749 740 748)
3(749 1864 741)
3(749 741 740)
3(750 741 1864)
3(1865 741 750)
3(1865 750 1864)
3(1864 750 749)
3(750 741 749)
3(750 1865 742)
3(750 742 741)
3(751 742 1865)
3(1866 742 751)
3(1866 751 1865)
3(1865 751 750)
3(751 742 750)
3(751 1866 743)
3(751 743 742)
3(752 743 1866)
3(1867 743 752)
3(1867 752 1866)
3(1866 752 751)
3(752 743 751)
3(752 1867 744)
3(752 744 743)
3(753 744 1867)
3(1868 744 753)
3(1868 753 1867)
3(1867 753 752)
3(753 744 752)
3(753 1868 745)
3(753 745 744)
3(754 745 1868)
3(1869 745 754)
3(1869 754 1868)
3(1868 754 753)
3(754 745 753)
3(754 1869 746)
3(754 746 745)
3(755 746 1869)
3(1870 746 755)
3(1870 755 1869)
3(1869 755 754)
3(755 746 754)
3(755 1870 747)
3(755 747 746)
3(756 747 1870)
3(1871 747 756)
3(1871 756 1870)
3(1870 756 755)
3(756 747 755)
3(756 1871 180)
3(756 180 747)
3(181 180 1871)
3(760 181 1871)
3(760 180 181)
3(1871 181 756)
3(181 180 756)
3(51 426 685)
3(51 685 50)
3(51 50 426)
3(694 685 426)
3(1845 685 694)
3(694 685 51)
3(694 1845 686)
3(694 686 685)
3(695 686 1845)
3(1846 686 695)
3(695 686 694)
3(695 1846 687)
3(695 687 686)
3(696 687 1846)
3(1847 687 696)
3(696 687 695)
3(696 1847 688)
3(696 688 687)
3(697 688 1847)
3(1848 688 697)
3(697 688 696)
3(697 1848 689)
3(697 689 688)
3(698 689 1848)
3(1849 689 698)
3(698 689 697)
3(698 1849 690)
3(698 690 689)
3(699 690 1849)
3(1850 690 699)
3(699 690 698)
3(699 1850 691)
3(699 691 690)
3(700 691 1850)
3(1851 691 700)
3(700 691 699)
3(700 1851 692)
3(700 692 691)
3(701 692 1851)
3(1852 692 701)
3(701 692 700)
3(701 1852 693)
3(701 693 692)
3(702 693 1852)
3(1853 693 702)
3(702 693 701)
3(702 1853 174)
3(702 174 693)
3(175 174 1853)
3(758 174 175)
3(175 174 702)
3(56 425 730)
3(56 730 55)
3(56 55 425)
3(1836 56 730)
3(1836 730 739)
3(739 730 56)
3(739 1836 731)
3(739 731 730)
3(1837 739 731)
3(1837 731 740)
3(740 731 739)
3(740 1837 732)
3(740 732 731)
3(1838 740 732)
3(1838 732 741)
3(741 732 740)
3(741 1838 733)
3(741 733 732)
3(1839 741 733)
3(1839 733 742)
3(742 733 741)
3(742 1839 734)
3(742 734 733)
3(1840 742 734)
3(1840 734 743)
3(743 734 742)
3(743 1840 735)
3(743 735 734)
3(1841 743 735)
3(1841 735 744)
3(744 735 743)
3(744 1841 736)
3(744 736 735)
3(1842 744 736)
3(1842 736 745)
3(745 736 744)
3(745 1842 737)
3(745 737 736)
3(1843 745 737)
3(1843 737 746)
3(746 737 745)
3(746 1843 738)
3(746 738 737)
3(1844 746 738)
3(1844 738 747)
3(747 738 746)
3(747 1844 179)
3(747 179 738)
3(757 747 179)
3(180 179 747)
3(757 179 180)
3(426 427 1836)
3(426 1836 425)
3(426 425 427)
3(1845 1836 427)
3(1854 1836 1845)
3(1845 1836 426)
3(1845 1854 1837)
3(1845 1837 1836)
3(1846 1837 1854)
3(1855 1837 1846)
3(1846 1837 1845)
3(1846 1855 1838)
3(1846 1838 1837)
3(1847 1838 1855)
3(1856 1838 1847)
3(1847 1838 1846)
3(1847 1856 1839)
3(1847 1839 1838)
3(1848 1839 1856)
3(1857 1839 1848)
3(1848 1839 1847)
3(1848 1857 1840)
3(1848 1840 1839)
3(1849 1840 1857)
3(1858 1840 1849)
3(1849 1840 1848)
3(1849 1858 1841)
3(1849 1841 1840)
3(1850 1841 1858)
3(1859 1841 1850)
3(1850 1841 1849)
3(1850 1859 1842)
3(1850 1842 1841)
3(1851 1842 1859)
3(1860 1842 1851)
3(1851 1842 1850)
3(1851 1860 1843)
3(1851 1843 1842)
3(1852 1843 1860)
3(1861 1843 1852)
3(1852 1843 1851)
3(1852 1861 1844)
3(1852 1844 1843)
3(1853 1844 1861)
3(1862 1844 1853)
3(1853 1844 1852)
3(1853 1862 757)
3(1853 757 1844)
3(758 757 1862)
3(759 757 758)
3(758 757 1853)
3(428 426 1836)
3(425 426 428)
3(1836 1845 428)
3(1863 1845 1836)
3(1863 1845 1837)
3(1837 1846 1863)
3(1864 1846 1837)
3(1864 1846 1838)
3(1838 1847 1864)
3(1865 1847 1838)
3(1865 1847 1839)
3(1839 1848 1865)
3(1866 1848 1839)
3(1866 1848 1840)
3(1840 1849 1866)
3(1867 1849 1840)
3(1867 1849 1841)
3(1841 1850 1867)
3(1868 1850 1841)
3(1868 1850 1842)
3(1842 1851 1868)
3(1869 1851 1842)
3(1869 1851 1843)
3(1843 1852 1869)
3(1870 1852 1843)
3(1870 1852 1844)
3(1844 1853 1870)
3(1871 1853 1844)
3(1871 1853 757)
3(757 758 1871)
3(760 758 757)
3(0 428 748)
3(0 748 57)
3(0 57 428)
3(165 748 428)
3(1863 748 165)
3(165 748 0)
3(165 1863 749)
3(165 749 748)
3(166 749 1863)
3(1864 749 166)
3(166 749 165)
3(166 1864 750)
3(166 750 749)
3(167 750 1864)
3(1865 750 167)
3(167 750 166)
3(167 1865 751)
3(167 751 750)
3(168 751 1865)
3(1866 751 168)
3(168 751 167)
3(168 1866 752)
3(168 752 751)
3(169 752 1866)
3(1867 752 169)
3(169 752 168)
3(169 1867 753)
3(169 753 752)
3(170 753 1867)
3(1868 753 170)
3(170 753 169)
3(170 1868 754)
3(170 754 753)
3(171 754 1868)
3(1869 754 171)
3(171 754 170)
3(171 1869 755)
3(171 755 754)
3(172 755 1869)
3(1870 755 172)
3(172 755 171)
3(172 1870 756)
3(172 756 755)
3(173 756 1870)
3(1871 756 173)
3(173 756 172)
3(173 1871 181)
3(173 181 756)
3(11 181 1871)
3(760 181 11)
3(11 181 173)
3(54 427 712)
3(54 712 53)
3(54 53 427)
3(721 712 427)
3(1854 712 721)
3(721 712 54)
3(721 1854 713)
3(721 713 712)
3(722 713 1854)
3(1855 713 722)
3(722 713 721)
3(722 1855 714)
3(722 714 713)
3(723 714 1855)
3(1856 714 723)
3(723 714 722)
3(723 1856 715)
3(723 715 714)
3(724 715 1856)
3(1857 715 724)
3(724 715 723)
3(724 1857 716)
3(724 716 715)
3(725 716 1857)
3(1858 716 725)
3(725 716 724)
3(725 1858 717)
3(725 717 716)
3(726 717 1858)
3(1859 717 726)
3(726 717 725)
3(726 1859 718)
3(726 718 717)
3(727 718 1859)
3(1860 718 727)
3(727 718 726)
3(727 1860 719)
3(727 719 718)
3(728 719 1860)
3(1861 719 728)
3(728 719 727)
3(728 1861 720)
3(728 720 719)
3(729 720 1861)
3(1862 720 729)
3(729 720 728)
3(729 1862 177)
3(729 177 720)
3(178 177 1862)
3(759 177 178)
3(178 177 729)
3(84 443 1872)
3(84 1872 441)
3(443 441 1872)
3(84 441 443)
3(779 1872 443)
3(1890 1872 779)
3(1890 779 443)
3(1890 443 1872)
3(779 1872 84)
3(443 779 84)
3(779 1890 1873)
3(779 1873 1872)
3(1890 1872 1873)
3(780 1873 1890)
3(1891 1873 780)
3(1891 780 1890)
3(1891 1890 1873)
3(780 1873 779)
3(1890 780 779)
3(780 1891 1874)
3(780 1874 1873)
3(1891 1873 1874)
3(781 1874 1891)
3(1892 1874 781)
3(1892 781 1891)
3(1892 1891 1874)
3(781 1874 780)
3(1891 781 780)
3(781 1892 1875)
3(781 1875 1874)
3(1892 1874 1875)
3(782 1875 1892)
3(1893 1875 782)
3(1893 782 1892)
3(1893 1892 1875)
3(782 1875 781)
3(1892 782 781)
3(782 1893 1876)
3(782 1876 1875)
3(1893 1875 1876)
3(783 1876 1893)
3(1894 1876 783)
3(1894 783 1893)
3(1894 1893 1876)
3(783 1876 782)
3(1893 783 782)
3(783 1894 1877)
3(783 1877 1876)
3(1894 1876 1877)
3(784 1877 1894)
3(1895 1877 784)
3(1895 784 1894)
3(1895 1894 1877)
3(784 1877 783)
3(1894 784 783)
3(784 1895 1878)
3(784 1878 1877)
3(1895 1877 1878)
3(785 1878 1895)
3(1896 1878 785)
3(1896 785 1895)
3(1896 1895 1878)
3(785 1878 784)
3(1895 785 784)
3(785 1896 1879)
3(785 1879 1878)
3(1896 1878 1879)
3(786 1879 1896)
3(1897 1879 786)
3(1897 786 1896)
3(1897 1896 1879)
3(786 1879 785)
3(1896 786 785)
3(786 1897 1880)
3(786 1880 1879)
3(1897 1879 1880)
3(787 1880 1897)
3(1898 1880 787)
3(1898 787 1897)
3(1898 1897 1880)
3(787 1880 786)
3(1897 787 786)
3(787 1898 833)
3(787 833 1880)
3(1898 1880 833)
3(193 833 1898)
3(835 193 1898)
3(835 1898 833)
3(835 833 193)
3(193 833 787)
3(1898 193 787)
3(84 441 770)
3(441 83 770)
3(84 770 83)
3(84 83 441)
3(1872 84 770)
3(1872 770 779)
3(779 770 84)
3(441 770 1872)
3(779 1872 771)
3(1872 770 771)
3(779 771 770)
3(1873 779 771)
3(1873 771 780)
3(780 771 779)
3(1872 771 1873)
3(780 1873 772)
3(1873 771 772)
3(780 772 771)
3(1874 780 772)
3(1874 772 781)
3(781 772 780)
3(1873 772 1874)
3(781 1874 773)
3(1874 772 773)
3(781 773 772)
3(1875 781 773)
3(1875 773 782)
3(782 773 781)
3(1874 773 1875)
3(782 1875 774)
3(1875 773 774)
3(782 774 773)
3(1876 782 774)
3(1876 774 783)
3(783 774 782)
3(1875 774 1876)
3(783 1876 775)
3(1876 774 775)
3(783 775 774)
3(1877 783 775)
3(1877 775 784)
3(784 775 783)
3(1876 775 1877)
3(784 1877 776)
3(1877 775 776)
3(784 776 775)
3(1878 784 776)
3(1878 776 785)
3(785 776 784)
3(1877 776 1878)
3(785 1878 777)
3(1878 776 777)
3(785 777 776)
3(1879 785 777)
3(1879 777 786)
3(786 777 785)
3(1878 777 1879)
3(786 1879 778)
3(1879 777 778)
3(786 778 777)
3(1880 786 778)
3(1880 778 787)
3(787 778 786)
3(1879 778 1880)
3(787 1880 192)
3(1880 778 192)
3(787 192 778)
3(833 787 192)
3(193 192 787)
3(833 192 193)
3(1880 192 833)
3(88 444 1881)
3(88 1881 442)
3(444 442 1881)
3(88 442 444)
3(815 1881 444)
3(1899 1881 815)
3(1899 815 444)
3(1899 444 1881)
3(444 815 88)
3(815 1881 88)
3(815 1899 1882)
3(815 1882 1881)
3(1899 1881 1882)
3(816 1882 1899)
3(1900 1882 816)
3(1900 816 1899)
3(1900 1899 1882)
3(1899 816 815)
3(816 1882 815)
3(816 1900 1883)
3(816 1883 1882)
3(1900 1882 1883)
3(817 1883 1900)
3(1901 1883 817)
3(1901 817 1900)
3(1901 1900 1883)
3(1900 817 816)
3(817 1883 816)
3(817 1901 1884)
3(817 1884 1883)
3(1901 1883 1884)
3(818 1884 1901)
3(1902 1884 818)
3(1902 818 1901)
3(1902 1901 1884)
3(1901 818 817)
3(818 1884 817)
3(818 1902 1885)
3(818 1885 1884)
3(1902 1884 1885)
3(819 1885 1902)
3(1903 1885 819)
3(1903 819 1902)
3(1903 1902 1885)
3(1902 819 818)
3(819 1885 818)
3(819 1903 1886)
3(819 1886 1885)
3(1903 1885 1886)
3(820 1886 1903)
3(1904 1886 820)
3(1904 820 1903)
3(1904 1903 1886)
3(1903 820 819)
3(820 1886 819)
3(820 1904 1887)
3(820 1887 1886)
3(1904 1886 1887)
3(821 1887 1904)
3(1905 1887 821)
3(1905 821 1904)
3(1905 1904 1887)
3(1904 821 820)
3(821 1887 820)
3(821 1905 1888)
3(821 1888 1887)
3(1905 1887 1888)
3(822 1888 1905)
3(1906 1888 822)
3(1906 822 1905)
3(1906 1905 1888)
3(1905 822 821)
3(822 1888 821)
3(822 1906 1889)
3(822 1889 1888)
3(1906 1888 1889)
3(823 1889 1906)
3(1907 1889 823)
3(1907 823 1906)
3(1907 1906 1889)
3(1906 823 822)
3(823 1889 822)
3(823 1907 834)
3(823 834 1889)
3(1907 1889 834)
3(197 834 1907)
3(836 197 1907)
3(836 1907 834)
3(836 834 197)
3(1907 197 823)
3(197 834 823)
3(85 443 779)
3(85 779 84)
3(85 84 443)
3(788 779 443)
3(1890 779 788)
3(1890 788 443)
3(443 788 85)
3(788 779 85)
3(788 1890 780)
3(788 780 779)
3(789 780 1890)
3(1891 780 789)
3(1891 789 1890)
3(1890 789 788)
3(789 780 788)
3(789 1891 781)
3(789 781 780)
3(790 781 1891)
3(1892 781 790)
3(1892 790 1891)
3(1891 790 789)
3(790 781 789)
3(790 1892 782)
3(790 782 781)
3(791 782 1892)
3(1893 782 791)
3(1893 791 1892)
3(1892 791 790)
3(791 782 790)
3(791 1893 783)
3(791 783 782)
3(792 783 1893)
3(1894 783 792)
3(1894 792 1893)
3(1893 792 791)
3(792 783 791)
3(792 1894 784)
3(792 784 783)
3(793 784 1894)
3(1895 784 793)
3(1895 793 1894)
3(1894 793 792)
3(793 784 792)
3(793 1895 785)
3(793 785 784)
3(794 785 1895)
3(1896 785 794)
3(1896 794 1895)
3(1895 794 793)
3(794 785 793)
3(794 1896 786)
3(794 786 785)
3(795 786 1896)
3(1897 786 795)
3(1897 795 1896)
3(1896 795 794)
3(795 786 794)
3(795 1897 787)
3(795 787 786)
3(796 787 1897)
3(1898 787 796)
3(1898 796 1897)
3(1897 796 795)
3(796 787 795)
3(796 1898 193)
3(796 193 787)
3(194 193 1898)
3(835 194 1898)
3(835 193 194)
3(1898 194 796)
3(194 193 796)
3(89 444 815)
3(89 815 88)
3(89 88 444)
3(824 815 444)
3(1899 815 824)
3(1899 824 444)
3(444 824 89)
3(824 815 89)
3(824 1899 816)
3(824 816 815)
3(825 816 1899)
3(1900 816 825)
3(1900 825 1899)
3(1899 825 824)
3(825 816 824)
3(825 1900 817)
3(825 817 816)
3(826 817 1900)
3(1901 817 826)
3(1901 826 1900)
3(1900 826 825)
3(826 817 825)
3(826 1901 818)
3(826 818 817)
3(827 818 1901)
3(1902 818 827)
3(1902 827 1901)
3(1901 827 826)
3(827 818 826)
3(827 1902 819)
3(827 819 818)
3(828 819 1902)
3(1903 819 828)
3(1903 828 1902)
3(1902 828 827)
3(828 819 827)
3(828 1903 820)
3(828 820 819)
3(829 820 1903)
3(1904 820 829)
3(1904 829 1903)
3(1903 829 828)
3(829 820 828)
3(829 1904 821)
3(829 821 820)
3(830 821 1904)
3(1905 821 830)
3(1905 830 1904)
3(1904 830 829)
3(830 821 829)
3(830 1905 822)
3(830 822 821)
3(831 822 1905)
3(1906 822 831)
3(1906 831 1905)
3(1905 831 830)
3(831 822 830)
3(831 1906 823)
3(831 823 822)
3(832 823 1906)
3(1907 823 832)
3(1907 832 1906)
3(1906 832 831)
3(832 823 831)
3(832 1907 197)
3(832 197 823)
3(198 197 1907)
3(836 198 1907)
3(836 197 198)
3(1907 198 832)
3(198 197 832)
3(87 443 797)
3(443 86 797)
3(87 797 86)
3(87 86 443)
3(806 797 443)
3(1890 797 806)
3(1890 806 443)
3(1890 443 797)
3(443 806 87)
3(806 797 87)
3(806 1890 798)
3(1890 797 798)
3(806 798 797)
3(807 798 1890)
3(1891 798 807)
3(1891 807 1890)
3(1891 1890 798)
3(1890 807 806)
3(807 798 806)
3(807 1891 799)
3(1891 798 799)
3(807 799 798)
3(808 799 1891)
3(1892 799 808)
3(1892 808 1891)
3(1892 1891 799)
3(1891 808 807)
3(808 799 807)
3(808 1892 800)
3(1892 799 800)
3(808 800 799)
3(809 800 1892)
3(1893 800 809)
3(1893 809 1892)
3(1893 1892 800)
3(1892 809 808)
3(809 800 808)
3(809 1893 801)
3(1893 800 801)
3(809 801 800)
3(810 801 1893)
3(1894 801 810)
3(1894 810 1893)
3(1894 1893 801)
3(1893 810 809)
3(810 801 809)
3(810 1894 802)
3(1894 801 802)
3(810 802 801)
3(811 802 1894)
3(1895 802 811)
3(1895 811 1894)
3(1895 1894 802)
3(1894 811 810)
3(811 802 810)
3(811 1895 803)
3(1895 802 803)
3(811 803 802)
3(812 803 1895)
3(1896 803 812)
3(1896 812 1895)
3(1896 1895 803)
3(1895 812 811)
3(812 803 811)
3(812 1896 804)
3(1896 803 804)
3(812 804 803)
3(813 804 1896)
3(1897 804 813)
3(1897 813 1896)
3(1897 1896 804)
3(1896 813 812)
3(813 804 812)
3(813 1897 805)
3(1897 804 805)
3(813 805 804)
3(814 805 1897)
3(1898 805 814)
3(1898 814 1897)
3(1898 1897 805)
3(1897 814 813)
3(814 805 813)
3(814 1898 195)
3(1898 805 195)
3(814 195 805)
3(196 195 1898)
3(835 196 1898)
3(835 1898 195)
3(835 195 196)
3(1898 196 814)
3(196 195 814)
3(442 443 806)
3(442 806 87)
3(442 87 443)
3(1881 806 443)
3(1890 806 1881)
3(1890 1881 443)
3(1881 806 442)
3(443 1881 442)
3(1881 1890 807)
3(1881 807 806)
3(1882 807 1890)
3(1891 807 1882)
3(1891 1882 1890)
3(1882 807 1881)
3(1890 1882 1881)
3(1882 1891 808)
3(1882 808 807)
3(1883 808 1891)
3(1892 808 1883)
3(1892 1883 1891)
3(1883 808 1882)
3(1891 1883 1882)
3(1883 1892 809)
3(1883 809 808)
3(1884 809 1892)
3(1893 809 1884)
3(1893 1884 1892)
3(1884 809 1883)
3(1892 1884 1883)
3(1884 1893 810)
3(1884 810 809)
3(1885 810 1893)
3(1894 810 1885)
3(1894 1885 1893)
3(1885 810 1884)
3(1893 1885 1884)
3(1885 1894 811)
3(1885 811 810)
3(1886 811 1894)
3(1895 811 1886)
3(1895 1886 1894)
3(1886 811 1885)
3(1894 1886 1885)
3(1886 1895 812)
3(1886 812 811)
3(1887 812 1895)
3(1896 812 1887)
3(1896 1887 1895)
3(1887 812 1886)
3(1895 1887 1886)
3(1887 1896 813)
3(1887 813 812)
3(1888 813 1896)
3(1897 813 1888)
3(1897 1888 1896)
3(1888 813 1887)
3(1896 1888 1887)
3(1888 1897 814)
3(1888 814 813)
3(1889 814 1897)
3(1898 814 1889)
3(1898 1889 1897)
3(1889 814 1888)
3(1897 1889 1888)
3(1889 1898 196)
3(1889 196 814)
3(834 196 1898)
3(835 834 1898)
3(835 196 834)
3(834 196 1889)
3(1898 834 1889)
3(441 444 761)
3(444 82 761)
3(441 761 82)
3(441 82 444)
3(1872 761 444)
3(1899 761 1872)
3(1899 444 761)
3(1899 1872 444)
3(1872 761 441)
3(444 1872 441)
3(1872 1899 762)
3(1899 761 762)
3(1872 762 761)
3(1873 762 1899)
3(1900 762 1873)
3(1900 1899 762)
3(1900 1873 1899)
3(1873 762 1872)
3(1899 1873 1872)
3(1873 1900 763)
3(1900 762 763)
3(1873 763 762)
3(1874 763 1900)
3(1901 763 1874)
3(1901 1900 763)
3(1901 1874 1900)
3(1874 763 1873)
3(1900 1874 1873)
3(1874 1901 764)
3(1901 763 764)
3(1874 764 763)
3(1875 764 1901)
3(1902 764 1875)
3(1902 1901 764)
3(1902 1875 1901)
3(1875 764 1874)
3(1901 1875 1874)
3(1875 1902 765)
3(1902 764 765)
3(1875 765 764)
3(1876 765 1902)
3(1903 765 1876)
3(1903 1902 765)
3(1903 1876 1902)
3(1876 765 1875)
3(1902 1876 1875)
3(1876 1903 766)
3(1903 765 766)
3(1876 766 765)
3(1877 766 1903)
3(1904 766 1877)
3(1904 1903 766)
3(1904 1877 1903)
3(1877 766 1876)
3(1903 1877 1876)
3(1877 1904 767)
3(1904 766 767)
3(1877 767 766)
3(1878 767 1904)
3(1905 767 1878)
3(1905 1904 767)
3(1905 1878 1904)
3(1878 767 1877)
3(1904 1878 1877)
3(1878 1905 768)
3(1905 767 768)
3(1878 768 767)
3(1879 768 1905)
3(1906 768 1879)
3(1906 1905 768)
3(1906 1879 1905)
3(1879 768 1878)
3(1905 1879 1878)
3(1879 1906 769)
3(1906 768 769)
3(1879 769 768)
3(1880 769 1906)
3(1907 769 1880)
3(1907 1906 769)
3(1907 1880 1906)
3(1880 769 1879)
3(1906 1880 1879)
3(1880 1907 191)
3(1907 769 191)
3(1880 191 769)
3(833 191 1907)
3(836 1907 191)
3(836 833 1907)
3(836 191 833)
3(833 191 1880)
3(1907 833 1880)
3(82 444 182)
3(444 4 182)
3(82 182 4)
3(82 4 444)
3(761 182 444)
3(1899 182 761)
3(1899 444 182)
3(761 182 82)
3(761 1899 183)
3(1899 182 183)
3(761 183 182)
3(762 183 1899)
3(1900 183 762)
3(1900 1899 183)
3(762 183 761)
3(762 1900 184)
3(1900 183 184)
3(762 184 183)
3(763 184 1900)
3(1901 184 763)
3(1901 1900 184)
3(763 184 762)
3(763 1901 185)
3(1901 184 185)
3(763 185 184)
3(764 185 1901)
3(1902 185 764)
3(1902 1901 185)
3(764 185 763)
3(764 1902 186)
3(1902 185 186)
3(764 186 185)
3(765 186 1902)
3(1903 186 765)
3(1903 1902 186)
3(765 186 764)
3(765 1903 187)
3(1903 186 187)
3(765 187 186)
3(766 187 1903)
3(1904 187 766)
3(1904 1903 187)
3(766 187 765)
3(766 1904 188)
3(1904 187 188)
3(766 188 187)
3(767 188 1904)
3(1905 188 767)
3(1905 1904 188)
3(767 188 766)
3(767 1905 189)
3(1905 188 189)
3(767 189 188)
3(768 189 1905)
3(1906 189 768)
3(1906 1905 189)
3(768 189 767)
3(768 1906 190)
3(1906 189 190)
3(768 190 189)
3(769 190 1906)
3(1907 190 769)
3(1907 1906 190)
3(769 190 768)
3(769 1907 12)
3(1907 190 12)
3(769 12 190)
3(191 12 1907)
3(836 1907 12)
3(836 12 191)
3(191 12 769)
3(83 441 761)
3(83 761 82)
3(83 82 441)
3(770 761 441)
3(1872 761 770)
3(770 761 83)
3(770 1872 762)
3(770 762 761)
3(771 762 1872)
3(1873 762 771)
3(771 762 770)
3(771 1873 763)
3(771 763 762)
3(772 763 1873)
3(1874 763 772)
3(772 763 771)
3(772 1874 764)
3(772 764 763)
3(773 764 1874)
3(1875 764 773)
3(773 764 772)
3(773 1875 765)
3(773 765 764)
3(774 765 1875)
3(1876 765 774)
3(774 765 773)
3(774 1876 766)
3(774 766 765)
3(775 766 1876)
3(1877 766 775)
3(775 766 774)
3(775 1877 767)
3(775 767 766)
3(776 767 1877)
3(1878 767 776)
3(776 767 775)
3(776 1878 768)
3(776 768 767)
3(777 768 1878)
3(1879 768 777)
3(777 768 776)
3(777 1879 769)
3(777 769 768)
3(778 769 1879)
3(1880 769 778)
3(778 769 777)
3(778 1880 191)
3(778 191 769)
3(192 191 1880)
3(833 191 192)
3(192 191 778)
3(88 442 806)
3(88 806 87)
3(88 87 442)
3(1881 88 806)
3(1881 806 815)
3(815 806 88)
3(815 1881 807)
3(815 807 806)
3(1882 815 807)
3(1882 807 816)
3(816 807 815)
3(816 1882 808)
3(816 808 807)
3(1883 816 808)
3(1883 808 817)
3(817 808 816)
3(817 1883 809)
3(817 809 808)
3(1884 817 809)
3(1884 809 818)
3(818 809 817)
3(818 1884 810)
3(818 810 809)
3(1885 818 810)
3(1885 810 819)
3(819 810 818)
3(819 1885 811)
3(819 811 810)
3(1886 819 811)
3(1886 811 820)
3(820 811 819)
3(820 1886 812)
3(820 812 811)
3(1887 820 812)
3(1887 812 821)
3(821 812 820)
3(821 1887 813)
3(821 813 812)
3(1888 821 813)
3(1888 813 822)
3(822 813 821)
3(822 1888 814)
3(822 814 813)
3(1889 822 814)
3(1889 814 823)
3(823 814 822)
3(823 1889 196)
3(823 196 814)
3(834 823 196)
3(197 196 823)
3(834 196 197)
3(441 443 1881)
3(441 1881 442)
3(441 442 443)
3(1872 1881 443)
3(1890 1881 1872)
3(1872 1881 441)
3(1872 1890 1882)
3(1872 1882 1881)
3(1873 1882 1890)
3(1891 1882 1873)
3(1873 1882 1872)
3(1873 1891 1883)
3(1873 1883 1882)
3(1874 1883 1891)
3(1892 1883 1874)
3(1874 1883 1873)
3(1874 1892 1884)
3(1874 1884 1883)
3(1875 1884 1892)
3(1893 1884 1875)
3(1875 1884 1874)
3(1875 1893 1885)
3(1875 1885 1884)
3(1876 1885 1893)
3(1894 1885 1876)
3(1876 1885 1875)
3(1876 1894 1886)
3(1876 1886 1885)
3(1877 1886 1894)
3(1895 1886 1877)
3(1877 1886 1876)
3(1877 1895 1887)
3(1877 1887 1886)
3(1878 1887 1895)
3(1896 1887 1878)
3(1878 1887 1877)
3(1878 1896 1888)
3(1878 1888 1887)
3(1879 1888 1896)
3(1897 1888 1879)
3(1879 1888 1878)
3(1879 1897 1889)
3(1879 1889 1888)
3(1880 1889 1897)
3(1898 1889 1880)
3(1880 1889 1879)
3(1880 1898 834)
3(1880 834 1889)
3(833 834 1898)
3(835 834 833)
3(833 834 1880)
3(444 441 1881)
3(442 441 444)
3(1881 1872 444)
3(1899 1872 1881)
3(1899 1872 1882)
3(1882 1873 1899)
3(1900 1873 1882)
3(1900 1873 1883)
3(1883 1874 1900)
3(1901 1874 1883)
3(1901 1874 1884)
3(1884 1875 1901)
3(1902 1875 1884)
3(1902 1875 1885)
3(1885 1876 1902)
3(1903 1876 1885)
3(1903 1876 1886)
3(1886 1877 1903)
3(1904 1877 1886)
3(1904 1877 1887)
3(1887 1878 1904)
3(1905 1878 1887)
3(1905 1878 1888)
3(1888 1879 1905)
3(1906 1879 1888)
3(1906 1879 1889)
3(1889 1880 1906)
3(1907 1880 1889)
3(1907 1880 834)
3(834 833 1907)
3(836 833 834)
3(4 444 824)
3(4 824 89)
3(4 89 444)
3(182 824 444)
3(1899 824 182)
3(182 824 4)
3(182 1899 825)
3(182 825 824)
3(183 825 1899)
3(1900 825 183)
3(183 825 182)
3(183 1900 826)
3(183 826 825)
3(184 826 1900)
3(1901 826 184)
3(184 826 183)
3(184 1901 827)
3(184 827 826)
3(185 827 1901)
3(1902 827 185)
3(185 827 184)
3(185 1902 828)
3(185 828 827)
3(186 828 1902)
3(1903 828 186)
3(186 828 185)
3(186 1903 829)
3(186 829 828)
3(187 829 1903)
3(1904 829 187)
3(187 829 186)
3(187 1904 830)
3(187 830 829)
3(188 830 1904)
3(1905 830 188)
3(188 830 187)
3(188 1905 831)
3(188 831 830)
3(189 831 1905)
3(1906 831 189)
3(189 831 188)
3(189 1906 832)
3(189 832 831)
3(190 832 1906)
3(1907 832 190)
3(190 832 189)
3(190 1907 198)
3(190 198 832)
3(12 198 1907)
3(836 198 12)
3(12 198 190)
3(86 443 788)
3(86 788 85)
3(86 85 443)
3(797 788 443)
3(1890 788 797)
3(797 788 86)
3(797 1890 789)
3(797 789 788)
3(798 789 1890)
3(1891 789 798)
3(798 789 797)
3(798 1891 790)
3(798 790 789)
3(799 790 1891)
3(1892 790 799)
3(799 790 798)
3(799 1892 791)
3(799 791 790)
3(800 791 1892)
3(1893 791 800)
3(800 791 799)
3(800 1893 792)
3(800 792 791)
3(801 792 1893)
3(1894 792 801)
3(801 792 800)
3(801 1894 793)
3(801 793 792)
3(802 793 1894)
3(1895 793 802)
3(802 793 801)
3(802 1895 794)
3(802 794 793)
3(803 794 1895)
3(1896 794 803)
3(803 794 802)
3(803 1896 795)
3(803 795 794)
3(804 795 1896)
3(1897 795 804)
3(804 795 803)
3(804 1897 796)
3(804 796 795)
3(805 796 1897)
3(1898 796 805)
3(805 796 804)
3(805 1898 194)
3(805 194 796)
3(195 194 1898)
3(835 194 195)
3(195 194 805)
3(92 447 1908)
3(92 1908 445)
3(447 445 1908)
3(92 445 447)
3(855 1908 447)
3(1926 1908 855)
3(1926 855 447)
3(1926 447 1908)
3(855 1908 92)
3(447 855 92)
3(855 1926 1909)
3(855 1909 1908)
3(1926 1908 1909)
3(856 1909 1926)
3(1927 1909 856)
3(1927 856 1926)
3(1927 1926 1909)
3(856 1909 855)
3(1926 856 855)
3(856 1927 1910)
3(856 1910 1909)
3(1927 1909 1910)
3(857 1910 1927)
3(1928 1910 857)
3(1928 857 1927)
3(1928 1927 1910)
3(857 1910 856)
3(1927 857 856)
3(857 1928 1911)
3(857 1911 1910)
3(1928 1910 1911)
3(858 1911 1928)
3(1929 1911 858)
3(1929 858 1928)
3(1929 1928 1911)
3(858 1911 857)
3(1928 858 857)
3(858 1929 1912)
3(858 1912 1911)
3(1929 1911 1912)
3(859 1912 1929)
3(1930 1912 859)
3(1930 859 1929)
3(1930 1929 1912)
3(859 1912 858)
3(1929 859 858)
3(859 1930 1913)
3(859 1913 1912)
3(1930 1912 1913)
3(860 1913 1930)
3(1931 1913 860)
3(1931 860 1930)
3(1931 1930 1913)
3(860 1913 859)
3(1930 860 859)
3(860 1931 1914)
3(860 1914 1913)
3(1931 1913 1914)
3(861 1914 1931)
3(1932 1914 861)
3(1932 861 1931)
3(1932 1931 1914)
3(861 1914 860)
3(1931 861 860)
3(861 1932 1915)
3(861 1915 1914)
3(1932 1914 1915)
3(862 1915 1932)
3(1933 1915 862)
3(1933 862 1932)
3(1933 1932 1915)
3(862 1915 861)
3(1932 862 861)
3(862 1933 1916)
3(862 1916 1915)
3(1933 1915 1916)
3(863 1916 1933)
3(1934 1916 863)
3(1934 863 1933)
3(1934 1933 1916)
3(863 1916 862)
3(1933 863 862)
3(863 1934 909)
3(863 909 1916)
3(1934 1916 909)
3(210 909 1934)
3(911 210 1934)
3(911 1934 909)
3(911 909 210)
3(210 909 863)
3(1934 210 863)
3(92 445 846)
3(445 91 846)
3(92 846 91)
3(92 91 445)
3(1908 92 846)
3(1908 846 855)
3(855 846 92)
3(445 846 1908)
3(855 1908 847)
3(1908 846 847)
3(855 847 846)
3(1909 855 847)
3(1909 847 856)
3(856 847 855)
3(1908 847 1909)
3(856 1909 848)
3(1909 847 848)
3(856 848 847)
3(1910 856 848)
3(1910 848 857)
3(857 848 856)
3(1909 848 1910)
3(857 1910 849)
3(1910 848 849)
3(857 849 848)
3(1911 857 849)
3(1911 849 858)
3(858 849 857)
3(1910 849 1911)
3(858 1911 850)
3(1911 849 850)
3(858 850 849)
3(1912 858 850)
3(1912 850 859)
3(859 850 858)
3(1911 850 1912)
3(859 1912 851)
3(1912 850 851)
3(859 851 850)
3(1913 859 851)
3(1913 851 860)
3(860 851 859)
3(1912 851 1913)
3(860 1913 852)
3(1913 851 852)
3(860 852 851)
3(1914 860 852)
3(1914 852 861)
3(861 852 860)
3(1913 852 1914)
3(861 1914 853)
3(1914 852 853)
3(861 853 852)
3(1915 861 853)
3(1915 853 862)
3(862 853 861)
3(1914 853 1915)
3(862 1915 854)
3(1915 853 854)
3(862 854 853)
3(1916 862 854)
3(1916 854 863)
3(863 854 862)
3(1915 854 1916)
3(863 1916 209)
3(1916 854 209)
3(863 209 854)
3(909 863 209)
3(210 209 863)
3(909 209 210)
3(1916 209 909)
3(96 448 1917)
3(96 1917 446)
3(448 446 1917)
3(96 446 448)
3(891 1917 448)
3(1935 1917 891)
3(1935 891 448)
3(1935 448 1917)
3(448 891 96)
3(891 1917 96)
3(891 1935 1918)
3(891 1918 1917)
3(1935 1917 1918)
3(892 1918 1935)
3(1936 1918 892)
3(1936 892 1935)
3(1936 1935 1918)
3(1935 892 891)
3(892 1918 891)
3(892 1936 1919)
3(892 1919 1918)
3(1936 1918 1919)
3(893 1919 1936)
3(1937 1919 893)
3(1937 893 1936)
3(1937 1936 1919)
3(1936 893 892)
3(893 1919 892)
3(893 1937 1920)
3(893 1920 1919)
3(1937 1919 1920)
3(894 1920 1937)
3(1938 1920 894)
3(1938 894 1937)
3(1938 1937 1920)
3(1937 894 893)
3(894 1920 893)
3(894 1938 1921)
3(894 1921 1920)
3(1938 1920 1921)
3(895 1921 1938)
3(1939 1921 895)
3(1939 895 1938)
3(1939 1938 1921)
3(1938 895 894)
3(895 1921 894)
3(895 1939 1922)
3(895 1922 1921)
3(1939 1921 1922)
3(896 1922 1939)
3(1940 1922 896)
3(1940 896 1939)
3(1940 1939 1922)
3(1939 896 895)
3(896 1922 895)
3(896 1940 1923)
3(896 1923 1922)
3(1940 1922 1923)
3(897 1923 1940)
3(1941 1923 897)
3(1941 897 1940)
3(1941 1940 1923)
3(1940 897 896)
3(897 1923 896)
3(897 1941 1924)
3(897 1924 1923)
3(1941 1923 1924)
3(898 1924 1941)
3(1942 1924 898)
3(1942 898 1941)
3(1942 1941 1924)
3(1941 898 897)
3(898 1924 897)
3(898 1942 1925)
3(898 1925 1924)
3(1942 1924 1925)
3(899 1925 1942)
3(1943 1925 899)
3(1943 899 1942)
3(1943 1942 1925)
3(1942 899 898)
3(899 1925 898)
3(899 1943 910)
3(899 910 1925)
3(1943 1925 910)
3(214 910 1943)
3(912 214 1943)
3(912 1943 910)
3(912 910 214)
3(1943 214 899)
3(214 910 899)
3(93 447 855)
3(93 855 92)
3(93 92 447)
3(864 855 447)
3(1926 855 864)
3(1926 864 447)
3(447 864 93)
3(864 855 93)
3(864 1926 856)
3(864 856 855)
3(865 856 1926)
3(1927 856 865)
3(1927 865 1926)
3(1926 865 864)
3(865 856 864)
3(865 1927 857)
3(865 857 856)
3(866 857 1927)
3(1928 857 866)
3(1928 866 1927)
3(1927 866 865)
3(866 857 865)
3(866 1928 858)
3(866 858 857)
3(867 858 1928)
3(1929 858 867)
3(1929 867 1928)
3(1928 867 866)
3(867 858 866)
3(867 1929 859)
3(867 859 858)
3(868 859 1929)
3(1930 859 868)
3(1930 868 1929)
3(1929 868 867)
3(868 859 867)
3(868 1930 860)
3(868 860 859)
3(869 860 1930)
3(1931 860 869)
3(1931 869 1930)
3(1930 869 868)
3(869 860 868)
3(869 1931 861)
3(869 861 860)
3(870 861 1931)
3(1932 861 870)
3(1932 870 1931)
3(1931 870 869)
3(870 861 869)
3(870 1932 862)
3(870 862 861)
3(871 862 1932)
3(1933 862 871)
3(1933 871 1932)
3(1932 871 870)
3(871 862 870)
3(871 1933 863)
3(871 863 862)
3(872 863 1933)
3(1934 863 872)
3(1934 872 1933)
3(1933 872 871)
3(872 863 871)
3(872 1934 210)
3(872 210 863)
3(211 210 1934)
3(911 211 1934)
3(911 210 211)
3(1934 211 872)
3(211 210 872)
3(97 448 891)
3(97 891 96)
3(97 96 448)
3(900 891 448)
3(1935 891 900)
3(1935 900 448)
3(448 900 97)
3(900 891 97)
3(900 1935 892)
3(900 892 891)
3(901 892 1935)
3(1936 892 901)
3(1936 901 1935)
3(1935 901 900)
3(901 892 900)
3(901 1936 893)
3(901 893 892)
3(902 893 1936)
3(1937 893 902)
3(1937 902 1936)
3(1936 902 901)
3(902 893 901)
3(902 1937 894)
3(902 894 893)
3(903 894 1937)
3(1938 894 903)
3(1938 903 1937)
3(1937 903 902)
3(903 894 902)
3(903 1938 895)
3(903 895 894)
3(904 895 1938)
3(1939 895 904)
3(1939 904 1938)
3(1938 904 903)
3(904 895 903)
3(904 1939 896)
3(904 896 895)
3(905 896 1939)
3(1940 896 905)
3(1940 905 1939)
3(1939 905 904)
3(905 896 904)
3(905 1940 897)
3(905 897 896)
3(906 897 1940)
3(1941 897 906)
3(1941 906 1940)
3(1940 906 905)
3(906 897 905)
3(906 1941 898)
3(906 898 897)
3(907 898 1941)
3(1942 898 907)
3(1942 907 1941)
3(1941 907 906)
3(907 898 906)
3(907 1942 899)
3(907 899 898)
3(908 899 1942)
3(1943 899 908)
3(1943 908 1942)
3(1942 908 907)
3(908 899 907)
3(908 1943 214)
3(908 214 899)
3(215 214 1943)
3(912 215 1943)
3(912 214 215)
3(1943 215 908)
3(215 214 908)
3(95 447 873)
3(447 94 873)
3(95 873 94)
3(95 94 447)
3(882 873 447)
3(1926 873 882)
3(1926 882 447)
3(1926 447 873)
3(447 882 95)
3(882 873 95)
3(882 1926 874)
3(1926 873 874)
3(882 874 873)
3(883 874 1926)
3(1927 874 883)
3(1927 883 1926)
3(1927 1926 874)
3(1926 883 882)
3(883 874 882)
3(883 1927 875)
3(1927 874 875)
3(883 875 874)
3(884 875 1927)
3(1928 875 884)
3(1928 884 1927)
3(1928 1927 875)
3(1927 884 883)
3(884 875 883)
3(884 1928 876)
3(1928 875 876)
3(884 876 875)
3(885 876 1928)
3(1929 876 885)
3(1929 885 1928)
3(1929 1928 876)
3(1928 885 884)
3(885 876 884)
3(885 1929 877)
3(1929 876 877)
3(885 877 876)
3(886 877 1929)
3(1930 877 886)
3(1930 886 1929)
3(1930 1929 877)
3(1929 886 885)
3(886 877 885)
3(886 1930 878)
3(1930 877 878)
3(886 878 877)
3(887 878 1930)
3(1931 878 887)
3(1931 887 1930)
3(1931 1930 878)
3(1930 887 886)
3(887 878 886)
3(887 1931 879)
3(1931 878 879)
3(887 879 878)
3(888 879 1931)
3(1932 879 888)
3(1932 888 1931)
3(1932 1931 879)
3(1931 888 887)
3(888 879 887)
3(888 1932 880)
3(1932 879 880)
3(888 880 879)
3(889 880 1932)
3(1933 880 889)
3(1933 889 1932)
3(1933 1932 880)
3(1932 889 888)
3(889 880 888)
3(889 1933 881)
3(1933 880 881)
3(889 881 880)
3(890 881 1933)
3(1934 881 890)
3(1934 890 1933)
3(1934 1933 881)
3(1933 890 889)
3(890 881 889)
3(890 1934 212)
3(1934 881 212)
3(890 212 881)
3(213 212 1934)
3(911 213 1934)
3(911 1934 212)
3(911 212 213)
3(1934 213 890)
3(213 212 890)
3(446 447 882)
3(446 882 95)
3(446 95 447)
3(1917 882 447)
3(1926 882 1917)
3(1926 1917 447)
3(1917 882 446)
3(447 1917 446)
3(1917 1926 883)
3(1917 883 882)
3(1918 883 1926)
3(1927 883 1918)
3(1927 1918 1926)
3(1918 883 1917)
3(1926 1918 1917)
3(1918 1927 884)
3(1918 884 883)
3(1919 884 1927)
3(1928 884 1919)
3(1928 1919 1927)
3(1919 884 1918)
3(1927 1919 1918)
3(1919 1928 885)
3(1919 885 884)
3(1920 885 1928)
3(1929 885 1920)
3(1929 1920 1928)
3(1920 885 1919)
3(1928 1920 1919)
3(1920 1929 886)
3(1920 886 885)
3(1921 886 1929)
3(1930 886 1921)
3(1930 1921 1929)
3(1921 886 1920)
3(1929 1921 1920)
3(1921 1930 887)
3(1921 887 886)
3(1922 887 1930)
3(1931 887 1922)
3(1931 1922 1930)
3(1922 887 1921)
3(1930 1922 1921)
3(1922 1931 888)
3(1922 888 887)
3(1923 888 1931)
3(1932 888 1923)
3(1932 1923 1931)
3(1923 888 1922)
3(1931 1923 1922)
3(1923 1932 889)
3(1923 889 888)
3(1924 889 1932)
3(1933 889 1924)
3(1933 1924 1932)
3(1924 889 1923)
3(1932 1924 1923)
3(1924 1933 890)
3(1924 890 889)
3(1925 890 1933)
3(1934 890 1925)
3(1934 1925 1933)
3(1925 890 1924)
3(1933 1925 1924)
3(1925 1934 213)
3(1925 213 890)
3(910 213 1934)
3(911 910 1934)
3(911 213 910)
3(910 213 1925)
3(1934 910 1925)
3(445 448 837)
3(448 90 837)
3(445 837 90)
3(445 90 448)
3(1908 837 448)
3(1935 837 1908)
3(1935 448 837)
3(1935 1908 448)
3(1908 837 445)
3(448 1908 445)
3(1908 1935 838)
3(1935 837 838)
3(1908 838 837)
3(1909 838 1935)
3(1936 838 1909)
3(1936 1935 838)
3(1936 1909 1935)
3(1909 838 1908)
3(1935 1909 1908)
3(1909 1936 839)
3(1936 838 839)
3(1909 839 838)
3(1910 839 1936)
3(1937 839 1910)
3(1937 1936 839)
3(1937 1910 1936)
3(1910 839 1909)
3(1936 1910 1909)
3(1910 1937 840)
3(1937 839 840)
3(1910 840 839)
3(1911 840 1937)
3(1938 840 1911)
3(1938 1937 840)
3(1938 1911 1937)
3(1911 840 1910)
3(1937 1911 1910)
3(1911 1938 841)
3(1938 840 841)
3(1911 841 840)
3(1912 841 1938)
3(1939 841 1912)
3(1939 1938 841)
3(1939 1912 1938)
3(1912 841 1911)
3(1938 1912 1911)
3(1912 1939 842)
3(1939 841 842)
3(1912 842 841)
3(1913 842 1939)
3(1940 842 1913)
3(1940 1939 842)
3(1940 1913 1939)
3(1913 842 1912)
3(1939 1913 1912)
3(1913 1940 843)
3(1940 842 843)
3(1913 843 842)
3(1914 843 1940)
3(1941 843 1914)
3(1941 1940 843)
3(1941 1914 1940)
3(1914 843 1913)
3(1940 1914 1913)
3(1914 1941 844)
3(1941 843 844)
3(1914 844 843)
3(1915 844 1941)
3(1942 844 1915)
3(1942 1941 844)
3(1942 1915 1941)
3(1915 844 1914)
3(1941 1915 1914)
3(1915 1942 845)
3(1942 844 845)
3(1915 845 844)
3(1916 845 1942)
3(1943 845 1916)
3(1943 1942 845)
3(1943 1916 1942)
3(1916 845 1915)
3(1942 1916 1915)
3(1916 1943 208)
3(1943 845 208)
3(1916 208 845)
3(909 208 1943)
3(912 1943 208)
3(912 909 1943)
3(912 208 909)
3(909 208 1916)
3(1943 909 1916)
3(90 448 199)
3(448 5 199)
3(90 199 5)
3(90 5 448)
3(837 199 448)
3(1935 199 837)
3(1935 448 199)
3(837 199 90)
3(837 1935 200)
3(1935 199 200)
3(837 200 199)
3(838 200 1935)
3(1936 200 838)
3(1936 1935 200)
3(838 200 837)
3(838 1936 201)
3(1936 200 201)
3(838 201 200)
3(839 201 1936)
3(1937 201 839)
3(1937 1936 201)
3(839 201 838)
3(839 1937 202)
3(1937 201 202)
3(839 202 201)
3(840 202 1937)
3(1938 202 840)
3(1938 1937 202)
3(840 202 839)
3(840 1938 203)
3(1938 202 203)
3(840 203 202)
3(841 203 1938)
3(1939 203 841)
3(1939 1938 203)
3(841 203 840)
3(841 1939 204)
3(1939 203 204)
3(841 204 203)
3(842 204 1939)
3(1940 204 842)
3(1940 1939 204)
3(842 204 841)
3(842 1940 205)
3(1940 204 205)
3(842 205 204)
3(843 205 1940)
3(1941 205 843)
3(1941 1940 205)
3(843 205 842)
3(843 1941 206)
3(1941 205 206)
3(843 206 205)
3(844 206 1941)
3(1942 206 844)
3(1942 1941 206)
3(844 206 843)
3(844 1942 207)
3(1942 206 207)
3(844 207 206)
3(845 207 1942)
3(1943 207 845)
3(1943 1942 207)
3(845 207 844)
3(845 1943 13)
3(1943 207 13)
3(845 13 207)
3(208 13 1943)
3(912 1943 13)
3(912 13 208)
3(208 13 845)
3(91 445 837)
3(91 837 90)
3(91 90 445)
3(846 837 445)
3(1908 837 846)
3(846 837 91)
3(846 1908 838)
3(846 838 837)
3(847 838 1908)
3(1909 838 847)
3(847 838 846)
3(847 1909 839)
3(847 839 838)
3(848 839 1909)
3(1910 839 848)
3(848 839 847)
3(848 1910 840)
3(848 840 839)
3(849 840 1910)
3(1911 840 849)
3(849 840 848)
3(849 1911 841)
3(849 841 840)
3(850 841 1911)
3(1912 841 850)
3(850 841 849)
3(850 1912 842)
3(850 842 841)
3(851 842 1912)
3(1913 842 851)
3(851 842 850)
3(851 1913 843)
3(851 843 842)
3(852 843 1913)
3(1914 843 852)
3(852 843 851)
3(852 1914 844)
3(852 844 843)
3(853 844 1914)
3(1915 844 853)
3(853 844 852)
3(853 1915 845)
3(853 845 844)
3(854 845 1915)
3(1916 845 854)
3(854 845 853)
3(854 1916 208)
3(854 208 845)
3(209 208 1916)
3(909 208 209)
3(209 208 854)
3(96 446 882)
3(96 882 95)
3(96 95 446)
3(1917 96 882)
3(1917 882 891)
3(891 882 96)
3(891 1917 883)
3(891 883 882)
3(1918 891 883)
3(1918 883 892)
3(892 883 891)
3(892 1918 884)
3(892 884 883)
3(1919 892 884)
3(1919 884 893)
3(893 884 892)
3(893 1919 885)
3(893 885 884)
3(1920 893 885)
3(1920 885 894)
3(894 885 893)
3(894 1920 886)
3(894 886 885)
3(1921 894 886)
3(1921 886 895)
3(895 886 894)
3(895 1921 887)
3(895 887 886)
3(1922 895 887)
3(1922 887 896)
3(896 887 895)
3(896 1922 888)
3(896 888 887)
3(1923 896 888)
3(1923 888 897)
3(897 888 896)
3(897 1923 889)
3(897 889 888)
3(1924 897 889)
3(1924 889 898)
3(898 889 897)
3(898 1924 890)
3(898 890 889)
3(1925 898 890)
3(1925 890 899)
3(899 890 898)
3(899 1925 213)
3(899 213 890)
3(910 899 213)
3(214 213 899)
3(910 213 214)
3(445 447 1917)
3(445 1917 446)
3(445 446 447)
3(1908 1917 447)
3(1926 1917 1908)
3(1908 1917 445)
3(1908 1926 1918)
3(1908 1918 1917)
3(1909 1918 1926)
3(1927 1918 1909)
3(1909 1918 1908)
3(1909 1927 1919)
3(1909 1919 1918)
3(1910 1919 1927)
3(1928 1919 1910)
3(1910 1919 1909)
3(1910 1928 1920)
3(1910 1920 1919)
3(1911 1920 1928)
3(1929 1920 1911)
3(1911 1920 1910)
3(1911 1929 1921)
3(1911 1921 1920)
3(1912 1921 1929)
3(1930 1921 1912)
3(1912 1921 1911)
3(1912 1930 1922)
3(1912 1922 1921)
3(1913 1922 1930)
3(1931 1922 1913)
3(1913 1922 1912)
3(1913 1931 1923)
3(1913 1923 1922)
3(1914 1923 1931)
3(1932 1923 1914)
3(1914 1923 1913)
3(1914 1932 1924)
3(1914 1924 1923)
3(1915 1924 1932)
3(1933 1924 1915)
3(1915 1924 1914)
3(1915 1933 1925)
3(1915 1925 1924)
3(1916 1925 1933)
3(1934 1925 1916)
3(1916 1925 1915)
3(1916 1934 910)
3(1916 910 1925)
3(909 910 1934)
3(911 910 909)
3(909 910 1916)
3(448 445 1917)
3(446 445 448)
3(1917 1908 448)
3(1935 1908 1917)
3(1935 1908 1918)
3(1918 1909 1935)
3(1936 1909 1918)
3(1936 1909 1919)
3(1919 1910 1936)
3(1937 1910 1919)
3(1937 1910 1920)
3(1920 1911 1937)
3(1938 1911 1920)
3(1938 1911 1921)
3(1921 1912 1938)
3(1939 1912 1921)
3(1939 1912 1922)
3(1922 1913 1939)
3(1940 1913 1922)
3(1940 1913 1923)
3(1923 1914 1940)
3(1941 1914 1923)
3(1941 1914 1924)
3(1924 1915 1941)
3(1942 1915 1924)
3(1942 1915 1925)
3(1925 1916 1942)
3(1943 1916 1925)
3(1943 1916 910)
3(910 909 1943)
3(912 909 910)
3(5 448 900)
3(5 900 97)
3(5 97 448)
3(199 900 448)
3(1935 900 199)
3(199 900 5)
3(199 1935 901)
3(199 901 900)
3(200 901 1935)
3(1936 901 200)
3(200 901 199)
3(200 1936 902)
3(200 902 901)
3(201 902 1936)
3(1937 902 201)
3(201 902 200)
3(201 1937 903)
3(201 903 902)
3(202 903 1937)
3(1938 903 202)
3(202 903 201)
3(202 1938 904)
3(202 904 903)
3(203 904 1938)
3(1939 904 203)
3(203 904 202)
3(203 1939 905)
3(203 905 904)
3(204 905 1939)
3(1940 905 204)
3(204 905 203)
3(204 1940 906)
3(204 906 905)
3(205 906 1940)
3(1941 906 205)
3(205 906 204)
3(205 1941 907)
3(205 907 906)
3(206 907 1941)
3(1942 907 206)
3(206 907 205)
3(206 1942 908)
3(206 908 907)
3(207 908 1942)
3(1943 908 207)
3(207 908 206)
3(207 1943 215)
3(207 215 908)
3(13 215 1943)
3(912 215 13)
3(13 215 207)
3(94 447 864)
3(94 864 93)
3(94 93 447)
3(873 864 447)
3(1926 864 873)
3(873 864 94)
3(873 1926 865)
3(873 865 864)
3(874 865 1926)
3(1927 865 874)
3(874 865 873)
3(874 1927 866)
3(874 866 865)
3(875 866 1927)
3(1928 866 875)
3(875 866 874)
3(875 1928 867)
3(875 867 866)
3(876 867 1928)
3(1929 867 876)
3(876 867 875)
3(876 1929 868)
3(876 868 867)
3(877 868 1929)
3(1930 868 877)
3(877 868 876)
3(877 1930 869)
3(877 869 868)
3(878 869 1930)
3(1931 869 878)
3(878 869 877)
3(878 1931 870)
3(878 870 869)
3(879 870 1931)
3(1932 870 879)
3(879 870 878)
3(879 1932 871)
3(879 871 870)
3(880 871 1932)
3(1933 871 880)
3(880 871 879)
3(880 1933 872)
3(880 872 871)
3(881 872 1933)
3(1934 872 881)
3(881 872 880)
3(881 1934 211)
3(881 211 872)
3(212 211 1934)
3(911 211 212)
3(212 211 881)
3(6 451 1953)
3(6 1953 450)
3(451 450 1953)
3(6 450 451)
3(216 1953 451)
3(1962 1953 216)
3(1962 216 451)
3(1962 451 1953)
3(216 1953 6)
3(451 216 6)
3(216 1962 1954)
3(216 1954 1953)
3(1962 1953 1954)
3(217 1954 1962)
3(1963 1954 217)
3(1963 217 1962)
3(1963 1962 1954)
3(217 1954 216)
3(1962 217 216)
3(217 1963 1955)
3(217 1955 1954)
3(1963 1954 1955)
3(218 1955 1963)
3(1964 1955 218)
3(1964 218 1963)
3(1964 1963 1955)
3(218 1955 217)
3(1963 218 217)
3(218 1964 1956)
3(218 1956 1955)
3(1964 1955 1956)
3(219 1956 1964)
3(1965 1956 219)
3(1965 219 1964)
3(1965 1964 1956)
3(219 1956 218)
3(1964 219 218)
3(219 1965 1957)
3(219 1957 1956)
3(1965 1956 1957)
3(220 1957 1965)
3(1966 1957 220)
3(1966 220 1965)
3(1966 1965 1957)
3(220 1957 219)
3(1965 220 219)
3(220 1966 1958)
3(220 1958 1957)
3(1966 1957 1958)
3(221 1958 1966)
3(1967 1958 221)
3(1967 221 1966)
3(1967 1966 1958)
3(221 1958 220)
3(1966 221 220)
3(221 1967 1959)
3(221 1959 1958)
3(1967 1958 1959)
3(222 1959 1967)
3(1968 1959 222)
3(1968 222 1967)
3(1968 1967 1959)
3(222 1959 221)
3(1967 222 221)
3(222 1968 1960)
3(222 1960 1959)
3(1968 1959 1960)
3(223 1960 1968)
3(1969 1960 223)
3(1969 223 1968)
3(1969 1968 1960)
3(223 1960 222)
3(1968 223 222)
3(223 1969 1961)
3(223 1961 1960)
3(1969 1960 1961)
3(224 1961 1969)
3(1970 1961 224)
3(1970 224 1969)
3(1970 1969 1961)
3(224 1961 223)
3(1969 224 223)
3(224 1970 986)
3(224 986 1961)
3(1970 1961 986)
3(14 986 1970)
3(987 14 1970)
3(987 1970 986)
3(987 986 14)
3(14 986 224)
3(1970 14 224)
3(6 450 976)
3(450 105 976)
3(6 976 105)
3(6 105 450)
3(1953 6 976)
3(1953 976 216)
3(216 976 6)
3(450 976 1953)
3(216 1953 977)
3(1953 976 977)
3(216 977 976)
3(1954 216 977)
3(1954 977 217)
3(217 977 216)
3(1953 977 1954)
3(217 1954 978)
3(1954 977 978)
3(217 978 977)
3(1955 217 978)
3(1955 978 218)
3(218 978 217)
3(1954 978 1955)
3(218 1955 979)
3(1955 978 979)
3(218 979 978)
3(1956 218 979)
3(1956 979 219)
3(219 979 218)
3(1955 979 1956)
3(219 1956 980)
3(1956 979 980)
3(219 980 979)
3(1957 219 980)
3(1957 980 220)
3(220 980 219)
3(1956 980 1957)
3(220 1957 981)
3(1957 980 981)
3(220 981 980)
3(1958 220 981)
3(1958 981 221)
3(221 981 220)
3(1957 981 1958)
3(221 1958 982)
3(1958 981 982)
3(221 982 981)
3(1959 221 982)
3(1959 982 222)
3(222 982 221)
3(1958 982 1959)
3(222 1959 983)
3(1959 982 983)
3(222 983 982)
3(1960 222 983)
3(1960 983 223)
3(223 983 222)
3(1959 983 1960)
3(223 1960 984)
3(1960 983 984)
3(223 984 983)
3(1961 223 984)
3(1961 984 224)
3(224 984 223)
3(1960 984 1961)
3(224 1961 232)
3(1961 984 232)
3(224 232 984)
3(986 224 232)
3(14 232 224)
3(986 232 14)
3(1961 232 986)
3(101 452 1944)
3(101 1944 449)
3(452 449 1944)
3(101 449 452)
3(940 1944 452)
3(1971 1944 940)
3(1971 940 452)
3(1971 452 1944)
3(452 940 101)
3(940 1944 101)
3(940 1971 1945)
3(940 1945 1944)
3(1971 1944 1945)
3(941 1945 1971)
3(1972 1945 941)
3(1972 941 1971)
3(1972 1971 1945)
3(1971 941 940)
3(941 1945 940)
3(941 1972 1946)
3(941 1946 1945)
3(1972 1945 1946)
3(942 1946 1972)
3(1973 1946 942)
3(1973 942 1972)
3(1973 1972 1946)
3(1972 942 941)
3(942 1946 941)
3(942 1973 1947)
3(942 1947 1946)
3(1973 1946 1947)
3(943 1947 1973)
3(1974 1947 943)
3(1974 943 1973)
3(1974 1973 1947)
3(1973 943 942)
3(943 1947 942)
3(943 1974 1948)
3(943 1948 1947)
3(1974 1947 1948)
3(944 1948 1974)
3(1975 1948 944)
3(1975 944 1974)
3(1975 1974 1948)
3(1974 944 943)
3(944 1948 943)
3(944 1975 1949)
3(944 1949 1948)
3(1975 1948 1949)
3(945 1949 1975)
3(1976 1949 945)
3(1976 945 1975)
3(1976 1975 1949)
3(1975 945 944)
3(945 1949 944)
3(945 1976 1950)
3(945 1950 1949)
3(1976 1949 1950)
3(946 1950 1976)
3(1977 1950 946)
3(1977 946 1976)
3(1977 1976 1950)
3(1976 946 945)
3(946 1950 945)
3(946 1977 1951)
3(946 1951 1950)
3(1977 1950 1951)
3(947 1951 1977)
3(1978 1951 947)
3(1978 947 1977)
3(1978 1977 1951)
3(1977 947 946)
3(947 1951 946)
3(947 1978 1952)
3(947 1952 1951)
3(1978 1951 1952)
3(948 1952 1978)
3(1979 1952 948)
3(1979 948 1978)
3(1979 1978 1952)
3(1978 948 947)
3(948 1952 947)
3(948 1979 985)
3(948 985 1952)
3(1979 1952 985)
3(228 985 1979)
3(988 228 1979)
3(988 1979 985)
3(988 985 228)
3(1979 228 948)
3(228 985 948)
3(104 452 958)
3(452 103 958)
3(104 958 103)
3(104 103 452)
3(967 958 452)
3(1971 958 967)
3(1971 967 452)
3(1971 452 958)
3(452 967 104)
3(967 958 104)
3(967 1971 959)
3(1971 958 959)
3(967 959 958)
3(968 959 1971)
3(1972 959 968)
3(1972 968 1971)
3(1972 1971 959)
3(1971 968 967)
3(968 959 967)
3(968 1972 960)
3(1972 959 960)
3(968 960 959)
3(969 960 1972)
3(1973 960 969)
3(1973 969 1972)
3(1973 1972 960)
3(1972 969 968)
3(969 960 968)
3(969 1973 961)
3(1973 960 961)
3(969 961 960)
3(970 961 1973)
3(1974 961 970)
3(1974 970 1973)
3(1974 1973 961)
3(1973 970 969)
3(970 961 969)
3(970 1974 962)
3(1974 961 962)
3(970 962 961)
3(971 962 1974)
3(1975 962 971)
3(1975 971 1974)
3(1975 1974 962)
3(1974 971 970)
3(971 962 970)
3(971 1975 963)
3(1975 962 963)
3(971 963 962)
3(972 963 1975)
3(1976 963 972)
3(1976 972 1975)
3(1976 1975 963)
3(1975 972 971)
3(972 963 971)
3(972 1976 964)
3(1976 963 964)
3(972 964 963)
3(973 964 1976)
3(1977 964 973)
3(1977 973 1976)
3(1977 1976 964)
3(1976 973 972)
3(973 964 972)
3(973 1977 965)
3(1977 964 965)
3(973 965 964)
3(974 965 1977)
3(1978 965 974)
3(1978 974 1977)
3(1978 1977 965)
3(1977 974 973)
3(974 965 973)
3(974 1978 966)
3(1978 965 966)
3(974 966 965)
3(975 966 1978)
3(1979 966 975)
3(1979 975 1978)
3(1979 1978 966)
3(1978 975 974)
3(975 966 974)
3(975 1979 230)
3(1979 966 230)
3(975 230 966)
3(231 230 1979)
3(988 231 1979)
3(988 1979 230)
3(988 230 231)
3(1979 231 975)
3(231 230 975)
3(449 451 931)
3(451 100 931)
3(449 931 100)
3(449 100 451)
3(1944 931 451)
3(1962 931 1944)
3(1962 451 931)
3(1962 1944 451)
3(1944 931 449)
3(451 1944 449)
3(1944 1962 932)
3(1962 931 932)
3(1944 932 931)
3(1945 932 1962)
3(1963 932 1945)
3(1963 1962 932)
3(1963 1945 1962)
3(1945 932 1944)
3(1962 1945 1944)
3(1945 1963 933)
3(1963 932 933)
3(1945 933 932)
3(1946 933 1963)
3(1964 933 1946)
3(1964 1963 933)
3(1964 1946 1963)
3(1946 933 1945)
3(1963 1946 1945)
3(1946 1964 934)
3(1964 933 934)
3(1946 934 933)
3(1947 934 1964)
3(1965 934 1947)
3(1965 1964 934)
3(1965 1947 1964)
3(1947 934 1946)
3(1964 1947 1946)
3(1947 1965 935)
3(1965 934 935)
3(1947 935 934)
3(1948 935 1965)
3(1966 935 1948)
3(1966 1965 935)
3(1966 1948 1965)
3(1948 935 1947)
3(1965 1948 1947)
3(1948 1966 936)
3(1966 935 936)
3(1948 936 935)
3(1949 936 1966)
3(1967 936 1949)
3(1967 1966 936)
3(1967 1949 1966)
3(1949 936 1948)
3(1966 1949 1948)
3(1949 1967 937)
3(1967 936 937)
3(1949 937 936)
3(1950 937 1967)
3(1968 937 1950)
3(1968 1967 937)
3(1968 1950 1967)
3(1950 937 1949)
3(1967 1950 1949)
3(1950 1968 938)
3(1968 937 938)
3(1950 938 937)
3(1951 938 1968)
3(1969 938 1951)
3(1969 1968 938)
3(1969 1951 1968)
3(1951 938 1950)
3(1968 1951 1950)
3(1951 1969 939)
3(1969 938 939)
3(1951 939 938)
3(1952 939 1969)
3(1970 939 1952)
3(1970 1969 939)
3(1970 1952 1969)
3(1952 939 1951)
3(1969 1952 1951)
3(1952 1970 227)
3(1970 939 227)
3(1952 227 939)
3(985 227 1970)
3(987 1970 227)
3(987 985 1970)
3(987 227 985)
3(985 227 1952)
3(1970 985 1952)
3(450 452 967)
3(450 967 104)
3(450 104 452)
3(1953 967 452)
3(1971 967 1953)
3(1971 1953 452)
3(1953 967 450)
3(452 1953 450)
3(1953 1971 968)
3(1953 968 967)
3(1954 968 1971)
3(1972 968 1954)
3(1972 1954 1971)
3(1954 968 1953)
3(1971 1954 1953)
3(1954 1972 969)
3(1954 969 968)
3(1955 969 1972)
3(1973 969 1955)
3(1973 1955 1972)
3(1955 969 1954)
3(1972 1955 1954)
3(1955 1973 970)
3(1955 970 969)
3(1956 970 1973)
3(1974 970 1956)
3(1974 1956 1973)
3(1956 970 1955)
3(1973 1956 1955)
3(1956 1974 971)
3(1956 971 970)
3(1957 971 1974)
3(1975 971 1957)
3(1975 1957 1974)
3(1957 971 1956)
3(1974 1957 1956)
3(1957 1975 972)
3(1957 972 971)
3(1958 972 1975)
3(1976 972 1958)
3(1976 1958 1975)
3(1958 972 1957)
3(1975 1958 1957)
3(1958 1976 973)
3(1958 973 972)
3(1959 973 1976)
3(1977 973 1959)
3(1977 1959 1976)
3(1959 973 1958)
3(1976 1959 1958)
3(1959 1977 974)
3(1959 974 973)
3(1960 974 1977)
3(1978 974 1960)
3(1978 1960 1977)
3(1960 974 1959)
3(1977 1960 1959)
3(1960 1978 975)
3(1960 975 974)
3(1961 975 1978)
3(1979 975 1961)
3(1979 1961 1978)
3(1961 975 1960)
3(1978 1961 1960)
3(1961 1979 231)
3(1961 231 975)
3(986 231 1979)
3(988 986 1979)
3(988 231 986)
3(986 231 1961)
3(1979 986 1961)
3(100 451 922)
3(451 99 922)
3(100 922 99)
3(100 99 451)
3(931 922 451)
3(1962 922 931)
3(1962 451 922)
3(931 922 100)
3(931 1962 923)
3(1962 922 923)
3(931 923 922)
3(932 923 1962)
3(1963 923 932)
3(1963 1962 923)
3(932 923 931)
3(932 1963 924)
3(1963 923 924)
3(932 924 923)
3(933 924 1963)
3(1964 924 933)
3(1964 1963 924)
3(933 924 932)
3(933 1964 925)
3(1964 924 925)
3(933 925 924)
3(934 925 1964)
3(1965 925 934)
3(1965 1964 925)
3(934 925 933)
3(934 1965 926)
3(1965 925 926)
3(934 926 925)
3(935 926 1965)
3(1966 926 935)
3(1966 1965 926)
3(935 926 934)
3(935 1966 927)
3(1966 926 927)
3(935 927 926)
3(936 927 1966)
3(1967 927 936)
3(1967 1966 927)
3(936 927 935)
3(936 1967 928)
3(1967 927 928)
3(936 928 927)
3(937 928 1967)
3(1968 928 937)
3(1968 1967 928)
3(937 928 936)
3(937 1968 929)
3(1968 928 929)
3(937 929 928)
3(938 929 1968)
3(1969 929 938)
3(1969 1968 929)
3(938 929 937)
3(938 1969 930)
3(1969 929 930)
3(938 930 929)
3(939 930 1969)
3(1970 930 939)
3(1970 1969 930)
3(939 930 938)
3(939 1970 226)
3(1970 930 226)
3(939 226 930)
3(227 226 1970)
3(987 1970 226)
3(987 226 227)
3(227 226 939)
3(102 452 940)
3(102 940 101)
3(102 101 452)
3(949 940 452)
3(1971 940 949)
3(1971 949 452)
3(452 949 102)
3(949 940 102)
3(949 1971 941)
3(949 941 940)
3(950 941 1971)
3(1972 941 950)
3(1972 950 1971)
3(1971 950 949)
3(950 941 949)
3(950 1972 942)
3(950 942 941)
3(951 942 1972)
3(1973 942 951)
3(1973 951 1972)
3(1972 951 950)
3(951 942 950)
3(951 1973 943)
3(951 943 942)
3(952 943 1973)
3(1974 943 952)
3(1974 952 1973)
3(1973 952 951)
3(952 943 951)
3(952 1974 944)
3(952 944 943)
3(953 944 1974)
3(1975 944 953)
3(1975 953 1974)
3(1974 953 952)
3(953 944 952)
3(953 1975 945)
3(953 945 944)
3(954 945 1975)
3(1976 945 954)
3(1976 954 1975)
3(1975 954 953)
3(954 945 953)
3(954 1976 946)
3(954 946 945)
3(955 946 1976)
3(1977 946 955)
3(1977 955 1976)
3(1976 955 954)
3(955 946 954)
3(955 1977 947)
3(955 947 946)
3(956 947 1977)
3(1978 947 956)
3(1978 956 1977)
3(1977 956 955)
3(956 947 955)
3(956 1978 948)
3(956 948 947)
3(957 948 1978)
3(1979 948 957)
3(1979 957 1978)
3(1978 957 956)
3(957 948 956)
3(957 1979 228)
3(957 228 948)
3(229 228 1979)
3(988 229 1979)
3(988 228 229)
3(1979 229 957)
3(229 228 957)
3(98 451 216)
3(98 216 6)
3(98 6 451)
3(913 216 451)
3(1962 216 913)
3(1962 913 451)
3(451 913 98)
3(913 216 98)
3(913 1962 217)
3(913 217 216)
3(914 217 1962)
3(1963 217 914)
3(1963 914 1962)
3(1962 914 913)
3(914 217 913)
3(914 1963 218)
3(914 218 217)
3(915 218 1963)
3(1964 218 915)
3(1964 915 1963)
3(1963 915 914)
3(915 218 914)
3(915 1964 219)
3(915 219 218)
3(916 219 1964)
3(1965 219 916)
3(1965 916 1964)
3(1964 916 915)
3(916 219 915)
3(916 1965 220)
3(916 220 219)
3(917 220 1965)
3(1966 220 917)
3(1966 917 1965)
3(1965 917 916)
3(917 220 916)
3(917 1966 221)
3(917 221 220)
3(918 221 1966)
3(1967 221 918)
3(1967 918 1966)
3(1966 918 917)
3(918 221 917)
3(918 1967 222)
3(918 222 221)
3(919 222 1967)
3(1968 222 919)
3(1968 919 1967)
3(1967 919 918)
3(919 222 918)
3(919 1968 223)
3(919 223 222)
3(920 223 1968)
3(1969 223 920)
3(1969 920 1968)
3(1968 920 919)
3(920 223 919)
3(920 1969 224)
3(920 224 223)
3(921 224 1969)
3(1970 224 921)
3(1970 921 1969)
3(1969 921 920)
3(921 224 920)
3(921 1970 14)
3(921 14 224)
3(225 14 1970)
3(987 225 1970)
3(987 14 225)
3(1970 225 921)
3(225 14 921)
3(105 450 967)
3(105 967 104)
3(105 104 450)
3(976 967 450)
3(1953 967 976)
3(976 967 105)
3(976 1953 968)
3(976 968 967)
3(977 968 1953)
3(1954 968 977)
3(977 968 976)
3(977 1954 969)
3(977 969 968)
3(978 969 1954)
3(1955 969 978)
3(978 969 977)
3(978 1955 970)
3(978 970 969)
3(979 970 1955)
3(1956 970 979)
3(979 970 978)
3(979 1956 971)
3(979 971 970)
3(980 971 1956)
3(1957 971 980)
3(980 971 979)
3(980 1957 972)
3(980 972 971)
3(981 972 1957)
3(1958 972 981)
3(981 972 980)
3(981 1958 973)
3(981 973 972)
3(982 973 1958)
3(1959 973 982)
3(982 973 981)
3(982 1959 974)
3(982 974 973)
3(983 974 1959)
3(1960 974 983)
3(983 974 982)
3(983 1960 975)
3(983 975 974)
3(984 975 1960)
3(1961 975 984)
3(984 975 983)
3(984 1961 231)
3(984 231 975)
3(232 231 1961)
3(986 231 232)
3(232 231 984)
3(101 449 931)
3(101 931 100)
3(101 100 449)
3(1944 101 931)
3(1944 931 940)
3(940 931 101)
3(940 1944 932)
3(940 932 931)
3(1945 940 932)
3(1945 932 941)
3(941 932 940)
3(941 1945 933)
3(941 933 932)
3(1946 941 933)
3(1946 933 942)
3(942 933 941)
3(942 1946 934)
3(942 934 933)
3(1947 942 934)
3(1947 934 943)
3(943 934 942)
3(943 1947 935)
3(943 935 934)
3(1948 943 935)
3(1948 935 944)
3(944 935 943)
3(944 1948 936)
3(944 936 935)
3(1949 944 936)
3(1949 936 945)
3(945 936 944)
3(945 1949 937)
3(945 937 936)
3(1950 945 937)
3(1950 937 946)
3(946 937 945)
3(946 1950 938)
3(946 938 937)
3(1951 946 938)
3(1951 938 947)
3(947 938 946)
3(947 1951 939)
3(947 939 938)
3(1952 947 939)
3(1952 939 948)
3(948 939 947)
3(948 1952 227)
3(948 227 939)
3(985 948 227)
3(228 227 948)
3(985 227 228)
3(450 451 1944)
3(450 1944 449)
3(450 449 451)
3(1953 1944 451)
3(1962 1944 1953)
3(1953 1944 450)
3(1953 1962 1945)
3(1953 1945 1944)
3(1954 1945 1962)
3(1963 1945 1954)
3(1954 1945 1953)
3(1954 1963 1946)
3(1954 1946 1945)
3(1955 1946 1963)
3(1964 1946 1955)
3(1955 1946 1954)
3(1955 1964 1947)
3(1955 1947 1946)
3(1956 1947 1964)
3(1965 1947 1956)
3(1956 1947 1955)
3(1956 1965 1948)
3(1956 1948 1947)
3(1957 1948 1965)
3(1966 1948 1957)
3(1957 1948 1956)
3(1957 1966 1949)
3(1957 1949 1948)
3(1958 1949 1966)
3(1967 1949 1958)
3(1958 1949 1957)
3(1958 1967 1950)
3(1958 1950 1949)
3(1959 1950 1967)
3(1968 1950 1959)
3(1959 1950 1958)
3(1959 1968 1951)
3(1959 1951 1950)
3(1960 1951 1968)
3(1969 1951 1960)
3(1960 1951 1959)
3(1960 1969 1952)
3(1960 1952 1951)
3(1961 1952 1969)
3(1970 1952 1961)
3(1961 1952 1960)
3(1961 1970 985)
3(1961 985 1952)
3(986 985 1970)
3(987 985 986)
3(986 985 1961)
3(452 450 1944)
3(449 450 452)
3(1944 1953 452)
3(1971 1953 1944)
3(1971 1953 1945)
3(1945 1954 1971)
3(1972 1954 1945)
3(1972 1954 1946)
3(1946 1955 1972)
3(1973 1955 1946)
3(1973 1955 1947)
3(1947 1956 1973)
3(1974 1956 1947)
3(1974 1956 1948)
3(1948 1957 1974)
3(1975 1957 1948)
3(1975 1957 1949)
3(1949 1958 1975)
3(1976 1958 1949)
3(1976 1958 1950)
3(1950 1959 1976)
3(1977 1959 1950)
3(1977 1959 1951)
3(1951 1960 1977)
3(1978 1960 1951)
3(1978 1960 1952)
3(1952 1961 1978)
3(1979 1961 1952)
3(1979 1961 985)
3(985 986 1979)
3(988 986 985)
3(99 451 913)
3(99 913 98)
3(99 98 451)
3(922 913 451)
3(1962 913 922)
3(922 913 99)
3(922 1962 914)
3(922 914 913)
3(923 914 1962)
3(1963 914 923)
3(923 914 922)
3(923 1963 915)
3(923 915 914)
3(924 915 1963)
3(1964 915 924)
3(924 915 923)
3(924 1964 916)
3(924 916 915)
3(925 916 1964)
3(1965 916 925)
3(925 916 924)
3(925 1965 917)
3(925 917 916)
3(926 917 1965)
3(1966 917 926)
3(926 917 925)
3(926 1966 918)
3(926 918 917)
3(927 918 1966)
3(1967 918 927)
3(927 918 926)
3(927 1967 919)
3(927 919 918)
3(928 919 1967)
3(1968 919 928)
3(928 919 927)
3(928 1968 920)
3(928 920 919)
3(929 920 1968)
3(1969 920 929)
3(929 920 928)
3(929 1969 921)
3(929 921 920)
3(930 921 1969)
3(1970 921 930)
3(930 921 929)
3(930 1970 225)
3(930 225 921)
3(226 225 1970)
3(987 225 226)
3(226 225 930)
3(103 452 949)
3(103 949 102)
3(103 102 452)
3(958 949 452)
3(1971 949 958)
3(958 949 103)
3(958 1971 950)
3(958 950 949)
3(959 950 1971)
3(1972 950 959)
3(959 950 958)
3(959 1972 951)
3(959 951 950)
3(960 951 1972)
3(1973 951 960)
3(960 951 959)
3(960 1973 952)
3(960 952 951)
3(961 952 1973)
3(1974 952 961)
3(961 952 960)
3(961 1974 953)
3(961 953 952)
3(962 953 1974)
3(1975 953 962)
3(962 953 961)
3(962 1975 954)
3(962 954 953)
3(963 954 1975)
3(1976 954 963)
3(963 954 962)
3(963 1976 955)
3(963 955 954)
3(964 955 1976)
3(1977 955 964)
3(964 955 963)
3(964 1977 956)
3(964 956 955)
3(965 956 1977)
3(1978 956 965)
3(965 956 964)
3(965 1978 957)
3(965 957 956)
3(966 957 1978)
3(1979 957 966)
3(966 957 965)
3(966 1979 229)
3(966 229 957)
3(230 229 1979)
3(988 229 230)
3(230 229 966)
3(7 454 1052)
3(454 113 1052)
3(7 1052 113)
3(7 113 454)
3(233 1052 454)
3(1989 1052 233)
3(1989 233 454)
3(1989 454 1052)
3(454 233 7)
3(233 1052 7)
3(233 1989 1053)
3(1989 1052 1053)
3(233 1053 1052)
3(234 1053 1989)
3(1990 1053 234)
3(1990 234 1989)
3(1990 1989 1053)
3(1989 234 233)
3(234 1053 233)
3(234 1990 1054)
3(1990 1053 1054)
3(234 1054 1053)
3(235 1054 1990)
3(1991 1054 235)
3(1991 235 1990)
3(1991 1990 1054)
3(1990 235 234)
3(235 1054 234)
3(235 1991 1055)
3(1991 1054 1055)
3(235 1055 1054)
3(236 1055 1991)
3(1992 1055 236)
3(1992 236 1991)
3(1992 1991 1055)
3(1991 236 235)
3(236 1055 235)
3(236 1992 1056)
3(1992 1055 1056)
3(236 1056 1055)
3(237 1056 1992)
3(1993 1056 237)
3(1993 237 1992)
3(1993 1992 1056)
3(1992 237 236)
3(237 1056 236)
3(237 1993 1057)
3(1993 1056 1057)
3(237 1057 1056)
3(238 1057 1993)
3(1994 1057 238)
3(1994 238 1993)
3(1994 1993 1057)
3(1993 238 237)
3(238 1057 237)
3(238 1994 1058)
3(1994 1057 1058)
3(238 1058 1057)
3(239 1058 1994)
3(1995 1058 239)
3(1995 239 1994)
3(1995 1994 1058)
3(1994 239 238)
3(239 1058 238)
3(239 1995 1059)
3(1995 1058 1059)
3(239 1059 1058)
3(240 1059 1995)
3(1996 1059 240)
3(1996 240 1995)
3(1996 1995 1059)
3(1995 240 239)
3(240 1059 239)
3(240 1996 1060)
3(1996 1059 1060)
3(240 1060 1059)
3(241 1060 1996)
3(1997 1060 241)
3(1997 241 1996)
3(1997 1996 1060)
3(1996 241 240)
3(241 1060 240)
3(241 1997 249)
3(1997 1060 249)
3(241 249 1060)
3(15 249 1997)
3(1062 15 1997)
3(1062 1997 249)
3(1062 249 15)
3(1997 15 241)
3(15 249 241)
3(108 453 998)
3(453 107 998)
3(108 998 107)
3(108 107 453)
3(1007 998 453)
3(1980 998 1007)
3(1980 453 998)
3(1980 1007 453)
3(453 1007 108)
3(1007 998 108)
3(1007 1980 999)
3(1980 998 999)
3(1007 999 998)
3(1008 999 1980)
3(1981 999 1008)
3(1981 1980 999)
3(1981 1008 1980)
3(1980 1008 1007)
3(1008 999 1007)
3(1008 1981 1000)
3(1981 999 1000)
3(1008 1000 999)
3(1009 1000 1981)
3(1982 1000 1009)
3(1982 1981 1000)
3(1982 1009 1981)
3(1981 1009 1008)
3(1009 1000 1008)
3(1009 1982 1001)
3(1982 1000 1001)
3(1009 1001 1000)
3(1010 1001 1982)
3(1983 1001 1010)
3(1983 1982 1001)
3(1983 1010 1982)
3(1982 1010 1009)
3(1010 1001 1009)
3(1010 1983 1002)
3(1983 1001 1002)
3(1010 1002 1001)
3(1011 1002 1983)
3(1984 1002 1011)
3(1984 1983 1002)
3(1984 1011 1983)
3(1983 1011 1010)
3(1011 1002 1010)
3(1011 1984 1003)
3(1984 1002 1003)
3(1011 1003 1002)
3(1012 1003 1984)
3(1985 1003 1012)
3(1985 1984 1003)
3(1985 1012 1984)
3(1984 1012 1011)
3(1012 1003 1011)
3(1012 1985 1004)
3(1985 1003 1004)
3(1012 1004 1003)
3(1013 1004 1985)
3(1986 1004 1013)
3(1986 1985 1004)
3(1986 1013 1985)
3(1985 1013 1012)
3(1013 1004 1012)
3(1013 1986 1005)
3(1986 1004 1005)
3(1013 1005 1004)
3(1014 1005 1986)
3(1987 1005 1014)
3(1987 1986 1005)
3(1987 1014 1986)
3(1986 1014 1013)
3(1014 1005 1013)
3(1014 1987 1006)
3(1987 1005 1006)
3(1014 1006 1005)
3(1015 1006 1987)
3(1988 1006 1015)
3(1988 1987 1006)
3(1988 1015 1987)
3(1987 1015 1014)
3(1015 1006 1014)
3(1015 1988 243)
3(1988 1006 243)
3(1015 243 1006)
3(244 243 1988)
3(1061 1988 243)
3(1061 244 1988)
3(1061 243 244)
3(1988 244 1015)
3(244 243 1015)
3(456 454 233)
3(7 456 233)
3(7 454 456)
3(233 1989 456)
3(2007 1989 233)
3(2007 233 456)
3(2007 456 1989)
3(456 454 1989)
3(2007 1989 234)
3(233 2007 234)
3(234 1990 2007)
3(2008 1990 234)
3(2008 234 2007)
3(2008 2007 1990)
3(2007 1989 1990)
3(2008 1990 235)
3(234 2008 235)
3(235 1991 2008)
3(2009 1991 235)
3(2009 235 2008)
3(2009 2008 1991)
3(2008 1990 1991)
3(2009 1991 236)
3(235 2009 236)
3(236 1992 2009)
3(2010 1992 236)
3(2010 236 2009)
3(2010 2009 1992)
3(2009 1991 1992)
3(2010 1992 237)
3(236 2010 237)
3(237 1993 2010)
3(2011 1993 237)
3(2011 237 2010)
3(2011 2010 1993)
3(2010 1992 1993)
3(2011 1993 238)
3(237 2011 238)
3(238 1994 2011)
3(2012 1994 238)
3(2012 238 2011)
3(2012 2011 1994)
3(2011 1993 1994)
3(2012 1994 239)
3(238 2012 239)
3(239 1995 2012)
3(2013 1995 239)
3(2013 239 2012)
3(2013 2012 1995)
3(2012 1994 1995)
3(2013 1995 240)
3(239 2013 240)
3(240 1996 2013)
3(2014 1996 240)
3(2014 240 2013)
3(2014 2013 1996)
3(2013 1995 1996)
3(2014 1996 241)
3(240 2014 241)
3(241 1997 2014)
3(2015 1997 241)
3(2015 241 2014)
3(2015 2014 1997)
3(2014 1996 1997)
3(2015 1997 15)
3(241 2015 15)
3(15 1062 2015)
3(1064 15 2015)
3(1064 2015 1062)
3(1064 1062 15)
3(2015 1997 1062)
3(453 456 998)
3(456 107 998)
3(453 107 456)
3(1980 998 456)
3(2007 998 1980)
3(2007 456 998)
3(2007 1980 456)
3(456 1980 453)
3(1980 2007 999)
3(2007 998 999)
3(1981 999 2007)
3(2008 999 1981)
3(2008 2007 999)
3(2008 1981 2007)
3(2007 1981 1980)
3(1981 2008 1000)
3(2008 999 1000)
3(1982 1000 2008)
3(2009 1000 1982)
3(2009 2008 1000)
3(2009 1982 2008)
3(2008 1982 1981)
3(1982 2009 1001)
3(2009 1000 1001)
3(1983 1001 2009)
3(2010 1001 1983)
3(2010 2009 1001)
3(2010 1983 2009)
3(2009 1983 1982)
3(1983 2010 1002)
3(2010 1001 1002)
3(1984 1002 2010)
3(2011 1002 1984)
3(2011 2010 1002)
3(2011 1984 2010)
3(2010 1984 1983)
3(1984 2011 1003)
3(2011 1002 1003)
3(1985 1003 2011)
3(2012 1003 1985)
3(2012 2011 1003)
3(2012 1985 2011)
3(2011 1985 1984)
3(1985 2012 1004)
3(2012 1003 1004)
3(1986 1004 2012)
3(2013 1004 1986)
3(2013 2012 1004)
3(2013 1986 2012)
3(2012 1986 1985)
3(1986 2013 1005)
3(2013 1004 1005)
3(1987 1005 2013)
3(2014 1005 1987)
3(2014 2013 1005)
3(2014 1987 2013)
3(2013 1987 1986)
3(1987 2014 1006)
3(2014 1005 1006)
3(1988 1006 2014)
3(2015 1006 1988)
3(2015 2014 1006)
3(2015 1988 2014)
3(2014 1988 1987)
3(1988 2015 243)
3(2015 1006 243)
3(1061 243 2015)
3(1064 2015 243)
3(1064 1061 2015)
3(1064 243 1061)
3(2015 1061 1988)
3(109 455 1980)
3(109 1980 453)
3(455 453 1980)
3(109 453 455)
3(1016 1980 455)
3(1998 1980 1016)
3(1998 1016 455)
3(1998 455 1980)
3(455 1016 109)
3(1016 1980 109)
3(1016 1998 1981)
3(1016 1981 1980)
3(1998 1980 1981)
3(1017 1981 1998)
3(1999 1981 1017)
3(1999 1017 1998)
3(1999 1998 1981)
3(1998 1017 1016)
3(1017 1981 1016)
3(1017 1999 1982)
3(1017 1982 1981)
3(1999 1981 1982)
3(1018 1982 1999)
3(2000 1982 1018)
3(2000 1018 1999)
3(2000 1999 1982)
3(1999 1018 1017)
3(1018 1982 1017)
3(1018 2000 1983)
3(1018 1983 1982)
3(2000 1982 1983)
3(1019 1983 2000)
3(2001 1983 1019)
3(2001 1019 2000)
3(2001 2000 1983)
3(2000 1019 1018)
3(1019 1983 1018)
3(1019 2001 1984)
3(1019 1984 1983)
3(2001 1983 1984)
3(1020 1984 2001)
3(2002 1984 1020)
3(2002 1020 2001)
3(2002 2001 1984)
3(2001 1020 1019)
3(1020 1984 1019)
3(1020 2002 1985)
3(1020 1985 1984)
3(2002 1984 1985)
3(1021 1985 2002)
3(2003 1985 1021)
3(2003 1021 2002)
3(2003 2002 1985)
3(2002 1021 1020)
3(1021 1985 1020)
3(1021 2003 1986)
3(1021 1986 1985)
3(2003 1985 1986)
3(1022 1986 2003)
3(2004 1986 1022)
3(2004 1022 2003)
3(2004 2003 1986)
3(2003 1022 1021)
3(1022 1986 1021)
3(1022 2004 1987)
3(1022 1987 1986)
3(2004 1986 1987)
3(1023 1987 2004)
3(2005 1987 1023)
3(2005 1023 2004)
3(2005 2004 1987)
3(2004 1023 1022)
3(1023 1987 1022)
3(1023 2005 1988)
3(1023 1988 1987)
3(2005 1987 1988)
3(1024 1988 2005)
3(2006 1988 1024)
3(2006 1024 2005)
3(2006 2005 1988)
3(2005 1024 1023)
3(1024 1988 1023)
3(1024 2006 1061)
3(1024 1061 1988)
3(2006 1988 1061)
3(245 1061 2006)
3(1063 245 2006)
3(1063 2006 1061)
3(1063 1061 245)
3(2006 245 1024)
3(245 1061 1024)
3(112 455 1034)
3(455 111 1034)
3(112 1034 111)
3(112 111 455)
3(1043 1034 455)
3(1998 1034 1043)
3(1998 1043 455)
3(1998 455 1034)
3(455 1043 112)
3(1043 1034 112)
3(1043 1998 1035)
3(1998 1034 1035)
3(1043 1035 1034)
3(1044 1035 1998)
3(1999 1035 1044)
3(1999 1044 1998)
3(1999 1998 1035)
3(1998 1044 1043)
3(1044 1035 1043)
3(1044 1999 1036)
3(1999 1035 1036)
3(1044 1036 1035)
3(1045 1036 1999)
3(2000 1036 1045)
3(2000 1045 1999)
3(2000 1999 1036)
3(1999 1045 1044)
3(1045 1036 1044)
3(1045 2000 1037)
3(2000 1036 1037)
3(1045 1037 1036)
3(1046 1037 2000)
3(2001 1037 1046)
3(2001 1046 2000)
3(2001 2000 1037)
3(2000 1046 1045)
3(1046 1037 1045)
3(1046 2001 1038)
3(2001 1037 1038)
3(1046 1038 1037)
3(1047 1038 2001)
3(2002 1038 1047)
3(2002 1047 2001)
3(2002 2001 1038)
3(2001 1047 1046)
3(1047 1038 1046)
3(1047 2002 1039)
3(2002 1038 1039)
3(1047 1039 1038)
3(1048 1039 2002)
3(2003 1039 1048)
3(2003 1048 2002)
3(2003 2002 1039)
3(2002 1048 1047)
3(1048 1039 1047)
3(1048 2003 1040)
3(2003 1039 1040)
3(1048 1040 1039)
3(1049 1040 2003)
3(2004 1040 1049)
3(2004 1049 2003)
3(2004 2003 1040)
3(2003 1049 1048)
3(1049 1040 1048)
3(1049 2004 1041)
3(2004 1040 1041)
3(1049 1041 1040)
3(1050 1041 2004)
3(2005 1041 1050)
3(2005 1050 2004)
3(2005 2004 1041)
3(2004 1050 1049)
3(1050 1041 1049)
3(1050 2005 1042)
3(2005 1041 1042)
3(1050 1042 1041)
3(1051 1042 2005)
3(2006 1042 1051)
3(2006 1051 2005)
3(2006 2005 1042)
3(2005 1051 1050)
3(1051 1042 1050)
3(1051 2006 247)
3(2006 1042 247)
3(1051 247 1042)
3(248 247 2006)
3(1063 248 2006)
3(1063 2006 247)
3(1063 247 248)
3(2006 248 1051)
3(248 247 1051)
3(454 455 1043)
3(454 1043 112)
3(454 112 455)
3(1989 1043 455)
3(1998 1043 1989)
3(1998 1989 455)
3(1989 1043 454)
3(455 1989 454)
3(1989 1998 1044)
3(1989 1044 1043)
3(1990 1044 1998)
3(1999 1044 1990)
3(1999 1990 1998)
3(1990 1044 1989)
3(1998 1990 1989)
3(1990 1999 1045)
3(1990 1045 1044)
3(1991 1045 1999)
3(2000 1045 1991)
3(2000 1991 1999)
3(1991 1045 1990)
3(1999 1991 1990)
3(1991 2000 1046)
3(1991 1046 1045)
3(1992 1046 2000)
3(2001 1046 1992)
3(2001 1992 2000)
3(1992 1046 1991)
3(2000 1992 1991)
3(1992 2001 1047)
3(1992 1047 1046)
3(1993 1047 2001)
3(2002 1047 1993)
3(2002 1993 2001)
3(1993 1047 1992)
3(2001 1993 1992)
3(1993 2002 1048)
3(1993 1048 1047)
3(1994 1048 2002)
3(2003 1048 1994)
3(2003 1994 2002)
3(1994 1048 1993)
3(2002 1994 1993)
3(1994 2003 1049)
3(1994 1049 1048)
3(1995 1049 2003)
3(2004 1049 1995)
3(2004 1995 2003)
3(1995 1049 1994)
3(2003 1995 1994)
3(1995 2004 1050)
3(1995 1050 1049)
3(1996 1050 2004)
3(2005 1050 1996)
3(2005 1996 2004)
3(1996 1050 1995)
3(2004 1996 1995)
3(1996 2005 1051)
3(1996 1051 1050)
3(1997 1051 2005)
3(2006 1051 1997)
3(2006 1997 2005)
3(1997 1051 1996)
3(2005 1997 1996)
3(1997 2006 248)
3(1997 248 1051)
3(1062 248 2006)
3(1063 1062 2006)
3(1063 248 1062)
3(1062 248 1997)
3(2006 1062 1997)
3(110 455 1016)
3(110 1016 109)
3(110 109 455)
3(1025 1016 455)
3(1998 1016 1025)
3(1998 1025 455)
3(455 1025 110)
3(1025 1016 110)
3(1025 1998 1017)
3(1025 1017 1016)
3(1026 1017 1998)
3(1999 1017 1026)
3(1999 1026 1998)
3(1998 1026 1025)
3(1026 1017 1025)
3(1026 1999 1018)
3(1026 1018 1017)
3(1027 1018 1999)
3(2000 1018 1027)
3(2000 1027 1999)
3(1999 1027 1026)
3(1027 1018 1026)
3(1027 2000 1019)
3(1027 1019 1018)
3(1028 1019 2000)
3(2001 1019 1028)
3(2001 1028 2000)
3(2000 1028 1027)
3(1028 1019 1027)
3(1028 2001 1020)
3(1028 1020 1019)
3(1029 1020 2001)
3(2002 1020 1029)
3(2002 1029 2001)
3(2001 1029 1028)
3(1029 1020 1028)
3(1029 2002 1021)
3(1029 1021 1020)
3(1030 1021 2002)
3(2003 1021 1030)
3(2003 1030 2002)
3(2002 1030 1029)
3(1030 1021 1029)
3(1030 2003 1022)
3(1030 1022 1021)
3(1031 1022 2003)
3(2004 1022 1031)
3(2004 1031 2003)
3(2003 1031 1030)
3(1031 1022 1030)
3(1031 2004 1023)
3(1031 1023 1022)
3(1032 1023 2004)
3(2005 1023 1032)
3(2005 1032 2004)
3(2004 1032 1031)
3(1032 1023 1031)
3(1032 2005 1024)
3(1032 1024 1023)
3(1033 1024 2005)
3(2006 1024 1033)
3(2006 1033 2005)
3(2005 1033 1032)
3(1033 1024 1032)
3(1033 2006 245)
3(1033 245 1024)
3(246 245 2006)
3(1063 246 2006)
3(1063 245 246)
3(2006 246 1033)
3(246 245 1033)
3(113 454 1043)
3(113 1043 112)
3(113 112 454)
3(1052 1043 454)
3(1989 1043 1052)
3(1052 1043 113)
3(1052 1989 1044)
3(1052 1044 1043)
3(1053 1044 1989)
3(1990 1044 1053)
3(1053 1044 1052)
3(1053 1990 1045)
3(1053 1045 1044)
3(1054 1045 1990)
3(1991 1045 1054)
3(1054 1045 1053)
3(1054 1991 1046)
3(1054 1046 1045)
3(1055 1046 1991)
3(1992 1046 1055)
3(1055 1046 1054)
3(1055 1992 1047)
3(1055 1047 1046)
3(1056 1047 1992)
3(1993 1047 1056)
3(1056 1047 1055)
3(1056 1993 1048)
3(1056 1048 1047)
3(1057 1048 1993)
3(1994 1048 1057)
3(1057 1048 1056)
3(1057 1994 1049)
3(1057 1049 1048)
3(1058 1049 1994)
3(1995 1049 1058)
3(1058 1049 1057)
3(1058 1995 1050)
3(1058 1050 1049)
3(1059 1050 1995)
3(1996 1050 1059)
3(1059 1050 1058)
3(1059 1996 1051)
3(1059 1051 1050)
3(1060 1051 1996)
3(1997 1051 1060)
3(1060 1051 1059)
3(1060 1997 248)
3(1060 248 1051)
3(249 248 1997)
3(1062 248 249)
3(249 248 1060)
3(109 453 1007)
3(109 1007 108)
3(109 108 453)
3(1980 109 1007)
3(1980 1007 1016)
3(1016 1007 109)
3(1016 1980 1008)
3(1016 1008 1007)
3(1981 1016 1008)
3(1981 1008 1017)
3(1017 1008 1016)
3(1017 1981 1009)
3(1017 1009 1008)
3(1982 1017 1009)
3(1982 1009 1018)
3(1018 1009 1017)
3(1018 1982 1010)
3(1018 1010 1009)
3(1983 1018 1010)
3(1983 1010 1019)
3(1019 1010 1018)
3(1019 1983 1011)
3(1019 1011 1010)
3(1984 1019 1011)
3(1984 1011 1020)
3(1020 1011 1019)
3(1020 1984 1012)
3(1020 1012 1011)
3(1985 1020 1012)
3(1985 1012 1021)
3(1021 1012 1020)
3(1021 1985 1013)
3(1021 1013 1012)
3(1986 1021 1013)
3(1986 1013 1022)
3(1022 1013 1021)
3(1022 1986 1014)
3(1022 1014 1013)
3(1987 1022 1014)
3(1987 1014 1023)
3(1023 1014 1022)
3(1023 1987 1015)
3(1023 1015 1014)
3(1988 1023 1015)
3(1988 1015 1024)
3(1024 1015 1023)
3(1024 1988 244)
3(1024 244 1015)
3(1061 1024 244)
3(245 244 1024)
3(1061 244 245)
3(107 456 989)
3(456 106 989)
3(107 989 106)
3(107 106 456)
3(998 989 456)
3(2007 989 998)
3(2007 456 989)
3(998 989 107)
3(998 2007 990)
3(2007 989 990)
3(998 990 989)
3(999 990 2007)
3(2008 990 999)
3(2008 2007 990)
3(999 990 998)
3(999 2008 991)
3(2008 990 991)
3(999 991 990)
3(1000 991 2008)
3(2009 991 1000)
3(2009 2008 991)
3(1000 991 999)
3(1000 2009 992)
3(2009 991 992)
3(1000 992 991)
3(1001 992 2009)
3(2010 992 1001)
3(2010 2009 992)
3(1001 992 1000)
3(1001 2010 993)
3(2010 992 993)
3(1001 993 992)
3(1002 993 2010)
3(2011 993 1002)
3(2011 2010 993)
3(1002 993 1001)
3(1002 2011 994)
3(2011 993 994)
3(1002 994 993)
3(1003 994 2011)
3(2012 994 1003)
3(2012 2011 994)
3(1003 994 1002)
3(1003 2012 995)
3(2012 994 995)
3(1003 995 994)
3(1004 995 2012)
3(2013 995 1004)
3(2013 2012 995)
3(1004 995 1003)
3(1004 2013 996)
3(2013 995 996)
3(1004 996 995)
3(1005 996 2013)
3(2014 996 1005)
3(2014 2013 996)
3(1005 996 1004)
3(1005 2014 997)
3(2014 996 997)
3(1005 997 996)
3(1006 997 2014)
3(2015 997 1006)
3(2015 2014 997)
3(1006 997 1005)
3(1006 2015 242)
3(2015 997 242)
3(1006 242 997)
3(243 242 2015)
3(1064 2015 242)
3(1064 242 243)
3(243 242 1006)
3(106 456 233)
3(106 233 7)
3(106 7 456)
3(989 233 456)
3(2007 233 989)
3(989 233 106)
3(989 2007 234)
3(989 234 233)
3(990 234 2007)
3(2008 234 990)
3(990 234 989)
3(990 2008 235)
3(990 235 234)
3(991 235 2008)
3(2009 235 991)
3(991 235 990)
3(991 2009 236)
3(991 236 235)
3(992 236 2009)
3(2010 236 992)
3(992 236 991)
3(992 2010 237)
3(992 237 236)
3(993 237 2010)
3(2011 237 993)
3(993 237 992)
3(993 2011 238)
3(993 238 237)
3(994 238 2011)
3(2012 238 994)
3(994 238 993)
3(994 2012 239)
3(994 239 238)
3(995 239 2012)
3(2013 239 995)
3(995 239 994)
3(995 2013 240)
3(995 240 239)
3(996 240 2013)
3(2014 240 996)
3(996 240 995)
3(996 2014 241)
3(996 241 240)
3(997 241 2014)
3(2015 241 997)
3(997 241 996)
3(997 2015 15)
3(997 15 241)
3(242 15 2015)
3(1064 15 242)
3(242 15 997)
3(454 456 1980)
3(454 1980 453)
3(454 453 456)
3(1989 1980 456)
3(2007 1980 1989)
3(1989 1980 454)
3(1989 2007 1981)
3(1989 1981 1980)
3(1990 1981 2007)
3(2008 1981 1990)
3(1990 1981 1989)
3(1990 2008 1982)
3(1990 1982 1981)
3(1991 1982 2008)
3(2009 1982 1991)
3(1991 1982 1990)
3(1991 2009 1983)
3(1991 1983 1982)
3(1992 1983 2009)
3(2010 1983 1992)
3(1992 1983 1991)
3(1992 2010 1984)
3(1992 1984 1983)
3(1993 1984 2010)
3(2011 1984 1993)
3(1993 1984 1992)
3(1993 2011 1985)
3(1993 1985 1984)
3(1994 1985 2011)
3(2012 1985 1994)
3(1994 1985 1993)
3(1994 2012 1986)
3(1994 1986 1985)
3(1995 1986 2012)
3(2013 1986 1995)
3(1995 1986 1994)
3(1995 2013 1987)
3(1995 1987 1986)
3(1996 1987 2013)
3(2014 1987 1996)
3(1996 1987 1995)
3(1996 2014 1988)
3(1996 1988 1987)
3(1997 1988 2014)
3(2015 1988 1997)
3(1997 1988 1996)
3(1997 2015 1061)
3(1997 1061 1988)
3(1062 1061 2015)
3(1064 1061 1062)
3(1062 1061 1997)
3(455 454 1980)
3(453 454 455)
3(1980 1989 455)
3(1998 1989 1980)
3(1998 1989 1981)
3(1981 1990 1998)
3(1999 1990 1981)
3(1999 1990 1982)
3(1982 1991 1999)
3(2000 1991 1982)
3(2000 1991 1983)
3(1983 1992 2000)
3(2001 1992 1983)
3(2001 1992 1984)
3(1984 1993 2001)
3(2002 1993 1984)
3(2002 1993 1985)
3(1985 1994 2002)
3(2003 1994 1985)
3(2003 1994 1986)
3(1986 1995 2003)
3(2004 1995 1986)
3(2004 1995 1987)
3(1987 1996 2004)
3(2005 1996 1987)
3(2005 1996 1988)
3(1988 1997 2005)
3(2006 1997 1988)
3(2006 1997 1061)
3(1061 1062 2006)
3(1063 1062 1061)
3(111 455 1025)
3(111 1025 110)
3(111 110 455)
3(1034 1025 455)
3(1998 1025 1034)
3(1034 1025 111)
3(1034 1998 1026)
3(1034 1026 1025)
3(1035 1026 1998)
3(1999 1026 1035)
3(1035 1026 1034)
3(1035 1999 1027)
3(1035 1027 1026)
3(1036 1027 1999)
3(2000 1027 1036)
3(1036 1027 1035)
3(1036 2000 1028)
3(1036 1028 1027)
3(1037 1028 2000)
3(2001 1028 1037)
3(1037 1028 1036)
3(1037 2001 1029)
3(1037 1029 1028)
3(1038 1029 2001)
3(2002 1029 1038)
3(1038 1029 1037)
3(1038 2002 1030)
3(1038 1030 1029)
3(1039 1030 2002)
3(2003 1030 1039)
3(1039 1030 1038)
3(1039 2003 1031)
3(1039 1031 1030)
3(1040 1031 2003)
3(2004 1031 1040)
3(1040 1031 1039)
3(1040 2004 1032)
3(1040 1032 1031)
3(1041 1032 2004)
3(2005 1032 1041)
3(1041 1032 1040)
3(1041 2005 1033)
3(1041 1033 1032)
3(1042 1033 2005)
3(2006 1033 1042)
3(1042 1033 1041)
3(1042 2006 246)
3(1042 246 1033)
3(247 246 2006)
3(1063 246 247)
3(247 246 1042)
3(1072 1089 2169)
3(1072 2169 1082)
3(1089 1082 2169)
3(1072 1082 1089)
3(2079 2169 1089)
3(2232 2169 2079)
3(2232 1089 2169)
3(2232 2079 1089)
3(2079 2169 1072)
3(1089 2079 1072)
3(2079 2232 2170)
3(2079 2170 2169)
3(2232 2169 2170)
3(2080 2170 2232)
3(2233 2170 2080)
3(2233 2232 2170)
3(2233 2080 2232)
3(2080 2170 2079)
3(2232 2080 2079)
3(2080 2233 2171)
3(2080 2171 2170)
3(2233 2170 2171)
3(2081 2171 2233)
3(2234 2171 2081)
3(2234 2233 2171)
3(2234 2081 2233)
3(2081 2171 2080)
3(2233 2081 2080)
3(2081 2234 2172)
3(2081 2172 2171)
3(2234 2171 2172)
3(2082 2172 2234)
3(2235 2172 2082)
3(2235 2234 2172)
3(2235 2082 2234)
3(2082 2172 2081)
3(2234 2082 2081)
3(2082 2235 2173)
3(2082 2173 2172)
3(2235 2172 2173)
3(2083 2173 2235)
3(2236 2173 2083)
3(2236 2235 2173)
3(2236 2083 2235)
3(2083 2173 2082)
3(2235 2083 2082)
3(2083 2236 2174)
3(2083 2174 2173)
3(2236 2173 2174)
3(2084 2174 2236)
3(2237 2174 2084)
3(2237 2236 2174)
3(2237 2084 2236)
3(2084 2174 2083)
3(2236 2084 2083)
3(2084 2237 2175)
3(2084 2175 2174)
3(2237 2174 2175)
3(2085 2175 2237)
3(2238 2175 2085)
3(2238 2237 2175)
3(2238 2085 2237)
3(2085 2175 2084)
3(2237 2085 2084)
3(2085 2238 2176)
3(2085 2176 2175)
3(2238 2175 2176)
3(2086 2176 2238)
3(2239 2176 2086)
3(2239 2238 2176)
3(2239 2086 2238)
3(2086 2176 2085)
3(2238 2086 2085)
3(2086 2239 2177)
3(2086 2177 2176)
3(2239 2176 2177)
3(2087 2177 2239)
3(2240 2177 2087)
3(2240 2239 2177)
3(2240 2087 2239)
3(2087 2177 2086)
3(2239 2087 2086)
3(2087 2240 1274)
3(2087 1274 2177)
3(2240 2177 1274)
3(1264 1274 2240)
3(1281 2240 1274)
3(1281 1264 2240)
3(1281 1274 1264)
3(1264 1274 2087)
3(2240 1264 2087)
3(253 1083 2034)
3(1083 1067 2034)
3(253 2034 1067)
3(253 1067 1083)
3(1122 2034 1083)
3(2178 2034 1122)
3(2178 1122 1083)
3(2178 1083 2034)
3(1083 1122 253)
3(1122 2034 253)
3(1122 2178 2035)
3(2178 2034 2035)
3(1122 2035 2034)
3(1123 2035 2178)
3(2179 2035 1123)
3(2179 1123 2178)
3(2179 2178 2035)
3(2178 1123 1122)
3(1123 2035 1122)
3(1123 2179 2036)
3(2179 2035 2036)
3(1123 2036 2035)
3(1124 2036 2179)
3(2180 2036 1124)
3(2180 1124 2179)
3(2180 2179 2036)
3(2179 1124 1123)
3(1124 2036 1123)
3(1124 2180 2037)
3(2180 2036 2037)
3(1124 2037 2036)
3(1125 2037 2180)
3(2181 2037 1125)
3(2181 1125 2180)
3(2181 2180 2037)
3(2180 1125 1124)
3(1125 2037 1124)
3(1125 2181 2038)
3(2181 2037 2038)
3(1125 2038 2037)
3(1126 2038 2181)
3(2182 2038 1126)
3(2182 1126 2181)
3(2182 2181 2038)
3(2181 1126 1125)
3(1126 2038 1125)
3(1126 2182 2039)
3(2182 2038 2039)
3(1126 2039 2038)
3(1127 2039 2182)
3(2183 2039 1127)
3(2183 1127 2182)
3(2183 2182 2039)
3(2182 1127 1126)
3(1127 2039 1126)
3(1127 2183 2040)
3(2183 2039 2040)
3(1127 2040 2039)
3(1128 2040 2183)
3(2184 2040 1128)
3(2184 1128 2183)
3(2184 2183 2040)
3(2183 1128 1127)
3(1128 2040 1127)
3(1128 2184 2041)
3(2184 2040 2041)
3(1128 2041 2040)
3(1129 2041 2184)
3(2185 2041 1129)
3(2185 1129 2184)
3(2185 2184 2041)
3(2184 1129 1128)
3(1129 2041 1128)
3(1129 2185 2042)
3(2185 2041 2042)
3(1129 2042 2041)
3(1130 2042 2185)
3(2186 2042 1130)
3(2186 1130 2185)
3(2186 2185 2042)
3(2185 1130 1129)
3(1130 2042 1129)
3(1130 2186 1259)
3(2186 2042 1259)
3(1130 1259 2042)
3(280 1259 2186)
3(1275 280 2186)
3(1275 2186 1259)
3(1275 1259 280)
3(2186 280 1130)
3(280 1259 1130)
3(1071 1077 2106)
3(1071 2106 1075)
3(1077 1075 2106)
3(1071 1075 1077)
3(2070 2106 1077)
3(2124 2106 2070)
3(2124 2070 1077)
3(2124 1077 2106)
3(2070 2106 1071)
3(1077 2070 1071)
3(2070 2124 2107)
3(2070 2107 2106)
3(2124 2106 2107)
3(2071 2107 2124)
3(2125 2107 2071)
3(2125 2071 2124)
3(2125 2124 2107)
3(2071 2107 2070)
3(2124 2071 2070)
3(2071 2125 2108)
3(2071 2108 2107)
3(2125 2107 2108)
3(2072 2108 2125)
3(2126 2108 2072)
3(2126 2072 2125)
3(2126 2125 2108)
3(2072 2108 2071)
3(2125 2072 2071)
3(2072 2126 2109)
3(2072 2109 2108)
3(2126 2108 2109)
3(2073 2109 2126)
3(2127 2109 2073)
3(2127 2073 2126)
3(2127 2126 2109)
3(2073 2109 2072)
3(2126 2073 2072)
3(2073 2127 2110)
3(2073 2110 2109)
3(2127 2109 2110)
3(2074 2110 2127)
3(2128 2110 2074)
3(2128 2074 2127)
3(2128 2127 2110)
3(2074 2110 2073)
3(2127 2074 2073)
3(2074 2128 2111)
3(2074 2111 2110)
3(2128 2110 2111)
3(2075 2111 2128)
3(2129 2111 2075)
3(2129 2075 2128)
3(2129 2128 2111)
3(2075 2111 2074)
3(2128 2075 2074)
3(2075 2129 2112)
3(2075 2112 2111)
3(2129 2111 2112)
3(2076 2112 2129)
3(2130 2112 2076)
3(2130 2076 2129)
3(2130 2129 2112)
3(2076 2112 2075)
3(2129 2076 2075)
3(2076 2130 2113)
3(2076 2113 2112)
3(2130 2112 2113)
3(2077 2113 2130)
3(2131 2113 2077)
3(2131 2077 2130)
3(2131 2130 2113)
3(2077 2113 2076)
3(2130 2077 2076)
3(2077 2131 2114)
3(2077 2114 2113)
3(2131 2113 2114)
3(2078 2114 2131)
3(2132 2114 2078)
3(2132 2078 2131)
3(2132 2131 2114)
3(2078 2114 2077)
3(2131 2078 2077)
3(2078 2132 1267)
3(2078 1267 2114)
3(2132 2114 1267)
3(1263 1267 2132)
3(1269 1263 2132)
3(1269 2132 1267)
3(1269 1267 1263)
3(1263 1267 2078)
3(2132 1263 2078)
3(1081 1094 2196)
3(1094 1085 2196)
3(1081 2196 1085)
3(1081 1085 1094)
3(2160 2196 1094)
3(2277 2196 2160)
3(2277 1094 2196)
3(2277 2160 1094)
3(1094 2160 1081)
3(2160 2196 1081)
3(2160 2277 2197)
3(2277 2196 2197)
3(2160 2197 2196)
3(2161 2197 2277)
3(2278 2197 2161)
3(2278 2277 2197)
3(2278 2161 2277)
3(2277 2161 2160)
3(2161 2197 2160)
3(2161 2278 2198)
3(2278 2197 2198)
3(2161 2198 2197)
3(2162 2198 2278)
3(2279 2198 2162)
3(2279 2278 2198)
3(2279 2162 2278)
3(2278 2162 2161)
3(2162 2198 2161)
3(2162 2279 2199)
3(2279 2198 2199)
3(2162 2199 2198)
3(2163 2199 2279)
3(2280 2199 2163)
3(2280 2279 2199)
3(2280 2163 2279)
3(2279 2163 2162)
3(2163 2199 2162)
3(2163 2280 2200)
3(2280 2199 2200)
3(2163 2200 2199)
3(2164 2200 2280)
3(2281 2200 2164)
3(2281 2280 2200)
3(2281 2164 2280)
3(2280 2164 2163)
3(2164 2200 2163)
3(2164 2281 2201)
3(2281 2200 2201)
3(2164 2201 2200)
3(2165 2201 2281)
3(2282 2201 2165)
3(2282 2281 2201)
3(2282 2165 2281)
3(2281 2165 2164)
3(2165 2201 2164)
3(2165 2282 2202)
3(2282 2201 2202)
3(2165 2202 2201)
3(2166 2202 2282)
3(2283 2202 2166)
3(2283 2282 2202)
3(2283 2166 2282)
3(2282 2166 2165)
3(2166 2202 2165)
3(2166 2283 2203)
3(2283 2202 2203)
3(2166 2203 2202)
3(2167 2203 2283)
3(2284 2203 2167)
3(2284 2283 2203)
3(2284 2167 2283)
3(2283 2167 2166)
3(2167 2203 2166)
3(2167 2284 2204)
3(2284 2203 2204)
3(2167 2204 2203)
3(2168 2204 2284)
3(2285 2204 2168)
3(2285 2284 2204)
3(2285 2168 2284)
3(2284 2168 2167)
3(2168 2204 2167)
3(2168 2285 1277)
3(2285 2204 1277)
3(2168 1277 2204)
3(1273 1277 2285)
3(1286 2285 1277)
3(1286 1273 2285)
3(1286 1277 1273)
3(2285 1273 2168)
3(1273 1277 2168)
3(1090 1072 2169)
3(1082 1090 2169)
3(1082 1072 1090)
3(2169 2079 1090)
3(2241 2079 2169)
3(2241 2169 1090)
3(2241 1090 2079)
3(1090 1072 2079)
3(2241 2079 2170)
3(2169 2241 2170)
3(2170 2080 2241)
3(2242 2080 2170)
3(2242 2170 2241)
3(2242 2241 2080)
3(2241 2079 2080)
3(2242 2080 2171)
3(2170 2242 2171)
3(2171 2081 2242)
3(2243 2081 2171)
3(2243 2171 2242)
3(2243 2242 2081)
3(2242 2080 2081)
3(2243 2081 2172)
3(2171 2243 2172)
3(2172 2082 2243)
3(2244 2082 2172)
3(2244 2172 2243)
3(2244 2243 2082)
3(2243 2081 2082)
3(2244 2082 2173)
3(2172 2244 2173)
3(2173 2083 2244)
3(2245 2083 2173)
3(2245 2173 2244)
3(2245 2244 2083)
3(2244 2082 2083)
3(2245 2083 2174)
3(2173 2245 2174)
3(2174 2084 2245)
3(2246 2084 2174)
3(2246 2174 2245)
3(2246 2245 2084)
3(2245 2083 2084)
3(2246 2084 2175)
3(2174 2246 2175)
3(2175 2085 2246)
3(2247 2085 2175)
3(2247 2175 2246)
3(2247 2246 2085)
3(2246 2084 2085)
3(2247 2085 2176)
3(2175 2247 2176)
3(2176 2086 2247)
3(2248 2086 2176)
3(2248 2176 2247)
3(2248 2247 2086)
3(2247 2085 2086)
3(2248 2086 2177)
3(2176 2248 2177)
3(2177 2087 2248)
3(2249 2087 2177)
3(2249 2177 2248)
3(2249 2248 2087)
3(2248 2086 2087)
3(2249 2087 1274)
3(2177 2249 1274)
3(1274 1264 2249)
3(1282 1274 2249)
3(1282 2249 1264)
3(1282 1264 1274)
3(2249 2087 1264)
3(1085 1094 2061)
3(1085 2061 1070)
3(1094 1070 2061)
3(1085 1070 1094)
3(2196 2061 1094)
3(2277 2061 2196)
3(2277 1094 2061)
3(2196 2061 1085)
3(2196 2277 2062)
3(2196 2062 2061)
3(2277 2061 2062)
3(2197 2062 2277)
3(2278 2062 2197)
3(2278 2277 2062)
3(2197 2062 2196)
3(2197 2278 2063)
3(2197 2063 2062)
3(2278 2062 2063)
3(2198 2063 2278)
3(2279 2063 2198)
3(2279 2278 2063)
3(2198 2063 2197)
3(2198 2279 2064)
3(2198 2064 2063)
3(2279 2063 2064)
3(2199 2064 2279)
3(2280 2064 2199)
3(2280 2279 2064)
3(2199 2064 2198)
3(2199 2280 2065)
3(2199 2065 2064)
3(2280 2064 2065)
3(2200 2065 2280)
3(2281 2065 2200)
3(2281 2280 2065)
3(2200 2065 2199)
3(2200 2281 2066)
3(2200 2066 2065)
3(2281 2065 2066)
3(2201 2066 2281)
3(2282 2066 2201)
3(2282 2281 2066)
3(2201 2066 2200)
3(2201 2282 2067)
3(2201 2067 2066)
3(2282 2066 2067)
3(2202 2067 2282)
3(2283 2067 2202)
3(2283 2282 2067)
3(2202 2067 2201)
3(2202 2283 2068)
3(2202 2068 2067)
3(2283 2067 2068)
3(2203 2068 2283)
3(2284 2068 2203)
3(2284 2283 2068)
3(2203 2068 2202)
3(2203 2284 2069)
3(2203 2069 2068)
3(2284 2068 2069)
3(2204 2069 2284)
3(2285 2069 2204)
3(2285 2284 2069)
3(2204 2069 2203)
3(2204 2285 1262)
3(2204 1262 2069)
3(2285 2069 1262)
3(1277 1262 2285)
3(1286 2285 1262)
3(1286 1262 1277)
3(1277 1262 2204)
3(254 1083 1122)
3(254 1122 253)
3(254 253 1083)
3(1131 1122 1083)
3(2178 1122 1131)
3(2178 1131 1083)
3(1083 1131 254)
3(1131 1122 254)
3(1131 2178 1123)
3(1131 1123 1122)
3(1132 1123 2178)
3(2179 1123 1132)
3(2179 1132 2178)
3(2178 1132 1131)
3(1132 1123 1131)
3(1132 2179 1124)
3(1132 1124 1123)
3(1133 1124 2179)
3(2180 1124 1133)
3(2180 1133 2179)
3(2179 1133 1132)
3(1133 1124 1132)
3(1133 2180 1125)
3(1133 1125 1124)
3(1134 1125 2180)
3(2181 1125 1134)
3(2181 1134 2180)
3(2180 1134 1133)
3(1134 1125 1133)
3(1134 2181 1126)
3(1134 1126 1125)
3(1135 1126 2181)
3(2182 1126 1135)
3(2182 1135 2181)
3(2181 1135 1134)
3(1135 1126 1134)
3(1135 2182 1127)
3(1135 1127 1126)
3(1136 1127 2182)
3(2183 1127 1136)
3(2183 1136 2182)
3(2182 1136 1135)
3(1136 1127 1135)
3(1136 2183 1128)
3(1136 1128 1127)
3(1137 1128 2183)
3(2184 1128 1137)
3(2184 1137 2183)
3(2183 1137 1136)
3(1137 1128 1136)
3(1137 2184 1129)
3(1137 1129 1128)
3(1138 1129 2184)
3(2185 1129 1138)
3(2185 1138 2184)
3(2184 1138 1137)
3(1138 1129 1137)
3(1138 2185 1130)
3(1138 1130 1129)
3(1139 1130 2185)
3(2186 1130 1139)
3(2186 1139 2185)
3(2185 1139 1138)
3(1139 1130 1138)
3(1139 2186 280)
3(1139 280 1130)
3(281 280 2186)
3(1275 281 2186)
3(1275 280 281)
3(2186 281 1139)
3(281 280 1139)
3(1082 1089 2142)
3(1089 1079 2142)
3(1082 2142 1079)
3(1082 1079 1089)
3(2169 2142 1089)
3(2232 2142 2169)
3(2232 1089 2142)
3(2169 2142 1082)
3(2169 2232 2143)
3(2232 2142 2143)
3(2169 2143 2142)
3(2170 2143 2232)
3(2233 2143 2170)
3(2233 2232 2143)
3(2170 2143 2169)
3(2170 2233 2144)
3(2233 2143 2144)
3(2170 2144 2143)
3(2171 2144 2233)
3(2234 2144 2171)
3(2234 2233 2144)
3(2171 2144 2170)
3(2171 2234 2145)
3(2234 2144 2145)
3(2171 2145 2144)
3(2172 2145 2234)
3(2235 2145 2172)
3(2235 2234 2145)
3(2172 2145 2171)
3(2172 2235 2146)
3(2235 2145 2146)
3(2172 2146 2145)
3(2173 2146 2235)
3(2236 2146 2173)
3(2236 2235 2146)
3(2173 2146 2172)
3(2173 2236 2147)
3(2236 2146 2147)
3(2173 2147 2146)
3(2174 2147 2236)
3(2237 2147 2174)
3(2237 2236 2147)
3(2174 2147 2173)
3(2174 2237 2148)
3(2237 2147 2148)
3(2174 2148 2147)
3(2175 2148 2237)
3(2238 2148 2175)
3(2238 2237 2148)
3(2175 2148 2174)
3(2175 2238 2149)
3(2238 2148 2149)
3(2175 2149 2148)
3(2176 2149 2238)
3(2239 2149 2176)
3(2239 2238 2149)
3(2176 2149 2175)
3(2176 2239 2150)
3(2239 2149 2150)
3(2176 2150 2149)
3(2177 2150 2239)
3(2240 2150 2177)
3(2240 2239 2150)
3(2177 2150 2176)
3(2177 2240 1271)
3(2240 2150 1271)
3(2177 1271 2150)
3(1274 1271 2240)
3(1281 2240 1271)
3(1281 1271 1274)
3(1274 1271 2177)
3(1083 1071 2106)
3(1075 1083 2106)
3(1075 1071 1083)
3(2106 2070 1083)
3(2178 2070 2106)
3(2178 2106 1083)
3(2178 1083 2070)
3(1083 1071 2070)
3(2178 2070 2107)
3(2106 2178 2107)
3(2107 2071 2178)
3(2179 2071 2107)
3(2179 2107 2178)
3(2179 2178 2071)
3(2178 2070 2071)
3(2179 2071 2108)
3(2107 2179 2108)
3(2108 2072 2179)
3(2180 2072 2108)
3(2180 2108 2179)
3(2180 2179 2072)
3(2179 2071 2072)
3(2180 2072 2109)
3(2108 2180 2109)
3(2109 2073 2180)
3(2181 2073 2109)
3(2181 2109 2180)
3(2181 2180 2073)
3(2180 2072 2073)
3(2181 2073 2110)
3(2109 2181 2110)
3(2110 2074 2181)
3(2182 2074 2110)
3(2182 2110 2181)
3(2182 2181 2074)
3(2181 2073 2074)
3(2182 2074 2111)
3(2110 2182 2111)
3(2111 2075 2182)
3(2183 2075 2111)
3(2183 2111 2182)
3(2183 2182 2075)
3(2182 2074 2075)
3(2183 2075 2112)
3(2111 2183 2112)
3(2112 2076 2183)
3(2184 2076 2112)
3(2184 2112 2183)
3(2184 2183 2076)
3(2183 2075 2076)
3(2184 2076 2113)
3(2112 2184 2113)
3(2113 2077 2184)
3(2185 2077 2113)
3(2185 2113 2184)
3(2185 2184 2077)
3(2184 2076 2077)
3(2185 2077 2114)
3(2113 2185 2114)
3(2114 2078 2185)
3(2186 2078 2114)
3(2186 2114 2185)
3(2186 2185 2078)
3(2185 2077 2078)
3(2186 2078 1267)
3(2114 2186 1267)
3(1267 1263 2186)
3(1275 1267 2186)
3(1275 2186 1263)
3(1275 1263 1267)
3(2186 2078 1263)
3(1084 1094 2160)
3(1084 2160 1081)
3(1084 1081 1094)
3(2187 2160 1094)
3(2277 2160 2187)
3(2277 2187 1094)
3(2187 2160 1084)
3(1094 2187 1084)
3(2187 2277 2161)
3(2187 2161 2160)
3(2188 2161 2277)
3(2278 2161 2188)
3(2278 2188 2277)
3(2188 2161 2187)
3(2277 2188 2187)
3(2188 2278 2162)
3(2188 2162 2161)
3(2189 2162 2278)
3(2279 2162 2189)
3(2279 2189 2278)
3(2189 2162 2188)
3(2278 2189 2188)
3(2189 2279 2163)
3(2189 2163 2162)
3(2190 2163 2279)
3(2280 2163 2190)
3(2280 2190 2279)
3(2190 2163 2189)
3(2279 2190 2189)
3(2190 2280 2164)
3(2190 2164 2163)
3(2191 2164 2280)
3(2281 2164 2191)
3(2281 2191 2280)
3(2191 2164 2190)
3(2280 2191 2190)
3(2191 2281 2165)
3(2191 2165 2164)
3(2192 2165 2281)
3(2282 2165 2192)
3(2282 2192 2281)
3(2192 2165 2191)
3(2281 2192 2191)
3(2192 2282 2166)
3(2192 2166 2165)
3(2193 2166 2282)
3(2283 2166 2193)
3(2283 2193 2282)
3(2193 2166 2192)
3(2282 2193 2192)
3(2193 2283 2167)
3(2193 2167 2166)
3(2194 2167 2283)
3(2284 2167 2194)
3(2284 2194 2283)
3(2194 2167 2193)
3(2283 2194 2193)
3(2194 2284 2168)
3(2194 2168 2167)
3(2195 2168 2284)
3(2285 2168 2195)
3(2285 2195 2284)
3(2195 2168 2194)
3(2284 2195 2194)
3(2195 2285 1273)
3(2195 1273 2168)
3(1276 1273 2285)
3(1286 1276 2285)
3(1286 1273 1276)
3(1276 1273 2195)
3(2285 1276 2195)
3(1065 1092 2151)
3(1065 2151 1080)
3(1092 1080 2151)
3(1065 1080 1092)
3(2016 2151 1092)
3(2259 2151 2016)
3(2259 1092 2151)
3(2259 2016 1092)
3(2016 2151 1065)
3(1092 2016 1065)
3(2016 2259 2152)
3(2016 2152 2151)
3(2259 2151 2152)
3(2017 2152 2259)
3(2260 2152 2017)
3(2260 2259 2152)
3(2260 2017 2259)
3(2017 2152 2016)
3(2259 2017 2016)
3(2017 2260 2153)
3(2017 2153 2152)
3(2260 2152 2153)
3(2018 2153 2260)
3(2261 2153 2018)
3(2261 2260 2153)
3(2261 2018 2260)
3(2018 2153 2017)
3(2260 2018 2017)
3(2018 2261 2154)
3(2018 2154 2153)
3(2261 2153 2154)
3(2019 2154 2261)
3(2262 2154 2019)
3(2262 2261 2154)
3(2262 2019 2261)
3(2019 2154 2018)
3(2261 2019 2018)
3(2019 2262 2155)
3(2019 2155 2154)
3(2262 2154 2155)
3(2020 2155 2262)
3(2263 2155 2020)
3(2263 2262 2155)
3(2263 2020 2262)
3(2020 2155 2019)
3(2262 2020 2019)
3(2020 2263 2156)
3(2020 2156 2155)
3(2263 2155 2156)
3(2021 2156 2263)
3(2264 2156 2021)
3(2264 2263 2156)
3(2264 2021 2263)
3(2021 2156 2020)
3(2263 2021 2020)
3(2021 2264 2157)
3(2021 2157 2156)
3(2264 2156 2157)
3(2022 2157 2264)
3(2265 2157 2022)
3(2265 2264 2157)
3(2265 2022 2264)
3(2022 2157 2021)
3(2264 2022 2021)
3(2022 2265 2158)
3(2022 2158 2157)
3(2265 2157 2158)
3(2023 2158 2265)
3(2266 2158 2023)
3(2266 2265 2158)
3(2266 2023 2265)
3(2023 2158 2022)
3(2265 2023 2022)
3(2023 2266 2159)
3(2023 2159 2158)
3(2266 2158 2159)
3(2024 2159 2266)
3(2267 2159 2024)
3(2267 2266 2159)
3(2267 2024 2266)
3(2024 2159 2023)
3(2266 2024 2023)
3(2024 2267 1272)
3(2024 1272 2159)
3(2267 2159 1272)
3(1257 1272 2267)
3(1284 2267 1272)
3(1284 1257 2267)
3(1284 1272 1257)
3(1257 1272 2024)
3(2267 1257 2024)
3(1089 1065 2151)
3(1080 1089 2151)
3(1080 1065 1089)
3(2151 2016 1089)
3(2232 2016 2151)
3(2232 2151 1089)
3(2232 1089 2016)
3(1089 1065 2016)
3(2232 2016 2152)
3(2151 2232 2152)
3(2152 2017 2232)
3(2233 2017 2152)
3(2233 2152 2232)
3(2233 2232 2017)
3(2232 2016 2017)
3(2233 2017 2153)
3(2152 2233 2153)
3(2153 2018 2233)
3(2234 2018 2153)
3(2234 2153 2233)
3(2234 2233 2018)
3(2233 2017 2018)
3(2234 2018 2154)
3(2153 2234 2154)
3(2154 2019 2234)
3(2235 2019 2154)
3(2235 2154 2234)
3(2235 2234 2019)
3(2234 2018 2019)
3(2235 2019 2155)
3(2154 2235 2155)
3(2155 2020 2235)
3(2236 2020 2155)
3(2236 2155 2235)
3(2236 2235 2020)
3(2235 2019 2020)
3(2236 2020 2156)
3(2155 2236 2156)
3(2156 2021 2236)
3(2237 2021 2156)
3(2237 2156 2236)
3(2237 2236 2021)
3(2236 2020 2021)
3(2237 2021 2157)
3(2156 2237 2157)
3(2157 2022 2237)
3(2238 2022 2157)
3(2238 2157 2237)
3(2238 2237 2022)
3(2237 2021 2022)
3(2238 2022 2158)
3(2157 2238 2158)
3(2158 2023 2238)
3(2239 2023 2158)
3(2239 2158 2238)
3(2239 2238 2023)
3(2238 2022 2023)
3(2239 2023 2159)
3(2158 2239 2159)
3(2159 2024 2239)
3(2240 2024 2159)
3(2240 2159 2239)
3(2240 2239 2024)
3(2239 2023 2024)
3(2240 2024 1272)
3(2159 2240 1272)
3(1272 1257 2240)
3(1281 1272 2240)
3(1281 2240 1257)
3(1281 1257 1272)
3(2240 2024 1257)
3(1074 1080 2052)
3(1074 2052 1069)
3(1080 1069 2052)
3(1074 1069 1080)
3(2097 2052 1080)
3(2151 2052 2097)
3(2151 1080 2052)
3(2151 2097 1080)
3(2097 2052 1074)
3(1080 2097 1074)
3(2097 2151 2053)
3(2097 2053 2052)
3(2151 2052 2053)
3(2098 2053 2151)
3(2152 2053 2098)
3(2152 2151 2053)
3(2152 2098 2151)
3(2098 2053 2097)
3(2151 2098 2097)
3(2098 2152 2054)
3(2098 2054 2053)
3(2152 2053 2054)
3(2099 2054 2152)
3(2153 2054 2099)
3(2153 2152 2054)
3(2153 2099 2152)
3(2099 2054 2098)
3(2152 2099 2098)
3(2099 2153 2055)
3(2099 2055 2054)
3(2153 2054 2055)
3(2100 2055 2153)
3(2154 2055 2100)
3(2154 2153 2055)
3(2154 2100 2153)
3(2100 2055 2099)
3(2153 2100 2099)
3(2100 2154 2056)
3(2100 2056 2055)
3(2154 2055 2056)
3(2101 2056 2154)
3(2155 2056 2101)
3(2155 2154 2056)
3(2155 2101 2154)
3(2101 2056 2100)
3(2154 2101 2100)
3(2101 2155 2057)
3(2101 2057 2056)
3(2155 2056 2057)
3(2102 2057 2155)
3(2156 2057 2102)
3(2156 2155 2057)
3(2156 2102 2155)
3(2102 2057 2101)
3(2155 2102 2101)
3(2102 2156 2058)
3(2102 2058 2057)
3(2156 2057 2058)
3(2103 2058 2156)
3(2157 2058 2103)
3(2157 2156 2058)
3(2157 2103 2156)
3(2103 2058 2102)
3(2156 2103 2102)
3(2103 2157 2059)
3(2103 2059 2058)
3(2157 2058 2059)
3(2104 2059 2157)
3(2158 2059 2104)
3(2158 2157 2059)
3(2158 2104 2157)
3(2104 2059 2103)
3(2157 2104 2103)
3(2104 2158 2060)
3(2104 2060 2059)
3(2158 2059 2060)
3(2105 2060 2158)
3(2159 2060 2105)
3(2159 2158 2060)
3(2159 2105 2158)
3(2105 2060 2104)
3(2158 2105 2104)
3(2105 2159 1261)
3(2105 1261 2060)
3(2159 2060 1261)
3(1266 1261 2159)
3(1272 2159 1261)
3(1272 1266 2159)
3(1272 1261 1266)
3(1266 1261 2105)
3(2159 1266 2105)
3(1068 1090 2169)
3(1068 2169 1082)
3(1068 1082 1090)
3(2043 2169 1090)
3(2241 2169 2043)
3(2241 2043 1090)
3(2043 2169 1068)
3(1090 2043 1068)
3(2043 2241 2170)
3(2043 2170 2169)
3(2044 2170 2241)
3(2242 2170 2044)
3(2242 2044 2241)
3(2044 2170 2043)
3(2241 2044 2043)
3(2044 2242 2171)
3(2044 2171 2170)
3(2045 2171 2242)
3(2243 2171 2045)
3(2243 2045 2242)
3(2045 2171 2044)
3(2242 2045 2044)
3(2045 2243 2172)
3(2045 2172 2171)
3(2046 2172 2243)
3(2244 2172 2046)
3(2244 2046 2243)
3(2046 2172 2045)
3(2243 2046 2045)
3(2046 2244 2173)
3(2046 2173 2172)
3(2047 2173 2244)
3(2245 2173 2047)
3(2245 2047 2244)
3(2047 2173 2046)
3(2244 2047 2046)
3(2047 2245 2174)
3(2047 2174 2173)
3(2048 2174 2245)
3(2246 2174 2048)
3(2246 2048 2245)
3(2048 2174 2047)
3(2245 2048 2047)
3(2048 2246 2175)
3(2048 2175 2174)
3(2049 2175 2246)
3(2247 2175 2049)
3(2247 2049 2246)
3(2049 2175 2048)
3(2246 2049 2048)
3(2049 2247 2176)
3(2049 2176 2175)
3(2050 2176 2247)
3(2248 2176 2050)
3(2248 2050 2247)
3(2050 2176 2049)
3(2247 2050 2049)
3(2050 2248 2177)
3(2050 2177 2176)
3(2051 2177 2248)
3(2249 2177 2051)
3(2249 2051 2248)
3(2051 2177 2050)
3(2248 2051 2050)
3(2051 2249 1274)
3(2051 1274 2177)
3(1260 1274 2249)
3(1282 1260 2249)
3(1282 1274 1260)
3(1260 1274 2051)
3(2249 1260 2051)
3(1086 1074 2052)
3(1069 1086 2052)
3(1069 1074 1086)
3(2052 2097 1086)
3(2205 2097 2052)
3(2205 1086 2097)
3(2205 2052 1086)
3(1086 1074 2097)
3(2205 2097 2053)
3(2052 2205 2053)
3(2053 2098 2205)
3(2206 2098 2053)
3(2206 2205 2098)
3(2206 2053 2205)
3(2205 2097 2098)
3(2206 2098 2054)
3(2053 2206 2054)
3(2054 2099 2206)
3(2207 2099 2054)
3(2207 2206 2099)
3(2207 2054 2206)
3(2206 2098 2099)
3(2207 2099 2055)
3(2054 2207 2055)
3(2055 2100 2207)
3(2208 2100 2055)
3(2208 2207 2100)
3(2208 2055 2207)
3(2207 2099 2100)
3(2208 2100 2056)
3(2055 2208 2056)
3(2056 2101 2208)
3(2209 2101 2056)
3(2209 2208 2101)
3(2209 2056 2208)
3(2208 2100 2101)
3(2209 2101 2057)
3(2056 2209 2057)
3(2057 2102 2209)
3(2210 2102 2057)
3(2210 2209 2102)
3(2210 2057 2209)
3(2209 2101 2102)
3(2210 2102 2058)
3(2057 2210 2058)
3(2058 2103 2210)
3(2211 2103 2058)
3(2211 2210 2103)
3(2211 2058 2210)
3(2210 2102 2103)
3(2211 2103 2059)
3(2058 2211 2059)
3(2059 2104 2211)
3(2212 2104 2059)
3(2212 2211 2104)
3(2212 2059 2211)
3(2211 2103 2104)
3(2212 2104 2060)
3(2059 2212 2060)
3(2060 2105 2212)
3(2213 2105 2060)
3(2213 2212 2105)
3(2213 2060 2212)
3(2212 2104 2105)
3(2213 2105 1261)
3(2060 2213 1261)
3(1261 1266 2213)
3(1278 2213 1266)
3(1278 1261 2213)
3(1278 1266 1261)
3(2213 2105 1266)
3(1085 1087 2043)
3(1085 2043 1068)
3(1087 1068 2043)
3(1085 1068 1087)
3(2196 2043 1087)
3(2214 2043 2196)
3(2214 2196 1087)
3(2214 1087 2043)
3(2196 2043 1085)
3(1087 2196 1085)
3(2196 2214 2044)
3(2196 2044 2043)
3(2214 2043 2044)
3(2197 2044 2214)
3(2215 2044 2197)
3(2215 2197 2214)
3(2215 2214 2044)
3(2197 2044 2196)
3(2214 2197 2196)
3(2197 2215 2045)
3(2197 2045 2044)
3(2215 2044 2045)
3(2198 2045 2215)
3(2216 2045 2198)
3(2216 2198 2215)
3(2216 2215 2045)
3(2198 2045 2197)
3(2215 2198 2197)
3(2198 2216 2046)
3(2198 2046 2045)
3(2216 2045 2046)
3(2199 2046 2216)
3(2217 2046 2199)
3(2217 2199 2216)
3(2217 2216 2046)
3(2199 2046 2198)
3(2216 2199 2198)
3(2199 2217 2047)
3(2199 2047 2046)
3(2217 2046 2047)
3(2200 2047 2217)
3(2218 2047 2200)
3(2218 2200 2217)
3(2218 2217 2047)
3(2200 2047 2199)
3(2217 2200 2199)
3(2200 2218 2048)
3(2200 2048 2047)
3(2218 2047 2048)
3(2201 2048 2218)
3(2219 2048 2201)
3(2219 2201 2218)
3(2219 2218 2048)
3(2201 2048 2200)
3(2218 2201 2200)
3(2201 2219 2049)
3(2201 2049 2048)
3(2219 2048 2049)
3(2202 2049 2219)
3(2220 2049 2202)
3(2220 2202 2219)
3(2220 2219 2049)
3(2202 2049 2201)
3(2219 2202 2201)
3(2202 2220 2050)
3(2202 2050 2049)
3(2220 2049 2050)
3(2203 2050 2220)
3(2221 2050 2203)
3(2221 2203 2220)
3(2221 2220 2050)
3(2203 2050 2202)
3(2220 2203 2202)
3(2203 2221 2051)
3(2203 2051 2050)
3(2221 2050 2051)
3(2204 2051 2221)
3(2222 2051 2204)
3(2222 2204 2221)
3(2222 2221 2051)
3(2204 2051 2203)
3(2221 2204 2203)
3(2204 2222 1260)
3(2204 1260 2051)
3(2222 2051 1260)
3(1277 1260 2222)
3(1279 1277 2222)
3(1279 2222 1260)
3(1279 1260 1277)
3(1277 1260 2204)
3(2222 1277 2204)
3(1093 1077 2070)
3(1071 1093 2070)
3(1071 1077 1093)
3(2070 2124 1093)
3(2268 2124 2070)
3(2268 1093 2124)
3(2268 2070 1093)
3(1093 1077 2124)
3(2268 2124 2071)
3(2070 2268 2071)
3(2071 2125 2268)
3(2269 2125 2071)
3(2269 2268 2125)
3(2269 2071 2268)
3(2268 2124 2125)
3(2269 2125 2072)
3(2071 2269 2072)
3(2072 2126 2269)
3(2270 2126 2072)
3(2270 2269 2126)
3(2270 2072 2269)
3(2269 2125 2126)
3(2270 2126 2073)
3(2072 2270 2073)
3(2073 2127 2270)
3(2271 2127 2073)
3(2271 2270 2127)
3(2271 2073 2270)
3(2270 2126 2127)
3(2271 2127 2074)
3(2073 2271 2074)
3(2074 2128 2271)
3(2272 2128 2074)
3(2272 2271 2128)
3(2272 2074 2271)
3(2271 2127 2128)
3(2272 2128 2075)
3(2074 2272 2075)
3(2075 2129 2272)
3(2273 2129 2075)
3(2273 2272 2129)
3(2273 2075 2272)
3(2272 2128 2129)
3(2273 2129 2076)
3(2075 2273 2076)
3(2076 2130 2273)
3(2274 2130 2076)
3(2274 2273 2130)
3(2274 2076 2273)
3(2273 2129 2130)
3(2274 2130 2077)
3(2076 2274 2077)
3(2077 2131 2274)
3(2275 2131 2077)
3(2275 2274 2131)
3(2275 2077 2274)
3(2274 2130 2131)
3(2275 2131 2078)
3(2077 2275 2078)
3(2078 2132 2275)
3(2276 2132 2078)
3(2276 2275 2132)
3(2276 2078 2275)
3(2275 2131 2132)
3(2276 2132 1263)
3(2078 2276 1263)
3(1263 1269 2276)
3(1285 2276 1269)
3(1285 1263 2276)
3(1285 1269 1263)
3(2276 2132 1269)
3(1085 1068 2169)
3(1082 1085 2169)
3(1082 1068 1085)
3(2169 2043 1085)
3(2196 2043 2169)
3(2196 2169 1085)
3(2196 2043 2170)
3(2169 2196 2170)
3(2170 2044 2196)
3(2197 2044 2170)
3(2197 2170 2196)
3(2197 2044 2171)
3(2170 2197 2171)
3(2171 2045 2197)
3(2198 2045 2171)
3(2198 2171 2197)
3(2198 2045 2172)
3(2171 2198 2172)
3(2172 2046 2198)
3(2199 2046 2172)
3(2199 2172 2198)
3(2199 2046 2173)
3(2172 2199 2173)
3(2173 2047 2199)
3(2200 2047 2173)
3(2200 2173 2199)
3(2200 2047 2174)
3(2173 2200 2174)
3(2174 2048 2200)
3(2201 2048 2174)
3(2201 2174 2200)
3(2201 2048 2175)
3(2174 2201 2175)
3(2175 2049 2201)
3(2202 2049 2175)
3(2202 2175 2201)
3(2202 2049 2176)
3(2175 2202 2176)
3(2176 2050 2202)
3(2203 2050 2176)
3(2203 2176 2202)
3(2203 2050 2177)
3(2176 2203 2177)
3(2177 2051 2203)
3(2204 2051 2177)
3(2204 2177 2203)
3(2204 2051 1274)
3(2177 2204 1274)
3(1274 1260 2204)
3(1277 1274 2204)
3(1277 1260 1274)
3(1080 1092 2052)
3(1092 1069 2052)
3(1080 1069 1092)
3(2151 2052 1092)
3(2259 2052 2151)
3(2259 1092 2052)
3(2151 2259 2053)
3(2259 2052 2053)
3(2152 2053 2259)
3(2260 2053 2152)
3(2260 2259 2053)
3(2152 2260 2054)
3(2260 2053 2054)
3(2153 2054 2260)
3(2261 2054 2153)
3(2261 2260 2054)
3(2153 2261 2055)
3(2261 2054 2055)
3(2154 2055 2261)
3(2262 2055 2154)
3(2262 2261 2055)
3(2154 2262 2056)
3(2262 2055 2056)
3(2155 2056 2262)
3(2263 2056 2155)
3(2263 2262 2056)
3(2155 2263 2057)
3(2263 2056 2057)
3(2156 2057 2263)
3(2264 2057 2156)
3(2264 2263 2057)
3(2156 2264 2058)
3(2264 2057 2058)
3(2157 2058 2264)
3(2265 2058 2157)
3(2265 2264 2058)
3(2157 2265 2059)
3(2265 2058 2059)
3(2158 2059 2265)
3(2266 2059 2158)
3(2266 2265 2059)
3(2158 2266 2060)
3(2266 2059 2060)
3(2159 2060 2266)
3(2267 2060 2159)
3(2267 2266 2060)
3(2159 2267 1261)
3(2267 2060 1261)
3(1272 1261 2267)
3(1284 2267 1261)
3(1284 1261 1272)
3(1067 1083 2106)
3(1067 2106 1075)
3(1067 1075 1083)
3(2034 2106 1083)
3(2178 2106 2034)
3(2034 2106 1067)
3(2034 2178 2107)
3(2034 2107 2106)
3(2035 2107 2178)
3(2179 2107 2035)
3(2035 2107 2034)
3(2035 2179 2108)
3(2035 2108 2107)
3(2036 2108 2179)
3(2180 2108 2036)
3(2036 2108 2035)
3(2036 2180 2109)
3(2036 2109 2108)
3(2037 2109 2180)
3(2181 2109 2037)
3(2037 2109 2036)
3(2037 2181 2110)
3(2037 2110 2109)
3(2038 2110 2181)
3(2182 2110 2038)
3(2038 2110 2037)
3(2038 2182 2111)
3(2038 2111 2110)
3(2039 2111 2182)
3(2183 2111 2039)
3(2039 2111 2038)
3(2039 2183 2112)
3(2039 2112 2111)
3(2040 2112 2183)
3(2184 2112 2040)
3(2040 2112 2039)
3(2040 2184 2113)
3(2040 2113 2112)
3(2041 2113 2184)
3(2185 2113 2041)
3(2041 2113 2040)
3(2041 2185 2114)
3(2041 2114 2113)
3(2042 2114 2185)
3(2186 2114 2042)
3(2042 2114 2041)
3(2042 2186 1267)
3(2042 1267 2114)
3(1259 1267 2186)
3(1275 1267 1259)
3(1259 1267 2042)
3(1079 1089 2151)
3(1079 2151 1080)
3(1079 1080 1089)
3(2142 2151 1089)
3(2232 2151 2142)
3(2142 2151 1079)
3(2142 2232 2152)
3(2142 2152 2151)
3(2143 2152 2232)
3(2233 2152 2143)
3(2143 2152 2142)
3(2143 2233 2153)
3(2143 2153 2152)
3(2144 2153 2233)
3(2234 2153 2144)
3(2144 2153 2143)
3(2144 2234 2154)
3(2144 2154 2153)
3(2145 2154 2234)
3(2235 2154 2145)
3(2145 2154 2144)
3(2145 2235 2155)
3(2145 2155 2154)
3(2146 2155 2235)
3(2236 2155 2146)
3(2146 2155 2145)
3(2146 2236 2156)
3(2146 2156 2155)
3(2147 2156 2236)
3(2237 2156 2147)
3(2147 2156 2146)
3(2147 2237 2157)
3(2147 2157 2156)
3(2148 2157 2237)
3(2238 2157 2148)
3(2148 2157 2147)
3(2148 2238 2158)
3(2148 2158 2157)
3(2149 2158 2238)
3(2239 2158 2149)
3(2149 2158 2148)
3(2149 2239 2159)
3(2149 2159 2158)
3(2150 2159 2239)
3(2240 2159 2150)
3(2150 2159 2149)
3(2150 2240 1272)
3(2150 1272 2159)
3(1271 1272 2240)
3(1281 1272 1271)
3(1271 1272 2150)
3(1071 1083 1140)
3(1083 255 1140)
3(1071 1140 255)
3(1071 255 1083)
3(2070 1140 1083)
3(2178 1140 2070)
3(2178 1083 1140)
3(2070 1140 1071)
3(2070 2178 1141)
3(2178 1140 1141)
3(2070 1141 1140)
3(2071 1141 2178)
3(2179 1141 2071)
3(2179 2178 1141)
3(2071 1141 2070)
3(2071 2179 1142)
3(2179 1141 1142)
3(2071 1142 1141)
3(2072 1142 2179)
3(2180 1142 2072)
3(2180 2179 1142)
3(2072 1142 2071)
3(2072 2180 1143)
3(2180 1142 1143)
3(2072 1143 1142)
3(2073 1143 2180)
3(2181 1143 2073)
3(2181 2180 1143)
3(2073 1143 2072)
3(2073 2181 1144)
3(2181 1143 1144)
3(2073 1144 1143)
3(2074 1144 2181)
3(2182 1144 2074)
3(2182 2181 1144)
3(2074 1144 2073)
3(2074 2182 1145)
3(2182 1144 1145)
3(2074 1145 1144)
3(2075 1145 2182)
3(2183 1145 2075)
3(2183 2182 1145)
3(2075 1145 2074)
3(2075 2183 1146)
3(2183 1145 1146)
3(2075 1146 1145)
3(2076 1146 2183)
3(2184 1146 2076)
3(2184 2183 1146)
3(2076 1146 2075)
3(2076 2184 1147)
3(2184 1146 1147)
3(2076 1147 1146)
3(2077 1147 2184)
3(2185 1147 2077)
3(2185 2184 1147)
3(2077 1147 2076)
3(2077 2185 1148)
3(2185 1147 1148)
3(2077 1148 1147)
3(2078 1148 2185)
3(2186 1148 2078)
3(2186 2185 1148)
3(2078 1148 2077)
3(2078 2186 282)
3(2186 1148 282)
3(2078 282 1148)
3(1263 282 2186)
3(1275 2186 282)
3(1275 282 1263)
3(1263 282 2078)
3(255 1083 1131)
3(255 1131 254)
3(255 254 1083)
3(1140 1131 1083)
3(2178 1131 1140)
3(1140 1131 255)
3(1140 2178 1132)
3(1140 1132 1131)
3(1141 1132 2178)
3(2179 1132 1141)
3(1141 1132 1140)
3(1141 2179 1133)
3(1141 1133 1132)
3(1142 1133 2179)
3(2180 1133 1142)
3(1142 1133 1141)
3(1142 2180 1134)
3(1142 1134 1133)
3(1143 1134 2180)
3(2181 1134 1143)
3(1143 1134 1142)
3(1143 2181 1135)
3(1143 1135 1134)
3(1144 1135 2181)
3(2182 1135 1144)
3(1144 1135 1143)
3(1144 2182 1136)
3(1144 1136 1135)
3(1145 1136 2182)
3(2183 1136 1145)
3(1145 1136 1144)
3(1145 2183 1137)
3(1145 1137 1136)
3(1146 1137 2183)
3(2184 1137 1146)
3(1146 1137 1145)
3(1146 2184 1138)
3(1146 1138 1137)
3(1147 1138 2184)
3(2185 1138 1147)
3(1147 1138 1146)
3(1147 2185 1139)
3(1147 1139 1138)
3(1148 1139 2185)
3(2186 1139 1148)
3(1148 1139 1147)
3(1148 2186 281)
3(1148 281 1139)
3(282 281 2186)
3(1275 281 282)
3(282 281 1148)
3(250 1069 268)
3(1069 16 268)
3(250 268 16)
3(250 16 1069)
3(1095 268 1069)
3(2052 268 1095)
3(2052 1069 268)
3(2052 1095 1069)
3(1069 1095 250)
3(1095 268 250)
3(1095 2052 269)
3(2052 268 269)
3(1095 269 268)
3(1096 269 2052)
3(2053 269 1096)
3(2053 2052 269)
3(2053 1096 2052)
3(2052 1096 1095)
3(1096 269 1095)
3(1096 2053 270)
3(2053 269 270)
3(1096 270 269)
3(1097 270 2053)
3(2054 270 1097)
3(2054 2053 270)
3(2054 1097 2053)
3(2053 1097 1096)
3(1097 270 1096)
3(1097 2054 271)
3(2054 270 271)
3(1097 271 270)
3(1098 271 2054)
3(2055 271 1098)
3(2055 2054 271)
3(2055 1098 2054)
3(2054 1098 1097)
3(1098 271 1097)
3(1098 2055 272)
3(2055 271 272)
3(1098 272 271)
3(1099 272 2055)
3(2056 272 1099)
3(2056 2055 272)
3(2056 1099 2055)
3(2055 1099 1098)
3(1099 272 1098)
3(1099 2056 273)
3(2056 272 273)
3(1099 273 272)
3(1100 273 2056)
3(2057 273 1100)
3(2057 2056 273)
3(2057 1100 2056)
3(2056 1100 1099)
3(1100 273 1099)
3(1100 2057 274)
3(2057 273 274)
3(1100 274 273)
3(1101 274 2057)
3(2058 274 1101)
3(2058 2057 274)
3(2058 1101 2057)
3(2057 1101 1100)
3(1101 274 1100)
3(1101 2058 275)
3(2058 274 275)
3(1101 275 274)
3(1102 275 2058)
3(2059 275 1102)
3(2059 2058 275)
3(2059 1102 2058)
3(2058 1102 1101)
3(1102 275 1101)
3(1102 2059 276)
3(2059 275 276)
3(1102 276 275)
3(1103 276 2059)
3(2060 276 1103)
3(2060 2059 276)
3(2060 1103 2059)
3(2059 1103 1102)
3(1103 276 1102)
3(1103 2060 17)
3(2060 276 17)
3(1103 17 276)
3(277 17 2060)
3(1261 2060 17)
3(1261 277 2060)
3(1261 17 277)
3(2060 277 1103)
3(277 17 1103)
3(263 1068 1203)
3(1068 262 1203)
3(263 1203 262)
3(263 262 1068)
3(1212 1203 1068)
3(2043 1203 1212)
3(2043 1212 1068)
3(2043 1068 1203)
3(1068 1212 263)
3(1212 1203 263)
3(1212 2043 1204)
3(2043 1203 1204)
3(1212 1204 1203)
3(1213 1204 2043)
3(2044 1204 1213)
3(2044 1213 2043)
3(2044 2043 1204)
3(2043 1213 1212)
3(1213 1204 1212)
3(1213 2044 1205)
3(2044 1204 1205)
3(1213 1205 1204)
3(1214 1205 2044)
3(2045 1205 1214)
3(2045 1214 2044)
3(2045 2044 1205)
3(2044 1214 1213)
3(1214 1205 1213)
3(1214 2045 1206)
3(2045 1205 1206)
3(1214 1206 1205)
3(1215 1206 2045)
3(2046 1206 1215)
3(2046 1215 2045)
3(2046 2045 1206)
3(2045 1215 1214)
3(1215 1206 1214)
3(1215 2046 1207)
3(2046 1206 1207)
3(1215 1207 1206)
3(1216 1207 2046)
3(2047 1207 1216)
3(2047 1216 2046)
3(2047 2046 1207)
3(2046 1216 1215)
3(1216 1207 1215)
3(1216 2047 1208)
3(2047 1207 1208)
3(1216 1208 1207)
3(1217 1208 2047)
3(2048 1208 1217)
3(2048 1217 2047)
3(2048 2047 1208)
3(2047 1217 1216)
3(1217 1208 1216)
3(1217 2048 1209)
3(2048 1208 1209)
3(1217 1209 1208)
3(1218 1209 2048)
3(2049 1209 1218)
3(2049 1218 2048)
3(2049 2048 1209)
3(2048 1218 1217)
3(1218 1209 1217)
3(1218 2049 1210)
3(2049 1209 1210)
3(1218 1210 1209)
3(1219 1210 2049)
3(2050 1210 1219)
3(2050 1219 2049)
3(2050 2049 1210)
3(2049 1219 1218)
3(1219 1210 1218)
3(1219 2050 1211)
3(2050 1210 1211)
3(1219 1211 1210)
3(1220 1211 2050)
3(2051 1211 1220)
3(2051 1220 2050)
3(2051 2050 1211)
3(2050 1220 1219)
3(1220 1211 1219)
3(1220 2051 289)
3(2051 1211 289)
3(1220 289 1211)
3(290 289 2051)
3(1260 290 2051)
3(1260 2051 289)
3(1260 289 290)
3(2051 290 1220)
3(290 289 1220)
3(253 1067 1113)
3(1067 252 1113)
3(253 1113 252)
3(253 252 1067)
3(2034 253 1113)
3(2034 1113 1122)
3(1122 1113 253)
3(1067 1113 2034)
3(1122 2034 1114)
3(2034 1113 1114)
3(1122 1114 1113)
3(2035 1122 1114)
3(2035 1114 1123)
3(1123 1114 1122)
3(2034 1114 2035)
3(1123 2035 1115)
3(2035 1114 1115)
3(1123 1115 1114)
3(2036 1123 1115)
3(2036 1115 1124)
3(1124 1115 1123)
3(2035 1115 2036)
3(1124 2036 1116)
3(2036 1115 1116)
3(1124 1116 1115)
3(2037 1124 1116)
3(2037 1116 1125)
3(1125 1116 1124)
3(2036 1116 2037)
3(1125 2037 1117)
3(2037 1116 1117)
3(1125 1117 1116)
3(2038 1125 1117)
3(2038 1117 1126)
3(1126 1117 1125)
3(2037 1117 2038)
3(1126 2038 1118)
3(2038 1117 1118)
3(1126 1118 1117)
3(2039 1126 1118)
3(2039 1118 1127)
3(1127 1118 1126)
3(2038 1118 2039)
3(1127 2039 1119)
3(2039 1118 1119)
3(1127 1119 1118)
3(2040 1127 1119)
3(2040 1119 1128)
3(1128 1119 1127)
3(2039 1119 2040)
3(1128 2040 1120)
3(2040 1119 1120)
3(1128 1120 1119)
3(2041 1128 1120)
3(2041 1120 1129)
3(1129 1120 1128)
3(2040 1120 2041)
3(1129 2041 1121)
3(2041 1120 1121)
3(1129 1121 1120)
3(2042 1129 1121)
3(2042 1121 1130)
3(1130 1121 1129)
3(2041 1121 2042)
3(1130 2042 279)
3(2042 1121 279)
3(1130 279 1121)
3(1259 1130 279)
3(1259 279 280)
3(280 279 1130)
3(2042 279 1259)
3(267 1065 1239)
3(1065 266 1239)
3(267 1239 266)
3(267 266 1065)
3(1248 1239 1065)
3(2016 1239 1248)
3(2016 1065 1239)
3(2016 1248 1065)
3(1065 1248 267)
3(1248 1239 267)
3(1248 2016 1240)
3(2016 1239 1240)
3(1248 1240 1239)
3(1249 1240 2016)
3(2017 1240 1249)
3(2017 2016 1240)
3(2017 1249 2016)
3(2016 1249 1248)
3(1249 1240 1248)
3(1249 2017 1241)
3(2017 1240 1241)
3(1249 1241 1240)
3(1250 1241 2017)
3(2018 1241 1250)
3(2018 2017 1241)
3(2018 1250 2017)
3(2017 1250 1249)
3(1250 1241 1249)
3(1250 2018 1242)
3(2018 1241 1242)
3(1250 1242 1241)
3(1251 1242 2018)
3(2019 1242 1251)
3(2019 2018 1242)
3(2019 1251 2018)
3(2018 1251 1250)
3(1251 1242 1250)
3(1251 2019 1243)
3(2019 1242 1243)
3(1251 1243 1242)
3(1252 1243 2019)
3(2020 1243 1252)
3(2020 2019 1243)
3(2020 1252 2019)
3(2019 1252 1251)
3(1252 1243 1251)
3(1252 2020 1244)
3(2020 1243 1244)
3(1252 1244 1243)
3(1253 1244 2020)
3(2021 1244 1253)
3(2021 2020 1244)
3(2021 1253 2020)
3(2020 1253 1252)
3(1253 1244 1252)
3(1253 2021 1245)
3(2021 1244 1245)
3(1253 1245 1244)
3(1254 1245 2021)
3(2022 1245 1254)
3(2022 2021 1245)
3(2022 1254 2021)
3(2021 1254 1253)
3(1254 1245 1253)
3(1254 2022 1246)
3(2022 1245 1246)
3(1254 1246 1245)
3(1255 1246 2022)
3(2023 1246 1255)
3(2023 2022 1246)
3(2023 1255 2022)
3(2022 1255 1254)
3(1255 1246 1254)
3(1255 2023 1247)
3(2023 1246 1247)
3(1255 1247 1246)
3(1256 1247 2023)
3(2024 1247 1256)
3(2024 2023 1247)
3(2024 1256 2023)
3(2023 1256 1255)
3(1256 1247 1255)
3(1256 2024 293)
3(2024 1247 293)
3(1256 293 1247)
3(294 293 2024)
3(1257 2024 293)
3(1257 294 2024)
3(1257 293 294)
3(2024 294 1256)
3(294 293 1256)
3(265 1072 1221)
3(1072 264 1221)
3(265 1221 264)
3(265 264 1072)
3(1230 1221 1072)
3(2079 1221 1230)
3(2079 1230 1072)
3(2079 1072 1221)
3(1072 1230 265)
3(1230 1221 265)
3(1230 2079 1222)
3(2079 1221 1222)
3(1230 1222 1221)
3(1231 1222 2079)
3(2080 1222 1231)
3(2080 1231 2079)
3(2080 2079 1222)
3(2079 1231 1230)
3(1231 1222 1230)
3(1231 2080 1223)
3(2080 1222 1223)
3(1231 1223 1222)
3(1232 1223 2080)
3(2081 1223 1232)
3(2081 1232 2080)
3(2081 2080 1223)
3(2080 1232 1231)
3(1232 1223 1231)
3(1232 2081 1224)
3(2081 1223 1224)
3(1232 1224 1223)
3(1233 1224 2081)
3(2082 1224 1233)
3(2082 1233 2081)
3(2082 2081 1224)
3(2081 1233 1232)
3(1233 1224 1232)
3(1233 2082 1225)
3(2082 1224 1225)
3(1233 1225 1224)
3(1234 1225 2082)
3(2083 1225 1234)
3(2083 1234 2082)
3(2083 2082 1225)
3(2082 1234 1233)
3(1234 1225 1233)
3(1234 2083 1226)
3(2083 1225 1226)
3(1234 1226 1225)
3(1235 1226 2083)
3(2084 1226 1235)
3(2084 1235 2083)
3(2084 2083 1226)
3(2083 1235 1234)
3(1235 1226 1234)
3(1235 2084 1227)
3(2084 1226 1227)
3(1235 1227 1226)
3(1236 1227 2084)
3(2085 1227 1236)
3(2085 1236 2084)
3(2085 2084 1227)
3(2084 1236 1235)
3(1236 1227 1235)
3(1236 2085 1228)
3(2085 1227 1228)
3(1236 1228 1227)
3(1237 1228 2085)
3(2086 1228 1237)
3(2086 1237 2085)
3(2086 2085 1228)
3(2085 1237 1236)
3(1237 1228 1236)
3(1237 2086 1229)
3(2086 1228 1229)
3(1237 1229 1228)
3(1238 1229 2086)
3(2087 1229 1238)
3(2087 1238 2086)
3(2087 2086 1229)
3(2086 1238 1237)
3(1238 1229 1237)
3(1238 2087 291)
3(2087 1229 291)
3(1238 291 1229)
3(292 291 2087)
3(1264 292 2087)
3(1264 2087 291)
3(1264 291 292)
3(2087 292 1238)
3(292 291 1238)
3(258 1066 1158)
3(1066 257 1158)
3(258 1158 257)
3(258 257 1066)
3(1167 1158 1066)
3(2025 1158 1167)
3(2025 1167 1066)
3(2025 1066 1158)
3(1066 1167 258)
3(1167 1158 258)
3(1167 2025 1159)
3(2025 1158 1159)
3(1167 1159 1158)
3(1168 1159 2025)
3(2026 1159 1168)
3(2026 1168 2025)
3(2026 2025 1159)
3(2025 1168 1167)
3(1168 1159 1167)
3(1168 2026 1160)
3(2026 1159 1160)
3(1168 1160 1159)
3(1169 1160 2026)
3(2027 1160 1169)
3(2027 1169 2026)
3(2027 2026 1160)
3(2026 1169 1168)
3(1169 1160 1168)
3(1169 2027 1161)
3(2027 1160 1161)
3(1169 1161 1160)
3(1170 1161 2027)
3(2028 1161 1170)
3(2028 1170 2027)
3(2028 2027 1161)
3(2027 1170 1169)
3(1170 1161 1169)
3(1170 2028 1162)
3(2028 1161 1162)
3(1170 1162 1161)
3(1171 1162 2028)
3(2029 1162 1171)
3(2029 1171 2028)
3(2029 2028 1162)
3(2028 1171 1170)
3(1171 1162 1170)
3(1171 2029 1163)
3(2029 1162 1163)
3(1171 1163 1162)
3(1172 1163 2029)
3(2030 1163 1172)
3(2030 1172 2029)
3(2030 2029 1163)
3(2029 1172 1171)
3(1172 1163 1171)
3(1172 2030 1164)
3(2030 1163 1164)
3(1172 1164 1163)
3(1173 1164 2030)
3(2031 1164 1173)
3(2031 1173 2030)
3(2031 2030 1164)
3(2030 1173 1172)
3(1173 1164 1172)
3(1173 2031 1165)
3(2031 1164 1165)
3(1173 1165 1164)
3(1174 1165 2031)
3(2032 1165 1174)
3(2032 1174 2031)
3(2032 2031 1165)
3(2031 1174 1173)
3(1174 1165 1173)
3(1174 2032 1166)
3(2032 1165 1166)
3(1174 1166 1165)
3(1175 1166 2032)
3(2033 1166 1175)
3(2033 1175 2032)
3(2033 2032 1166)
3(2032 1175 1174)
3(1175 1166 1174)
3(1175 2033 284)
3(2033 1166 284)
3(1175 284 1166)
3(285 284 2033)
3(1258 285 2033)
3(1258 2033 284)
3(1258 284 285)
3(2033 285 1175)
3(285 284 1175)
3(256 1071 1140)
3(256 1140 255)
3(256 255 1071)
3(1149 1140 1071)
3(2070 1140 1149)
3(2070 1149 1071)
3(1071 1149 256)
3(1149 1140 256)
3(1149 2070 1141)
3(1149 1141 1140)
3(1150 1141 2070)
3(2071 1141 1150)
3(2071 1150 2070)
3(2070 1150 1149)
3(1150 1141 1149)
3(1150 2071 1142)
3(1150 1142 1141)
3(1151 1142 2071)
3(2072 1142 1151)
3(2072 1151 2071)
3(2071 1151 1150)
3(1151 1142 1150)
3(1151 2072 1143)
3(1151 1143 1142)
3(1152 1143 2072)
3(2073 1143 1152)
3(2073 1152 2072)
3(2072 1152 1151)
3(1152 1143 1151)
3(1152 2073 1144)
3(1152 1144 1143)
3(1153 1144 2073)
3(2074 1144 1153)
3(2074 1153 2073)
3(2073 1153 1152)
3(1153 1144 1152)
3(1153 2074 1145)
3(1153 1145 1144)
3(1154 1145 2074)
3(2075 1145 1154)
3(2075 1154 2074)
3(2074 1154 1153)
3(1154 1145 1153)
3(1154 2075 1146)
3(1154 1146 1145)
3(1155 1146 2075)
3(2076 1146 1155)
3(2076 1155 2075)
3(2075 1155 1154)
3(1155 1146 1154)
3(1155 2076 1147)
3(1155 1147 1146)
3(1156 1147 2076)
3(2077 1147 1156)
3(2077 1156 2076)
3(2076 1156 1155)
3(1156 1147 1155)
3(1156 2077 1148)
3(1156 1148 1147)
3(1157 1148 2077)
3(2078 1148 1157)
3(2078 1157 2077)
3(2077 1157 1156)
3(1157 1148 1156)
3(1157 2078 282)
3(1157 282 1148)
3(283 282 2078)
3(1263 283 2078)
3(1263 282 283)
3(2078 283 1157)
3(283 282 1157)
3(261 1070 1185)
3(1070 260 1185)
3(261 1185 260)
3(261 260 1070)
3(1194 1185 1070)
3(2061 1185 1194)
3(2061 1194 1070)
3(2061 1070 1185)
3(1070 1194 261)
3(1194 1185 261)
3(1194 2061 1186)
3(2061 1185 1186)
3(1194 1186 1185)
3(1195 1186 2061)
3(2062 1186 1195)
3(2062 1195 2061)
3(2062 2061 1186)
3(2061 1195 1194)
3(1195 1186 1194)
3(1195 2062 1187)
3(2062 1186 1187)
3(1195 1187 1186)
3(1196 1187 2062)
3(2063 1187 1196)
3(2063 1196 2062)
3(2063 2062 1187)
3(2062 1196 1195)
3(1196 1187 1195)
3(1196 2063 1188)
3(2063 1187 1188)
3(1196 1188 1187)
3(1197 1188 2063)
3(2064 1188 1197)
3(2064 1197 2063)
3(2064 2063 1188)
3(2063 1197 1196)
3(1197 1188 1196)
3(1197 2064 1189)
3(2064 1188 1189)
3(1197 1189 1188)
3(1198 1189 2064)
3(2065 1189 1198)
3(2065 1198 2064)
3(2065 2064 1189)
3(2064 1198 1197)
3(1198 1189 1197)
3(1198 2065 1190)
3(2065 1189 1190)
3(1198 1190 1189)
3(1199 1190 2065)
3(2066 1190 1199)
3(2066 1199 2065)
3(2066 2065 1190)
3(2065 1199 1198)
3(1199 1190 1198)
3(1199 2066 1191)
3(2066 1190 1191)
3(1199 1191 1190)
3(1200 1191 2066)
3(2067 1191 1200)
3(2067 1200 2066)
3(2067 2066 1191)
3(2066 1200 1199)
3(1200 1191 1199)
3(1200 2067 1192)
3(2067 1191 1192)
3(1200 1192 1191)
3(1201 1192 2067)
3(2068 1192 1201)
3(2068 1201 2067)
3(2068 2067 1192)
3(2067 1201 1200)
3(1201 1192 1200)
3(1201 2068 1193)
3(2068 1192 1193)
3(1201 1193 1192)
3(1202 1193 2068)
3(2069 1193 1202)
3(2069 1202 2068)
3(2069 2068 1193)
3(2068 1202 1201)
3(1202 1193 1201)
3(1202 2069 287)
3(2069 1193 287)
3(1202 287 1193)
3(288 287 2069)
3(1262 288 2069)
3(1262 2069 287)
3(1262 287 288)
3(2069 288 1202)
3(288 287 1202)
3(1078 1079 2115)
3(1078 2115 1076)
3(1079 1076 2115)
3(1078 1076 1079)
3(2133 2115 1079)
3(2142 2115 2133)
3(2142 1079 2115)
3(2142 2133 1079)
3(2133 2115 1078)
3(1079 2133 1078)
3(2133 2142 2116)
3(2133 2116 2115)
3(2142 2115 2116)
3(2134 2116 2142)
3(2143 2116 2134)
3(2143 2142 2116)
3(2143 2134 2142)
3(2134 2116 2133)
3(2142 2134 2133)
3(2134 2143 2117)
3(2134 2117 2116)
3(2143 2116 2117)
3(2135 2117 2143)
3(2144 2117 2135)
3(2144 2143 2117)
3(2144 2135 2143)
3(2135 2117 2134)
3(2143 2135 2134)
3(2135 2144 2118)
3(2135 2118 2117)
3(2144 2117 2118)
3(2136 2118 2144)
3(2145 2118 2136)
3(2145 2144 2118)
3(2145 2136 2144)
3(2136 2118 2135)
3(2144 2136 2135)
3(2136 2145 2119)
3(2136 2119 2118)
3(2145 2118 2119)
3(2137 2119 2145)
3(2146 2119 2137)
3(2146 2145 2119)
3(2146 2137 2145)
3(2137 2119 2136)
3(2145 2137 2136)
3(2137 2146 2120)
3(2137 2120 2119)
3(2146 2119 2120)
3(2138 2120 2146)
3(2147 2120 2138)
3(2147 2146 2120)
3(2147 2138 2146)
3(2138 2120 2137)
3(2146 2138 2137)
3(2138 2147 2121)
3(2138 2121 2120)
3(2147 2120 2121)
3(2139 2121 2147)
3(2148 2121 2139)
3(2148 2147 2121)
3(2148 2139 2147)
3(2139 2121 2138)
3(2147 2139 2138)
3(2139 2148 2122)
3(2139 2122 2121)
3(2148 2121 2122)
3(2140 2122 2148)
3(2149 2122 2140)
3(2149 2148 2122)
3(2149 2140 2148)
3(2140 2122 2139)
3(2148 2140 2139)
3(2140 2149 2123)
3(2140 2123 2122)
3(2149 2122 2123)
3(2141 2123 2149)
3(2150 2123 2141)
3(2150 2149 2123)
3(2150 2141 2149)
3(2141 2123 2140)
3(2149 2141 2140)
3(2141 2150 1268)
3(2141 1268 2123)
3(2150 2123 1268)
3(1270 1268 2150)
3(1271 2150 1268)
3(1271 1270 2150)
3(1271 1268 1270)
3(1270 1268 2141)
3(2150 1270 2141)
3(1077 1078 2115)
3(1077 2115 1076)
3(1077 1076 1078)
3(2124 2115 1078)
3(2133 2115 2124)
3(2133 2124 1078)
3(2124 2115 1077)
3(1078 2124 1077)
3(2124 2133 2116)
3(2124 2116 2115)
3(2125 2116 2133)
3(2134 2116 2125)
3(2134 2125 2133)
3(2125 2116 2124)
3(2133 2125 2124)
3(2125 2134 2117)
3(2125 2117 2116)
3(2126 2117 2134)
3(2135 2117 2126)
3(2135 2126 2134)
3(2126 2117 2125)
3(2134 2126 2125)
3(2126 2135 2118)
3(2126 2118 2117)
3(2127 2118 2135)
3(2136 2118 2127)
3(2136 2127 2135)
3(2127 2118 2126)
3(2135 2127 2126)
3(2127 2136 2119)
3(2127 2119 2118)
3(2128 2119 2136)
3(2137 2119 2128)
3(2137 2128 2136)
3(2128 2119 2127)
3(2136 2128 2127)
3(2128 2137 2120)
3(2128 2120 2119)
3(2129 2120 2137)
3(2138 2120 2129)
3(2138 2129 2137)
3(2129 2120 2128)
3(2137 2129 2128)
3(2129 2138 2121)
3(2129 2121 2120)
3(2130 2121 2138)
3(2139 2121 2130)
3(2139 2130 2138)
3(2130 2121 2129)
3(2138 2130 2129)
3(2130 2139 2122)
3(2130 2122 2121)
3(2131 2122 2139)
3(2140 2122 2131)
3(2140 2131 2139)
3(2131 2122 2130)
3(2139 2131 2130)
3(2131 2140 2123)
3(2131 2123 2122)
3(2132 2123 2140)
3(2141 2123 2132)
3(2141 2132 2140)
3(2132 2123 2131)
3(2140 2132 2131)
3(2132 2141 1268)
3(2132 1268 2123)
3(1269 1268 2141)
3(1270 1269 2141)
3(1270 1268 1269)
3(1269 1268 2132)
3(2141 1269 2132)
3(1075 1077 2115)
3(1075 2115 1076)
3(1075 1076 1077)
3(2106 2115 1077)
3(2124 2115 2106)
3(2106 2115 1075)
3(2106 2124 2116)
3(2106 2116 2115)
3(2107 2116 2124)
3(2125 2116 2107)
3(2107 2116 2106)
3(2107 2125 2117)
3(2107 2117 2116)
3(2108 2117 2125)
3(2126 2117 2108)
3(2108 2117 2107)
3(2108 2126 2118)
3(2108 2118 2117)
3(2109 2118 2126)
3(2127 2118 2109)
3(2109 2118 2108)
3(2109 2127 2119)
3(2109 2119 2118)
3(2110 2119 2127)
3(2128 2119 2110)
3(2110 2119 2109)
3(2110 2128 2120)
3(2110 2120 2119)
3(2111 2120 2128)
3(2129 2120 2111)
3(2111 2120 2110)
3(2111 2129 2121)
3(2111 2121 2120)
3(2112 2121 2129)
3(2130 2121 2112)
3(2112 2121 2111)
3(2112 2130 2122)
3(2112 2122 2121)
3(2113 2122 2130)
3(2131 2122 2113)
3(2113 2122 2112)
3(2113 2131 2123)
3(2113 2123 2122)
3(2114 2123 2131)
3(2132 2123 2114)
3(2114 2123 2113)
3(2114 2132 1268)
3(2114 1268 2123)
3(1267 1268 2132)
3(1269 1268 1267)
3(1267 1268 2114)
3(1075 1076 2097)
3(1076 1074 2097)
3(1075 2097 1074)
3(1075 1074 1076)
3(2115 1075 2097)
3(2115 2097 2106)
3(2106 2097 1075)
3(1076 2097 2115)
3(2106 2115 2098)
3(2115 2097 2098)
3(2106 2098 2097)
3(2116 2106 2098)
3(2116 2098 2107)
3(2107 2098 2106)
3(2115 2098 2116)
3(2107 2116 2099)
3(2116 2098 2099)
3(2107 2099 2098)
3(2117 2107 2099)
3(2117 2099 2108)
3(2108 2099 2107)
3(2116 2099 2117)
3(2108 2117 2100)
3(2117 2099 2100)
3(2108 2100 2099)
3(2118 2108 2100)
3(2118 2100 2109)
3(2109 2100 2108)
3(2117 2100 2118)
3(2109 2118 2101)
3(2118 2100 2101)
3(2109 2101 2100)
3(2119 2109 2101)
3(2119 2101 2110)
3(2110 2101 2109)
3(2118 2101 2119)
3(2110 2119 2102)
3(2119 2101 2102)
3(2110 2102 2101)
3(2120 2110 2102)
3(2120 2102 2111)
3(2111 2102 2110)
3(2119 2102 2120)
3(2111 2120 2103)
3(2120 2102 2103)
3(2111 2103 2102)
3(2121 2111 2103)
3(2121 2103 2112)
3(2112 2103 2111)
3(2120 2103 2121)
3(2112 2121 2104)
3(2121 2103 2104)
3(2112 2104 2103)
3(2122 2112 2104)
3(2122 2104 2113)
3(2113 2104 2112)
3(2121 2104 2122)
3(2113 2122 2105)
3(2122 2104 2105)
3(2113 2105 2104)
3(2123 2113 2105)
3(2123 2105 2114)
3(2114 2105 2113)
3(2122 2105 2123)
3(2114 2123 1266)
3(2123 2105 1266)
3(2114 1266 2105)
3(1268 2114 1266)
3(1267 1266 2114)
3(1268 1266 1267)
3(2123 1266 1268)
3(1076 1080 2097)
3(1076 1074 1080)
3(2115 2097 1080)
3(2151 2097 2115)
3(2151 2115 1080)
3(1080 2115 1076)
3(2115 2151 2098)
3(2116 2098 2151)
3(2152 2098 2116)
3(2152 2116 2151)
3(2151 2116 2115)
3(2116 2152 2099)
3(2117 2099 2152)
3(2153 2099 2117)
3(2153 2117 2152)
3(2152 2117 2116)
3(2117 2153 2100)
3(2118 2100 2153)
3(2154 2100 2118)
3(2154 2118 2153)
3(2153 2118 2117)
3(2118 2154 2101)
3(2119 2101 2154)
3(2155 2101 2119)
3(2155 2119 2154)
3(2154 2119 2118)
3(2119 2155 2102)
3(2120 2102 2155)
3(2156 2102 2120)
3(2156 2120 2155)
3(2155 2120 2119)
3(2120 2156 2103)
3(2121 2103 2156)
3(2157 2103 2121)
3(2157 2121 2156)
3(2156 2121 2120)
3(2121 2157 2104)
3(2122 2104 2157)
3(2158 2104 2122)
3(2158 2122 2157)
3(2157 2122 2121)
3(2122 2158 2105)
3(2123 2105 2158)
3(2159 2105 2123)
3(2159 2123 2158)
3(2158 2123 2122)
3(2123 2159 1266)
3(1268 1266 2159)
3(1272 1268 2159)
3(1272 1266 1268)
3(2159 1268 2123)
3(1087 1085 2061)
3(1070 1087 2061)
3(1070 1085 1087)
3(2061 2196 1087)
3(2214 2196 2061)
3(2214 2061 1087)
3(2214 2196 2062)
3(2061 2214 2062)
3(2062 2197 2214)
3(2215 2197 2062)
3(2215 2062 2214)
3(2215 2197 2063)
3(2062 2215 2063)
3(2063 2198 2215)
3(2216 2198 2063)
3(2216 2063 2215)
3(2216 2198 2064)
3(2063 2216 2064)
3(2064 2199 2216)
3(2217 2199 2064)
3(2217 2064 2216)
3(2217 2199 2065)
3(2064 2217 2065)
3(2065 2200 2217)
3(2218 2200 2065)
3(2218 2065 2217)
3(2218 2200 2066)
3(2065 2218 2066)
3(2066 2201 2218)
3(2219 2201 2066)
3(2219 2066 2218)
3(2219 2201 2067)
3(2066 2219 2067)
3(2067 2202 2219)
3(2220 2202 2067)
3(2220 2067 2219)
3(2220 2202 2068)
3(2067 2220 2068)
3(2068 2203 2220)
3(2221 2203 2068)
3(2221 2068 2220)
3(2221 2203 2069)
3(2068 2221 2069)
3(2069 2204 2221)
3(2222 2204 2069)
3(2222 2069 2221)
3(2222 2204 1262)
3(2069 2222 1262)
3(1262 1277 2222)
3(1279 1262 2222)
3(1279 1277 1262)
3(1079 1080 2115)
3(1079 1076 1080)
3(2151 1079 2115)
3(2151 2115 2142)
3(2142 2151 2116)
3(2152 2142 2116)
3(2152 2116 2143)
3(2143 2152 2117)
3(2153 2143 2117)
3(2153 2117 2144)
3(2144 2153 2118)
3(2154 2144 2118)
3(2154 2118 2145)
3(2145 2154 2119)
3(2155 2145 2119)
3(2155 2119 2146)
3(2146 2155 2120)
3(2156 2146 2120)
3(2156 2120 2147)
3(2147 2156 2121)
3(2157 2147 2121)
3(2157 2121 2148)
3(2148 2157 2122)
3(2158 2148 2122)
3(2158 2122 2149)
3(2149 2158 2123)
3(2159 2149 2123)
3(2159 2123 2150)
3(2150 2159 1268)
3(1272 2150 1268)
3(1272 1268 1271)
3(1067 1075 2097)
3(1067 2097 1074)
3(1067 1074 1075)
3(2106 1067 2097)
3(2106 2097 2034)
3(2034 2097 1067)
3(2034 2106 2098)
3(2034 2098 2097)
3(2107 2034 2098)
3(2107 2098 2035)
3(2035 2098 2034)
3(2035 2107 2099)
3(2035 2099 2098)
3(2108 2035 2099)
3(2108 2099 2036)
3(2036 2099 2035)
3(2036 2108 2100)
3(2036 2100 2099)
3(2109 2036 2100)
3(2109 2100 2037)
3(2037 2100 2036)
3(2037 2109 2101)
3(2037 2101 2100)
3(2110 2037 2101)
3(2110 2101 2038)
3(2038 2101 2037)
3(2038 2110 2102)
3(2038 2102 2101)
3(2111 2038 2102)
3(2111 2102 2039)
3(2039 2102 2038)
3(2039 2111 2103)
3(2039 2103 2102)
3(2112 2039 2103)
3(2112 2103 2040)
3(2040 2103 2039)
3(2040 2112 2104)
3(2040 2104 2103)
3(2113 2040 2104)
3(2113 2104 2041)
3(2041 2104 2040)
3(2041 2113 2105)
3(2041 2105 2104)
3(2114 2041 2105)
3(2114 2105 2042)
3(2042 2105 2041)
3(2042 2114 1266)
3(2042 1266 2105)
3(1267 2042 1266)
3(1259 1266 2042)
3(1267 1266 1259)
3(259 1084 1167)
3(1084 258 1167)
3(259 1167 258)
3(259 258 1084)
3(1176 1167 1084)
3(2187 1167 1176)
3(2187 1084 1167)
3(2187 1176 1084)
3(1084 1176 259)
3(1176 1167 259)
3(1176 2187 1168)
3(2187 1167 1168)
3(1176 1168 1167)
3(1177 1168 2187)
3(2188 1168 1177)
3(2188 2187 1168)
3(2188 1177 2187)
3(2187 1177 1176)
3(1177 1168 1176)
3(1177 2188 1169)
3(2188 1168 1169)
3(1177 1169 1168)
3(1178 1169 2188)
3(2189 1169 1178)
3(2189 2188 1169)
3(2189 1178 2188)
3(2188 1178 1177)
3(1178 1169 1177)
3(1178 2189 1170)
3(2189 1169 1170)
3(1178 1170 1169)
3(1179 1170 2189)
3(2190 1170 1179)
3(2190 2189 1170)
3(2190 1179 2189)
3(2189 1179 1178)
3(1179 1170 1178)
3(1179 2190 1171)
3(2190 1170 1171)
3(1179 1171 1170)
3(1180 1171 2190)
3(2191 1171 1180)
3(2191 2190 1171)
3(2191 1180 2190)
3(2190 1180 1179)
3(1180 1171 1179)
3(1180 2191 1172)
3(2191 1171 1172)
3(1180 1172 1171)
3(1181 1172 2191)
3(2192 1172 1181)
3(2192 2191 1172)
3(2192 1181 2191)
3(2191 1181 1180)
3(1181 1172 1180)
3(1181 2192 1173)
3(2192 1172 1173)
3(1181 1173 1172)
3(1182 1173 2192)
3(2193 1173 1182)
3(2193 2192 1173)
3(2193 1182 2192)
3(2192 1182 1181)
3(1182 1173 1181)
3(1182 2193 1174)
3(2193 1173 1174)
3(1182 1174 1173)
3(1183 1174 2193)
3(2194 1174 1183)
3(2194 2193 1174)
3(2194 1183 2193)
3(2193 1183 1182)
3(1183 1174 1182)
3(1183 2194 1175)
3(2194 1174 1175)
3(1183 1175 1174)
3(1184 1175 2194)
3(2195 1175 1184)
3(2195 2194 1175)
3(2195 1184 2194)
3(2194 1184 1183)
3(1184 1175 1183)
3(1184 2195 285)
3(2195 1175 285)
3(1184 285 1175)
3(286 285 2195)
3(1276 2195 285)
3(1276 286 2195)
3(1276 285 286)
3(2195 286 1184)
3(286 285 1184)
3(1084 1066 1167)
3(258 1066 1084)
3(1167 2025 1084)
3(2187 2025 1167)
3(2187 1084 2025)
3(1084 1066 2025)
3(2187 2025 1168)
3(1168 2026 2187)
3(2188 2026 1168)
3(2188 2187 2026)
3(2187 2025 2026)
3(2188 2026 1169)
3(1169 2027 2188)
3(2189 2027 1169)
3(2189 2188 2027)
3(2188 2026 2027)
3(2189 2027 1170)
3(1170 2028 2189)
3(2190 2028 1170)
3(2190 2189 2028)
3(2189 2027 2028)
3(2190 2028 1171)
3(1171 2029 2190)
3(2191 2029 1171)
3(2191 2190 2029)
3(2190 2028 2029)
3(2191 2029 1172)
3(1172 2030 2191)
3(2192 2030 1172)
3(2192 2191 2030)
3(2191 2029 2030)
3(2192 2030 1173)
3(1173 2031 2192)
3(2193 2031 1173)
3(2193 2192 2031)
3(2192 2030 2031)
3(2193 2031 1174)
3(1174 2032 2193)
3(2194 2032 1174)
3(2194 2193 2032)
3(2193 2031 2032)
3(2194 2032 1175)
3(1175 2033 2194)
3(2195 2033 1175)
3(2195 2194 2033)
3(2194 2032 2033)
3(2195 2033 285)
3(285 1258 2195)
3(1276 2195 1258)
3(1276 1258 285)
3(2195 2033 1258)
3(1074 1086 2088)
3(1074 2088 1073)
3(1086 1073 2088)
3(1074 1073 1086)
3(2097 2088 1086)
3(2205 2088 2097)
3(2205 1086 2088)
3(2097 2088 1074)
3(2097 2205 2089)
3(2097 2089 2088)
3(2205 2088 2089)
3(2098 2089 2205)
3(2206 2089 2098)
3(2206 2205 2089)
3(2098 2089 2097)
3(2098 2206 2090)
3(2098 2090 2089)
3(2206 2089 2090)
3(2099 2090 2206)
3(2207 2090 2099)
3(2207 2206 2090)
3(2099 2090 2098)
3(2099 2207 2091)
3(2099 2091 2090)
3(2207 2090 2091)
3(2100 2091 2207)
3(2208 2091 2100)
3(2208 2207 2091)
3(2100 2091 2099)
3(2100 2208 2092)
3(2100 2092 2091)
3(2208 2091 2092)
3(2101 2092 2208)
3(2209 2092 2101)
3(2209 2208 2092)
3(2101 2092 2100)
3(2101 2209 2093)
3(2101 2093 2092)
3(2209 2092 2093)
3(2102 2093 2209)
3(2210 2093 2102)
3(2210 2209 2093)
3(2102 2093 2101)
3(2102 2210 2094)
3(2102 2094 2093)
3(2210 2093 2094)
3(2103 2094 2210)
3(2211 2094 2103)
3(2211 2210 2094)
3(2103 2094 2102)
3(2103 2211 2095)
3(2103 2095 2094)
3(2211 2094 2095)
3(2104 2095 2211)
3(2212 2095 2104)
3(2212 2211 2095)
3(2104 2095 2103)
3(2104 2212 2096)
3(2104 2096 2095)
3(2212 2095 2096)
3(2105 2096 2212)
3(2213 2096 2105)
3(2213 2212 2096)
3(2105 2096 2104)
3(2105 2213 1265)
3(2105 1265 2096)
3(2213 2096 1265)
3(1266 1265 2213)
3(1278 2213 1265)
3(1278 1265 1266)
3(1266 1265 2105)
3(1081 1078 2124)
3(1077 1081 2124)
3(1077 1078 1081)
3(2124 2133 1081)
3(2160 2133 2124)
3(2160 1081 2133)
3(2160 2124 1081)
3(1081 1078 2133)
3(2160 2133 2125)
3(2124 2160 2125)
3(2125 2134 2160)
3(2161 2134 2125)
3(2161 2160 2134)
3(2161 2125 2160)
3(2160 2133 2134)
3(2161 2134 2126)
3(2125 2161 2126)
3(2126 2135 2161)
3(2162 2135 2126)
3(2162 2161 2135)
3(2162 2126 2161)
3(2161 2134 2135)
3(2162 2135 2127)
3(2126 2162 2127)
3(2127 2136 2162)
3(2163 2136 2127)
3(2163 2162 2136)
3(2163 2127 2162)
3(2162 2135 2136)
3(2163 2136 2128)
3(2127 2163 2128)
3(2128 2137 2163)
3(2164 2137 2128)
3(2164 2163 2137)
3(2164 2128 2163)
3(2163 2136 2137)
3(2164 2137 2129)
3(2128 2164 2129)
3(2129 2138 2164)
3(2165 2138 2129)
3(2165 2164 2138)
3(2165 2129 2164)
3(2164 2137 2138)
3(2165 2138 2130)
3(2129 2165 2130)
3(2130 2139 2165)
3(2166 2139 2130)
3(2166 2165 2139)
3(2166 2130 2165)
3(2165 2138 2139)
3(2166 2139 2131)
3(2130 2166 2131)
3(2131 2140 2166)
3(2167 2140 2131)
3(2167 2166 2140)
3(2167 2131 2166)
3(2166 2139 2140)
3(2167 2140 2132)
3(2131 2167 2132)
3(2132 2141 2167)
3(2168 2141 2132)
3(2168 2167 2141)
3(2168 2132 2167)
3(2167 2140 2141)
3(2168 2141 1269)
3(2132 2168 1269)
3(1269 1270 2168)
3(1273 2168 1270)
3(1273 1269 2168)
3(1273 1270 1269)
3(2168 2141 1270)
3(1082 1079 2133)
3(1078 1082 2133)
3(1078 1079 1082)
3(2133 2142 1082)
3(2169 2142 2133)
3(2169 2133 1082)
3(2169 2142 2134)
3(2133 2169 2134)
3(2134 2143 2169)
3(2170 2143 2134)
3(2170 2134 2169)
3(2170 2143 2135)
3(2134 2170 2135)
3(2135 2144 2170)
3(2171 2144 2135)
3(2171 2135 2170)
3(2171 2144 2136)
3(2135 2171 2136)
3(2136 2145 2171)
3(2172 2145 2136)
3(2172 2136 2171)
3(2172 2145 2137)
3(2136 2172 2137)
3(2137 2146 2172)
3(2173 2146 2137)
3(2173 2137 2172)
3(2173 2146 2138)
3(2137 2173 2138)
3(2138 2147 2173)
3(2174 2147 2138)
3(2174 2138 2173)
3(2174 2147 2139)
3(2138 2174 2139)
3(2139 2148 2174)
3(2175 2148 2139)
3(2175 2139 2174)
3(2175 2148 2140)
3(2139 2175 2140)
3(2140 2149 2175)
3(2176 2149 2140)
3(2176 2140 2175)
3(2176 2149 2141)
3(2140 2176 2141)
3(2141 2150 2176)
3(2177 2150 2141)
3(2177 2141 2176)
3(2177 2150 1270)
3(2141 2177 1270)
3(1270 1271 2177)
3(1274 1270 2177)
3(1274 1271 1270)
3(1081 1085 2133)
3(1085 1078 2133)
3(1081 1078 1085)
3(2196 1081 2133)
3(2196 2133 2160)
3(1085 2133 2196)
3(2160 2196 2134)
3(2196 2133 2134)
3(2197 2160 2134)
3(2197 2134 2161)
3(2196 2134 2197)
3(2161 2197 2135)
3(2197 2134 2135)
3(2198 2161 2135)
3(2198 2135 2162)
3(2197 2135 2198)
3(2162 2198 2136)
3(2198 2135 2136)
3(2199 2162 2136)
3(2199 2136 2163)
3(2198 2136 2199)
3(2163 2199 2137)
3(2199 2136 2137)
3(2200 2163 2137)
3(2200 2137 2164)
3(2199 2137 2200)
3(2164 2200 2138)
3(2200 2137 2138)
3(2201 2164 2138)
3(2201 2138 2165)
3(2200 2138 2201)
3(2165 2201 2139)
3(2201 2138 2139)
3(2202 2165 2139)
3(2202 2139 2166)
3(2201 2139 2202)
3(2166 2202 2140)
3(2202 2139 2140)
3(2203 2166 2140)
3(2203 2140 2167)
3(2202 2140 2203)
3(2167 2203 2141)
3(2203 2140 2141)
3(2204 2167 2141)
3(2204 2141 2168)
3(2203 2141 2204)
3(2168 2204 1270)
3(2204 2141 1270)
3(1277 2168 1270)
3(1277 1270 1273)
3(2204 1270 1277)
3(1067 1074 2088)
3(1067 2088 1073)
3(1067 1073 1074)
3(2097 1067 2088)
3(2097 2088 2034)
3(2034 2088 1067)
3(2034 2097 2089)
3(2034 2089 2088)
3(2098 2034 2089)
3(2098 2089 2035)
3(2035 2089 2034)
3(2035 2098 2090)
3(2035 2090 2089)
3(2099 2035 2090)
3(2099 2090 2036)
3(2036 2090 2035)
3(2036 2099 2091)
3(2036 2091 2090)
3(2100 2036 2091)
3(2100 2091 2037)
3(2037 2091 2036)
3(2037 2100 2092)
3(2037 2092 2091)
3(2101 2037 2092)
3(2101 2092 2038)
3(2038 2092 2037)
3(2038 2101 2093)
3(2038 2093 2092)
3(2102 2038 2093)
3(2102 2093 2039)
3(2039 2093 2038)
3(2039 2102 2094)
3(2039 2094 2093)
3(2103 2039 2094)
3(2103 2094 2040)
3(2040 2094 2039)
3(2040 2103 2095)
3(2040 2095 2094)
3(2104 2040 2095)
3(2104 2095 2041)
3(2041 2095 2040)
3(2041 2104 2096)
3(2041 2096 2095)
3(2105 2041 2096)
3(2105 2096 2042)
3(2042 2096 2041)
3(2042 2105 1265)
3(2042 1265 2096)
3(1266 2042 1265)
3(1259 1265 2042)
3(1266 1265 1259)
3(1066 1084 2160)
3(1066 2160 1081)
3(1066 1081 1084)
3(2025 2160 1084)
3(2187 2160 2025)
3(2025 2160 1066)
3(2025 2187 2161)
3(2025 2161 2160)
3(2026 2161 2187)
3(2188 2161 2026)
3(2026 2161 2025)
3(2026 2188 2162)
3(2026 2162 2161)
3(2027 2162 2188)
3(2189 2162 2027)
3(2027 2162 2026)
3(2027 2189 2163)
3(2027 2163 2162)
3(2028 2163 2189)
3(2190 2163 2028)
3(2028 2163 2027)
3(2028 2190 2164)
3(2028 2164 2163)
3(2029 2164 2190)
3(2191 2164 2029)
3(2029 2164 2028)
3(2029 2191 2165)
3(2029 2165 2164)
3(2030 2165 2191)
3(2192 2165 2030)
3(2030 2165 2029)
3(2030 2192 2166)
3(2030 2166 2165)
3(2031 2166 2192)
3(2193 2166 2031)
3(2031 2166 2030)
3(2031 2193 2167)
3(2031 2167 2166)
3(2032 2167 2193)
3(2194 2167 2032)
3(2032 2167 2031)
3(2032 2194 2168)
3(2032 2168 2167)
3(2033 2168 2194)
3(2195 2168 2033)
3(2033 2168 2032)
3(2033 2195 1273)
3(2033 1273 2168)
3(1258 1273 2195)
3(1276 1273 1258)
3(1258 1273 2033)
3(1093 1081 2124)
3(1077 1081 1093)
3(2124 2160 1093)
3(2268 2160 2124)
3(2268 1093 2160)
3(1093 1081 2160)
3(2268 2160 2125)
3(2125 2161 2268)
3(2269 2161 2125)
3(2269 2268 2161)
3(2268 2160 2161)
3(2269 2161 2126)
3(2126 2162 2269)
3(2270 2162 2126)
3(2270 2269 2162)
3(2269 2161 2162)
3(2270 2162 2127)
3(2127 2163 2270)
3(2271 2163 2127)
3(2271 2270 2163)
3(2270 2162 2163)
3(2271 2163 2128)
3(2128 2164 2271)
3(2272 2164 2128)
3(2272 2271 2164)
3(2271 2163 2164)
3(2272 2164 2129)
3(2129 2165 2272)
3(2273 2165 2129)
3(2273 2272 2165)
3(2272 2164 2165)
3(2273 2165 2130)
3(2130 2166 2273)
3(2274 2166 2130)
3(2274 2273 2166)
3(2273 2165 2166)
3(2274 2166 2131)
3(2131 2167 2274)
3(2275 2167 2131)
3(2275 2274 2167)
3(2274 2166 2167)
3(2275 2167 2132)
3(2132 2168 2275)
3(2276 2168 2132)
3(2276 2275 2168)
3(2275 2167 2168)
3(2276 2168 1269)
3(1269 1273 2276)
3(1285 2276 1273)
3(1285 1273 1269)
3(2276 2168 1273)
3(1093 1066 2160)
3(1081 1066 1093)
3(2160 2025 1093)
3(2268 2025 2160)
3(2268 1093 2025)
3(1093 1066 2025)
3(2268 2025 2161)
3(2161 2026 2268)
3(2269 2026 2161)
3(2269 2268 2026)
3(2268 2025 2026)
3(2269 2026 2162)
3(2162 2027 2269)
3(2270 2027 2162)
3(2270 2269 2027)
3(2269 2026 2027)
3(2270 2027 2163)
3(2163 2028 2270)
3(2271 2028 2163)
3(2271 2270 2028)
3(2270 2027 2028)
3(2271 2028 2164)
3(2164 2029 2271)
3(2272 2029 2164)
3(2272 2271 2029)
3(2271 2028 2029)
3(2272 2029 2165)
3(2165 2030 2272)
3(2273 2030 2165)
3(2273 2272 2030)
3(2272 2029 2030)
3(2273 2030 2166)
3(2166 2031 2273)
3(2274 2031 2166)
3(2274 2273 2031)
3(2273 2030 2031)
3(2274 2031 2167)
3(2167 2032 2274)
3(2275 2032 2167)
3(2275 2274 2032)
3(2274 2031 2032)
3(2275 2032 2168)
3(2168 2033 2275)
3(2276 2033 2168)
3(2276 2275 2033)
3(2275 2032 2033)
3(2276 2033 1273)
3(1273 1258 2276)
3(1285 2276 1258)
3(1285 1258 1273)
3(2276 2033 1258)
3(1069 1092 268)
3(1092 16 268)
3(1069 16 1092)
3(2052 268 1092)
3(2259 268 2052)
3(2259 1092 268)
3(2052 2259 269)
3(2259 268 269)
3(2053 269 2259)
3(2260 269 2053)
3(2260 2259 269)
3(2053 2260 270)
3(2260 269 270)
3(2054 270 2260)
3(2261 270 2054)
3(2261 2260 270)
3(2054 2261 271)
3(2261 270 271)
3(2055 271 2261)
3(2262 271 2055)
3(2262 2261 271)
3(2055 2262 272)
3(2262 271 272)
3(2056 272 2262)
3(2263 272 2056)
3(2263 2262 272)
3(2056 2263 273)
3(2263 272 273)
3(2057 273 2263)
3(2264 273 2057)
3(2264 2263 273)
3(2057 2264 274)
3(2264 273 274)
3(2058 274 2264)
3(2265 274 2058)
3(2265 2264 274)
3(2058 2265 275)
3(2265 274 275)
3(2059 275 2265)
3(2266 275 2059)
3(2266 2265 275)
3(2059 2266 276)
3(2266 275 276)
3(2060 276 2266)
3(2267 276 2060)
3(2267 2266 276)
3(2060 2267 17)
3(2267 276 17)
3(1261 17 2267)
3(1284 2267 17)
3(1284 17 1261)
3(264 1090 1212)
3(1090 263 1212)
3(264 1212 263)
3(264 263 1090)
3(1221 1212 1090)
3(2241 1212 1221)
3(2241 1221 1090)
3(2241 1090 1212)
3(1090 1221 264)
3(1221 1212 264)
3(1221 2241 1213)
3(2241 1212 1213)
3(1221 1213 1212)
3(1222 1213 2241)
3(2242 1213 1222)
3(2242 1222 2241)
3(2242 2241 1213)
3(2241 1222 1221)
3(1222 1213 1221)
3(1222 2242 1214)
3(2242 1213 1214)
3(1222 1214 1213)
3(1223 1214 2242)
3(2243 1214 1223)
3(2243 1223 2242)
3(2243 2242 1214)
3(2242 1223 1222)
3(1223 1214 1222)
3(1223 2243 1215)
3(2243 1214 1215)
3(1223 1215 1214)
3(1224 1215 2243)
3(2244 1215 1224)
3(2244 1224 2243)
3(2244 2243 1215)
3(2243 1224 1223)
3(1224 1215 1223)
3(1224 2244 1216)
3(2244 1215 1216)
3(1224 1216 1215)
3(1225 1216 2244)
3(2245 1216 1225)
3(2245 1225 2244)
3(2245 2244 1216)
3(2244 1225 1224)
3(1225 1216 1224)
3(1225 2245 1217)
3(2245 1216 1217)
3(1225 1217 1216)
3(1226 1217 2245)
3(2246 1217 1226)
3(2246 1226 2245)
3(2246 2245 1217)
3(2245 1226 1225)
3(1226 1217 1225)
3(1226 2246 1218)
3(2246 1217 1218)
3(1226 1218 1217)
3(1227 1218 2246)
3(2247 1218 1227)
3(2247 1227 2246)
3(2247 2246 1218)
3(2246 1227 1226)
3(1227 1218 1226)
3(1227 2247 1219)
3(2247 1218 1219)
3(1227 1219 1218)
3(1228 1219 2247)
3(2248 1219 1228)
3(2248 1228 2247)
3(2248 2247 1219)
3(2247 1228 1227)
3(1228 1219 1227)
3(1228 2248 1220)
3(2248 1219 1220)
3(1228 1220 1219)
3(1229 1220 2248)
3(2249 1220 1229)
3(2249 1229 2248)
3(2249 2248 1220)
3(2248 1229 1228)
3(1229 1220 1228)
3(1229 2249 290)
3(2249 1220 290)
3(1229 290 1220)
3(291 290 2249)
3(1282 291 2249)
3(1282 2249 290)
3(1282 290 291)
3(2249 291 1229)
3(291 290 1229)
3(16 1092 1248)
3(1092 267 1248)
3(16 1248 267)
3(16 267 1092)
3(268 1248 1092)
3(2259 1248 268)
3(2259 1092 1248)
3(268 1248 16)
3(268 2259 1249)
3(2259 1248 1249)
3(268 1249 1248)
3(269 1249 2259)
3(2260 1249 269)
3(2260 2259 1249)
3(269 1249 268)
3(269 2260 1250)
3(2260 1249 1250)
3(269 1250 1249)
3(270 1250 2260)
3(2261 1250 270)
3(2261 2260 1250)
3(270 1250 269)
3(270 2261 1251)
3(2261 1250 1251)
3(270 1251 1250)
3(271 1251 2261)
3(2262 1251 271)
3(2262 2261 1251)
3(271 1251 270)
3(271 2262 1252)
3(2262 1251 1252)
3(271 1252 1251)
3(272 1252 2262)
3(2263 1252 272)
3(2263 2262 1252)
3(272 1252 271)
3(272 2263 1253)
3(2263 1252 1253)
3(272 1253 1252)
3(273 1253 2263)
3(2264 1253 273)
3(2264 2263 1253)
3(273 1253 272)
3(273 2264 1254)
3(2264 1253 1254)
3(273 1254 1253)
3(274 1254 2264)
3(2265 1254 274)
3(2265 2264 1254)
3(274 1254 273)
3(274 2265 1255)
3(2265 1254 1255)
3(274 1255 1254)
3(275 1255 2265)
3(2266 1255 275)
3(2266 2265 1255)
3(275 1255 274)
3(275 2266 1256)
3(2266 1255 1256)
3(275 1256 1255)
3(276 1256 2266)
3(2267 1256 276)
3(2267 2266 1256)
3(276 1256 275)
3(276 2267 294)
3(2267 1256 294)
3(276 294 1256)
3(17 294 2267)
3(1284 2267 294)
3(1284 294 17)
3(17 294 276)
3(1066 1091 1158)
3(1091 257 1158)
3(1066 257 1091)
3(2025 1158 1091)
3(2250 1158 2025)
3(2250 1091 1158)
3(2250 2025 1091)
3(1091 2025 1066)
3(2025 2250 1159)
3(2250 1158 1159)
3(2026 1159 2250)
3(2251 1159 2026)
3(2251 2250 1159)
3(2251 2026 2250)
3(2250 2026 2025)
3(2026 2251 1160)
3(2251 1159 1160)
3(2027 1160 2251)
3(2252 1160 2027)
3(2252 2251 1160)
3(2252 2027 2251)
3(2251 2027 2026)
3(2027 2252 1161)
3(2252 1160 1161)
3(2028 1161 2252)
3(2253 1161 2028)
3(2253 2252 1161)
3(2253 2028 2252)
3(2252 2028 2027)
3(2028 2253 1162)
3(2253 1161 1162)
3(2029 1162 2253)
3(2254 1162 2029)
3(2254 2253 1162)
3(2254 2029 2253)
3(2253 2029 2028)
3(2029 2254 1163)
3(2254 1162 1163)
3(2030 1163 2254)
3(2255 1163 2030)
3(2255 2254 1163)
3(2255 2030 2254)
3(2254 2030 2029)
3(2030 2255 1164)
3(2255 1163 1164)
3(2031 1164 2255)
3(2256 1164 2031)
3(2256 2255 1164)
3(2256 2031 2255)
3(2255 2031 2030)
3(2031 2256 1165)
3(2256 1164 1165)
3(2032 1165 2256)
3(2257 1165 2032)
3(2257 2256 1165)
3(2257 2032 2256)
3(2256 2032 2031)
3(2032 2257 1166)
3(2257 1165 1166)
3(2033 1166 2257)
3(2258 1166 2033)
3(2258 2257 1166)
3(2258 2033 2257)
3(2257 2033 2032)
3(2033 2258 284)
3(2258 1166 284)
3(1258 284 2258)
3(1283 2258 284)
3(1283 1258 2258)
3(1283 284 1258)
3(2258 1258 2033)
3(262 1087 1194)
3(1087 261 1194)
3(262 1194 261)
3(262 261 1087)
3(1203 1194 1087)
3(2214 1194 1203)
3(2214 1087 1194)
3(2214 1203 1087)
3(1087 1203 262)
3(1203 1194 262)
3(1203 2214 1195)
3(2214 1194 1195)
3(1203 1195 1194)
3(1204 1195 2214)
3(2215 1195 1204)
3(2215 2214 1195)
3(2215 1204 2214)
3(2214 1204 1203)
3(1204 1195 1203)
3(1204 2215 1196)
3(2215 1195 1196)
3(1204 1196 1195)
3(1205 1196 2215)
3(2216 1196 1205)
3(2216 2215 1196)
3(2216 1205 2215)
3(2215 1205 1204)
3(1205 1196 1204)
3(1205 2216 1197)
3(2216 1196 1197)
3(1205 1197 1196)
3(1206 1197 2216)
3(2217 1197 1206)
3(2217 2216 1197)
3(2217 1206 2216)
3(2216 1206 1205)
3(1206 1197 1205)
3(1206 2217 1198)
3(2217 1197 1198)
3(1206 1198 1197)
3(1207 1198 2217)
3(2218 1198 1207)
3(2218 2217 1198)
3(2218 1207 2217)
3(2217 1207 1206)
3(1207 1198 1206)
3(1207 2218 1199)
3(2218 1198 1199)
3(1207 1199 1198)
3(1208 1199 2218)
3(2219 1199 1208)
3(2219 2218 1199)
3(2219 1208 2218)
3(2218 1208 1207)
3(1208 1199 1207)
3(1208 2219 1200)
3(2219 1199 1200)
3(1208 1200 1199)
3(1209 1200 2219)
3(2220 1200 1209)
3(2220 2219 1200)
3(2220 1209 2219)
3(2219 1209 1208)
3(1209 1200 1208)
3(1209 2220 1201)
3(2220 1200 1201)
3(1209 1201 1200)
3(1210 1201 2220)
3(2221 1201 1210)
3(2221 2220 1201)
3(2221 1210 2220)
3(2220 1210 1209)
3(1210 1201 1209)
3(1210 2221 1202)
3(2221 1201 1202)
3(1210 1202 1201)
3(1211 1202 2221)
3(2222 1202 1211)
3(2222 2221 1202)
3(2222 1211 2221)
3(2221 1211 1210)
3(1211 1202 1210)
3(1211 2222 288)
3(2222 1202 288)
3(1211 288 1202)
3(289 288 2222)
3(1279 2222 288)
3(1279 289 2222)
3(1279 288 289)
3(2222 289 1211)
3(289 288 1211)
3(1087 1070 1194)
3(261 1070 1087)
3(1194 2061 1087)
3(2214 2061 1194)
3(2214 2061 1195)
3(1195 2062 2214)
3(2215 2062 1195)
3(2215 2062 1196)
3(1196 2063 2215)
3(2216 2063 1196)
3(2216 2063 1197)
3(1197 2064 2216)
3(2217 2064 1197)
3(2217 2064 1198)
3(1198 2065 2217)
3(2218 2065 1198)
3(2218 2065 1199)
3(1199 2066 2218)
3(2219 2066 1199)
3(2219 2066 1200)
3(1200 2067 2219)
3(2220 2067 1200)
3(2220 2067 1201)
3(1201 2068 2220)
3(2221 2068 1201)
3(2221 2068 1202)
3(1202 2069 2221)
3(2222 2069 1202)
3(2222 2069 288)
3(288 1262 2222)
3(1279 1262 288)
3(1088 1072 1230)
3(265 1088 1230)
3(265 1072 1088)
3(1230 2079 1088)
3(2223 2079 1230)
3(2223 1230 1088)
3(2223 1088 2079)
3(1088 1072 2079)
3(2223 2079 1231)
3(1230 2223 1231)
3(1231 2080 2223)
3(2224 2080 1231)
3(2224 1231 2223)
3(2224 2223 2080)
3(2223 2079 2080)
3(2224 2080 1232)
3(1231 2224 1232)
3(1232 2081 2224)
3(2225 2081 1232)
3(2225 1232 2224)
3(2225 2224 2081)
3(2224 2080 2081)
3(2225 2081 1233)
3(1232 2225 1233)
3(1233 2082 2225)
3(2226 2082 1233)
3(2226 1233 2225)
3(2226 2225 2082)
3(2225 2081 2082)
3(2226 2082 1234)
3(1233 2226 1234)
3(1234 2083 2226)
3(2227 2083 1234)
3(2227 1234 2226)
3(2227 2226 2083)
3(2226 2082 2083)
3(2227 2083 1235)
3(1234 2227 1235)
3(1235 2084 2227)
3(2228 2084 1235)
3(2228 1235 2227)
3(2228 2227 2084)
3(2227 2083 2084)
3(2228 2084 1236)
3(1235 2228 1236)
3(1236 2085 2228)
3(2229 2085 1236)
3(2229 1236 2228)
3(2229 2228 2085)
3(2228 2084 2085)
3(2229 2085 1237)
3(1236 2229 1237)
3(1237 2086 2229)
3(2230 2086 1237)
3(2230 1237 2229)
3(2230 2229 2086)
3(2229 2085 2086)
3(2230 2086 1238)
3(1237 2230 1238)
3(1238 2087 2230)
3(2231 2087 1238)
3(2231 1238 2230)
3(2231 2230 2087)
3(2230 2086 2087)
3(2231 2087 292)
3(1238 2231 292)
3(292 1264 2231)
3(1280 292 2231)
3(1280 2231 1264)
3(1280 1264 292)
3(2231 2087 1264)
3(1067 1073 1113)
3(1073 252 1113)
3(1067 252 1073)
3(2088 1067 1113)
3(2088 1113 2034)
3(1073 1113 2088)
3(2034 2088 1114)
3(2088 1113 1114)
3(2089 2034 1114)
3(2089 1114 2035)
3(2088 1114 2089)
3(2035 2089 1115)
3(2089 1114 1115)
3(2090 2035 1115)
3(2090 1115 2036)
3(2089 1115 2090)
3(2036 2090 1116)
3(2090 1115 1116)
3(2091 2036 1116)
3(2091 1116 2037)
3(2090 1116 2091)
3(2037 2091 1117)
3(2091 1116 1117)
3(2092 2037 1117)
3(2092 1117 2038)
3(2091 1117 2092)
3(2038 2092 1118)
3(2092 1117 1118)
3(2093 2038 1118)
3(2093 1118 2039)
3(2092 1118 2093)
3(2039 2093 1119)
3(2093 1118 1119)
3(2094 2039 1119)
3(2094 1119 2040)
3(2093 1119 2094)
3(2040 2094 1120)
3(2094 1119 1120)
3(2095 2040 1120)
3(2095 1120 2041)
3(2094 1120 2095)
3(2041 2095 1121)
3(2095 1120 1121)
3(2096 2041 1121)
3(2096 1121 2042)
3(2095 1121 2096)
3(2042 2096 279)
3(2096 1121 279)
3(1265 2042 279)
3(1265 279 1259)
3(2096 279 1265)
3(1072 1090 1221)
3(1072 264 1090)
3(2079 1221 1090)
3(2241 1221 2079)
3(2079 2241 1222)
3(2080 1222 2241)
3(2242 1222 2080)
3(2080 2242 1223)
3(2081 1223 2242)
3(2243 1223 2081)
3(2081 2243 1224)
3(2082 1224 2243)
3(2244 1224 2082)
3(2082 2244 1225)
3(2083 1225 2244)
3(2245 1225 2083)
3(2083 2245 1226)
3(2084 1226 2245)
3(2246 1226 2084)
3(2084 2246 1227)
3(2085 1227 2246)
3(2247 1227 2085)
3(2085 2247 1228)
3(2086 1228 2247)
3(2248 1228 2086)
3(2086 2248 1229)
3(2087 1229 2248)
3(2249 1229 2087)
3(2087 2249 291)
3(1264 291 2249)
3(1282 291 1264)
3(257 1091 1149)
3(1091 256 1149)
3(257 1149 256)
3(257 256 1091)
3(1158 1149 1091)
3(2250 1149 1158)
3(2250 1091 1149)
3(1158 1149 257)
3(1158 2250 1150)
3(2250 1149 1150)
3(1158 1150 1149)
3(1159 1150 2250)
3(2251 1150 1159)
3(2251 2250 1150)
3(1159 1150 1158)
3(1159 2251 1151)
3(2251 1150 1151)
3(1159 1151 1150)
3(1160 1151 2251)
3(2252 1151 1160)
3(2252 2251 1151)
3(1160 1151 1159)
3(1160 2252 1152)
3(2252 1151 1152)
3(1160 1152 1151)
3(1161 1152 2252)
3(2253 1152 1161)
3(2253 2252 1152)
3(1161 1152 1160)
3(1161 2253 1153)
3(2253 1152 1153)
3(1161 1153 1152)
3(1162 1153 2253)
3(2254 1153 1162)
3(2254 2253 1153)
3(1162 1153 1161)
3(1162 2254 1154)
3(2254 1153 1154)
3(1162 1154 1153)
3(1163 1154 2254)
3(2255 1154 1163)
3(2255 2254 1154)
3(1163 1154 1162)
3(1163 2255 1155)
3(2255 1154 1155)
3(1163 1155 1154)
3(1164 1155 2255)
3(2256 1155 1164)
3(2256 2255 1155)
3(1164 1155 1163)
3(1164 2256 1156)
3(2256 1155 1156)
3(1164 1156 1155)
3(1165 1156 2256)
3(2257 1156 1165)
3(2257 2256 1156)
3(1165 1156 1164)
3(1165 2257 1157)
3(2257 1156 1157)
3(1165 1157 1156)
3(1166 1157 2257)
3(2258 1157 1166)
3(2258 2257 1157)
3(1166 1157 1165)
3(1166 2258 283)
3(2258 1157 283)
3(1166 283 1157)
3(284 283 2258)
3(1283 2258 283)
3(1283 283 284)
3(284 283 1166)
3(1065 1088 1239)
3(1088 266 1239)
3(1065 266 1088)
3(2016 1239 1088)
3(2223 1239 2016)
3(2223 1088 1239)
3(2223 2016 1088)
3(1088 2016 1065)
3(2016 2223 1240)
3(2223 1239 1240)
3(2017 1240 2223)
3(2224 1240 2017)
3(2224 2223 1240)
3(2224 2017 2223)
3(2223 2017 2016)
3(2017 2224 1241)
3(2224 1240 1241)
3(2018 1241 2224)
3(2225 1241 2018)
3(2225 2224 1241)
3(2225 2018 2224)
3(2224 2018 2017)
3(2018 2225 1242)
3(2225 1241 1242)
3(2019 1242 2225)
3(2226 1242 2019)
3(2226 2225 1242)
3(2226 2019 2225)
3(2225 2019 2018)
3(2019 2226 1243)
3(2226 1242 1243)
3(2020 1243 2226)
3(2227 1243 2020)
3(2227 2226 1243)
3(2227 2020 2226)
3(2226 2020 2019)
3(2020 2227 1244)
3(2227 1243 1244)
3(2021 1244 2227)
3(2228 1244 2021)
3(2228 2227 1244)
3(2228 2021 2227)
3(2227 2021 2020)
3(2021 2228 1245)
3(2228 1244 1245)
3(2022 1245 2228)
3(2229 1245 2022)
3(2229 2228 1245)
3(2229 2022 2228)
3(2228 2022 2021)
3(2022 2229 1246)
3(2229 1245 1246)
3(2023 1246 2229)
3(2230 1246 2023)
3(2230 2229 1246)
3(2230 2023 2229)
3(2229 2023 2022)
3(2023 2230 1247)
3(2230 1246 1247)
3(2024 1247 2230)
3(2231 1247 2024)
3(2231 2230 1247)
3(2231 2024 2230)
3(2230 2024 2023)
3(2024 2231 293)
3(2231 1247 293)
3(1257 293 2231)
3(1280 2231 293)
3(1280 1257 2231)
3(1280 293 1257)
3(2231 1257 2024)
3(1086 1069 1095)
3(250 1086 1095)
3(250 1069 1086)
3(1095 2052 1086)
3(2205 2052 1095)
3(2205 1095 1086)
3(2205 2052 1096)
3(1095 2205 1096)
3(1096 2053 2205)
3(2206 2053 1096)
3(2206 1096 2205)
3(2206 2053 1097)
3(1096 2206 1097)
3(1097 2054 2206)
3(2207 2054 1097)
3(2207 1097 2206)
3(2207 2054 1098)
3(1097 2207 1098)
3(1098 2055 2207)
3(2208 2055 1098)
3(2208 1098 2207)
3(2208 2055 1099)
3(1098 2208 1099)
3(1099 2056 2208)
3(2209 2056 1099)
3(2209 1099 2208)
3(2209 2056 1100)
3(1099 2209 1100)
3(1100 2057 2209)
3(2210 2057 1100)
3(2210 1100 2209)
3(2210 2057 1101)
3(1100 2210 1101)
3(1101 2058 2210)
3(2211 2058 1101)
3(2211 1101 2210)
3(2211 2058 1102)
3(1101 2211 1102)
3(1102 2059 2211)
3(2212 2059 1102)
3(2212 1102 2211)
3(2212 2059 1103)
3(1102 2212 1103)
3(1103 2060 2212)
3(2213 2060 1103)
3(2213 1103 2212)
3(2213 2060 277)
3(1103 2213 277)
3(277 1261 2213)
3(1278 277 2213)
3(1278 1261 277)
3(252 1073 1104)
3(1073 251 1104)
3(252 1104 251)
3(252 251 1073)
3(1113 1104 1073)
3(2088 1104 1113)
3(2088 1073 1104)
3(1113 1104 252)
3(1113 2088 1105)
3(2088 1104 1105)
3(1113 1105 1104)
3(1114 1105 2088)
3(2089 1105 1114)
3(2089 2088 1105)
3(1114 1105 1113)
3(1114 2089 1106)
3(2089 1105 1106)
3(1114 1106 1105)
3(1115 1106 2089)
3(2090 1106 1115)
3(2090 2089 1106)
3(1115 1106 1114)
3(1115 2090 1107)
3(2090 1106 1107)
3(1115 1107 1106)
3(1116 1107 2090)
3(2091 1107 1116)
3(2091 2090 1107)
3(1116 1107 1115)
3(1116 2091 1108)
3(2091 1107 1108)
3(1116 1108 1107)
3(1117 1108 2091)
3(2092 1108 1117)
3(2092 2091 1108)
3(1117 1108 1116)
3(1117 2092 1109)
3(2092 1108 1109)
3(1117 1109 1108)
3(1118 1109 2092)
3(2093 1109 1118)
3(2093 2092 1109)
3(1118 1109 1117)
3(1118 2093 1110)
3(2093 1109 1110)
3(1118 1110 1109)
3(1119 1110 2093)
3(2094 1110 1119)
3(2094 2093 1110)
3(1119 1110 1118)
3(1119 2094 1111)
3(2094 1110 1111)
3(1119 1111 1110)
3(1120 1111 2094)
3(2095 1111 1120)
3(2095 2094 1111)
3(1120 1111 1119)
3(1120 2095 1112)
3(2095 1111 1112)
3(1120 1112 1111)
3(1121 1112 2095)
3(2096 1112 1121)
3(2096 2095 1112)
3(1121 1112 1120)
3(1121 2096 278)
3(2096 1112 278)
3(1121 278 1112)
3(279 278 2096)
3(1265 2096 278)
3(1265 278 279)
3(279 278 1121)
3(1090 1068 1212)
3(263 1068 1090)
3(1212 2043 1090)
3(2241 2043 1212)
3(2241 2043 1213)
3(1213 2044 2241)
3(2242 2044 1213)
3(2242 2044 1214)
3(1214 2045 2242)
3(2243 2045 1214)
3(2243 2045 1215)
3(1215 2046 2243)
3(2244 2046 1215)
3(2244 2046 1216)
3(1216 2047 2244)
3(2245 2047 1216)
3(2245 2047 1217)
3(1217 2048 2245)
3(2246 2048 1217)
3(2246 2048 1218)
3(1218 2049 2246)
3(2247 2049 1218)
3(2247 2049 1219)
3(1219 2050 2247)
3(2248 2050 1219)
3(2248 2050 1220)
3(1220 2051 2248)
3(2249 2051 1220)
3(2249 2051 290)
3(290 1260 2249)
3(1282 1260 290)
3(1068 1087 1203)
3(1068 262 1087)
3(2043 1203 1087)
3(2214 1203 2043)
3(2043 2214 1204)
3(2044 1204 2214)
3(2215 1204 2044)
3(2044 2215 1205)
3(2045 1205 2215)
3(2216 1205 2045)
3(2045 2216 1206)
3(2046 1206 2216)
3(2217 1206 2046)
3(2046 2217 1207)
3(2047 1207 2217)
3(2218 1207 2047)
3(2047 2218 1208)
3(2048 1208 2218)
3(2219 1208 2048)
3(2048 2219 1209)
3(2049 1209 2219)
3(2220 1209 2049)
3(2049 2220 1210)
3(2050 1210 2220)
3(2221 1210 2050)
3(2050 2221 1211)
3(2051 1211 2221)
3(2222 1211 2051)
3(2051 2222 289)
3(1260 289 2222)
3(1279 289 1260)
3(266 1088 1230)
3(266 1230 265)
3(266 265 1088)
3(1239 1230 1088)
3(2223 1230 1239)
3(1239 1230 266)
3(1239 2223 1231)
3(1239 1231 1230)
3(1240 1231 2223)
3(2224 1231 1240)
3(1240 1231 1239)
3(1240 2224 1232)
3(1240 1232 1231)
3(1241 1232 2224)
3(2225 1232 1241)
3(1241 1232 1240)
3(1241 2225 1233)
3(1241 1233 1232)
3(1242 1233 2225)
3(2226 1233 1242)
3(1242 1233 1241)
3(1242 2226 1234)
3(1242 1234 1233)
3(1243 1234 2226)
3(2227 1234 1243)
3(1243 1234 1242)
3(1243 2227 1235)
3(1243 1235 1234)
3(1244 1235 2227)
3(2228 1235 1244)
3(1244 1235 1243)
3(1244 2228 1236)
3(1244 1236 1235)
3(1245 1236 2228)
3(2229 1236 1245)
3(1245 1236 1244)
3(1245 2229 1237)
3(1245 1237 1236)
3(1246 1237 2229)
3(2230 1237 1246)
3(1246 1237 1245)
3(1246 2230 1238)
3(1246 1238 1237)
3(1247 1238 2230)
3(2231 1238 1247)
3(1247 1238 1246)
3(1247 2231 292)
3(1247 292 1238)
3(293 292 2231)
3(1280 292 293)
3(293 292 1247)
3(251 1086 1095)
3(251 1095 250)
3(251 250 1086)
3(1104 1095 1086)
3(2205 1095 1104)
3(2205 1104 1086)
3(1086 1104 251)
3(1104 1095 251)
3(1104 2205 1096)
3(1104 1096 1095)
3(1105 1096 2205)
3(2206 1096 1105)
3(2206 1105 2205)
3(2205 1105 1104)
3(1105 1096 1104)
3(1105 2206 1097)
3(1105 1097 1096)
3(1106 1097 2206)
3(2207 1097 1106)
3(2207 1106 2206)
3(2206 1106 1105)
3(1106 1097 1105)
3(1106 2207 1098)
3(1106 1098 1097)
3(1107 1098 2207)
3(2208 1098 1107)
3(2208 1107 2207)
3(2207 1107 1106)
3(1107 1098 1106)
3(1107 2208 1099)
3(1107 1099 1098)
3(1108 1099 2208)
3(2209 1099 1108)
3(2209 1108 2208)
3(2208 1108 1107)
3(1108 1099 1107)
3(1108 2209 1100)
3(1108 1100 1099)
3(1109 1100 2209)
3(2210 1100 1109)
3(2210 1109 2209)
3(2209 1109 1108)
3(1109 1100 1108)
3(1109 2210 1101)
3(1109 1101 1100)
3(1110 1101 2210)
3(2211 1101 1110)
3(2211 1110 2210)
3(2210 1110 1109)
3(1110 1101 1109)
3(1110 2211 1102)
3(1110 1102 1101)
3(1111 1102 2211)
3(2212 1102 1111)
3(2212 1111 2211)
3(2211 1111 1110)
3(1111 1102 1110)
3(1111 2212 1103)
3(1111 1103 1102)
3(1112 1103 2212)
3(2213 1103 1112)
3(2213 1112 2212)
3(2212 1112 1111)
3(1112 1103 1111)
3(1112 2213 277)
3(1112 277 1103)
3(278 277 2213)
3(1278 278 2213)
3(1278 277 278)
3(2213 278 1112)
3(278 277 1112)
3(1091 1071 1149)
3(256 1071 1091)
3(1149 2070 1091)
3(2250 2070 1149)
3(2250 1091 2070)
3(1091 1071 2070)
3(2250 2070 1150)
3(1150 2071 2250)
3(2251 2071 1150)
3(2251 2250 2071)
3(2250 2070 2071)
3(2251 2071 1151)
3(1151 2072 2251)
3(2252 2072 1151)
3(2252 2251 2072)
3(2251 2071 2072)
3(2252 2072 1152)
3(1152 2073 2252)
3(2253 2073 1152)
3(2253 2252 2073)
3(2252 2072 2073)
3(2253 2073 1153)
3(1153 2074 2253)
3(2254 2074 1153)
3(2254 2253 2074)
3(2253 2073 2074)
3(2254 2074 1154)
3(1154 2075 2254)
3(2255 2075 1154)
3(2255 2254 2075)
3(2254 2074 2075)
3(2255 2075 1155)
3(1155 2076 2255)
3(2256 2076 1155)
3(2256 2255 2076)
3(2255 2075 2076)
3(2256 2076 1156)
3(1156 2077 2256)
3(2257 2077 1156)
3(2257 2256 2077)
3(2256 2076 2077)
3(2257 2077 1157)
3(1157 2078 2257)
3(2258 2078 1157)
3(2258 2257 2078)
3(2257 2077 2078)
3(2258 2078 283)
3(283 1263 2258)
3(1283 2258 1263)
3(1283 1263 283)
3(2258 2078 1263)
3(1092 1065 1248)
3(267 1065 1092)
3(1248 2016 1092)
3(2259 2016 1248)
3(2259 2016 1249)
3(1249 2017 2259)
3(2260 2017 1249)
3(2260 2017 1250)
3(1250 2018 2260)
3(2261 2018 1250)
3(2261 2018 1251)
3(1251 2019 2261)
3(2262 2019 1251)
3(2262 2019 1252)
3(1252 2020 2262)
3(2263 2020 1252)
3(2263 2020 1253)
3(1253 2021 2263)
3(2264 2021 1253)
3(2264 2021 1254)
3(1254 2022 2264)
3(2265 2022 1254)
3(2265 2022 1255)
3(1255 2023 2265)
3(2266 2023 1255)
3(2266 2023 1256)
3(1256 2024 2266)
3(2267 2024 1256)
3(2267 2024 294)
3(294 1257 2267)
3(1284 1257 294)
3(260 1094 1176)
3(1094 259 1176)
3(260 1176 259)
3(260 259 1094)
3(1185 1176 1094)
3(2277 1176 1185)
3(2277 1185 1094)
3(2277 1094 1176)
3(1094 1185 260)
3(1185 1176 260)
3(1185 2277 1177)
3(2277 1176 1177)
3(1185 1177 1176)
3(1186 1177 2277)
3(2278 1177 1186)
3(2278 1186 2277)
3(2278 2277 1177)
3(2277 1186 1185)
3(1186 1177 1185)
3(1186 2278 1178)
3(2278 1177 1178)
3(1186 1178 1177)
3(1187 1178 2278)
3(2279 1178 1187)
3(2279 1187 2278)
3(2279 2278 1178)
3(2278 1187 1186)
3(1187 1178 1186)
3(1187 2279 1179)
3(2279 1178 1179)
3(1187 1179 1178)
3(1188 1179 2279)
3(2280 1179 1188)
3(2280 1188 2279)
3(2280 2279 1179)
3(2279 1188 1187)
3(1188 1179 1187)
3(1188 2280 1180)
3(2280 1179 1180)
3(1188 1180 1179)
3(1189 1180 2280)
3(2281 1180 1189)
3(2281 1189 2280)
3(2281 2280 1180)
3(2280 1189 1188)
3(1189 1180 1188)
3(1189 2281 1181)
3(2281 1180 1181)
3(1189 1181 1180)
3(1190 1181 2281)
3(2282 1181 1190)
3(2282 1190 2281)
3(2282 2281 1181)
3(2281 1190 1189)
3(1190 1181 1189)
3(1190 2282 1182)
3(2282 1181 1182)
3(1190 1182 1181)
3(1191 1182 2282)
3(2283 1182 1191)
3(2283 1191 2282)
3(2283 2282 1182)
3(2282 1191 1190)
3(1191 1182 1190)
3(1191 2283 1183)
3(2283 1182 1183)
3(1191 1183 1182)
3(1192 1183 2283)
3(2284 1183 1192)
3(2284 1192 2283)
3(2284 2283 1183)
3(2283 1192 1191)
3(1192 1183 1191)
3(1192 2284 1184)
3(2284 1183 1184)
3(1192 1184 1183)
3(1193 1184 2284)
3(2285 1184 1193)
3(2285 1193 2284)
3(2285 2284 1184)
3(2284 1193 1192)
3(1193 1184 1192)
3(1193 2285 286)
3(2285 1184 286)
3(1193 286 1184)
3(287 286 2285)
3(1286 287 2285)
3(1286 2285 286)
3(1286 286 287)
3(2285 287 1193)
3(287 286 1193)
3(1070 1094 1185)
3(1070 260 1094)
3(2061 1185 1094)
3(2277 1185 2061)
3(2061 2277 1186)
3(2062 1186 2277)
3(2278 1186 2062)
3(2062 2278 1187)
3(2063 1187 2278)
3(2279 1187 2063)
3(2063 2279 1188)
3(2064 1188 2279)
3(2280 1188 2064)
3(2064 2280 1189)
3(2065 1189 2280)
3(2281 1189 2065)
3(2065 2281 1190)
3(2066 1190 2281)
3(2282 1190 2066)
3(2066 2282 1191)
3(2067 1191 2282)
3(2283 1191 2067)
3(2067 2283 1192)
3(2068 1192 2283)
3(2284 1192 2068)
3(2068 2284 1193)
3(2069 1193 2284)
3(2285 1193 2069)
3(2069 2285 287)
3(1262 287 2285)
3(1286 287 1262)
3(1085 1082 2133)
3(1078 1082 1085)
3(2133 2169 1085)
3(2196 2169 2133)
3(2196 2169 2134)
3(2134 2170 2196)
3(2197 2170 2134)
3(2197 2170 2135)
3(2135 2171 2197)
3(2198 2171 2135)
3(2198 2171 2136)
3(2136 2172 2198)
3(2199 2172 2136)
3(2199 2172 2137)
3(2137 2173 2199)
3(2200 2173 2137)
3(2200 2173 2138)
3(2138 2174 2200)
3(2201 2174 2138)
3(2201 2174 2139)
3(2139 2175 2201)
3(2202 2175 2139)
3(2202 2175 2140)
3(2140 2176 2202)
3(2203 2176 2140)
3(2203 2176 2141)
3(2141 2177 2203)
3(2204 2177 2141)
3(2204 2177 1270)
3(1270 1274 2204)
3(1277 1274 1270)
3(1094 1084 1176)
3(259 1084 1094)
3(1176 2187 1094)
3(2277 2187 1176)
3(2277 2187 1177)
3(1177 2188 2277)
3(2278 2188 1177)
3(2278 2188 1178)
3(1178 2189 2278)
3(2279 2189 1178)
3(2279 2189 1179)
3(1179 2190 2279)
3(2280 2190 1179)
3(2280 2190 1180)
3(1180 2191 2280)
3(2281 2191 1180)
3(2281 2191 1181)
3(1181 2192 2281)
3(2282 2192 1181)
3(2282 2192 1182)
3(1182 2193 2282)
3(2283 2193 1182)
3(2283 2193 1183)
3(1183 2194 2283)
3(2284 2194 1183)
3(2284 2194 1184)
3(1184 2195 2284)
3(2285 2195 1184)
3(2285 2195 286)
3(286 1276 2285)
3(1286 1276 286)
3(1088 1089 2079)
3(1088 1072 1089)
3(2223 2079 1089)
3(2232 2079 2223)
3(2232 2223 1089)
3(1089 2223 1088)
3(2223 2232 2080)
3(2224 2080 2232)
3(2233 2080 2224)
3(2233 2224 2232)
3(2232 2224 2223)
3(2224 2233 2081)
3(2225 2081 2233)
3(2234 2081 2225)
3(2234 2225 2233)
3(2233 2225 2224)
3(2225 2234 2082)
3(2226 2082 2234)
3(2235 2082 2226)
3(2235 2226 2234)
3(2234 2226 2225)
3(2226 2235 2083)
3(2227 2083 2235)
3(2236 2083 2227)
3(2236 2227 2235)
3(2235 2227 2226)
3(2227 2236 2084)
3(2228 2084 2236)
3(2237 2084 2228)
3(2237 2228 2236)
3(2236 2228 2227)
3(2228 2237 2085)
3(2229 2085 2237)
3(2238 2085 2229)
3(2238 2229 2237)
3(2237 2229 2228)
3(2229 2238 2086)
3(2230 2086 2238)
3(2239 2086 2230)
3(2239 2230 2238)
3(2238 2230 2229)
3(2230 2239 2087)
3(2231 2087 2239)
3(2240 2087 2231)
3(2240 2231 2239)
3(2239 2231 2230)
3(2231 2240 1264)
3(1280 1264 2240)
3(1281 1280 2240)
3(1281 1264 1280)
3(2240 1280 2231)
3(1089 1088 2016)
3(1065 1088 1089)
3(2016 2223 1089)
3(2232 2223 2016)
3(2232 2223 2017)
3(2017 2224 2232)
3(2233 2224 2017)
3(2233 2224 2018)
3(2018 2225 2233)
3(2234 2225 2018)
3(2234 2225 2019)
3(2019 2226 2234)
3(2235 2226 2019)
3(2235 2226 2020)
3(2020 2227 2235)
3(2236 2227 2020)
3(2236 2227 2021)
3(2021 2228 2236)
3(2237 2228 2021)
3(2237 2228 2022)
3(2022 2229 2237)
3(2238 2229 2022)
3(2238 2229 2023)
3(2023 2230 2238)
3(2239 2230 2023)
3(2239 2230 2024)
3(2024 2231 2239)
3(2240 2231 2024)
3(2240 2231 1257)
3(1257 1280 2240)
3(1281 1280 1257)
3(1073 1086 1104)
3(1073 251 1086)
3(2088 1104 1086)
3(2205 1104 2088)
3(2088 2205 1105)
3(2089 1105 2205)
3(2206 1105 2089)
3(2089 2206 1106)
3(2090 1106 2206)
3(2207 1106 2090)
3(2090 2207 1107)
3(2091 1107 2207)
3(2208 1107 2091)
3(2091 2208 1108)
3(2092 1108 2208)
3(2209 1108 2092)
3(2092 2209 1109)
3(2093 1109 2209)
3(2210 1109 2093)
3(2093 2210 1110)
3(2094 1110 2210)
3(2211 1110 2094)
3(2094 2211 1111)
3(2095 1111 2211)
3(2212 1111 2095)
3(2095 2212 1112)
3(2096 1112 2212)
3(2213 1112 2096)
3(2096 2213 278)
3(1265 278 2213)
3(1278 278 1265)
3(1091 1093 2070)
3(1091 1071 1093)
3(2250 2070 1093)
3(2268 2070 2250)
3(2268 2250 1093)
3(1093 2250 1091)
3(2250 2268 2071)
3(2251 2071 2268)
3(2269 2071 2251)
3(2269 2251 2268)
3(2268 2251 2250)
3(2251 2269 2072)
3(2252 2072 2269)
3(2270 2072 2252)
3(2270 2252 2269)
3(2269 2252 2251)
3(2252 2270 2073)
3(2253 2073 2270)
3(2271 2073 2253)
3(2271 2253 2270)
3(2270 2253 2252)
3(2253 2271 2074)
3(2254 2074 2271)
3(2272 2074 2254)
3(2272 2254 2271)
3(2271 2254 2253)
3(2254 2272 2075)
3(2255 2075 2272)
3(2273 2075 2255)
3(2273 2255 2272)
3(2272 2255 2254)
3(2255 2273 2076)
3(2256 2076 2273)
3(2274 2076 2256)
3(2274 2256 2273)
3(2273 2256 2255)
3(2256 2274 2077)
3(2257 2077 2274)
3(2275 2077 2257)
3(2275 2257 2274)
3(2274 2257 2256)
3(2257 2275 2078)
3(2258 2078 2275)
3(2276 2078 2258)
3(2276 2258 2275)
3(2275 2258 2257)
3(2258 2276 1263)
3(1283 1263 2276)
3(1285 1283 2276)
3(1285 1263 1283)
3(2276 1283 2258)
3(1093 1091 2025)
3(1066 1091 1093)
3(2025 2250 1093)
3(2268 2250 2025)
3(2268 2250 2026)
3(2026 2251 2268)
3(2269 2251 2026)
3(2269 2251 2027)
3(2027 2252 2269)
3(2270 2252 2027)
3(2270 2252 2028)
3(2028 2253 2270)
3(2271 2253 2028)
3(2271 2253 2029)
3(2029 2254 2271)
3(2272 2254 2029)
3(2272 2254 2030)
3(2030 2255 2272)
3(2273 2255 2030)
3(2273 2255 2031)
3(2031 2256 2273)
3(2274 2256 2031)
3(2274 2256 2032)
3(2032 2257 2274)
3(2275 2257 2032)
3(2275 2257 2033)
3(2033 2258 2275)
3(2276 2258 2033)
3(2276 2258 1258)
3(1258 1283 2276)
3(1285 1283 1258)
3(1326 1204 2428)
3(1195 1204 1326)
3(1195 2428 1204)
3(1195 1326 2428)
3(2322 2445 2348)
3(2386 2348 2445)
3(2322 2386 2445)
3(2322 2348 2386)
3(476 468 2358)
3(468 467 2358)
3(476 2358 467)
3(477 468 2358)
3(476 477 2358)
3(2316 2367 2432)
3(2316 2432 1322)
3(2316 1322 2367)
3(2367 1322 2432)
3(619 2411 2317)
3(619 2317 2405)
3(2405 2317 2411)
3(619 2405 2411)
3(816 808 2359)
3(816 2359 807)
3(808 807 2359)
3(817 808 2359)
3(816 817 2359)
3(1462 928 929)
3(1462 1461 928)
3(1462 929 1461)
3(1461 929 928)
3(1334 670 669)
3(1333 670 1334)
3(1333 669 670)
3(1333 1334 669)
3(226 930 210)
3(226 318 930)
3(318 210 930)
3(226 210 318)
3(586 145 316)
3(586 163 145)
3(586 316 163)
3(163 316 145)
3(1367 2441 1391)
3(1367 1342 2441)
3(1342 1391 2441)
3(1367 1391 1342)
3(1256 2349 293)
3(1256 294 2349)
3(294 293 2349)
3(1247 2349 293)
3(1247 1256 2349)
3(1470 1482 188)
3(330 188 1482)
3(1470 188 330)
3(1470 330 1482)
3(1222 1231 2425)
3(1223 1222 2425)
3(1223 2425 1231)
3(741 1340 655)
3(741 740 1340)
3(741 655 740)
3(740 655 1340)
3(1000 1468 999)
3(1000 999 933)
3(1000 933 1468)
3(1468 933 999)
3(655 741 656)
3(655 656 1340)
3(656 741 1340)
3(2337 2363 2341)
3(2337 2341 2388)
3(2341 2363 2388)
3(2337 2388 2363)
3(1111 2398 1119)
3(1111 1110 2398)
3(1110 1119 2398)
3(1120 1111 2398)
3(1119 1120 2398)
3(543 2405 2411)
3(543 552 2405)
3(543 2411 552)
3(2405 552 2411)
3(541 1344 1392)
3(1373 541 1392)
3(1373 1344 541)
3(1373 1392 1344)
3(1466 930 318)
3(1466 1461 930)
3(1461 318 930)
3(1466 318 1461)
3(316 1333 671)
3(316 671 1338)
3(1333 1338 671)
3(316 1338 1333)
3(1204 1205 2356)
3(1196 2356 1205)
3(1196 1204 2356)
3(1450 1412 2403)
3(1450 2403 1422)
3(1412 1422 2403)
3(1450 1422 1412)
3(967 1412 1450)
3(967 1450 1411)
3(967 1411 1412)
3(1412 1411 1450)
3(1270 2418 1273)
3(1270 1269 2418)
3(1269 1273 2418)
3(1474 120 1479)
3(315 1479 120)
3(315 120 1474)
3(315 1474 1479)
3(2337 2388 621)
3(2337 2361 2388)
3(2361 621 2388)
3(2337 621 2361)
3(319 1461 854)
3(1465 854 1461)
3(1465 319 854)
3(1465 1461 319)
3(1333 317 595)
3(1333 595 1337)
3(317 1337 595)
3(1333 1337 317)
3(17 277 2392)
3(277 1261 2392)
3(17 2392 1261)
3(593 1333 585)
3(585 1333 594)
3(593 594 1333)
3(585 584 1333)
3(593 1333 584)
3(861 853 1461)
3(861 1461 852)
3(1461 853 852)
3(853 1461 862)
3(862 1461 861)
3(855 92 323)
3(99 92 855)
3(99 855 323)
3(99 323 92)
3(663 71 64)
3(663 64 311)
3(663 311 71)
3(64 71 311)
3(312 578 1332)
3(663 312 1332)
3(663 1332 578)
3(663 578 312)
3(1466 24 1006)
3(24 1015 1006)
3(1466 1006 1015)
3(1466 1015 24)
3(18 1338 747)
3(18 747 738)
3(1338 738 747)
3(18 738 1338)
3(1476 184 826)
3(1480 826 184)
3(1480 1476 826)
3(1480 184 1476)
3(1219 2440 1227)
3(1219 1218 2440)
3(1218 1227 2440)
3(1227 1228 2440)
3(1228 1219 2440)
3(2317 2358 2435)
3(2317 2435 2328)
3(2358 2328 2435)
3(2317 2328 2358)
3(2315 2377 2384)
3(2319 2377 2315)
3(2319 2384 2377)
3(2319 2315 2384)
3(1341 515 514)
3(314 514 515)
3(314 1341 514)
3(314 515 1341)
3(1413 1449 2405)
3(1413 2405 1414)
3(1449 1414 2405)
3(1413 1414 1449)
3(630 2363 2337)
3(631 2337 2363)
3(630 2337 631)
3(630 631 2363)
3(1235 2409 1243)
3(1235 1234 2409)
3(1234 1243 2409)
3(292 2409 1247)
3(292 1238 2409)
3(1238 1247 2409)
3(1243 1244 2409)
3(1244 1235 2409)
3(1247 293 2409)
3(293 292 2409)
3(630 2337 2388)
3(630 621 2337)
3(630 2388 621)
3(1352 1367 2441)
3(1352 2441 1391)
3(1352 1391 1367)
3(1369 1370 908)
3(1348 1369 908)
3(1348 908 1370)
3(1348 1370 1369)
3(1429 900 1407)
3(1429 1428 900)
3(1428 1407 900)
3(1429 1407 1428)
3(514 1341 506)
3(515 506 1341)
3(505 514 1341)
3(505 1341 506)
3(782 1469 774)
3(782 783 1469)
3(783 774 1469)
3(773 1469 774)
3(773 782 1469)
3(976 1411 1450)
3(976 1450 1426)
3(976 1426 1411)
3(1411 1426 1450)
3(2316 1299 2329)
3(1312 2316 2329)
3(1312 1299 2316)
3(1312 2329 1299)
3(2401 2403 2438)
3(2403 2318 2438)
3(2401 2318 2403)
3(2401 2438 2318)
3(1004 1003 1462)
3(310 1462 1003)
3(310 1003 1004)
3(310 1004 1462)
3(744 745 1334)
3(300 744 1334)
3(300 745 744)
3(300 1334 745)
3(1154 1162 2447)
3(1163 1154 2447)
3(1163 2447 1162)
3(1153 1162 2447)
3(1153 2447 1154)
3(329 774 773)
3(1469 774 329)
3(1469 329 773)
3(820 2340 811)
3(820 2334 2340)
3(820 811 2334)
3(2334 811 2340)
3(1337 315 517)
3(1336 517 315)
3(1337 517 1336)
3(1337 1336 315)
3(1356 1299 2329)
3(1356 2316 1299)
3(1356 2329 2316)
3(1413 609 1449)
3(1427 1449 609)
3(1427 609 1413)
3(1427 1413 1449)
3(630 2341 2337)
3(630 2363 2341)
3(1314 2350 2438)
3(1314 2321 2350)
3(1314 2438 2321)
3(2350 2321 2438)
3(550 1344 1345)
3(1392 550 1345)
3(1392 1344 550)
3(1392 1345 1344)
3(1324 1168 2407)
3(1159 2407 1168)
3(1159 1168 1324)
3(1159 1324 2407)
3(776 330 1465)
3(776 1464 330)
3(776 1465 1464)
3(1465 330 1464)
3(2349 293 2409)
3(1247 2349 2409)
3(2352 2315 2377)
3(2352 2377 2384)
3(2352 2384 2315)
3(24 1006 318)
3(318 1006 1466)
3(24 318 1466)
3(18 316 747)
3(316 1338 747)
3(18 1338 316)
3(630 2341 2388)
3(2408 894 2429)
3(2338 894 2408)
3(2338 2429 894)
3(2338 2408 2429)
3(1211 2396 288)
3(289 288 2396)
3(1211 289 2396)
3(1202 2396 288)
3(1202 1211 2396)
3(1470 830 188)
3(1482 188 830)
3(1470 1482 830)
3(1471 1481 116)
3(116 1481 313)
3(1471 116 313)
3(1471 313 1481)
3(279 278 2408)
3(278 2371 2408)
3(279 2408 2371)
3(279 2371 278)
3(1412 2403 967)
3(1450 967 2403)
3(1443 1421 627)
3(1421 1406 627)
3(1443 627 1406)
3(1443 1406 1421)
3(313 513 1339)
3(313 512 513)
3(1339 513 512)
3(313 1339 512)
3(1040 1048 2323)
3(1049 2323 1048)
3(1049 1040 2323)
3(1040 1039 2323)
3(1048 2323 1039)
3(2365 2317 2411)
3(2365 2411 2445)
3(2411 2317 2445)
3(2365 2445 2317)
3(1354 2421 1368)
3(1354 1390 2421)
3(1390 1368 2421)
3(1354 1368 1390)
3(2363 698 2425)
3(2336 2425 698)
3(2336 2363 2425)
3(2336 698 2363)
3(619 2365 2317)
3(619 2411 2365)
3(2325 2358 2435)
3(2317 2358 2325)
3(2317 2325 2435)
3(1045 1314 2350)
3(1045 2438 1314)
3(1045 2350 2438)
3(1233 2388 1225)
3(1233 1234 2388)
3(1234 1225 2388)
3(1229 1237 2388)
3(1237 1238 2388)
3(1229 2388 1238)
3(1229 1228 2388)
3(1228 1237 2388)
3(1225 1224 2388)
3(1224 1233 2388)
3(277 1112 2452)
3(278 2452 1112)
3(278 277 2452)
3(277 1103 2452)
3(1103 1112 2452)
3(630 2341 2322)
3(2322 2341 2388)
3(630 2322 2388)
3(2315 2354 2377)
3(2319 2354 2315)
3(2319 2377 2354)
3(1468 999 308)
3(1000 308 999)
3(1468 308 1000)
3(1340 298 740)
3(741 740 298)
3(741 298 1340)
3(1374 483 1392)
3(1373 1392 483)
3(1373 483 1374)
3(1373 1374 1392)
3(2365 2317 2405)
3(619 2365 2405)
3(968 2403 2438)
3(968 2438 2401)
3(968 2401 2403)
3(1402 551 1449)
3(1402 1424 551)
3(551 1424 1449)
3(1402 1449 1424)
3(26 3 1481)
3(114 3 26)
3(114 26 1481)
3(114 1481 3)
3(463 1474 120)
3(463 120 1479)
3(463 1479 1474)
3(1314 2321 2427)
3(2321 2350 2427)
3(1314 2427 2350)
3(2317 2405 2433)
3(2317 2433 2365)
3(2405 2365 2433)
3(313 114 520)
3(114 26 520)
3(313 26 114)
3(313 520 26)
3(2324 2372 2328)
3(2324 2328 2437)
3(2324 2437 2372)
3(2328 2372 2437)
3(1346 1362 693)
3(1378 693 1362)
3(1378 1346 693)
3(1378 1362 1346)
3(2315 2346 2377)
3(2315 2354 2346)
3(2346 2354 2377)
3(670 1334 661)
3(1338 670 661)
3(1338 1334 670)
3(1338 661 1334)
3(938 1462 929)
3(938 929 1466)
3(929 1462 1466)
3(938 1466 1462)
3(772 328 1467)
3(772 771 328)
3(772 1467 771)
3(1467 328 771)
3(1243 1251 2462)
3(1252 1243 2462)
3(1252 2462 1251)
3(1255 2462 1247)
3(1256 1247 2462)
3(1255 1256 2462)
3(1246 1255 2462)
3(1247 1246 2462)
3(1251 2462 1242)
3(1243 1242 2462)
3(2336 2439 2342)
3(2336 2373 2439)
3(2336 2342 2373)
3(2373 2342 2439)
3(887 2389 2333)
3(2333 2389 2417)
3(887 2333 2417)
3(887 2417 2389)
3(517 518 315)
3(517 1337 518)
3(1337 315 518)
3(2405 2358 2411)
3(2317 2358 2405)
3(2317 2411 2358)
3(122 315 528)
3(122 528 27)
3(122 27 315)
3(27 528 315)
3(630 2341 697)
3(2322 697 2341)
3(630 697 2322)
3(1039 2351 2402)
3(1039 2402 2323)
3(2351 2323 2402)
3(1039 2323 2351)
3(619 2445 2365)
3(619 2411 2445)
3(887 2429 2333)
3(887 2389 2429)
3(2389 2333 2429)
3(2316 2368 2407)
3(2316 2407 2329)
3(2316 2329 2368)
3(2368 2329 2407)
3(28 12 1482)
3(190 12 28)
3(190 28 1482)
3(190 1482 12)
3(1046 2350 2449)
3(1045 1046 2449)
3(1045 2449 2350)
3(1045 2350 1046)
3(1408 1429 900)
3(1407 1408 900)
3(1407 1429 1408)
3(2343 2438 1314)
3(2343 2431 2438)
3(2431 1314 2438)
3(2343 1314 2431)
3(776 330 777)
3(776 777 1465)
3(1465 777 330)
3(769 330 190)
3(769 190 28)
3(28 190 330)
3(769 28 330)
3(827 1476 184)
3(827 826 1476)
3(827 1476 185)
3(184 185 1476)
3(2340 2334 2389)
3(896 2340 2389)
3(896 2389 2334)
3(896 2334 2340)
3(182 328 761)
3(29 182 761)
3(29 328 182)
3(29 761 328)
3(2319 2378 2446)
3(2446 2378 2466)
3(2319 2446 2466)
3(2319 2466 2378)
3(702 711 2394)
3(702 2394 1361)
3(702 1361 711)
3(711 1361 2394)
3(543 2405 2358)
3(543 2358 2411)
3(2373 1218 2440)
3(1219 1218 2373)
3(1219 2373 2440)
3(2316 2399 2432)
3(2316 2367 2399)
3(2399 2367 2432)
3(2320 2349 2362)
3(2317 2362 2349)
3(2317 2349 2320)
3(2317 2320 2362)
3(21 730 1340)
3(298 1340 730)
3(21 298 730)
3(21 1340 298)
3(1468 1007 25)
3(1468 308 1007)
3(308 25 1007)
3(1468 25 308)
3(554 2381 2337)
3(554 2361 2381)
3(2361 2337 2381)
3(554 2337 2361)
3(2336 631 2337)
3(2336 2337 2363)
3(2336 2363 631)
3(817 808 2324)
3(817 2324 2359)
3(2324 808 2359)
3(1450 882 1401)
3(1422 882 1450)
3(1422 1401 882)
3(1422 1450 1401)
3(2390 1204 2428)
3(1326 1204 2390)
3(1326 2390 2428)
3(477 468 2325)
3(2325 468 2358)
3(477 2325 2358)
3(1341 1339 513)
3(1341 513 504)
3(513 1339 504)
3(1341 504 1339)
3(292 2361 291)
3(292 291 2381)
3(292 2381 2361)
3(291 2361 2381)
3(892 2401 2403)
3(883 2401 892)
3(883 892 2403)
3(883 2403 2401)
3(1160 2345 1159)
3(1160 1151 2345)
3(1151 1159 2345)
3(1043 1419 1418)
3(1418 1419 2374)
3(1043 2374 1419)
3(1043 1418 2374)
3(312 578 587)
3(587 578 1332)
3(312 587 1332)
3(324 846 855)
3(855 846 1460)
3(324 1460 846)
3(324 855 1460)
3(187 830 1470)
3(1470 830 829)
3(187 1470 829)
3(1470 187 188)
3(1450 882 1426)
3(1426 882 1401)
3(1450 1426 1401)
3(891 2403 1408)
3(891 1408 1422)
3(1422 1408 2403)
3(891 1422 2403)
3(314 523 313)
3(117 313 523)
3(117 523 314)
3(117 314 313)
3(1419 1052 1409)
3(1419 1436 1052)
3(1409 1052 1436)
3(1419 1409 1436)
3(1350 1060 1360)
3(1377 1360 1060)
3(1377 1060 1350)
3(1377 1350 1360)
3(2349 2391 2320)
3(2349 2362 2391)
3(2362 2320 2391)
3(2321 2343 2438)
3(2321 1314 2343)
3(1233 1224 2341)
3(1233 2341 1232)
3(1224 1232 2341)
3(2403 2374 2438)
3(2318 2374 2403)
3(2318 2438 2374)
3(1218 2363 2440)
3(1218 1227 2363)
3(2363 1227 2440)
3(2331 2393 2352)
3(2331 2352 2346)
3(2331 2346 2393)
3(2346 2352 2393)
3(1383 2316 2432)
3(1383 1322 2316)
3(1383 2432 1322)
3(2328 2327 2372)
3(2324 2327 2328)
3(2324 2372 2327)
3(551 1449 1427)
3(551 1427 1402)
3(1402 1427 1449)
3(272 1098 2414)
3(1099 272 2414)
3(1099 2414 1098)
3(271 1098 2414)
3(272 271 2414)
3(1412 967 1440)
3(1410 1440 967)
3(1412 1410 967)
3(1412 1440 1410)
3(545 2361 554)
3(545 2411 2361)
3(545 554 2411)
3(554 2361 2411)
3(289 288 2342)
3(289 2342 2396)
3(2342 288 2396)
3(1309 2329 2357)
3(1309 2357 2378)
3(1309 2378 2329)
3(2357 2329 2378)
3(514 523 313)
3(314 523 514)
3(314 514 313)
3(894 2429 2340)
3(894 2340 2408)
3(2408 2340 2429)
3(315 525 314)
3(315 119 525)
3(525 119 314)
3(315 314 119)
3(2398 1111 2413)
3(1110 2413 1111)
3(1110 2398 2413)
3(1276 2383 1258)
3(1276 1273 2383)
3(1273 1258 2383)
3(819 811 2340)
3(819 2340 810)
3(811 810 2340)
3(819 820 2340)
3(2341 697 2363)
3(630 2363 697)
3(1422 882 2403)
3(1450 2403 882)
3(1168 1324 2406)
3(1291 1324 1168)
3(1291 2406 1324)
3(1291 1168 2406)
3(2318 2359 2434)
3(2434 2359 2437)
3(2318 2437 2359)
3(2318 2434 2437)
3(276 1256 2362)
3(275 276 2362)
3(275 2362 1256)
3(2371 1111 2398)
3(1120 2371 2398)
3(1120 1111 2371)
3(116 1471 459)
3(1481 116 459)
3(1481 459 1471)
3(1271 1272 2375)
3(1268 2375 1272)
3(1268 1271 2375)
3(516 315 525)
3(516 525 314)
3(516 314 315)
3(2367 2323 2417)
3(964 2367 2417)
3(964 2417 2323)
3(964 2323 2367)
3(967 1440 2403)
3(1412 2403 1440)
3(115 114 313)
3(115 313 1481)
3(115 1481 114)
3(114 1481 313)
3(277 2392 2376)
3(17 2376 2392)
3(277 2376 17)
3(2367 2335 2417)
3(2323 2335 2367)
3(2323 2417 2335)
3(2359 2401 2403)
3(2359 2403 892)
3(2359 892 2401)
3(1238 2361 291)
3(1238 292 2361)
3(291 1229 2361)
3(1229 1238 2361)
3(549 2354 2421)
3(558 2354 549)
3(558 549 2421)
3(558 2421 2354)
3(1408 2359 2403)
3(2359 891 2403)
3(1408 891 2359)
3(285 284 2344)
3(2344 284 2467)
3(285 2344 2467)
3(285 2467 284)
3(2318 2403 2359)
3(2318 2359 2401)
3(189 190 330)
3(189 330 1482)
3(189 1482 190)
3(190 1482 330)
3(122 121 315)
3(121 1479 315)
3(122 1479 121)
3(122 315 1479)
3(2350 2465 1046)
3(2350 2449 2465)
3(2449 1046 2465)
3(958 1419 1440)
3(958 1440 1410)
3(958 1410 1419)
3(1440 1419 1410)
3(2321 2431 2438)
3(2321 2343 2431)
3(292 2424 2381)
3(292 291 2424)
3(291 2381 2424)
3(2342 2393 557)
3(2342 2377 2393)
3(2377 557 2393)
3(2342 557 2377)
3(2358 2433 2317)
3(2358 2405 2433)
3(330 329 766)
3(330 766 187)
3(187 766 329)
3(330 187 329)
3(2419 2336 2439)
3(2342 2419 2439)
3(2342 2336 2419)
3(1271 1274 2380)
3(1281 2380 1274)
3(1281 1271 2380)
3(278 2392 279)
3(278 2408 2392)
3(279 2392 2408)
3(2362 2317 2435)
3(2328 2317 2362)
3(2328 2362 2435)
3(2406 1168 2407)
3(1324 2406 2407)
3(556 2342 2393)
3(556 2393 557)
3(556 557 2342)
3(885 2401 2288)
3(885 2449 2401)
3(2288 2401 2449)
3(885 2288 2449)
3(182 183 328)
3(1480 328 183)
3(1480 183 182)
3(1480 182 328)
3(1160 2407 1168)
3(1160 1159 2407)
3(1168 1169 2407)
3(1169 1160 2407)
3(764 329 328)
3(764 328 185)
3(764 185 329)
3(329 185 328)
3(1406 1414 2405)
3(1443 2405 1414)
3(1443 1406 2405)
3(1443 1414 1406)
3(550 1343 1345)
3(1344 1343 550)
3(1344 1345 1343)
3(1480 817 2359)
3(816 817 1480)
3(816 1480 2359)
3(2337 555 2381)
3(554 2381 555)
3(554 555 2337)
3(2325 2435 2328)
3(2325 2328 2376)
3(2376 2328 2435)
3(2325 2376 2435)
3(317 316 586)
3(317 586 145)
3(317 145 316)
3(1099 2450 1107)
3(1098 1107 2450)
3(1099 1098 2450)
3(1108 1099 2450)
3(1107 1108 2450)
3(1408 806 1431)
3(1408 1431 2359)
3(1431 806 2359)
3(1408 2359 806)
3(2316 2345 2407)
3(2316 2368 2345)
3(2345 2368 2407)
3(2370 2316 2399)
3(2399 2316 2423)
3(2370 2399 2423)
3(2370 2423 2316)
3(766 330 775)
3(766 775 329)
3(775 330 329)
3(2318 2321 2431)
3(2318 2438 2321)
3(2318 2431 2438)
3(2356 1204 2390)
3(1205 2356 2390)
3(1205 2390 1204)
3(2336 2419 2466)
3(2336 2356 2419)
3(2419 2356 2466)
3(2336 2466 2356)
3(764 773 328)
3(329 773 764)
3(329 328 773)
3(2373 289 2396)
3(1211 289 2373)
3(1211 2373 2396)
3(2317 2435 2349)
3(2362 2349 2435)
3(2316 2387 2370)
3(2316 2399 2387)
3(2370 2387 2399)
3(2359 2328 2437)
3(2324 2359 2437)
3(2324 2328 2359)
3(2349 2411 2435)
3(2349 2317 2411)
3(2411 2317 2435)
3(1389 2423 2399)
3(1389 2399 2316)
3(1389 2316 2423)
3(1284 2375 17)
3(1284 294 2375)
3(294 17 2375)
3(2315 2346 2352)
3(2352 2346 2377)
3(294 2362 1256)
3(2349 1256 2362)
3(294 2349 2362)
3(1228 2388 2440)
3(1229 2440 2388)
3(1229 1228 2440)
3(1282 291 2380)
3(1282 2380 1264)
3(291 1264 2380)
3(120 1474 462)
3(120 119 1474)
3(119 462 1474)
3(462 463 1474)
3(698 2363 2341)
3(698 2341 697)
3(698 697 2363)
3(1271 1270 2380)
3(1270 1274 2380)
3(2328 2325 2358)
3(806 1429 1408)
3(806 1431 1429)
3(1408 1429 1431)
3(814 1372 1349)
3(814 1349 1370)
3(814 1370 1372)
3(1370 1349 1372)
3(894 2338 2401)
3(885 2401 2338)
3(885 2338 894)
3(885 894 2401)
3(2363 2341 2425)
3(698 2425 2341)
3(887 886 2333)
3(2333 886 2429)
3(887 2429 886)
3(1366 2354 2421)
3(2354 1380 2421)
3(1366 1380 2354)
3(1366 2421 1380)
3(891 1408 1401)
3(891 1401 1422)
3(1422 1401 1408)
3(2321 2431 2347)
3(2321 2347 2318)
3(2318 2347 2431)
3(998 1468 25)
3(998 25 323)
3(998 323 1468)
3(323 25 1468)
3(21 1340 739)
3(311 21 739)
3(311 739 1340)
3(311 1340 21)
3(2324 2437 2318)
3(2324 2318 2372)
3(2372 2318 2437)
3(2316 2407 1312)
3(2329 1312 2407)
3(278 1112 2347)
3(2347 1112 2371)
3(278 2347 2371)
3(278 2371 1112)
3(2327 2376 2328)
3(2372 2328 2376)
3(2327 2372 2376)
3(2342 2377 2384)
3(2342 2384 2352)
3(2342 2352 2377)
3(549 2420 2354)
3(549 2354 2377)
3(549 2377 2420)
3(2377 2354 2420)
3(1349 2370 899)
3(1349 2441 2370)
3(1349 899 2441)
3(899 2370 2441)
3(809 818 2324)
3(809 2340 818)
3(2324 818 2340)
3(809 2324 2340)
3(291 2380 290)
3(1282 290 2380)
3(817 2324 809)
3(817 818 2324)
3(809 808 2324)
3(710 2394 702)
3(710 711 2394)
3(702 701 2394)
3(710 2394 701)
3(2374 968 2403)
3(2374 2438 968)
3(316 1333 586)
3(671 586 1333)
3(316 586 671)
3(699 2419 2466)
3(2336 2419 699)
3(2336 699 2466)
3(2387 2335 2417)
3(2367 2335 2387)
3(2367 2387 2417)
3(1481 2358 468)
3(1481 468 467)
3(1481 467 2358)
3(278 2452 2347)
3(1112 2347 2452)
3(2403 2359 2434)
3(2318 2403 2434)
3(1231 1230 1293)
3(1239 1293 1230)
3(1231 1293 1239)
3(1120 2398 2395)
3(1120 2395 1119)
3(1119 2395 2398)
3(2359 2328 2434)
3(2434 2328 2437)
3(289 2455 1260)
3(289 290 2455)
3(290 1260 2455)
3(1243 2462 2409)
3(1243 1244 2462)
3(1244 2409 2462)
3(288 2342 2453)
3(289 2453 2342)
3(289 288 2453)
3(2319 2342 2377)
3(2319 2384 2342)
3(25 998 1007)
3(1468 1007 998)
3(21 730 739)
3(1340 739 730)
3(311 1332 663)
3(311 663 312)
3(311 312 1332)
3(2335 2369 2387)
3(2387 2369 2417)
3(2335 2417 2369)
3(1402 2457 1424)
3(1404 1424 2457)
3(1402 1404 2457)
3(1402 1424 1404)
3(17 1261 2375)
3(1284 2375 1261)
3(1438 1408 2403)
3(1422 1438 2403)
3(1422 1408 1438)
3(2420 2354 2421)
3(549 2420 2421)
3(1250 2379 269)
3(1249 269 2379)
3(1250 1249 2379)
3(1250 2379 270)
3(269 270 2379)
3(2361 2349 2411)
3(2361 2435 2349)
3(2361 2411 2435)
3(2321 2401 2347)
3(2321 2371 2401)
3(2321 2347 2371)
3(2371 2347 2401)
3(324 855 92)
3(324 323 855)
3(324 92 323)
3(1227 2388 2440)
3(1227 1228 2388)
3(2315 2378 2354)
3(2319 2354 2378)
3(2315 2319 2378)
3(889 2441 898)
3(889 898 2399)
3(889 2399 2441)
3(2399 898 2441)
3(1347 1384 2421)
3(1355 1347 2421)
3(1355 2421 1384)
3(1355 1384 1347)
3(2324 2359 2318)
3(1345 2420 550)
3(1345 1392 2420)
3(1392 550 2420)
3(1039 1300 2402)
3(1039 2351 1300)
3(1300 2351 2402)
3(2316 2399 1383)
3(1383 2399 2432)
3(315 516 517)
3(1336 517 516)
3(315 1336 516)
3(1443 1421 2365)
3(1421 627 2365)
3(1443 2365 627)
3(303 304 1037)
3(303 1037 1317)
3(1037 304 1317)
3(303 1317 304)
3(2354 626 2421)
3(625 626 2354)
3(625 2421 626)
3(625 2354 2421)
3(2342 2393 2439)
3(556 2439 2393)
3(556 2342 2439)
3(1413 1449 618)
3(1413 618 2405)
3(618 1449 2405)
3(2315 2423 2329)
3(2315 2329 2360)
3(2360 2329 2423)
3(2315 2360 2423)
3(2317 2436 2365)
3(2317 2433 2436)
3(2433 2365 2436)
3(1224 2363 1225)
3(1224 2388 2363)
3(1225 2363 2388)
3(2316 2344 2370)
3(2316 2387 2344)
3(2370 2344 2387)
3(2348 2436 2445)
3(2436 2322 2445)
3(2348 2322 2436)
3(2379 2414 2431)
3(2379 2431 2343)
3(2379 2343 2414)
3(2414 2343 2431)
3(890 2441 898)
3(890 889 2441)
3(899 890 2441)
3(898 899 2441)
3(671 1338 662)
3(671 662 316)
3(662 1338 316)
3(1466 930 939)
3(930 318 939)
3(1466 939 318)
3(288 2384 2396)
3(1202 2384 288)
3(1202 2396 2384)
3(545 2361 2381)
3(554 545 2381)
3(330 776 775)
3(1464 775 776)
3(1464 330 775)
3(285 1258 2383)
3(284 285 2383)
3(284 2383 1258)
3(2343 2321 2427)
3(1314 2343 2427)
3(513 313 1341)
3(513 514 313)
3(513 1341 514)
3(514 1341 313)
3(1186 2357 1178)
3(1187 1178 2357)
3(1186 1187 2357)
3(1178 1177 2357)
3(1177 1186 2357)
3(1237 1238 2409)
3(1238 2388 2409)
3(1237 2409 2388)
3(1111 2347 2413)
3(2347 1102 2413)
3(1111 2413 1102)
3(1111 1102 2347)
3(2316 1312 2367)
3(1322 1312 2316)
3(1322 2367 1312)
3(1277 2418 1270)
3(1274 1270 2418)
3(1277 1274 2418)
3(558 2377 549)
3(558 2354 2377)
3(2347 2343 2431)
3(2321 2343 2347)
3(1366 2394 2421)
3(2394 2354 2421)
3(1366 2354 2394)
3(624 2342 2419)
3(2342 623 2419)
3(624 2419 623)
3(624 623 2342)
3(894 2324 2338)
3(894 2408 2324)
3(2338 2324 2408)
3(273 2353 1099)
3(272 1099 2353)
3(273 272 2353)
3(1100 273 2353)
3(1099 1100 2353)
3(275 2353 1101)
3(275 274 2353)
3(274 1101 2353)
3(1101 1102 2353)
3(275 2353 1102)
3(2337 2439 2336)
3(2337 2373 2439)
3(2337 2336 2373)
3(23 303 1034)
3(303 1325 1034)
3(23 1034 1325)
3(23 1325 303)
3(2293 965 2432)
3(966 2432 965)
3(966 965 2293)
3(966 2293 2432)
3(480 2393 481)
3(480 2304 2393)
3(480 481 2304)
3(2304 481 2393)
3(482 2301 2420)
3(483 482 2420)
3(483 2301 482)
3(483 2420 2301)
3(519 128 317)
3(519 317 510)
3(317 128 510)
3(317 519 129)
3(317 129 128)
3(787 319 192)
3(787 193 319)
3(192 319 193)
3(2328 2358 2433)
3(2328 2433 2317)
3(2369 2389 2417)
3(2369 2417 2333)
3(2369 2333 2389)
3(1234 2409 2388)
3(1234 2388 1235)
3(1235 2388 2409)
3(1222 1293 2425)
3(1231 2425 1293)
3(1231 1293 1222)
3(1389 2370 2399)
3(1389 2423 2370)
3(1303 2445 2348)
3(1303 2436 2445)
3(1303 2348 2436)
3(887 896 2429)
3(896 2389 2429)
3(887 2389 896)
3(2329 2315 2378)
3(2378 2315 2423)
3(2329 2378 2423)
3(2317 2349 2436)
3(2320 2436 2349)
3(2320 2317 2436)
3(1305 2431 2379)
3(1305 2414 2431)
3(1305 2379 2414)
3(1438 2359 2403)
3(1408 2359 1438)
3(2318 2401 2321)
3(2321 2401 2438)
3(1266 1268 2392)
3(1272 1266 2392)
3(1272 2392 1268)
3(1286 2418 286)
3(1286 1276 2418)
3(1276 286 2418)
3(1392 1376 483)
3(1374 483 1376)
3(1392 1374 1376)
3(2377 2342 2419)
3(624 2377 2419)
3(624 2342 2377)
3(623 2439 2419)
3(623 2336 2439)
3(623 2419 2336)
3(1281 1272 2375)
3(1281 2375 1271)
3(1099 2353 2414)
3(2353 272 2414)
3(1345 1343 2421)
3(1365 1345 2421)
3(1365 2421 1343)
3(1365 1343 1345)
3(622 2439 2336)
3(622 2336 2337)
3(622 2337 2439)
3(1440 2374 2403)
3(1423 1440 2403)
3(1423 2403 2374)
3(1423 2374 1440)
3(885 2401 884)
3(2288 884 2401)
3(885 884 2288)
3(276 2362 294)
3(17 294 2362)
3(276 17 2362)
3(2324 2401 894)
3(2324 2338 2401)
3(1349 2441 1342)
3(1349 1363 2441)
3(1363 1342 2441)
3(1349 1342 1363)
3(1218 2363 2373)
3(2373 2363 2440)
3(312 502 79)
3(312 80 502)
3(312 79 80)
3(770 84 324)
3(779 770 324)
3(779 324 84)
3(83 324 770)
3(83 84 324)
3(1384 2394 2421)
3(1384 2421 1366)
3(1384 1366 2394)
3(2322 2317 2436)
3(2322 2445 2317)
3(2436 2317 2445)
3(2322 2349 2436)
3(2317 2349 2322)
3(2349 2391 2436)
3(2320 2436 2391)
3(1321 2336 2390)
3(2336 699 2390)
3(1321 699 2336)
3(1321 2390 699)
3(545 2361 2325)
3(545 2325 2381)
3(2325 2361 2381)
3(328 772 1469)
3(328 773 772)
3(772 773 1469)
3(328 1469 773)
3(1353 2441 1351)
3(1381 1351 2441)
3(1353 1381 2441)
3(1353 1351 1381)
3(545 2411 2325)
3(2361 2325 2411)
3(1448 2403 2359)
3(1448 2359 2434)
3(1448 2434 2403)
3(1111 1112 2371)
3(1111 2371 2347)
3(1111 2347 1112)
3(2331 2330 2352)
3(2331 2393 2330)
3(2352 2330 2393)
3(895 894 2429)
3(895 2429 2340)
3(895 2340 894)
3(2367 2316 2387)
3(2335 2316 2367)
3(2335 2387 2316)
3(1281 1280 2424)
3(1257 2424 1280)
3(1257 1281 2424)
3(586 1333 317)
3(586 317 595)
3(586 595 1333)
3(863 854 319)
3(1461 854 863)
3(1461 863 319)
3(2316 2345 1312)
3(1312 2345 2407)
3(1059 2293 965)
3(1059 2432 2293)
3(1059 965 2432)
3(1264 1280 2424)
3(1281 1264 2424)
3(2374 2434 2318)
3(2374 2403 2434)
3(808 893 894)
3(894 893 2324)
3(808 2324 893)
3(808 894 2324)
3(1347 2394 1384)
3(1347 1362 2394)
3(1362 1384 2394)
3(1347 1384 1362)
3(2287 2377 2446)
3(2287 2446 624)
3(2377 624 2446)
3(2287 624 2377)
3(2333 2385 2323)
3(2369 2323 2385)
3(2333 2323 2369)
3(2333 2369 2385)
3(1352 2441 1351)
3(1352 1353 2441)
3(1352 1351 1353)
3(2354 626 2394)
3(2394 626 2421)
3(702 1361 1362)
3(702 1362 1346)
3(702 1346 1361)
3(1346 1362 1361)
3(1421 1420 694)
3(1405 694 1420)
3(1421 694 1405)
3(1421 1405 1420)
3(814 1349 2370)
3(814 899 1349)
3(814 2370 899)
3(1268 1270 2364)
3(1271 1268 2364)
3(1271 2364 1270)
3(2315 2355 2319)
3(2315 2384 2355)
3(2319 2355 2384)
3(2323 2333 2404)
3(2323 2404 2385)
3(2333 2385 2404)
3(2332 2327 2340)
3(2332 2340 2382)
3(2332 2382 2327)
3(2340 2327 2382)
3(540 482 2301)
3(540 2301 2420)
3(540 2420 482)
3(1256 2349 2462)
3(2349 1247 2462)
3(2356 2336 2390)
3(1321 2356 2390)
3(1321 2336 2356)
3(980 887 2333)
3(980 2333 981)
3(980 981 887)
3(887 981 2333)
3(980 886 2333)
3(887 886 980)
3(1266 1267 2392)
3(1267 1268 2392)
3(621 2337 613)
3(622 613 2337)
3(621 622 2337)
3(612 621 2337)
3(613 612 2337)
3(1341 1339 313)
3(2354 2378 2410)
3(2378 1387 2410)
3(2354 2410 1387)
3(2354 1387 2378)
3(291 2440 2361)
3(1229 2361 2440)
3(291 1229 2440)
3(2318 2401 2347)
3(1259 2382 280)
3(279 280 2382)
3(1259 279 2382)
3(545 553 2411)
3(553 554 2411)
3(544 2411 545)
3(544 553 2411)
3(1356 1312 2316)
3(1383 2316 1312)
3(1383 1356 2316)
3(1383 1312 1356)
3(555 2439 2337)
3(555 2381 2439)
3(2381 2337 2439)
3(1268 2364 1269)
3(1268 1267 2364)
3(1267 1269 2364)
3(958 2374 1440)
3(1419 1440 2374)
3(958 1419 2374)
3(1411 967 976)
3(976 967 1450)
3(958 1440 967)
3(958 967 1410)
3(1299 2329 2378)
3(1299 2378 1356)
3(2329 1356 2378)
3(292 2424 2361)
3(2381 2361 2424)
3(696 630 688)
3(696 697 630)
3(688 630 697)
3(696 630 687)
3(688 687 630)
3(855 99 913)
3(98 99 855)
3(98 855 913)
3(786 843 852)
3(786 844 843)
3(786 852 844)
3(913 855 922)
3(99 922 855)
3(923 915 857)
3(914 857 915)
3(914 923 857)
3(539 481 540)
3(539 548 481)
3(548 540 481)
3(927 861 918)
3(919 861 927)
3(919 918 861)
3(933 1000 991)
3(933 991 999)
3(924 857 923)
3(924 915 857)
3(860 861 918)
3(860 918 927)
3(860 927 861)
3(843 785 786)
3(843 852 785)
3(852 786 785)
3(586 163 680)
3(586 164 163)
3(586 680 164)
3(927 928 861)
3(919 861 928)
3(586 671 680)
3(586 163 671)
3(894 808 902)
3(902 808 893)
3(583 676 667)
3(667 676 582)
3(583 667 582)
3(583 582 676)
3(668 676 583)
3(668 583 677)
3(676 677 583)
3(902 903 808)
3(894 808 903)
3(902 807 893)
3(902 808 807)
3(893 807 808)
3(901 902 807)
3(901 807 893)
3(668 667 583)
3(655 741 749)
3(655 750 741)
3(655 749 750)
3(667 675 582)
3(675 676 582)
3(740 749 655)
3(666 675 582)
3(667 666 582)
3(655 750 656)
3(750 741 656)
3(582 666 581)
3(582 581 675)
3(666 675 581)
3(603 594 508)
3(603 508 602)
3(594 602 508)
3(603 509 508)
3(594 508 509)
3(594 509 603)
3(964 2367 973)
3(964 973 2417)
3(973 2367 2417)
3(1410 967 1411)
3(1410 1411 1412)
3(2354 1380 2420)
3(2420 1380 2421)
3(2315 2354 2410)
3(2354 2346 2410)
3(2315 2410 2346)
3(2431 2347 2437)
3(2353 2347 2431)
3(2353 2431 2437)
3(2353 2437 2347)
3(1262 2418 288)
3(1262 287 2418)
3(287 288 2418)
3(625 2377 2446)
3(625 2287 2377)
3(625 2446 2287)
3(1416 2359 2328)
3(1416 2434 2359)
3(1416 2328 2434)
3(1283 284 2412)
3(1283 2412 1258)
3(284 1258 2412)
3(1275 281 2382)
3(281 282 2382)
3(1275 2382 282)
3(1262 2418 1279)
3(288 1279 2418)
3(885 2449 2338)
3(2401 2338 2449)
3(618 609 1449)
3(618 1413 609)
3(1332 580 588)
3(1332 589 580)
3(1332 588 589)
3(1332 579 588)
3(1332 580 579)
3(848 1460 856)
3(856 1460 847)
3(848 847 1460)
3(848 1460 857)
3(856 857 1460)
3(1414 1406 618)
3(1413 1414 618)
3(1413 618 1406)
3(1413 1406 1414)
3(277 1278 2392)
3(1261 2392 1278)
3(1156 2369 1148)
3(1157 1148 2369)
3(1156 1157 2369)
3(1156 2369 1147)
3(1148 1147 2369)
3(1480 183 826)
3(825 1480 826)
3(825 183 1480)
3(184 1480 183)
3(1279 289 2455)
3(1260 1279 2455)
3(2348 2349 2436)
3(2348 2322 2349)
3(459 117 1471)
3(117 116 1471)
3(459 460 1471)
3(117 1471 460)
3(1349 2441 1379)
3(2370 1379 2441)
3(1349 1379 2370)
3(480 2393 472)
3(481 472 2393)
3(480 2393 471)
3(472 471 2393)
3(550 2421 549)
3(550 2420 2421)
3(550 549 2420)
3(1183 1191 2355)
3(1183 2355 1192)
3(1191 1192 2355)
3(1183 1182 2355)
3(1182 1191 2355)
3(2315 2378 2410)
3(814 1372 2370)
3(1372 1349 2370)
3(2353 2343 2379)
3(2353 2379 2431)
3(2353 2431 2343)
3(2346 2377 2420)
3(549 2377 2346)
3(549 2346 2420)
3(277 278 2392)
3(278 1278 2392)
3(1312 1299 1356)
3(1273 1285 2412)
3(1258 2412 1285)
3(1258 1273 2412)
3(2342 2373 2396)
3(2336 2342 2396)
3(2336 2396 2373)
3(885 2338 2429)
3(885 2429 894)
3(1437 1406 627)
3(1421 1437 627)
3(1421 1406 1437)
3(1347 635 1362)
3(1378 1362 635)
3(1347 1378 635)
3(1347 1362 1378)
3(2324 2340 2408)
3(894 2340 2324)
3(2398 2371 2413)
3(1111 2413 2371)
3(1347 2394 2421)
3(469 477 2444)
3(469 2444 478)
3(477 478 2444)
3(468 477 2444)
3(469 468 2444)
3(472 2346 481)
3(481 2346 2393)
3(472 2393 2346)
3(1269 1285 2412)
3(1269 2412 1273)
3(1469 1467 772)
3(1469 328 1467)
3(1257 2375 1284)
3(1257 294 2375)
3(1347 2421 1354)
3(1355 1354 2421)
3(1347 1354 1355)
3(1277 1279 2418)
3(1279 1260 2418)
3(1277 2418 1260)
3(886 2429 980)
3(2333 980 2429)
3(1448 2403 1438)
3(1448 1438 2359)
3(2424 292 2435)
3(293 2424 2435)
3(293 292 2424)
3(293 2435 292)
3(2334 2369 2387)
3(2334 2335 2369)
3(2334 2387 2335)
3(2373 1218 2426)
3(2363 2426 1218)
3(2363 2373 2426)
3(1335 666 582)
3(667 1335 582)
3(667 666 1335)
3(582 1335 581)
3(1335 666 581)
3(473 481 2346)
3(473 2346 482)
3(481 482 2346)
3(473 472 2346)
3(2354 2420 2346)
3(2322 2361 2349)
3(2322 2349 2411)
3(2322 2411 2361)
3(1446 2358 2405)
3(1446 2405 2433)
3(1446 2433 2358)
3(1226 1218 2363)
3(1217 2363 1218)
3(1217 1226 2363)
3(1216 2363 1224)
3(1216 1215 2363)
3(1215 1224 2363)
3(1225 1216 2363)
3(1226 1227 2363)
3(1349 899 1342)
3(1342 899 2441)
3(558 2421 550)
3(558 559 2421)
3(559 550 2421)
3(2316 2345 2367)
3(2345 1312 2367)
3(1264 2380 1274)
3(1264 1281 2380)
3(291 2381 290)
3(291 2380 2381)
3(2380 290 2381)
3(2361 2349 2409)
3(2322 2409 2349)
3(2322 2361 2409)
3(1265 279 2392)
3(1259 2392 279)
3(1259 1265 2392)
3(1387 1380 2354)
3(1387 2354 1366)
3(1387 1366 1380)
3(2315 2329 2355)
3(2355 2329 2360)
3(2315 2355 2360)
3(1409 1043 1419)
3(1409 1418 1043)
3(1409 1419 1418)
3(1350 1360 1051)
3(1359 1051 1360)
3(1350 1051 1359)
3(1350 1359 1360)
3(967 1440 2374)
3(967 2374 2403)
3(1439 2405 1446)
3(1439 2358 2405)
3(1439 1446 2358)
3(2354 2377 2446)
3(625 2354 2446)
3(625 2377 2354)
3(1265 278 2392)
3(1417 2328 2358)
3(1417 2433 2328)
3(1417 2358 2433)
3(2424 2361 2435)
3(292 2435 2361)
3(618 1414 2405)
3(1406 618 2405)
3(289 2342 2373)
3(898 2399 2387)
3(898 2387 889)
3(889 2387 2399)
3(2379 2320 2431)
3(1305 2431 2320)
3(1305 2320 2379)
3(2367 2387 2399)
3(2367 2399 974)
3(2387 974 2399)
3(2367 974 2387)
3(2316 2335 2345)
3(2316 2368 2335)
3(2345 2335 2368)
3(288 2352 2384)
3(288 2384 287)
3(2352 287 2384)
3(288 287 2352)
3(2346 548 2377)
3(549 2377 548)
3(549 548 2346)
3(1415 2320 2431)
3(1415 2431 2434)
3(2431 2320 2434)
3(1415 2434 2320)
3(623 2439 2342)
3(1324 1158 1159)
3(1296 1159 1158)
3(1296 1158 1324)
3(1296 1324 1159)
3(2322 2411 2317)
3(2322 2445 2411)
3(1283 283 2412)
3(284 2412 283)
3(889 2387 888)
3(889 888 2305)
3(2305 888 2387)
3(889 2305 2387)
3(705 2341 697)
3(705 706 2341)
3(706 697 2341)
3(696 705 2341)
3(697 696 2341)
3(1322 1312 1383)
3(1251 2379 270)
3(1251 1250 2379)
3(270 271 2379)
3(271 1251 2379)
3(1438 1431 2359)
3(1408 1431 1438)
3(289 1220 2373)
3(290 289 2373)
3(290 2373 1220)
3(1211 1220 2373)
3(1210 1218 2373)
3(1210 2373 1219)
3(1209 1218 2373)
3(1210 1209 2373)
3(2354 625 2394)
3(626 2394 625)
3(818 2340 810)
3(818 819 2340)
3(810 809 2340)
3(2387 2334 2417)
3(2369 2417 2334)
3(2317 2362 2433)
3(2362 2328 2433)
3(1347 635 2394)
3(635 1362 2394)
3(1253 2391 272)
3(1253 1252 2391)
3(1252 272 2391)
3(1255 2391 274)
3(1254 274 2391)
3(1255 1254 2391)
3(274 275 2391)
3(275 1255 2391)
3(272 273 2391)
3(273 1253 2391)
3(831 188 1482)
3(188 189 1482)
3(831 1482 189)
3(1482 831 830)
3(972 2333 980)
3(972 971 2333)
3(971 980 2333)
3(972 2333 981)
3(1224 2341 2388)
3(2341 1233 2388)
3(2390 2356 2428)
3(1204 2428 2356)
3(2324 2401 2318)
3(2324 2359 2401)
3(550 2421 1345)
3(550 1343 2421)
3(1039 2323 1313)
3(1039 1313 1040)
3(1040 1313 2323)
3(1164 1172 2368)
3(1164 2368 1173)
3(1172 1173 2368)
3(1164 1163 2368)
3(1163 1172 2368)
3(325 3 1481)
3(325 1481 26)
3(325 26 3)
3(1270 2364 1269)
3(1442 1325 2374)
3(1442 2374 2431)
3(1442 2431 1325)
3(2374 1325 2431)
3(2329 2316 2360)
3(2360 2316 2423)
3(2329 2423 2316)
3(815 806 2359)
3(815 2359 1431)
3(815 1431 806)
3(2315 2378 2355)
3(2329 2355 2378)
3(612 620 2411)
3(621 2411 620)
3(621 612 2411)
3(611 620 2411)
3(612 611 2411)
3(677 668 2298)
3(677 2298 583)
3(668 583 2298)
3(544 2325 545)
3(544 2411 2325)
3(1482 322 12)
3(1482 28 322)
3(28 12 322)
3(1379 2399 1389)
3(1379 2370 2399)
3(1379 1389 2370)
3(1407 891 1408)
3(1407 1401 891)
3(1407 1408 1401)
3(1342 1348 899)
3(1348 1349 899)
3(1342 1349 1348)
3(2317 2411 2325)
3(2358 2325 2411)
3(2354 1380 2410)
3(2354 2410 2420)
3(2410 1380 2420)
3(541 1344 550)
3(541 550 1392)
3(2354 2446 2319)
3(2354 2378 2446)
3(1147 2430 2385)
3(1147 2385 2404)
3(1147 2404 2430)
3(2404 2385 2430)
3(1229 2388 2361)
3(1238 2361 2388)
3(2374 2431 2438)
3(2318 2431 2374)
3(2320 2362 2433)
3(2317 2320 2433)
3(1037 1036 1317)
3(1045 1037 1317)
3(1045 1317 1036)
3(2386 1243 2409)
3(1234 2386 2409)
3(1234 1243 2386)
3(1135 2351 1143)
3(1134 1143 2351)
3(1135 1134 2351)
3(1144 1135 2351)
3(1143 1144 2351)
3(1141 2351 1133)
3(1142 1133 2351)
3(1141 1142 2351)
3(1133 1132 2351)
3(1141 2351 1132)
3(287 1286 2418)
3(286 287 2418)
3(2334 2335 2415)
3(2335 2369 2415)
3(2334 2415 2369)
3(2319 2377 2446)
3(958 1436 1419)
3(958 1410 1436)
3(1419 1436 1410)
3(1377 966 1360)
3(966 1351 1360)
3(1377 1351 966)
3(1377 1360 1351)
3(1205 1197 2356)
3(1196 2356 1197)
3(1206 1197 2356)
3(1205 1206 2356)
3(1199 2356 1207)
3(1198 1207 2356)
3(1199 1198 2356)
3(1207 1208 2356)
3(1208 1199 2356)
3(2411 620 2445)
3(2322 620 2411)
3(2322 2445 620)
3(1160 2345 2407)
3(2345 1159 2407)
3(1049 2323 1057)
3(1048 1057 2323)
3(1058 1049 2323)
3(1057 1058 2323)
3(900 1429 806)
3(1429 1428 806)
3(900 806 1428)
3(1369 1370 814)
3(1369 814 908)
3(1370 908 814)
3(1373 541 483)
3(483 541 1392)
3(1276 2383 285)
3(1156 2385 1147)
3(2369 1147 2385)
3(1156 2369 2385)
3(1467 779 770)
3(1467 770 324)
3(1467 324 779)
3(1317 1314 2350)
3(1045 1317 2350)
3(1045 1314 1317)
3(2339 2465 2351)
3(2339 2400 2465)
3(2339 2351 2400)
3(2400 2351 2465)
3(2334 897 2417)
3(896 2417 897)
3(896 2334 2417)
3(896 897 2334)
3(1340 663 654)
3(654 663 311)
3(1340 311 663)
3(1340 654 311)
3(922 1468 931)
3(323 922 931)
3(323 1468 922)
3(323 931 1468)
3(2335 2345 2367)
3(1318 2348 2445)
3(1318 2386 2348)
3(1318 2445 2386)
3(2349 293 2435)
3(2349 2435 2409)
3(293 2409 2435)
3(2361 1238 2409)
3(292 2361 2409)
3(2381 291 2440)
3(2361 2381 2440)
3(983 2399 2441)
3(983 2441 889)
3(983 889 2399)
3(542 1402 1424)
3(551 542 1424)
3(551 1402 542)
3(1282 1260 2380)
3(290 2380 1260)
3(278 2372 2408)
3(278 2371 2372)
3(2372 2371 2408)
3(897 2417 2387)
3(897 2387 2334)
3(2335 2369 2323)
3(2335 2323 2385)
3(2335 2385 2369)
3(2344 2370 2423)
3(2344 2423 2316)
3(116 523 313)
3(523 522 313)
3(116 313 522)
3(116 117 313)
3(521 114 313)
3(521 313 115)
3(521 520 313)
3(1424 1449 2405)
3(1449 551 2405)
3(1424 2405 551)
3(543 2457 2405)
3(543 2405 542)
3(542 2405 2457)
3(543 542 2457)
3(2342 288 2384)
3(2342 2384 2396)
3(1187 2357 1179)
3(1188 1179 2357)
3(1187 1188 2357)
3(1179 1178 2357)
3(1168 1169 2406)
3(2406 1169 2407)
3(2342 288 2352)
3(984 1352 1367)
3(984 1367 2441)
3(984 2441 1352)
3(1037 2350 2465)
3(1037 2465 1046)
3(1037 1046 2350)
3(2333 2464 2366)
3(2333 2366 2429)
3(2429 2366 2464)
3(2333 2429 2464)
3(900 1408 806)
3(1059 964 2367)
3(964 965 2367)
3(1059 965 964)
3(1059 2367 965)
3(1058 2367 1059)
3(1058 1059 964)
3(1058 964 2367)
3(471 480 2330)
3(471 2330 2393)
3(2330 480 2393)
3(284 2344 2383)
3(2344 285 2383)
3(1426 976 882)
3(882 976 1450)
3(2323 963 2417)
3(964 2417 963)
3(964 963 2323)
3(274 2353 2391)
3(2353 275 2391)
3(2353 273 2391)
3(272 2353 2391)
3(2394 2354 2446)
3(625 2394 2446)
3(2343 2414 2353)
3(2379 2353 2414)
3(1441 1419 2374)
3(1441 2374 1418)
3(1441 1418 1419)
3(1362 702 2394)
3(1362 2394 1361)
3(2423 1478 2458)
3(2410 1478 2423)
3(2410 2458 1478)
3(2410 2423 2458)
3(2333 2464 2339)
3(2333 2339 2366)
3(2366 2339 2464)
3(2363 2388 2440)
3(1227 2388 2363)
3(1155 2385 1147)
3(1155 1156 2385)
3(1147 1146 2385)
3(1146 1155 2385)
3(554 2381 546)
3(555 546 2381)
3(546 545 2381)
3(1050 2367 1058)
3(1050 1049 2367)
3(1049 1058 2367)
3(1059 1050 2367)
3(609 551 1449)
3(609 1427 551)
3(514 313 522)
3(522 313 513)
3(1298 1415 2320)
3(1298 2320 2431)
3(1298 2431 1415)
3(1120 2371 2395)
3(2395 2371 2398)
3(1363 2441 1379)
3(1363 1379 1349)
3(2410 2378 2423)
3(1387 2423 2378)
3(1387 2410 2423)
3(256 1296 1140)
3(256 1149 1296)
3(1140 1296 1149)
3(1112 1120 2371)
3(1120 1121 2371)
3(1112 2371 1121)
3(1275 2382 1259)
3(1267 1259 2382)
3(1275 1267 2382)
3(1218 2426 1209)
3(2373 1209 2426)
3(2318 2347 2437)
3(2318 2437 2431)
3(277 2392 2372)
3(2376 2372 2392)
3(277 2372 2376)
3(974 2441 983)
3(974 2399 2441)
3(974 983 2399)
3(626 1347 2394)
3(626 2421 1347)
3(121 1479 463)
3(121 120 1479)
3(463 464 1479)
3(121 1479 464)
3(482 473 2420)
3(473 2346 2420)
3(482 2420 2346)
3(1389 1383 2316)
3(1389 2399 1383)
3(548 2346 2393)
3(548 2393 481)
3(548 481 2346)
3(2394 2378 2446)
3(2354 2378 2394)
3(528 121 315)
3(121 315 527)
3(528 527 315)
3(119 526 315)
3(526 525 315)
3(526 315 120)
3(119 120 315)
3(2395 2350 2449)
3(2395 2449 2465)
3(2395 2465 2350)
3(967 958 2374)
3(1100 274 2353)
3(274 273 2353)
3(1100 1101 2353)
3(622 623 2336)
3(622 2439 623)
3(2386 1239 2448)
3(1240 2448 1239)
3(1240 2386 2448)
3(1240 1239 2386)
3(1125 2350 1117)
3(1126 1117 2350)
3(1125 1126 2350)
3(1115 1123 2350)
3(1124 1115 2350)
3(1124 2350 1123)
3(1116 1125 2350)
3(1116 2350 1117)
3(1114 1123 2350)
3(1114 2350 1115)
3(2349 294 2435)
3(293 2435 294)
3(631 2337 622)
3(631 622 2336)
3(2334 2340 2456)
3(2334 2456 2332)
3(2340 2332 2456)
3(2334 2332 2340)
3(1034 1418 1325)
3(1034 1043 1418)
3(1034 1325 1043)
3(1325 1418 1043)
3(1310 2357 2329)
3(1310 2329 2406)
3(1310 2406 2357)
3(2329 2357 2406)
3(2315 2463 2344)
3(2315 2344 2360)
3(2315 2360 2463)
3(2360 2344 2463)
3(2371 2413 2347)
3(2398 2347 2413)
3(2371 2347 2398)
3(2338 2464 885)
3(2338 2429 2464)
3(2429 885 2464)
3(887 2429 895)
3(886 895 2429)
3(895 896 2429)
3(517 315 525)
3(517 315 526)
3(693 702 1362)
3(693 1346 702)
3(2460 2339 2465)
3(2351 2339 2460)
3(2351 2460 2465)
3(1306 2431 2438)
3(1306 2438 2374)
3(1306 2374 2431)
3(1423 1412 2403)
3(1423 1440 1412)
3(2395 2321 2449)
3(2350 2321 2395)
3(2350 2449 2321)
3(1042 305 22)
3(1322 305 1042)
3(1322 1042 22)
3(1322 22 305)
3(296 708 297)
3(296 1321 708)
3(297 708 1321)
3(296 297 1321)
3(2372 278 2392)
3(277 278 2372)
3(737 1338 300)
3(737 738 1338)
3(300 1338 738)
3(737 300 738)
3(310 1466 1014)
3(1466 1015 1014)
3(310 1015 1466)
3(310 1014 1015)
3(967 2374 968)
3(967 968 2403)
3(2355 2319 2378)
3(2395 2464 2465)
3(2395 2449 2464)
3(2464 2449 2465)
3(190 768 330)
3(768 769 330)
3(768 330 189)
3(188 330 766)
3(188 187 330)
3(766 767 330)
3(188 330 767)
3(2386 1234 2388)
3(1233 1234 2386)
3(1233 2386 2388)
3(694 1421 1444)
3(1420 694 1444)
3(1420 1444 1421)
3(2392 2372 2408)
3(1309 2329 1310)
3(1309 1310 2357)
3(2389 2340 2456)
3(2334 2389 2456)
3(1477 2325 2328)
3(1477 2376 2325)
3(1477 2328 2376)
3(1455 533 1432)
3(1455 1432 484)
3(1432 533 484)
3(1455 484 533)
3(893 2401 894)
3(893 2324 2401)
3(538 2304 2393)
3(538 480 2304)
3(538 2393 480)
3(1379 1364 2399)
3(1379 2399 2441)
3(2399 1364 2441)
3(1379 2441 1364)
3(480 2330 537)
3(480 479 2330)
3(480 537 479)
3(479 537 2330)
3(538 2330 537)
3(538 537 480)
3(538 480 2330)
3(763 185 328)
3(763 328 184)
3(185 184 328)
3(763 764 328)
3(183 328 761)
3(183 328 762)
3(761 762 328)
3(2320 2431 2353)
3(2320 2353 2379)
3(890 983 2441)
3(890 889 983)
3(983 2441 984)
3(890 984 2441)
3(983 984 890)
3(965 2367 973)
3(974 965 2367)
3(973 974 2367)
3(538 546 2330)
3(546 547 2330)
3(538 2330 547)
3(537 546 2330)
3(897 2417 888)
3(897 888 2387)
3(2387 888 2417)
3(1367 1342 890)
3(890 1342 2441)
3(1367 890 2441)
3(921 210 930)
3(921 863 210)
3(921 930 863)
3(930 210 863)
3(930 225 210)
3(225 921 210)
3(225 210 226)
3(98 92 855)
3(98 99 92)
3(71 663 672)
3(71 672 578)
3(672 663 578)
3(71 578 663)
3(71 663 65)
3(672 71 65)
3(65 71 64)
3(586 164 145)
3(163 145 164)
3(2409 2361 2435)
3(962 2292 2464)
3(2292 961 2464)
3(962 2464 961)
3(962 961 2292)
3(888 2417 896)
3(888 887 2417)
3(887 896 2417)
3(1345 2420 2421)
3(775 767 330)
3(776 767 330)
3(1422 891 882)
3(882 891 1401)
3(975 2441 983)
3(975 974 2441)
3(984 975 2441)
3(1291 1167 1168)
3(1167 1324 1168)
3(1291 1324 1167)
3(116 1481 458)
3(116 115 1481)
3(458 1481 115)
3(458 459 1481)
3(1296 1150 1159)
3(1296 1159 2402)
3(1296 2402 1150)
3(1159 1150 2402)
3(2323 2333 2460)
3(2333 2404 2460)
3(2323 2460 2404)
3(617 1368 1354)
3(617 2421 1368)
3(617 1354 2421)
3(1232 2341 2386)
3(1232 2386 1231)
3(2341 1231 2386)
3(1232 1231 2341)
3(2377 2346 2393)
3(548 2377 2393)
3(1376 1392 2420)
3(1345 1376 2420)
3(1345 1392 1376)
3(772 328 764)
3(763 772 328)
3(1473 2328 2359)
3(1473 2324 2328)
3(1473 2359 2324)
3(1266 1259 2392)
3(1259 1267 2392)
3(1263 1275 2412)
3(1263 2412 282)
3(1275 282 2412)
3(2355 2357 2378)
3(2355 2319 2357)
3(2357 2319 2378)
3(285 2360 2463)
3(285 286 2360)
3(285 2463 286)
3(2360 286 2463)
3(1380 1345 2421)
3(1365 1380 2421)
3(1365 1345 1380)
3(2374 2434 2431)
3(2318 2431 2434)
3(1147 2430 2369)
3(2385 2369 2430)
3(1389 1364 2399)
3(1379 1364 1389)
3(317 316 1333)
3(2460 2333 2464)
3(2339 2333 2460)
3(2339 2460 2464)
3(2333 2430 2461)
3(2333 2461 2366)
3(2333 2366 2430)
3(2430 2366 2461)
3(1380 2410 1387)
3(2387 2334 2415)
3(2344 2387 2415)
3(2344 2334 2387)
3(2344 2415 2334)
3(616 2377 2287)
3(558 2287 2377)
3(616 2287 558)
3(616 558 2377)
3(1217 2426 1218)
3(1217 2363 2426)
3(1216 1215 2426)
3(1216 2426 2363)
3(1215 2363 2426)
3(2344 2335 2387)
3(2316 2335 2344)
3(1294 1123 2350)
3(1114 1123 1294)
3(1114 1294 2350)
3(616 625 2287)
3(616 2377 625)
3(547 538 2304)
3(547 2393 538)
3(547 2304 2393)
3(1057 2460 2323)
3(963 2323 2460)
3(1057 963 2460)
3(1057 2323 963)
3(1129 2451 2459)
3(2366 1129 2459)
3(2366 2451 1129)
3(2366 2459 2451)
3(898 2370 2387)
3(898 2399 2370)
3(2337 613 2439)
3(555 2439 613)
3(555 613 2337)
3(2365 2433 1445)
3(2405 1445 2433)
3(2365 1445 2405)
3(1390 1365 2421)
3(1390 2421 1343)
3(1390 1343 1365)
3(807 2359 815)
3(807 806 2359)
3(815 816 2359)
3(2336 2419 2396)
3(2342 2396 2419)
3(542 2457 1424)
3(542 1402 2457)
3(289 2373 2453)
3(290 2453 2373)
3(290 289 2453)
3(900 97 1428)
3(900 1453 97)
3(900 1428 1453)
3(1428 97 1453)
3(215 908 1369)
3(215 1398 908)
3(1369 908 1398)
3(215 1369 1398)
3(288 2352 2453)
3(2352 2342 2453)
3(2370 2399 2441)
3(2371 2459 1120)
3(2395 1120 2459)
3(2371 2395 2459)
3(2436 2365 2445)
3(1308 2378 2394)
3(2378 1386 2394)
3(1308 2394 1386)
3(1308 1386 2378)
3(891 2403 892)
3(891 892 2359)
3(635 693 1362)
3(635 1378 693)
3(1315 2343 2414)
3(1315 2450 2343)
3(1315 2414 2450)
3(2414 2343 2450)
3(1308 1309 2357)
3(1308 2378 1309)
3(1308 2357 2378)
3(970 885 2338)
3(970 2338 2464)
3(970 2464 885)
3(2328 1477 2358)
3(2325 2358 1477)
3(1148 1147 2430)
3(1148 2430 2369)
3(1057 2460 1048)
3(2323 1048 2460)
3(1099 2413 2353)
3(1100 2353 2413)
3(1099 1100 2413)
3(1101 2413 2353)
3(1102 2353 2413)
3(1101 1102 2413)
3(1425 2405 1446)
3(1425 1439 2405)
3(1425 1446 1439)
3(1407 891 900)
3(1408 900 891)
3(473 1479 2346)
3(472 1479 473)
3(472 2346 1479)
3(885 893 2401)
3(884 893 2401)
3(882 2403 891)
3(1203 1326 1204)
3(1203 2390 1326)
3(1203 1204 2390)
3(975 974 2399)
3(975 2399 2441)
3(2373 2439 2440)
3(2337 2373 2440)
3(2337 2440 2439)
3(1350 1060 1051)
3(1051 1060 1360)
3(1052 1409 1043)
3(1052 1043 1419)
3(2410 2315 2423)
3(275 2452 1102)
3(275 2353 2452)
3(2353 1102 2452)
3(2352 2346 2458)
3(2331 2458 2346)
3(2331 2352 2458)
3(2342 2373 2453)
3(622 613 2439)
3(1267 1263 2412)
3(1263 1269 2412)
3(1267 2412 1269)
3(547 2330 2439)
3(2330 546 2439)
3(547 2439 546)
3(2334 2369 2389)
3(2334 2389 2417)
3(283 2415 1166)
3(1157 1166 2415)
3(283 1157 2415)
3(284 283 2415)
3(1166 284 2415)
3(479 471 2330)
3(471 470 2330)
3(479 2330 470)
3(510 519 1337)
3(519 317 1337)
3(510 1337 317)
3(1299 2329 1309)
3(1299 1309 2378)
3(1039 2402 1313)
3(2323 1313 2402)
3(1261 1266 2392)
3(1272 1261 2392)
3(1130 2366 1138)
3(1130 1129 2366)
3(1129 1138 2366)
3(1139 2366 1138)
3(1139 1130 2366)
3(696 2341 1318)
3(696 1318 2445)
3(696 2445 2341)
3(1318 2341 2445)
3(2329 2355 2357)
3(1256 2391 2349)
3(1256 2362 2391)
3(2315 2384 2442)
3(2384 2355 2442)
3(2315 2442 2355)
3(970 2449 2338)
3(970 885 2449)
3(1257 1272 2375)
3(1257 2375 1281)
3(282 1157 2369)
3(1157 283 2369)
3(282 2369 283)
3(282 1148 2369)
3(1126 2395 1118)
3(1126 1127 2395)
3(1127 1118 2395)
3(1120 1128 2395)
3(1129 1120 2395)
3(1129 2395 1128)
3(1117 1126 2395)
3(1118 1117 2395)
3(1119 1128 2395)
3(2335 2415 2387)
3(1257 293 2424)
3(293 294 2424)
3(1257 2424 294)
3(292 1264 2424)
3(1264 291 2424)
3(1432 66 533)
3(533 66 1455)
3(1432 1455 66)
3(1373 541 140)
3(140 541 1395)
3(1373 1395 541)
3(1373 140 1395)
3(1099 2343 2413)
3(1099 1108 2343)
3(1099 2413 1108)
3(2343 1108 2413)
3(1183 2360 1175)
3(1184 1175 2360)
3(1183 1184 2360)
3(1174 1183 2360)
3(1175 1174 2360)
3(622 630 2337)
3(284 2415 2412)
3(284 2412 2383)
3(284 2383 2415)
3(2383 2412 2415)
3(278 2372 2452)
3(2372 277 2452)
3(1152 2345 1160)
3(1152 1151 2345)
3(1161 1152 2345)
3(1160 1161 2345)
3(468 2325 2444)
3(2325 477 2444)
3(2323 2417 2333)
3(2323 2369 2417)
3(626 635 2394)
3(626 1347 635)
3(1306 2431 1314)
3(1306 1314 2438)
3(2323 2345 2367)
3(2323 2335 2345)
3(1476 2359 817)
3(1476 2324 2359)
3(1476 817 2324)
3(77 484 1455)
3(77 1432 484)
3(77 1455 1432)
3(1478 2344 2423)
3(1478 2458 2344)
3(2423 2344 2458)
3(2323 2417 2460)
3(2417 2333 2460)
3(2388 2361 2440)
3(1311 2406 1324)
3(1311 1291 2406)
3(1311 1324 1291)
3(975 2441 1351)
3(975 1351 1352)
3(975 1352 2441)
3(700 2466 708)
3(700 699 2466)
3(699 708 2466)
3(708 709 2466)
3(709 700 2466)
3(958 1053 2374)
3(1052 2374 1053)
3(1052 1053 958)
3(1052 958 2374)
3(959 2374 958)
3(959 958 1053)
3(959 1053 2374)
3(2347 2343 2353)
3(1415 2320 2436)
3(2320 1298 2436)
3(1415 2436 1298)
3(17 2376 2362)
3(17 294 2376)
3(294 2362 2376)
3(287 2384 1202)
3(1193 1202 2384)
3(287 1193 2384)
3(1192 2384 1200)
3(1192 1191 2384)
3(1191 1200 2384)
3(1201 1192 2384)
3(1200 1201 2384)
3(2405 2358 2457)
3(543 2457 2358)
3(1251 2348 1242)
3(1251 2462 2348)
3(1242 2348 2462)
3(1322 1050 2367)
3(2367 1050 2432)
3(1322 2432 1050)
3(1274 1282 2380)
3(1426 976 1452)
3(1426 1452 873)
3(1426 873 976)
3(1452 976 873)
3(1273 1276 2418)
3(1273 2418 1286)
3(1356 1389 2316)
3(1356 2423 1389)
3(1356 2316 2423)
3(823 2370 814)
3(823 1372 2370)
3(823 814 1372)
3(468 2358 1471)
3(2325 1471 2358)
3(468 1471 2325)
3(1368 617 1397)
3(1368 1397 568)
3(1368 568 617)
3(1397 617 568)
3(467 2457 475)
3(466 475 2457)
3(467 466 2457)
3(476 467 2457)
3(475 476 2457)
3(2355 2357 2397)
3(2355 2443 2357)
3(2355 2397 2443)
3(2397 2357 2443)
3(2338 2321 2371)
3(2338 2371 2401)
3(2338 2401 2321)
3(1424 1414 2405)
3(1424 1449 1414)
3(1267 1275 2412)
3(1363 1391 2441)
3(1342 1391 1363)
3(1114 1113 1316)
3(1114 1294 1113)
3(1114 1316 1294)
3(1316 1113 1294)
3(1307 1249 269)
3(1307 2379 1249)
3(1307 269 2379)
3(1156 2447 2369)
3(1156 1157 2447)
3(1157 2369 2447)
3(963 2417 2460)
3(2384 2352 2442)
3(287 2384 2442)
3(287 2442 2352)
3(661 1334 669)
3(669 1334 660)
3(661 660 1334)
3(937 1462 929)
3(937 938 1462)
3(937 1462 928)
3(1052 1044 2374)
3(1052 2374 1043)
3(1044 1043 2374)
3(1053 1044 2374)
3(17 2392 2375)
3(1261 2375 2392)
3(1250 2448 2379)
3(1249 2379 2448)
3(1250 1249 2448)
3(1060 1377 966)
3(1060 966 1360)
3(1052 958 1436)
3(1419 958 1052)
3(1303 1318 2348)
3(1303 2445 1318)
3(959 968 2374)
3(959 2438 968)
3(959 2374 2438)
3(2347 2321 2398)
3(2347 2413 2321)
3(2398 2321 2413)
3(1283 2412 1285)
3(1217 2363 1225)
3(1217 1216 2363)
3(1225 1226 2363)
3(2339 2464 2465)
3(2339 2465 2395)
3(2339 2395 2464)
3(1416 1473 2328)
3(1416 2359 1473)
3(1147 1146 2404)
3(1146 2385 2404)
3(1183 2355 2442)
3(1192 1183 2442)
3(1192 2442 2355)
3(1291 1168 1177)
3(1177 1168 2406)
3(1291 1177 2406)
3(2378 2446 1308)
3(2394 1308 2446)
3(1325 1441 1442)
3(1442 1441 2374)
3(1325 2374 1441)
3(1177 2406 1178)
3(2357 1178 2406)
3(1177 2357 2406)
3(543 2405 551)
3(542 551 2405)
3(551 552 2405)
3(2433 2320 2436)
3(1415 2433 2436)
3(1415 2320 2433)
3(2348 2391 2436)
3(2348 2349 2391)
3(1423 1422 2403)
3(1423 1412 1422)
3(1372 1379 2370)
3(1349 1379 1372)
3(2440 2373 2453)
3(2439 2440 2453)
3(2439 2453 2373)
3(1272 1284 2375)
3(1261 1272 2375)
3(275 276 2452)
3(275 2452 2362)
3(276 2362 2452)
3(2371 2321 2398)
3(2352 2442 2315)
3(1134 1142 2351)
3(1143 2351 1142)
3(1134 1133 2351)
3(967 2374 959)
3(2377 2319 2419)
3(2342 2419 2319)
3(812 2416 821)
3(820 821 2416)
3(812 820 2416)
3(631 2336 623)
3(631 632 2336)
3(632 623 2336)
3(1478 2344 2370)
3(1478 2370 2423)
3(2344 284 2415)
3(2415 284 2467)
3(2344 2415 2467)
3(700 699 2419)
3(700 2419 2466)
3(183 184 328)
3(1480 328 184)
3(1135 2404 1144)
3(2351 1144 2404)
3(1135 2351 2404)
3(1311 2406 2407)
3(1311 2407 1324)
3(1215 2390 1206)
3(1215 1206 2426)
3(1206 2390 2426)
3(1215 2426 2390)
3(306 2365 2436)
3(2365 1445 2436)
3(306 1445 2365)
3(306 2436 1445)
3(2321 2398 2427)
3(2321 2350 2398)
3(2398 2350 2427)
3(285 2344 2360)
3(2360 2344 2467)
3(285 2360 2467)
3(2334 2344 2416)
3(2334 2332 2344)
3(2334 2416 2332)
3(2344 2332 2416)
3(283 1263 2412)
3(283 2412 282)
3(968 969 2401)
3(2401 969 2438)
3(968 2438 969)
3(1336 516 515)
3(314 515 516)
3(314 516 1336)
3(314 1336 515)
3(1391 1353 2441)
3(1352 1353 1391)
3(632 689 2336)
3(690 2336 689)
3(690 632 2336)
3(690 689 632)
3(689 631 632)
3(689 2336 631)
3(1165 2368 1173)
3(1165 1164 2368)
3(1173 1174 2368)
3(1174 1165 2368)
3(2343 2321 2398)
3(2343 2398 2427)
3(2325 2435 2411)
3(2362 2433 2437)
3(2433 2320 2437)
3(2362 2437 2320)
3(1206 2356 1198)
3(1206 1207 2356)
3(1198 1197 2356)
3(321 2423 2410)
3(321 1478 2423)
3(321 2410 1478)
3(2335 2415 2344)
3(273 1254 2391)
3(1253 2391 1254)
3(274 2391 273)
3(617 2421 558)
3(617 559 2421)
3(617 558 559)
3(617 2421 616)
3(617 616 558)
3(558 616 2421)
3(2367 974 2432)
3(965 2432 974)
3(965 2367 2432)
3(1176 1291 1168)
3(1176 1177 1291)
3(1176 1291 1167)
3(2399 974 2432)
3(705 2341 1318)
3(705 1318 696)
3(984 1367 232)
3(984 232 1393)
3(984 1393 1367)
3(1393 232 1367)
3(976 105 1426)
3(976 1452 105)
3(105 1452 1426)
3(1347 626 1354)
3(1354 626 2421)
3(1121 2459 1120)
3(1121 2371 2459)
3(2339 2366 2404)
3(2339 2404 2333)
3(2366 2333 2404)
3(1186 1319 1177)
3(1177 1319 2357)
3(1186 2357 1319)
3(625 2446 624)
3(625 624 2287)
3(1303 2436 2365)
3(1303 2365 2445)
3(617 157 1368)
3(617 1397 157)
3(157 1397 1368)
3(609 1427 58)
3(609 58 1457)
3(609 1457 1427)
3(1457 58 1427)
3(1099 2343 2353)
3(2353 2343 2413)
3(284 2415 2456)
3(284 2456 2412)
3(2415 2412 2456)
3(686 627 2365)
3(686 2365 685)
3(686 685 627)
3(627 685 2365)
3(627 2365 628)
3(627 628 686)
3(686 628 2365)
3(705 706 1318)
3(1318 706 2341)
3(2363 2337 2373)
3(2363 2440 2337)
3(1442 2374 2403)
3(1442 2434 2374)
3(1442 2403 2434)
3(2446 1308 2466)
3(2378 2466 1308)
3(2338 2464 2449)
3(970 2449 2464)
3(557 2287 2377)
3(558 557 2377)
3(558 2287 557)
3(285 2360 2383)
3(285 2383 2463)
3(2383 2360 2463)
3(483 1392 2420)
3(483 2420 1376)
3(2381 290 2440)
3(291 2440 290)
3(1211 1219 2373)
3(1219 1220 2373)
3(1211 1210 2373)
3(1159 1167 1324)
3(1167 1324 1158)
3(2355 1191 2384)
3(1192 2355 2384)
3(1116 1108 2398)
3(1116 2398 1107)
3(1108 1107 2398)
3(1118 2398 1110)
3(1118 1119 2398)
3(1116 1117 2398)
3(1108 2398 1117)
3(1110 1109 2398)
3(1109 1118 2398)
3(1154 2385 2447)
3(1154 2454 2385)
3(2447 2385 2454)
3(1154 2447 2454)
3(1207 2426 2356)
3(1208 2356 2426)
3(1207 1208 2426)
3(625 2421 617)
3(626 617 2421)
3(625 2421 616)
3(1380 1345 2420)
3(290 2440 2373)
3(290 2453 2440)
3(1265 1278 2392)
3(1474 2326 2330)
3(1474 2444 2326)
3(1474 2330 2444)
3(2330 2326 2444)
3(1355 1390 2421)
3(1355 1354 1390)
3(1191 2397 1199)
3(1191 1190 2397)
3(1190 1199 2397)
3(1197 1189 2397)
3(1189 1188 2397)
3(1197 2397 1188)
3(1200 1191 2397)
3(1199 1200 2397)
3(1197 1198 2397)
3(1189 2397 1198)
3(2377 2419 2446)
3(2419 624 2446)
3(276 2452 1102)
3(1103 276 2452)
3(1102 1103 2452)
3(2406 1312 2407)
3(2329 1312 2406)
3(2329 2406 2407)
3(1233 2341 2386)
3(1233 2386 1232)
3(1176 1177 1319)
3(1177 1291 1319)
3(1176 1319 1291)
3(2372 2324 2401)
3(2318 2372 2401)
3(2323 2404 2351)
3(2323 2351 2385)
3(2385 2351 2404)
3(280 2461 1139)
3(1130 1139 2461)
3(280 1130 2461)
3(281 280 2461)
3(1139 281 2461)
3(1464 774 775)
3(775 774 329)
3(1464 329 774)
3(1464 775 329)
3(2329 2368 2360)
3(2316 2360 2368)
3(892 884 2401)
3(884 883 2401)
3(892 893 2401)
3(1304 1303 2348)
3(1304 2348 2436)
3(1304 2436 1303)
3(1164 1163 2447)
3(1164 2447 2368)
3(1163 2368 2447)
3(2320 2437 2353)
3(2320 2431 2437)
3(2376 2362 2435)
3(2328 2362 2376)
3(694 2365 686)
3(694 695 2365)
3(695 686 2365)
3(685 694 2365)
3(1448 2403 1423)
3(1438 1423 2403)
3(1448 1423 1438)
3(1484 2328 2324)
3(1484 2327 2328)
3(1484 2324 2327)
3(1047 1048 2460)
3(1039 2460 1048)
3(1039 1047 2460)
3(188 189 330)
3(2395 1129 2459)
3(1120 2459 1129)
3(899 898 2370)
3(899 2370 907)
3(898 907 2370)
3(971 2460 2333)
3(971 2464 2460)
3(971 2333 2464)
3(2353 2437 2452)
3(2347 2353 2452)
3(2347 2452 2437)
3(2336 2363 2373)
3(2336 2373 2426)
3(2336 2426 2363)
3(1362 2394 693)
3(635 693 2394)
3(2330 1474 2331)
3(2326 2331 1474)
3(2326 2330 2331)
3(1182 2422 1183)
3(2355 1183 2422)
3(1182 2355 2422)
3(2395 1129 2451)
3(2395 2451 2459)
3(1185 1177 1319)
3(1176 1185 1319)
3(1186 1319 1185)
3(2333 2430 2389)
3(2333 2389 2461)
3(2389 2430 2461)
3(1303 306 2365)
3(1303 2436 306)
3(2357 2466 2397)
3(2428 2397 2466)
3(2357 2428 2466)
3(2357 2397 2428)
3(1124 2350 1116)
3(1124 1125 2350)
3(1116 1115 2350)
3(1477 1417 2328)
3(1477 2358 1417)
3(2330 2439 2393)
3(547 2393 2439)
3(2330 2393 547)
3(1191 2355 2443)
3(1191 2443 1182)
3(2355 1182 2443)
3(1356 2378 1387)
3(1356 1387 2423)
3(1356 2423 2378)
3(693 702 2394)
3(1403 66 533)
3(1403 533 1432)
3(1403 1432 66)
3(1344 541 140)
3(1344 140 1373)
3(1293 1221 1222)
3(1293 2425 1221)
3(1222 1221 2425)
3(976 968 2403)
3(976 2403 967)
3(977 968 2403)
3(976 977 2403)
3(2366 2404 2451)
3(2404 2339 2451)
3(2366 2451 2339)
3(1138 2404 2430)
3(1138 1147 2404)
3(1138 2430 1147)
3(2373 1220 2440)
3(290 2440 1220)
3(545 2444 2381)
3(2325 2381 2444)
3(545 2325 2444)
3(1275 2382 280)
3(2381 546 2439)
3(2330 546 2381)
3(2330 2381 2439)
3(1206 2390 1214)
3(1206 1205 2390)
3(1205 1214 2390)
3(1214 1215 2390)
3(2324 2401 2371)
3(2324 2371 2372)
3(2372 2371 2401)
3(94 1452 873)
3(1426 94 873)
3(1426 1452 94)
3(628 619 2365)
3(619 627 2365)
3(279 2408 2459)
3(2408 2371 2459)
3(279 2459 2371)
3(1368 143 568)
3(143 1397 568)
3(1368 1397 143)
3(1416 1448 2359)
3(1416 2434 1448)
3(1305 1298 2320)
3(1305 2431 1298)
3(1113 1316 1105)
3(1105 1316 1114)
3(1113 1316 1104)
3(1105 1104 1316)
3(1102 2413 2452)
3(2347 2452 2413)
3(2347 1102 2452)
3(278 2347 2372)
3(2347 2371 2372)
3(852 851 1464)
3(852 1464 860)
3(860 1464 851)
3(584 1336 592)
3(592 1336 583)
3(584 583 1336)
3(592 593 1336)
3(584 1336 593)
3(1243 2462 2386)
3(2409 2386 2462)
3(2344 2416 2370)
3(2344 2387 2416)
3(2387 2370 2416)
3(288 2453 2455)
3(2453 289 2455)
3(288 2455 289)
3(1351 2432 2441)
3(1351 975 2432)
3(2432 975 2441)
3(2334 2415 2332)
3(2332 2415 2456)
3(2334 2456 2415)
3(1156 2447 2385)
3(2369 2385 2447)
3(1251 2348 2448)
3(1251 2448 1242)
3(2348 1242 2448)
3(1060 1377 1394)
3(957 1394 1377)
3(1060 1394 957)
3(1060 957 1377)
3(121 120 315)
3(1224 2341 2363)
3(2384 1191 2397)
3(1200 2384 2397)
3(883 978 2401)
3(978 977 2401)
3(883 977 978)
3(883 2401 977)
3(884 978 2401)
3(883 978 884)
3(2366 2430 1138)
3(2366 1138 2404)
3(2366 2404 2430)
3(1357 2423 2370)
3(1357 2370 1389)
3(1357 1389 2423)
3(698 2336 690)
3(699 690 2336)
3(698 699 2336)
3(689 698 2336)
3(1169 1177 2406)
3(1178 1169 2406)
3(1171 1179 2406)
3(1171 2406 1180)
3(1179 1180 2406)
3(1170 1179 2406)
3(1170 2406 1171)
3(2393 2439 2453)
3(2342 2453 2439)
3(2342 2393 2453)
3(1251 2448 2379)
3(1251 1250 2448)
3(1139 2430 1138)
3(1139 2366 2430)
3(1381 2432 2441)
3(1381 1351 2432)
3(883 2403 891)
3(883 882 2403)
3(1423 1442 2374)
3(1423 2403 1442)
3(1157 1166 2447)
3(1157 2447 2415)
3(1166 2415 2447)
3(619 2445 628)
3(2365 628 2445)
3(1421 1444 2365)
3(1444 694 2365)
3(1421 2365 694)
3(2319 2419 2446)
3(1208 1199 2396)
3(1208 2396 2356)
3(1199 2356 2396)
3(544 2411 552)
3(544 543 2411)
3(552 553 2411)
3(2453 2352 2455)
3(2393 2453 2455)
3(2393 2455 2352)
3(2393 2352 2453)
3(116 115 313)
3(1195 1326 1203)
3(1203 1326 1194)
3(1195 1194 1326)
3(1206 2356 2390)
3(1415 2431 1442)
3(1442 2431 2434)
3(1415 1442 2434)
3(1286 2418 1262)
3(2352 2377 2393)
3(2352 2393 2342)
3(285 286 2383)
3(1276 2383 286)
3(1283 1263 2412)
3(280 281 2382)
3(1099 2343 2414)
3(290 2453 2455)
3(290 2455 2381)
3(290 2381 2453)
3(2453 2381 2455)
3(2343 2431 1306)
3(2414 1306 2431)
3(2343 1306 2414)
3(1182 2422 1174)
3(1183 1174 2422)
3(1180 2422 1172)
3(1181 1172 2422)
3(1180 1181 2422)
3(1174 1173 2422)
3(1182 2422 1173)
3(1171 1180 2422)
3(1172 1171 2422)
3(2347 2372 2452)
3(822 2370 814)
3(822 823 2370)
3(813 822 2370)
3(814 813 2370)
3(281 2389 282)
3(282 2389 2430)
3(281 282 2430)
3(281 2430 2389)
3(294 2435 2362)
3(476 2358 2457)
3(2358 467 2457)
3(279 280 2408)
3(279 2408 2382)
3(280 2382 2408)
3(1386 2354 2378)
3(1386 2394 2354)
3(2333 2461 2429)
3(2366 2429 2461)
3(278 2371 1121)
3(1121 279 2371)
3(1356 1389 1383)
3(2344 2458 2463)
3(2315 2458 2344)
3(2315 2463 2458)
3(1445 2436 2433)
3(2370 1478 2416)
3(2344 2416 1478)
3(281 2456 282)
3(281 2389 2456)
3(2389 282 2456)
3(1311 2406 1312)
3(1311 1312 2407)
3(1128 1129 2451)
3(1128 2451 2395)
3(1126 2451 2395)
3(1126 1127 2451)
3(1127 2395 2451)
3(2336 632 2419)
3(623 2419 632)
3(1138 2451 2366)
3(1138 2404 2451)
3(1472 1478 2410)
3(1472 2410 2458)
3(1472 2458 1478)
3(2375 1271 2380)
3(1281 2375 2380)
3(974 2432 975)
3(2399 975 2432)
3(620 619 2411)
3(620 2445 619)
3(609 551 2405)
3(609 2405 1449)
3(1278 1266 2392)
3(288 2352 2455)
3(1307 268 1249)
3(1307 1249 1248)
3(1307 1248 268)
3(269 1307 268)
3(1154 1146 2385)
3(1145 2385 1146)
3(1145 1154 2385)
3(1154 1155 2385)
3(610 551 2405)
3(610 2405 609)
3(610 609 551)
3(610 551 552)
3(610 552 2405)
3(690 2419 2336)
3(690 632 2419)
3(1273 1277 2418)
3(1129 2459 1130)
3(2366 1130 2459)
3(275 2353 2362)
3(2362 2353 2452)
3(690 2419 699)
3(806 1431 1430)
3(1429 806 1430)
3(1429 1430 1431)
3(1355 2421 1366)
3(1355 1366 1384)
3(1285 2412 1263)
3(2350 1117 2398)
3(1116 2350 2398)
3(1387 1386 2354)
3(1387 2378 1386)
3(1306 2343 1314)
3(2334 2387 2416)
3(625 2394 634)
3(634 2394 2446)
3(625 634 2446)
3(2375 17 2376)
3(2375 2376 2392)
3(969 977 2401)
3(969 2401 978)
3(968 977 2401)
3(1140 255 1296)
3(256 1296 255)
3(815 2359 1480)
3(1431 1480 2359)
3(815 1480 1431)
3(1054 2449 1046)
3(1055 1046 2449)
3(1054 1055 2449)
3(1045 1054 2449)
3(2321 2371 2395)
3(2321 2395 2338)
3(2371 2338 2395)
3(609 2405 618)
3(1415 307 2431)
3(307 1298 2431)
3(1415 1298 307)
3(1308 1320 2357)
3(1309 2357 1320)
3(1309 1320 1308)
3(1236 1244 2409)
3(1245 1236 2409)
3(1245 2409 1244)
3(1236 1235 2409)
3(1246 1238 2409)
3(1237 1246 2409)
3(1247 2409 1246)
3(2388 2386 2409)
3(1135 2451 2404)
3(1135 2400 2451)
3(2400 2404 2451)
3(1135 2404 2400)
3(2353 2362 2391)
3(2362 275 2391)
3(1108 2343 2450)
3(2343 1099 2450)
3(1470 820 2340)
3(819 820 1470)
3(819 1470 2340)
3(1187 2357 2428)
3(2357 1186 2428)
3(1187 2428 1186)
3(2380 2424 291)
3(2380 2381 2424)
3(1217 2426 1209)
3(1215 1207 2426)
3(1207 1206 2426)
3(1207 2426 1216)
3(1209 1208 2426)
3(1208 1217 2426)
3(1274 1260 2380)
3(2383 1276 2418)
3(1273 2383 2418)
3(2332 2344 2415)
3(287 2352 2463)
3(288 2463 2352)
3(288 287 2463)
3(2339 2404 2460)
3(1440 1442 2374)
3(1440 1423 1442)
3(2396 2373 2426)
3(2336 2396 2426)
3(2381 2325 2424)
3(2361 2424 2325)
3(1240 1232 2386)
3(1231 1240 2386)
3(1232 2386 1241)
3(1240 1241 2386)
3(1242 1234 2386)
3(1242 2386 1233)
3(1243 2386 1242)
3(50 685 1437)
3(50 1456 685)
3(1456 1437 685)
3(50 1437 1456)
3(1060 1377 249)
3(1060 249 1394)
3(1394 249 1377)
3(1378 693 174)
3(1396 174 693)
3(1378 1396 693)
3(1378 174 1396)
3(1052 113 1436)
3(1052 1454 113)
3(1052 1436 1454)
3(113 1454 1436)
3(1191 2443 2384)
3(1191 2397 2443)
3(2397 2384 2443)
3(1470 2334 2340)
3(1470 820 2334)
3(2385 1155 2447)
3(1156 2447 1155)
3(1153 2345 1161)
3(1153 1152 2345)
3(1162 1153 2345)
3(1161 1162 2345)
3(2344 2368 2467)
3(2344 2335 2368)
3(2344 2467 2335)
3(2368 2335 2467)
3(1478 1357 2423)
3(1478 2370 1357)
3(1179 2443 1188)
3(2357 1188 2443)
3(1179 2357 2443)
3(2406 1180 2422)
3(1171 2406 2422)
3(2347 2437 2372)
3(2347 2372 2318)
3(2405 1439 2457)
3(2358 2457 1439)
3(1382 2432 1322)
3(1382 1322 1383)
3(1382 1383 2432)
3(1272 2392 2375)
3(1268 2375 2392)
3(2324 2338 2371)
3(634 2394 626)
3(634 635 2394)
3(1446 2405 1445)
3(1446 1445 2433)
3(1226 1234 2388)
3(1226 2388 1235)
3(1226 1225 2388)
3(1228 2388 1236)
3(1227 1236 2388)
3(1236 1237 2388)
3(2379 269 2414)
3(270 2379 2414)
3(270 2414 269)
3(2396 2356 2419)
3(2336 2356 2396)
3(693 634 2394)
3(693 2394 692)
3(634 692 2394)
3(693 692 634)
3(634 635 693)
3(1385 1386 1308)
3(1385 1308 2394)
3(1385 2394 1386)
3(546 2439 555)
3(474 482 2420)
3(483 474 2420)
3(474 473 2420)
3(1138 2451 1129)
3(2362 17 2452)
3(2362 2452 2376)
3(17 2376 2452)
3(719 297 710)
3(711 297 719)
3(711 710 297)
3(706 705 295)
3(714 295 705)
3(706 295 714)
3(2325 2435 2361)
3(2404 2351 2460)
3(2323 2460 2351)
3(290 2455 2380)
3(2381 2380 2455)
3(1270 2364 2418)
3(2364 1269 2418)
3(1328 1042 305)
3(1328 22 1042)
3(1328 305 22)
3(1288 708 297)
3(1288 296 708)
3(1288 297 296)
3(305 304 1039)
3(1329 1039 304)
3(1329 305 1039)
3(1329 304 305)
3(1330 1034 23)
3(303 1034 1330)
3(303 1330 23)
3(295 703 20)
3(1289 703 295)
3(1289 20 703)
3(1289 295 20)
3(1037 303 1331)
3(1037 1331 304)
3(1331 303 304)
3(972 2333 2460)
3(972 2460 2417)
3(972 2417 2333)
3(1039 1300 1313)
3(1313 1300 2402)
3(2395 2321 2398)
3(1451 1404 2457)
3(1404 1403 2457)
3(1451 2457 1403)
3(1451 1403 1404)
3(1183 2422 2442)
3(2355 2442 2422)
3(1208 1200 2396)
3(1200 1199 2396)
3(1202 2396 1210)
3(1202 1201 2396)
3(1201 1210 2396)
3(1210 1211 2396)
3(1208 1209 2396)
3(1209 1200 2396)
3(1231 2341 1293)
3(1293 2341 2425)
3(1231 2425 2341)
3(281 2456 2382)
3(282 2382 2456)
3(1173 2368 2422)
3(1172 1173 2422)
3(1172 2422 2368)
3(1117 2350 2395)
3(2350 1126 2395)
3(1126 2451 2400)
3(2395 2400 2451)
3(1126 2400 2395)
3(610 2405 618)
3(619 610 2405)
3(618 619 2405)
3(1388 321 2423)
3(1388 2410 321)
3(1388 2423 2410)
3(2375 294 2376)
3(974 2432 966)
3(975 966 2432)
3(957 1394 229)
3(957 229 1377)
3(229 1394 1377)
3(1209 2396 2426)
3(1208 2426 2396)
3(284 283 2456)
3(283 2415 2456)
3(305 1049 2323)
3(305 2367 1049)
3(305 2323 2367)
3(2323 1049 2367)
3(1312 2406 1310)
3(1312 1310 2329)
3(2346 2410 2420)
3(1277 1262 2418)
3(2337 2388 2440)
3(1184 2360 285)
3(1184 286 2360)
3(285 1175 2360)
3(699 1321 2466)
3(708 1321 699)
3(708 2466 1321)
3(2449 1055 2465)
3(1046 2465 1055)
3(1417 1447 2328)
3(2328 1447 2433)
3(1417 2433 1447)
3(1209 2373 2396)
3(1210 2396 2373)
3(1210 1209 2396)
3(1442 307 2431)
3(1442 1415 307)
3(1386 2394 1366)
3(1386 1366 2354)
3(972 971 2460)
3(1177 2406 1319)
3(1291 1319 2406)
3(1206 2426 2356)
3(2343 2347 2413)
3(2343 2413 2321)
3(326 2328 1416)
3(326 1473 2328)
3(326 1416 1473)
3(1153 2345 2447)
3(2345 1162 2447)
3(1473 2324 1484)
3(1473 1484 2328)
3(2361 2388 2409)
3(2401 2449 2321)
3(2401 2438 2449)
3(2438 2321 2449)
3(542 1424 2405)
3(976 105 1411)
3(1411 105 1426)
3(232 984 1352)
3(232 1352 1367)
3(2330 2453 2393)
3(2330 2439 2453)
3(1294 1123 2400)
3(1123 2350 2400)
3(1294 2400 2350)
3(1219 1220 2440)
3(619 611 2411)
3(610 619 2411)
3(610 2411 611)
3(95 1426 882)
3(95 882 1401)
3(95 1401 1426)
3(213 890 1367)
3(213 1342 890)
3(213 1367 1342)
3(1258 2383 2412)
3(2383 1273 2412)
3(326 2328 1447)
3(1416 1447 2328)
3(326 1447 1416)
3(1417 326 2328)
3(1417 1447 326)
3(969 2288 2449)
3(969 2449 970)
3(969 970 2288)
3(2288 970 2449)
3(1135 1136 2404)
3(1135 2451 1136)
3(2404 1136 2451)
3(1137 1138 2404)
3(1137 2451 1138)
3(1137 2404 2451)
3(1320 2357 2466)
3(1308 1320 2466)
3(1308 2466 2357)
3(617 157 1354)
3(1354 157 1368)
3(58 609 1413)
3(58 1413 1427)
3(1416 1438 2359)
3(1416 1448 1438)
3(2337 2381 2440)
3(2337 2440 2361)
3(701 2394 693)
3(692 701 2394)
3(1183 1184 2442)
3(1183 2442 2360)
3(1184 2360 2442)
3(1447 2328 2434)
3(1416 1447 2434)
3(2384 2355 2443)
3(1183 2360 2422)
3(2360 1174 2422)
3(68 551 1427)
3(68 1402 551)
3(68 1427 1402)
3(142 1368 559)
3(142 559 1343)
3(559 1368 1343)
3(142 1343 1368)
3(2320 1298 2379)
3(2320 2379 2436)
3(2379 1298 2436)
3(692 2394 2446)
3(692 2446 634)
3(1280 293 2424)
3(292 1280 2424)
3(2328 1484 2376)
3(2327 2376 1484)
3(1114 1294 1122)
3(1122 1294 1113)
3(1122 1123 1294)
3(2353 2347 2413)
3(1364 2441 1381)
3(2399 1381 2441)
3(1364 1381 2399)
3(1100 1101 2413)
3(305 1040 2323)
3(1049 1040 305)
3(823 1372 1482)
3(1482 1372 2370)
3(823 1482 2370)
3(1198 2356 2397)
3(1199 1198 2397)
3(1199 2397 2356)
3(2328 2433 2437)
3(2328 2437 2362)
3(1483 2383 2344)
3(2344 2383 2458)
3(1483 2344 2458)
3(1483 2458 2383)
3(2353 2413 2452)
3(2438 1054 2449)
3(1045 1054 2438)
3(1045 2438 2449)
3(2412 283 2456)
3(1157 2415 2369)
3(283 2369 2415)
3(1259 2392 2382)
3(279 2382 2392)
3(1356 301 2378)
3(1299 2378 301)
3(1299 301 1356)
3(2319 2397 2357)
3(2319 2466 2397)
3(2319 2357 2466)
3(1266 1265 2392)
3(1442 1448 2403)
3(1423 1448 1442)
3(2363 1226 2388)
3(1227 2388 1226)
3(1144 1136 2404)
3(1138 2404 1146)
3(1137 1146 2404)
3(1144 1145 2404)
3(1145 1136 2404)
3(2362 2437 2452)
3(2362 2353 2437)
3(1230 1293 1222)
3(1230 1293 1221)
3(701 2446 692)
3(701 2394 2446)
3(828 819 1470)
3(828 1476 819)
3(819 1476 1470)
3(828 1470 1476)
3(615 2287 2377)
3(615 557 2287)
3(615 2377 557)
3(2344 2383 2415)
3(961 2449 1055)
3(961 2465 2449)
3(961 1055 2465)
3(97 1407 900)
3(1428 1407 97)
3(1348 215 908)
3(1369 215 1348)
3(1484 2325 2376)
3(2325 2326 2376)
3(1484 2326 2325)
3(1484 2376 2326)
3(307 2431 1325)
3(307 1325 1442)
3(76 475 1432)
3(1433 475 76)
3(1433 1432 475)
3(1433 76 1432)
3(483 125 1373)
3(1374 125 483)
3(1374 1373 125)
3(1147 2430 1139)
3(1148 1139 2430)
3(2319 2397 2355)
3(1267 2364 2392)
3(2364 1268 2392)
3(2338 2449 2321)
3(2338 2371 2408)
3(2371 2324 2408)
3(1474 2393 2331)
3(1474 2331 2346)
3(1474 2346 2393)
3(2344 2360 2383)
3(2366 1139 2461)
3(1130 2366 2461)
3(2330 2455 2393)
3(2330 2453 2455)
3(962 2339 2464)
3(962 2465 2339)
3(962 2464 2465)
3(1127 2395 1119)
3(1127 1128 2395)
3(1119 1118 2395)
3(1110 2413 1102)
3(1100 2413 1108)
3(1101 1110 2413)
3(1108 1109 2413)
3(1109 1100 2413)
3(1422 1438 1423)
3(1054 2449 960)
3(2438 960 2449)
3(1054 960 2438)
3(282 2369 2456)
3(282 2456 283)
3(2369 283 2456)
3(2381 546 2444)
3(545 2444 546)
3(1268 2364 2375)
3(2364 1271 2375)
3(306 1415 2436)
3(1298 306 2436)
3(1298 1415 306)
3(542 67 1403)
3(1402 67 542)
3(1402 542 1403)
3(1402 1403 67)
3(141 550 1344)
3(1343 550 141)
3(1343 141 1344)
3(1484 1477 2376)
3(1484 2325 1477)
3(1298 2379 1305)
3(1224 2425 2363)
3(1224 2341 2425)
3(1037 1317 2465)
3(1317 2350 2465)
3(1037 2350 1317)
3(978 2401 2288)
3(978 2288 884)
3(2431 2434 2437)
3(1155 2447 1154)
3(1357 2370 1379)
3(1357 1379 1389)
3(1264 2424 2380)
3(1281 2380 2424)
3(2342 2396 2319)
3(2319 2396 2419)
3(1477 326 2328)
3(1417 326 1477)
3(2339 2465 2350)
3(2339 2350 2395)
3(1310 1299 2329)
3(1310 1309 1299)
3(615 2287 624)
3(615 624 2377)
3(1275 2382 2412)
3(2382 282 2412)
3(1311 2406 1310)
3(1311 1310 1312)
3(2330 2352 2455)
3(2330 2455 2331)
3(2352 2331 2455)
3(1107 1116 2427)
3(1107 2427 2398)
3(1116 2398 2427)
3(1217 1216 2426)
3(1384 1386 2394)
3(1384 1366 1386)
3(282 2430 2369)
3(282 1148 2430)
3(2338 2395 2449)
3(2338 2464 2395)
3(1386 301 2378)
3(1386 2378 1356)
3(1386 1356 301)
3(1417 2358 1446)
3(1417 1446 2433)
3(1444 2365 306)
3(1444 1445 2365)
3(1444 306 1445)
3(1271 2364 2380)
3(2364 1270 2380)
3(2341 1293 2386)
3(1231 2386 1293)
3(966 1351 2432)
3(1360 2432 1351)
3(1360 966 2432)
3(1383 1322 302)
3(1312 1383 302)
3(1312 302 1322)
3(2368 1163 2407)
3(1172 2407 1163)
3(1172 2368 2407)
3(2322 2462 2349)
3(2409 2349 2462)
3(2322 2409 2462)
3(2382 1267 2392)
3(2348 2391 2379)
3(2348 2379 2436)
3(2379 2391 2436)
3(2433 2328 2434)
3(1447 2433 2434)
3(2437 2376 2452)
3(2372 2376 2437)
3(2372 2437 2452)
3(2372 2452 2376)
3(1178 2406 1179)
3(2357 1179 2406)
3(17 2452 276)
3(2395 1118 2398)
3(1117 2398 1118)
3(1117 2395 2398)
3(969 2401 2449)
3(969 2288 2401)
3(1144 2351 2454)
3(1143 2454 2351)
3(1143 1144 2454)
3(282 2430 2456)
3(2369 2456 2430)
3(1008 1468 308)
3(1008 1007 1468)
3(1008 308 1007)
3(731 298 1340)
3(731 1340 730)
3(731 730 298)
3(2363 1215 2425)
3(1224 2425 1215)
3(1200 2397 2396)
3(1199 2396 2397)
3(321 1357 2423)
3(321 1478 1357)
3(1425 2405 1445)
3(1425 1445 1446)
3(2389 2369 2430)
3(2333 2430 2369)
3(2344 2332 2383)
3(1483 2383 2332)
3(1483 2332 2344)
3(2350 1114 2427)
3(1294 2427 1114)
3(1294 2350 2427)
3(1305 1306 2431)
3(1305 2414 1306)
3(1201 1193 2384)
3(1192 2384 1193)
3(1201 1202 2384)
3(1107 1115 2427)
3(1115 1116 2427)
3(1115 2427 1106)
3(1107 1106 2427)
3(1439 1417 2358)
3(1439 1446 1417)
3(2315 2346 2458)
3(2315 2458 2352)
3(1430 1431 815)
3(815 1431 327)
3(1430 815 327)
3(1430 327 1431)
3(823 1371 322)
3(1372 823 322)
3(1372 1371 823)
3(1372 322 1371)
3(2356 2390 2426)
3(1193 2384 2442)
3(287 1193 2442)
3(1188 2397 2443)
3(1189 1188 2443)
3(1189 2443 2397)
3(1190 2443 1191)
3(1190 2397 2443)
3(2380 1270 2418)
3(1274 2380 2418)
3(1424 2405 2457)
3(1196 2428 1197)
3(2356 1197 2428)
3(1196 2356 2428)
3(2383 2463 2344)
3(2383 2458 2463)
3(828 820 1470)
3(820 1470 829)
3(828 829 1470)
3(1474 2393 2330)
3(2360 2344 2368)
3(2360 2368 2467)
3(303 2374 2438)
3(1044 303 2438)
3(1044 2438 2374)
3(1044 2374 303)
3(1174 2368 2422)
3(962 2339 2460)
3(962 2460 2464)
3(1039 1300 304)
3(1039 304 1313)
3(1313 304 1300)
3(1415 2436 1445)
3(1415 1445 306)
3(2325 2424 2435)
3(2325 2376 2424)
3(2424 2376 2435)
3(556 547 2393)
3(556 2439 547)
3(2439 2381 2440)
3(1267 2412 2364)
3(1269 2364 2412)
3(1108 2413 2398)
3(2343 2398 2413)
3(1108 2398 2343)
3(2415 2383 2456)
3(2412 2456 2383)
3(280 2408 2459)
3(279 280 2459)
3(1353 1364 2441)
3(1353 1381 1364)
3(534 542 2457)
3(534 2457 543)
3(533 542 2457)
3(533 2457 534)
3(1304 1318 2348)
3(1304 1303 1318)
3(969 2438 2449)
3(1319 2357 2406)
3(1401 891 96)
3(96 891 1407)
3(1401 96 1407)
3(214 899 1342)
3(214 1348 899)
3(214 1342 1348)
3(1215 2425 2426)
3(2425 2363 2426)
3(2348 1251 2379)
3(2379 1251 2391)
3(2348 2391 1251)
3(325 1434 2457)
3(1434 466 2457)
3(325 466 1434)
3(325 2457 466)
3(1165 2447 1157)
3(1165 1166 2447)
3(1163 2447 1155)
3(1164 1155 2447)
3(1156 1165 2447)
3(897 2387 2416)
3(897 2416 2334)
3(1253 1252 2462)
3(1253 2462 2391)
3(1252 2391 2462)
3(1255 1254 2462)
3(1254 2391 2462)
3(1255 2462 2391)
3(2429 2389 2461)
3(1425 1443 2405)
3(1425 2405 1414)
3(1425 1414 1443)
3(1192 1184 2442)
3(1192 1193 2442)
3(1184 2442 1193)
3(898 897 2387)
3(898 2387 2416)
3(898 2416 897)
3(1215 2425 2390)
3(2390 2425 2426)
3(2376 2362 2437)
3(737 746 300)
3(737 1338 746)
3(1338 300 746)
3(310 1005 1014)
3(1466 1014 1005)
3(1466 1005 310)
3(1363 2441 1364)
3(1363 1364 1379)
3(818 819 1476)
3(1476 819 2340)
3(818 1476 2340)
3(2460 962 2465)
3(2319 2384 2396)
3(1180 2443 1179)
3(1180 2406 2443)
3(2406 1179 2443)
3(827 1476 819)
3(827 828 1476)
3(827 1476 818)
3(1444 1303 306)
3(1444 2365 1303)
3(281 2382 2461)
3(2382 280 2461)
3(978 969 2288)
3(1443 1444 2365)
3(1443 1421 1444)
3(1311 1312 2345)
3(1311 2345 2407)
3(2434 2320 2437)
3(2433 2320 2434)
3(2433 2434 2437)
3(2399 1381 2432)
3(2399 2432 2441)
3(1476 1480 817)
3(1476 2359 1480)
3(1197 2356 2397)
3(2315 2410 2458)
3(2410 2346 2458)
3(2396 2356 2426)
3(1114 2427 1115)
3(2350 1115 2427)
3(2356 2319 2396)
3(2356 2419 2319)
3(2332 1475 2340)
3(2327 2340 1475)
3(2327 1475 2332)
3(1188 2428 1187)
3(1188 2357 2428)
3(2380 1260 2455)
3(1405 50 685)
3(1437 1405 685)
3(1437 50 1405)
3(1350 249 1060)
3(1350 1377 249)
3(174 1346 693)
3(174 1378 1346)
3(113 1409 1052)
3(113 1436 1409)
3(1478 2458 1483)
3(1478 1483 2344)
3(1476 1470 2340)
3(2397 1188 2428)
3(1197 2428 1188)
3(1197 2397 2428)
3(1239 1295 2386)
3(1239 2448 1295)
3(2386 1295 2448)
3(2424 2381 2444)
3(2325 2424 2444)
3(301 2378 1308)
3(301 1308 1386)
3(1313 2345 2367)
3(1313 2367 2323)
3(1313 2323 2345)
3(825 1480 817)
3(817 1480 826)
3(825 1480 816)
3(1472 321 2410)
3(1472 1478 321)
3(1051 2432 1059)
3(1050 1059 2432)
3(1051 1050 2432)
3(1267 2382 2412)
3(1228 2440 1220)
3(1229 1220 2440)
3(2340 2382 2456)
3(2382 2332 2456)
3(2395 2350 2398)
3(1221 1327 2425)
3(1293 1327 1221)
3(1293 2425 1327)
3(2315 2344 2423)
3(2344 2360 2423)
3(1442 1448 2434)
3(960 1055 2449)
3(1054 1055 960)
3(961 960 1055)
3(961 2449 960)
3(2341 2386 2388)
3(1443 2405 1445)
3(1443 1445 1425)
3(1109 2398 2413)
3(1109 2413 1110)
3(1443 2365 1445)
3(1443 2405 2365)
3(2344 2316 2368)
3(1360 1359 2432)
3(1051 1360 2432)
3(1051 2432 1359)
3(1365 1366 2421)
3(1365 1380 1366)
3(1135 1134 2400)
3(1135 2400 2351)
3(1134 2351 2400)
3(1133 1132 2400)
3(1132 2351 2400)
3(1133 2400 2351)
3(2355 2443 2329)
3(2357 2329 2443)
3(1304 2379 2436)
3(1304 2348 2379)
3(2356 2426 2336)
3(1441 1440 2374)
3(1441 1419 1440)
3(2338 2459 2371)
3(2338 2395 2459)
3(87 1428 806)
3(87 806 1429)
3(87 1429 1428)
3(1369 196 814)
3(1370 814 196)
3(1370 196 1369)
3(470 1474 462)
3(470 471 1474)
3(462 1474 471)
3(462 461 1474)
3(470 1474 461)
3(2366 2395 2451)
3(2366 2459 2395)
3(812 813 2416)
3(907 813 812)
3(907 2416 813)
3(907 812 2416)
3(966 1351 975)
3(1107 2427 2450)
3(2427 2398 2450)
3(1107 2450 2398)
3(1362 2394 1385)
3(1361 1385 2394)
3(1362 1385 1361)
3(2379 2348 2448)
3(281 2382 2389)
3(281 2389 2461)
3(2389 2382 2461)
3(1294 1123 1301)
3(1301 1123 2400)
3(1294 1301 2400)
3(1366 1387 1386)
3(1303 295 703)
3(1303 703 20)
3(1303 20 295)
3(2350 1317 2427)
3(1314 2427 1317)
3(1129 2459 1121)
3(1130 1121 2459)
3(2349 2348 2462)
3(2322 2462 2348)
3(2442 2352 2463)
3(287 2442 2463)
3(1326 1302 2390)
3(1203 1302 1326)
3(1203 2390 1302)
3(1307 2448 1249)
3(1307 2379 2448)
3(1188 2428 2443)
3(2428 2397 2443)
3(1481 2358 1471)
3(1481 1471 468)
3(961 2465 2464)
3(961 2464 2449)
3(1185 1186 2428)
3(1186 1319 2428)
3(1185 2428 1319)
3(294 2424 2435)
3(1445 1415 2433)
3(2415 2369 2447)
3(1388 1357 2423)
3(1388 321 1357)
3(2320 2379 2391)
3(303 2438 1314)
3(303 1045 2438)
3(303 1314 1045)
3(2353 2320 2362)
3(1192 2442 2384)
3(1295 1293 1239)
3(1295 2386 1293)
3(1239 1293 2386)
3(1126 2451 1135)
3(1126 1135 2400)
3(1308 1299 2378)
3(301 1299 1308)
3(923 924 1460)
3(857 1460 924)
3(857 923 1460)
3(321 1358 2410)
3(1388 2410 1358)
3(1388 1358 321)
3(1474 2458 2346)
3(1474 2331 2458)
3(2440 2381 2453)
3(1198 1190 2397)
3(1189 2397 1190)
3(1201 2384 2396)
3(1200 2396 2384)
3(1200 1201 2396)
3(295 2445 2365)
3(295 695 2445)
3(295 2365 695)
3(695 2365 2445)
3(889 897 2387)
3(286 2383 2463)
3(2360 2422 2442)
3(2433 1415 2434)
3(1474 470 2330)
3(1474 2330 471)
3(17 2452 1103)
3(277 17 2452)
3(1439 1424 2457)
3(1404 1439 2457)
3(1404 1424 1439)
3(1137 2451 1129)
3(1128 1137 2451)
3(1135 2451 1127)
3(1136 1127 2451)
3(2381 2453 2439)
3(288 2455 1279)
3(307 1306 2431)
3(1298 2431 1306)
3(1298 1306 307)
3(2335 2345 2385)
3(2345 2323 2385)
3(890 1342 899)
3(1471 2326 1474)
3(1471 2444 2326)
3(1471 1474 2444)
3(1108 1109 2398)
3(1117 2398 1109)
3(2329 2422 2360)
3(2329 2368 2422)
3(2368 2360 2422)
3(2351 2385 2454)
3(2385 2323 2454)
3(2351 2454 2323)
3(2327 2408 2324)
3(2327 2340 2408)
3(2327 2324 2340)
3(2423 2315 2458)
3(2366 2395 2464)
3(2366 2339 2395)
3(1165 1164 2447)
3(1165 2447 2368)
3(549 2377 557)
3(548 557 2377)
3(1188 2443 1180)
3(1189 1180 2443)
3(1190 2443 1182)
3(1182 1181 2443)
3(1181 1190 2443)
3(984 1367 890)
3(2356 2397 2396)
3(2319 2396 2397)
3(2356 2319 2397)
3(1383 1381 2399)
3(1364 1383 2399)
3(1364 1381 1383)
3(1479 2346 2420)
3(473 1479 2420)
3(304 1039 2351)
3(1300 304 2351)
3(1125 1126 2400)
3(1126 2350 2400)
3(1125 2400 2350)
3(1123 1124 2400)
3(1124 2350 2400)
3(2368 2467 1174)
3(2422 1174 2467)
3(2368 2422 2467)
3(548 2393 556)
3(548 547 2393)
3(557 548 2393)
3(2345 1152 2454)
3(1151 2454 1152)
3(1151 2345 2454)
3(1310 1291 2406)
3(1310 1311 1291)
3(2407 2368 2447)
3(1163 2407 2447)
3(1310 2406 1319)
3(1310 1319 2357)
3(2339 2451 2400)
3(2339 2400 2404)
3(1359 1382 2432)
3(1322 1382 1359)
3(1322 1359 2432)
3(1360 2432 1381)
3(1360 1381 1351)
3(1114 1316 2427)
3(1294 2427 1316)
3(822 1482 831)
3(822 830 1482)
3(633 2446 2419)
3(633 624 2446)
3(633 2419 624)
3(1381 2432 1383)
3(2408 2338 2459)
3(981 2417 888)
3(981 888 887)
3(981 887 2417)
3(982 981 2417)
3(888 981 982)
3(888 982 2417)
3(1145 2404 1146)
3(1145 2385 2404)
3(806 815 1430)
3(1470 2340 2332)
3(1470 1475 2340)
3(1470 2332 1475)
3(1304 2379 1298)
3(1304 1298 2436)
3(1213 2390 1205)
3(1213 1214 2390)
3(1204 1213 2390)
3(269 2414 268)
3(269 1307 2414)
3(1307 268 2414)
3(1325 1306 2431)
3(307 1306 1325)
3(296 2425 2336)
3(296 2390 2425)
3(296 2336 2390)
3(2390 2336 2425)
3(1186 1194 2428)
3(1195 1186 2428)
3(1195 2428 1194)
3(1196 2428 1188)
3(1194 2428 1185)
3(1187 1196 2428)
3(1174 2360 2467)
3(1174 2467 1175)
3(2360 1175 2467)
3(1121 279 2459)
3(1097 271 2414)
3(271 270 2414)
3(1097 2414 270)
3(1095 269 2414)
3(1095 2414 268)
3(1095 1096 2414)
3(1096 269 2414)
3(1097 1098 2414)
3(1286 1277 2418)
3(472 2393 1474)
3(472 1474 2346)
3(2415 1166 2467)
3(284 2467 1166)
3(2328 2376 2437)
3(1178 2406 1170)
3(1170 1169 2406)
3(2370 2416 898)
3(1163 2407 1171)
3(1162 1171 2407)
3(1163 1162 2407)
3(1169 1161 2407)
3(1160 2407 1161)
3(1171 1172 2407)
3(1169 1170 2407)
3(1170 1161 2407)
3(559 550 1343)
3(559 1343 2421)
3(2375 2327 2376)
3(2326 2376 2327)
3(2326 2375 2376)
3(2326 2327 2375)
3(2338 2464 2366)
3(2338 2366 2395)
3(2329 2422 2355)
3(2360 2355 2422)
3(1473 2328 1477)
3(1473 1477 326)
3(1126 2400 1134)
3(1125 1134 2400)
3(1124 2400 1132)
3(1123 1132 2400)
3(1124 2400 1133)
3(716 724 1290)
3(725 716 1290)
3(725 1290 724)
3(715 1290 716)
3(715 724 1290)
3(1028 1331 1020)
3(1020 1331 1029)
3(1028 1029 1331)
3(1020 1019 1331)
3(1028 1331 1019)
3(177 1287 729)
3(177 720 1287)
3(720 729 1287)
3(178 177 1287)
3(178 1287 729)
3(1033 1328 245)
3(246 245 1328)
3(246 1328 1033)
3(1024 1328 245)
3(1033 1328 1024)
3(54 1289 712)
3(54 721 1289)
3(712 1289 721)
3(54 1289 53)
3(712 53 1289)
3(110 1330 1016)
3(110 1025 1330)
3(1016 1330 1025)
3(110 1330 109)
3(1016 109 1330)
3(725 1288 717)
3(725 726 1288)
3(717 1288 726)
3(725 1288 716)
3(717 716 1288)
3(1029 1329 1021)
3(1029 1030 1329)
3(1021 1329 1030)
3(1029 1329 1020)
3(1021 1020 1329)
3(1301 1122 1123)
3(1294 1122 1301)
3(972 963 2417)
3(972 2460 963)
3(1249 1248 2448)
3(1307 2448 1248)
3(2332 1470 2334)
3(470 2330 2444)
3(470 2444 1474)
3(2336 2390 2426)
3(1310 1291 1319)
3(1248 1240 2448)
3(1248 2448 1239)
3(1242 1250 2448)
3(1241 2448 1242)
3(1241 1250 2448)
3(1240 2448 1249)
3(2355 2422 2443)
3(1182 2443 2422)
3(2335 2385 2447)
3(2335 2447 2369)
3(2366 2338 2429)
3(1479 464 472)
3(1479 473 464)
3(1479 463 472)
3(1233 2386 1241)
3(1241 1242 2386)
3(1472 2410 2420)
3(1472 2420 2346)
3(1472 2346 2410)
3(975 231 1352)
3(975 1351 231)
3(1352 231 1351)
3(1411 104 967)
3(104 1410 967)
3(1411 1410 104)
3(1413 618 59)
3(1406 59 618)
3(1413 59 1406)
3(158 626 1354)
3(158 1347 626)
3(158 1354 1347)
3(2344 2316 2360)
3(2396 2384 2397)
3(1439 1424 2405)
3(1173 2422 1181)
3(1181 1182 2422)
3(2404 2351 2454)
3(1144 2404 2454)
3(1330 1026 308)
3(1026 1017 308)
3(1330 1017 1026)
3(1330 308 1017)
3(1032 1328 310)
3(1032 310 1023)
3(1032 1023 1328)
3(1023 310 1328)
3(1329 1031 310)
3(310 1031 1022)
3(1329 1022 1031)
3(1329 310 1022)
3(308 1027 1331)
3(308 1018 1027)
3(1027 1018 1331)
3(308 1331 1018)
3(1289 298 713)
3(298 722 713)
3(1289 713 722)
3(1289 722 298)
3(1288 300 718)
3(727 718 300)
3(727 1288 718)
3(727 300 1288)
3(719 300 1287)
3(728 300 719)
3(728 719 1287)
3(728 1287 300)
3(714 298 1290)
3(723 298 714)
3(723 714 1290)
3(723 1290 298)
3(1368 617 559)
3(1368 559 2421)
3(2292 2464 2465)
3(962 2292 2465)
3(1364 1383 1389)
3(1106 1114 2427)
3(1105 1114 2427)
3(1106 1105 2427)
3(961 2465 2292)
3(1325 1441 307)
3(1441 1442 307)
3(1041 1042 305)
3(1041 305 1328)
3(1041 1328 1042)
3(1036 1037 303)
3(1036 303 1331)
3(1036 1331 1037)
3(295 704 703)
3(295 1289 704)
3(1289 703 704)
3(297 1288 709)
3(1288 708 709)
3(297 709 708)
3(2379 1307 2414)
3(2404 2385 2454)
3(1314 2343 2450)
3(2343 2427 2450)
3(1314 2450 2427)
3(2419 691 2446)
3(633 2446 691)
3(633 691 2419)
3(2333 2404 2430)
3(1180 2422 2443)
3(2422 2406 2443)
3(691 700 2419)
3(2419 700 2446)
3(691 2446 700)
3(2345 2447 2335)
3(2345 2385 2447)
3(2357 1319 2428)
3(2382 2389 2456)
3(2388 1236 2409)
3(1237 2409 1236)
3(1257 2424 2375)
3(294 2375 2424)
3(1181 2422 2443)
3(1180 1181 2443)
3(691 699 2419)
3(690 2419 691)
3(2339 2395 2451)
3(1484 1477 2328)
3(1143 2454 1142)
3(2351 1142 2454)
3(2381 2330 2444)
3(546 2444 2330)
3(2389 2430 2456)
3(271 2379 2414)
3(303 1306 2438)
3(303 2374 1306)
3(2382 2392 2408)
3(479 2444 470)
3(479 2330 2444)
3(2400 2351 2404)
3(1301 2400 1132)
3(1301 1132 2351)
3(1301 2351 2400)
3(633 625 2446)
3(633 634 2446)
3(1473 2359 1476)
3(1473 1476 2324)
3(1172 2407 2422)
3(1171 2422 2407)
3(467 459 1481)
3(467 1481 458)
3(459 1481 468)
3(19 2394 1308)
3(19 711 2394)
3(19 1308 711)
3(711 1308 2394)
3(1474 471 2393)
3(472 471 1474)
3(1471 1477 2325)
3(1471 2358 1477)
3(2351 2339 2404)
3(1236 1235 2388)
3(2350 1116 2427)
3(2384 2397 2319)
3(1476 2340 1475)
3(1476 2327 2340)
3(1476 1475 2327)
3(1145 2404 2454)
3(1144 1145 2454)
3(1237 2409 1245)
3(1245 1246 2409)
3(294 2435 2376)
3(1313 1039 305)
3(1313 305 304)
3(1227 2388 1235)
3(1161 2345 2407)
3(1105 1316 2427)
3(1306 2414 1315)
3(1306 1315 2343)
3(743 735 299)
3(743 299 734)
3(734 299 735)
3(299 743 744)
3(299 744 735)
3(56 730 21)
3(55 21 730)
3(56 21 55)
3(739 21 56)
3(1011 1003 309)
3(1011 309 1002)
3(1003 1002 309)
3(1011 1012 309)
3(1003 309 1012)
3(747 18 179)
3(747 180 18)
3(179 18 180)
3(179 738 18)
3(108 25 998)
3(108 1007 25)
3(998 107 25)
3(108 25 107)
3(243 24 1015)
3(243 1006 24)
3(742 299 734)
3(742 743 299)
3(733 299 734)
3(733 742 299)
3(1015 244 24)
3(243 24 244)
3(1010 309 1002)
3(1010 1011 309)
3(1002 1001 309)
3(1010 309 1001)
3(1318 2348 2448)
3(1304 2448 2348)
3(1304 1318 2448)
3(1244 1252 2462)
3(1253 1244 2462)
3(1254 1246 2462)
3(1246 1245 2462)
3(1254 2462 1245)
3(2388 2322 2409)
3(2386 2322 2388)
3(2386 2409 2322)
3(971 962 2460)
3(971 2464 962)
3(818 1476 2324)
3(2324 1476 2340)
3(325 1435 2457)
3(1435 1434 2457)
3(325 1434 1435)
3(2340 2382 2389)
3(1128 2451 1127)
3(2357 2428 2443)
3(1298 1303 2436)
3(1298 306 1303)
3(692 2446 633)
3(692 633 634)
3(691 692 2446)
3(691 633 692)
3(1352 984 975)
3(2375 1281 2424)
3(817 818 1476)
3(286 287 2463)
3(286 2463 2418)
3(287 2418 2463)
3(2329 2422 2443)
3(1437 60 627)
3(1406 627 60)
3(1406 60 1437)
3(159 1378 635)
3(159 635 1347)
3(159 1347 1378)
3(1377 230 966)
3(1351 966 230)
3(1377 1351 230)
3(1436 958 103)
3(103 958 1410)
3(1436 103 1410)
3(286 2360 2442)
3(1184 286 2442)
3(1424 2405 1425)
3(1424 1425 1439)
3(1209 1201 2396)
3(1165 2467 1174)
3(1165 2368 2467)
3(1245 2409 2462)
3(1245 2462 1244)
3(813 822 2416)
3(822 2370 2416)
3(813 2416 2370)
3(1051 248 1350)
3(1051 1359 248)
3(248 1359 1350)
3(1043 1409 112)
3(1043 112 1418)
3(1418 112 1409)
3(694 51 1405)
3(694 1420 51)
3(1405 51 1420)
3(175 702 1346)
3(175 1361 702)
3(175 1346 1361)
3(2383 286 2418)
3(466 1433 2457)
3(466 475 1433)
3(1433 475 2457)
3(1434 466 1433)
3(1434 1433 2457)
3(1166 2447 2467)
3(1166 2467 1165)
3(2447 1165 2467)
3(2326 2424 2325)
3(2326 2376 2424)
3(2415 2447 2467)
3(545 2444 537)
3(546 537 2444)
3(537 536 2444)
3(536 545 2444)
3(1208 1216 2426)
3(2381 2453 2330)
3(2332 2364 2327)
3(2332 2382 2364)
3(2327 2364 2382)
3(325 457 1434)
3(1434 457 466)
3(325 466 457)
3(2380 2455 2330)
3(2381 2330 2455)
3(2380 2330 2381)
3(2406 2443 2329)
3(2406 2329 2422)
3(1371 322 832)
3(1371 832 823)
3(823 832 322)
3(533 1432 475)
3(533 2457 1432)
3(475 1432 2457)
3(533 475 2457)
3(2424 2326 2444)
3(2381 2326 2424)
3(2381 2444 2326)
3(1431 1458 2359)
3(327 1431 2359)
3(327 2359 1458)
3(327 1458 1431)
3(2360 2442 2463)
3(286 2463 2442)
3(1215 2425 1214)
3(2390 1214 2425)
3(1212 1213 2425)
3(1212 2425 2390)
3(1213 2390 2425)
3(1212 2390 1213)
3(2349 2391 2462)
3(2391 2348 2462)
3(1150 1158 1296)
3(1149 1296 1150)
3(1149 1158 1296)
3(1356 1386 1387)
3(1299 1309 1308)
3(2360 2467 2422)
3(2331 2330 2380)
3(2331 2380 2455)
3(2446 2419 2466)
3(700 2446 2466)
3(1400 1472 2410)
3(1400 2420 1472)
3(1400 2410 2420)
3(1296 2345 2402)
3(1296 1159 2345)
3(2345 1159 2402)
3(1305 1306 1298)
3(1123 1301 1131)
3(1131 1301 1122)
3(1131 1132 1301)
3(1123 1301 1132)
3(1473 1458 2359)
3(1473 1416 1458)
3(1458 1416 2359)
3(1382 1322 302)
3(1382 302 1383)
3(2366 2459 2338)
3(2406 2357 2443)
3(1310 1299 1312)
3(2338 2461 2366)
3(2338 2429 2461)
3(1314 2343 1315)
3(1314 1315 2450)
3(2338 2461 2459)
3(2366 2459 2461)
3(2339 2395 2400)
3(296 698 2336)
3(296 2425 698)
3(2386 2348 2448)
3(1318 2386 2448)
3(2384 2355 2397)
3(479 536 2444)
3(537 536 479)
3(537 479 2444)
3(479 536 478)
3(479 478 2444)
3(478 536 2444)
3(617 1354 626)
3(704 703 1303)
3(704 1303 295)
3(814 805 1369)
3(814 908 805)
3(908 1369 805)
3(1428 797 806)
3(900 806 797)
3(1428 900 797)
3(2372 2327 2392)
3(2372 2408 2327)
3(2392 2327 2408)
3(2368 2407 2422)
3(2356 2397 2428)
3(2376 294 2424)
3(2385 1145 2454)
3(1154 2454 1145)
3(1308 1385 301)
3(301 1385 1386)
3(1380 1376 2420)
3(1345 1376 1380)
3(1472 1358 2410)
3(1472 321 1358)
3(2350 2400 2465)
3(2350 2339 2400)
3(515 1336 507)
3(507 1336 516)
3(515 1336 506)
3(507 506 1336)
3(775 1464 783)
3(783 1464 774)
3(775 1464 784)
3(783 784 1464)
3(2397 2466 2356)
3(2428 2356 2466)
3(1034 1035 1325)
3(303 1325 1035)
3(1034 303 1035)
3(1246 2409 2462)
3(1358 2410 1380)
3(1358 2420 2410)
3(1358 1380 2420)
3(960 2438 968)
3(960 959 2438)
3(969 960 2438)
3(2372 2324 2408)
3(2329 2407 2422)
3(303 1036 1317)
3(2322 2361 2388)
3(1106 1098 2450)
3(1097 2450 1098)
3(1097 1106 2450)
3(1106 1107 2450)
3(1104 2450 1096)
3(1105 1096 2450)
3(1104 1105 2450)
3(1096 1095 2450)
3(1104 2450 1095)
3(1145 2404 1137)
3(1137 1136 2404)
3(2327 2392 2376)
3(1304 2448 2379)
3(2395 2350 2400)
3(288 2455 2418)
3(1279 2418 2455)
3(1320 2357 2428)
3(1320 2428 2466)
3(1321 2390 2428)
3(1326 1321 2428)
3(1326 2390 1321)
3(2320 2391 2353)
3(472 1474 1479)
3(1479 1474 2346)
3(1476 1470 1475)
3(2335 2368 2447)
3(2368 2345 2447)
3(1134 1133 2400)
3(1109 2413 1101)
3(1373 492 483)
3(541 483 492)
3(1373 541 492)
3(475 484 1432)
3(475 533 484)
3(2315 2463 2442)
3(2315 2352 2463)
3(1414 1425 1424)
3(1475 1474 2326)
3(1475 2331 1474)
3(1475 2326 2331)
3(700 692 2446)
3(700 701 2446)
3(1358 1400 1472)
3(1358 2410 1400)
3(969 960 2449)
3(1458 2359 1438)
3(1458 1438 1431)
3(2315 2360 2442)
3(1300 1131 1132)
3(1300 1132 1301)
3(1300 1301 1131)
3(1153 1152 2454)
3(1153 2454 2345)
3(281 1148 2430)
3(281 1139 2430)
3(2346 1472 2458)
3(1474 1472 2346)
3(1474 2458 1472)
3(296 698 699)
3(296 699 2336)
3(1054 2438 959)
3(1054 1053 2438)
3(1054 959 1053)
3(1053 959 2438)
3(1054 960 959)
3(13 207 1398)
3(13 195 207)
3(207 195 1398)
3(13 1398 195)
3(1141 1300 1132)
3(1132 1300 2351)
3(1141 2351 1300)
3(1459 2457 2358)
3(325 2358 2457)
3(1459 2358 325)
3(1459 325 2457)
3(1388 2423 1387)
3(1388 1387 2410)
3(1106 2427 2450)
3(1365 2421 1355)
3(1365 1355 1390)
3(1479 1472 2420)
3(1479 2346 1472)
3(1470 2332 2416)
3(1470 2416 1483)
3(1470 1483 2332)
3(2332 1483 2416)
3(303 1306 1314)
3(1253 2462 1254)
3(1356 1388 2423)
3(1356 1387 1388)
3(282 2456 2412)
3(620 628 2445)
3(629 2445 628)
3(629 620 2445)
3(1399 1478 2370)
3(1399 1357 1478)
3(1399 2370 1357)
3(2335 2415 2467)
3(964 2417 972)
3(972 973 2417)
3(815 816 1480)
3(1455 2 484)
3(2 77 484)
3(1455 77 2)
3(1455 131 484)
3(1455 2 131)
3(131 2 484)
3(1309 1319 2357)
3(1309 1310 1319)
3(1166 1174 2467)
3(1166 2467 1175)
3(1241 2386 2448)
3(1240 1241 2448)
3(1358 2410 1387)
3(1358 1387 1380)
3(2406 1171 2407)
3(1170 2406 2407)
3(1170 2407 1171)
3(1223 1215 2425)
3(1223 2425 1214)
3(1224 2425 1223)
3(1221 2425 1213)
3(1222 1213 2425)
3(1221 2425 1212)
3(94 6 873)
3(6 1452 873)
3(94 1452 6)
3(14 224 1393)
3(14 212 224)
3(212 1393 224)
3(14 1393 212)
3(1476 1484 2324)
3(1476 2324 2327)
3(1476 2327 1484)
3(2331 2383 2458)
3(2331 2458 2463)
3(2331 2463 2383)
3(2407 2406 2422)
3(1124 1125 2400)
3(1394 957 15)
3(1394 241 957)
3(1394 15 241)
3(15 957 241)
3(0 165 1456)
3(61 165 0)
3(61 1456 165)
3(61 0 1456)
3(15 229 957)
3(1394 229 15)
3(1475 1471 2326)
3(1474 1471 1475)
3(2352 2455 2463)
3(288 2463 2455)
3(2322 2341 2386)
3(2332 2415 2383)
3(2332 2383 2456)
3(2386 1242 2448)
3(2348 1242 2386)
3(1372 2370 1399)
3(1372 322 2370)
3(322 1399 2370)
3(1372 1399 322)
3(281 2430 2461)
3(305 1050 1322)
3(305 1322 1041)
3(305 1041 1050)
3(1322 1050 1041)
3(1483 2331 2458)
3(1474 2331 1483)
3(1474 1483 2458)
3(295 713 1289)
3(295 298 713)
3(295 1289 298)
3(297 718 1288)
3(297 300 718)
3(297 1288 300)
3(298 295 714)
3(295 1290 714)
3(298 1290 295)
3(308 303 1026)
3(303 1330 1026)
3(308 1330 303)
3(300 297 719)
3(297 1287 719)
3(300 1287 297)
3(310 305 1031)
3(305 1329 1031)
3(310 1329 305)
3(305 1032 1328)
3(305 310 1032)
3(305 1328 310)
3(303 1027 1331)
3(303 308 1027)
3(303 1331 308)
3(2334 1470 2416)
3(820 2416 1470)
3(820 2334 2416)
3(305 2367 1050)
3(305 1050 1049)
3(1476 826 817)
3(1367 890 881)
3(984 881 890)
3(984 1367 881)
3(882 1426 873)
3(976 882 873)
3(2376 2375 2424)
3(2408 280 2461)
3(2382 2408 2461)
3(559 1368 568)
3(617 559 568)
3(1427 551 560)
3(551 609 560)
3(1427 560 609)
3(2353 2379 2391)
3(1477 2358 1459)
3(1417 1459 2358)
3(1477 1459 1417)
3(1455 131 533)
3(533 131 484)
3(1156 2447 1164)
3(1097 2450 2414)
3(1098 2414 2450)
3(1095 2450 2414)
3(1096 2414 2450)
3(305 2367 1322)
3(2412 2382 2456)
3(1312 2367 1313)
3(1312 1313 2345)
3(1403 533 542)
3(1403 542 2457)
3(1403 2457 533)
3(1304 2379 1305)
3(1304 1305 1298)
3(617 156 1397)
3(617 568 156)
3(1397 156 568)
3(1141 1149 2402)
3(1141 2402 1150)
3(1149 1150 2402)
3(1141 1140 2402)
3(1140 1149 2402)
3(207 1398 215)
3(13 215 1398)
3(908 207 1398)
3(900 1453 5)
3(5 1453 97)
3(1140 1132 1300)
3(1140 1300 1131)
3(1140 1141 1300)
3(1055 2292 2465)
3(2292 1056 2465)
3(1055 2465 1056)
3(1055 1056 2292)
3(286 2442 1193)
3(287 286 2442)
3(327 1431 1480)
3(327 1480 2359)
3(624 2419 632)
3(632 633 2419)
3(2330 2380 2326)
3(2331 2326 2380)
3(297 1308 2446)
3(297 2394 1308)
3(297 2446 2394)
3(1484 1471 2325)
3(1484 2326 1471)
3(2325 1471 2326)
3(1189 2443 1190)
3(1042 1322 1041)
3(131 1455 66)
3(66 1455 2)
3(541 1395 9)
3(140 9 1395)
3(241 1060 1394)
3(241 957 1060)
3(1267 2382 2364)
3(2364 2382 2412)
3(2331 2383 1483)
3(2380 2326 2381)
3(2330 2381 2326)
3(2382 2364 2392)
3(295 1318 705)
3(706 1318 295)
3(894 2429 886)
3(886 885 2429)
3(58 148 1457)
3(148 1 1457)
3(58 1457 1)
3(148 1457 609)
3(1397 10 617)
3(1397 157 10)
3(156 1397 10)
3(1353 2441 1363)
3(1353 1363 1391)
3(224 232 1393)
3(224 1393 984)
3(232 1393 14)
3(1452 6 976)
3(1452 105 6)
3(1175 2467 285)
3(2369 2456 2389)
3(1434 74 457)
3(74 325 457)
3(1434 325 74)
3(973 2417 981)
3(972 981 2417)
3(982 973 2417)
3(1305 2414 1315)
3(1305 1315 1306)
3(1371 198 832)
3(832 198 322)
3(1371 322 198)
3(1459 1439 2358)
3(1459 2457 1439)
3(241 1394 249)
3(249 1394 15)
3(50 165 1456)
3(50 1456 0)
3(165 1456 685)
3(1454 7 1052)
3(1454 113 7)
3(693 1396 11)
3(11 1396 174)
3(1153 2454 1145)
3(1153 1154 2454)
3(1151 2454 1143)
3(1152 1143 2454)
3(1144 1153 2454)
3(1142 1151 2454)
3(305 1313 1040)
3(1039 305 1040)
3(2338 2408 2461)
3(2408 2429 2461)
3(298 740 731)
3(731 740 1340)
3(1008 999 308)
3(1008 1468 999)
3(1471 468 2444)
3(469 468 1471)
3(469 1471 2444)
3(813 821 2416)
3(821 822 2416)
3(2369 2415 2456)
3(613 2439 556)
3(613 614 2439)
3(613 556 614)
3(614 556 2439)
3(556 555 2439)
3(556 613 555)
3(290 1229 2440)
3(1482 322 1372)
3(1482 823 322)
3(1325 1306 2374)
3(1162 2407 1161)
3(1162 2345 2407)
3(1137 1136 2451)
3(302 1356 1299)
3(302 1299 301)
3(302 301 1356)
3(306 1298 307)
3(306 307 1415)
3(1095 2414 1292)
3(268 1292 2414)
3(1095 1292 268)
3(463 472 1474)
3(2459 2408 2461)
3(296 2425 2341)
3(296 2341 698)
3(325 1481 2457)
3(325 2358 1481)
3(1481 2358 2457)
3(1095 2450 1292)
3(2414 1292 2450)
3(2325 2326 2444)
3(1484 1471 1477)
3(1385 1384 2394)
3(1362 1384 1385)
3(2332 2412 2456)
3(2332 2383 2412)
3(1441 1440 1442)
3(1212 1302 2425)
3(1212 2425 1327)
3(1212 1327 1302)
3(1302 1327 2425)
3(320 1472 1400)
3(320 2420 1472)
3(320 1400 2420)
3(266 1293 1239)
3(266 1239 1295)
3(266 1295 1293)
3(1292 2414 1307)
3(1292 1307 268)
3(327 815 1480)
3(295 1318 2445)
3(295 696 1318)
3(295 2445 696)
3(1379 2370 1399)
3(1379 1399 1372)
3(958 949 1052)
3(958 1436 949)
3(1052 949 1436)
3(966 957 1377)
3(1060 957 966)
3(644 693 635)
3(644 635 1378)
3(644 1378 693)
3(627 685 636)
3(627 636 1437)
3(1437 636 685)
3(627 1437 685)
3(279 2459 1130)
3(77 1432 475)
3(77 1432 76)
3(492 1373 125)
3(492 126 1373)
3(125 1373 126)
3(1480 1473 2359)
3(1480 1476 1473)
3(1473 1476 1484)
3(1170 2407 1162)
3(1303 295 2445)
3(1303 2365 295)
3(1053 1045 2438)
3(1044 2438 1045)
3(1044 1053 2438)
3(19 1385 1308)
3(19 2394 1385)
3(280 2461 2459)
3(1366 1355 1365)
3(1195 2428 1187)
3(1195 1196 2428)
3(1056 962 2465)
3(1056 2460 962)
3(1056 2465 2460)
3(1458 327 1473)
3(1473 327 2359)
3(1133 2400 1125)
3(87 1428 797)
3(797 86 1428)
3(87 1428 86)
3(814 1369 195)
3(195 1369 196)
3(195 805 1369)
3(1189 1181 2443)
3(1096 2414 270)
3(1096 1097 2414)
3(2382 2340 2408)
3(2327 2382 2408)
3(466 1433 75)
3(466 75 1434)
3(1434 75 1433)
3(474 124 1374)
3(474 1375 124)
3(474 1374 1375)
3(124 1375 1374)
3(1142 2402 1141)
3(1142 2351 2402)
3(2351 1141 2402)
3(2447 2368 2467)
3(2412 2383 2418)
3(1273 2412 2418)
3(1304 2448 1307)
3(1304 1307 2379)
3(2319 2466 2356)
3(2355 2442 2360)
3(2390 1302 2425)
3(1212 1302 2390)
3(1128 1136 2451)
3(22 1322 1359)
3(22 1359 1042)
3(1359 1322 1042)
3(1482 322 2370)
3(2364 2375 2392)
3(1303 295 1318)
3(1313 305 2323)
3(1313 2367 305)
3(1448 1447 2434)
3(1416 1447 1448)
3(1481 2358 1477)
3(1481 1477 1471)
3(822 1482 2370)
3(822 823 1482)
3(2326 2424 2380)
3(2375 2364 2380)
3(1055 2292 961)
3(962 2292 1056)
3(1249 2448 1241)
3(303 2374 1325)
3(303 1325 1306)
3(466 76 1433)
3(75 76 1433)
3(124 483 1374)
3(125 124 1374)
3(474 483 1374)
3(695 687 2445)
3(686 695 2445)
3(686 2445 687)
3(695 696 2445)
3(687 2445 696)
3(1304 1295 2448)
3(1295 1318 2448)
3(1304 1318 1295)
3(2380 2364 2418)
3(474 1479 2420)
3(473 1479 474)
3(325 1481 466)
3(466 1481 2457)
3(550 140 1344)
3(140 1344 141)
3(533 67 1403)
3(66 67 1403)
3(2385 2454 2345)
3(2447 2345 2454)
3(2350 1301 2400)
3(1294 1301 2350)
3(962 2460 1057)
3(962 963 2460)
3(962 1057 963)
3(962 1056 1057)
3(1057 1056 2460)
3(971 963 2460)
3(1360 1382 2432)
3(1359 1382 1360)
3(547 2439 555)
3(696 705 295)
3(1472 2458 1483)
3(1472 1483 1478)
3(2352 2458 2463)
3(2331 2352 2463)
3(309 1020 1029)
3(309 1029 1329)
3(309 1329 1020)
3(25 110 1330)
3(25 1330 109)
3(25 109 110)
3(246 24 1328)
3(1328 24 245)
3(246 245 24)
3(299 716 725)
3(299 1288 716)
3(299 725 1288)
3(1331 1029 309)
3(1331 309 1020)
3(53 21 1289)
3(54 1289 21)
3(54 21 53)
3(177 1287 18)
3(178 18 1287)
3(177 18 178)
3(1290 299 716)
3(1290 725 299)
3(1458 1473 326)
3(1416 1458 326)
3(1471 468 459)
3(2389 2340 2461)
3(2382 2461 2340)
3(1389 1388 2423)
3(1356 1388 1389)
3(1484 1477 1473)
3(1323 2425 1293)
3(1323 1293 2341)
3(1323 2341 2425)
3(2419 2319 2466)
3(1399 1478 322)
3(322 1478 2370)
3(1472 321 1400)
3(1358 1400 321)
3(1353 1364 1363)
3(1471 2325 2444)
3(1473 326 327)
3(1458 327 326)
3(1039 2351 2460)
3(2351 304 2460)
3(1039 2460 304)
3(320 1479 2420)
3(474 1479 320)
3(474 320 2420)
3(622 614 2439)
3(614 2439 623)
3(1478 1470 2416)
3(1478 2416 1483)
3(1478 1483 1470)
3(2356 2428 1321)
3(702 1346 174)
3(174 1346 175)
3(51 1405 685)
3(685 1405 694)
3(51 1405 50)
3(113 1409 1043)
3(113 1409 112)
3(248 1350 1060)
3(249 248 1350)
3(304 2400 2465)
3(304 2350 2400)
3(304 2465 2350)
3(1426 873 95)
3(1426 94 95)
3(890 212 1367)
3(212 881 1367)
3(212 1367 213)
3(1185 2428 1297)
3(1185 1297 1319)
3(1319 1297 2428)
3(2331 2326 2364)
3(2331 2364 2380)
3(2364 2326 2380)
3(568 142 1368)
3(142 1368 143)
3(551 1427 69)
3(68 69 1427)
3(1427 69 560)
3(197 823 1371)
3(832 197 1371)
3(1047 2460 1056)
3(1047 1056 2465)
3(1047 2465 2460)
3(823 1370 197)
3(823 1371 1370)
3(197 1370 1371)
3(325 1459 1477)
3(325 1477 2358)
3(457 75 1434)
3(1418 1325 23)
3(1418 23 1034)
3(984 1352 231)
3(231 1352 232)
3(105 967 1411)
3(105 1411 104)
3(2345 2323 2454)
3(2332 2331 2383)
3(1483 2331 2332)
3(609 59 1413)
3(59 1413 58)
3(626 1354 157)
3(157 1354 158)
3(1445 1443 1444)
3(320 1472 321)
3(320 321 1400)
3(2375 2380 2424)
3(2335 2467 2447)
3(1483 1475 2331)
3(1483 1474 1475)
3(1433 1435 2457)
3(1435 1451 2457)
3(1433 2457 1451)
3(1433 1451 1435)
3(1130 280 2459)
3(1194 1297 1185)
3(1194 2428 1297)
3(299 296 716)
3(296 1288 716)
3(299 1288 296)
3(304 309 1029)
3(304 1029 1329)
3(304 1329 309)
3(20 1289 53)
3(21 20 53)
3(21 1289 20)
3(19 177 1287)
3(19 1287 18)
3(19 18 177)
3(23 110 1330)
3(23 1330 25)
3(23 25 110)
3(22 1328 246)
3(24 22 246)
3(24 1328 22)
3(296 716 1290)
3(296 1290 299)
3(304 1331 1029)
3(309 1331 304)
3(2415 2335 2447)
3(2340 2461 2429)
3(2340 2429 2389)
3(2369 2456 2334)
3(823 196 1370)
3(823 1370 814)
3(1429 88 806)
3(1429 87 88)
3(196 1370 197)
3(699 296 707)
3(707 296 698)
3(707 708 296)
3(699 296 708)
3(707 296 706)
3(698 706 296)
3(320 1479 1472)
3(501 604 127)
3(510 127 604)
3(501 510 604)
3(603 500 508)
3(603 509 500)
3(63 748 62)
3(645 748 63)
3(645 62 748)
3(958 1053 950)
3(950 1053 959)
3(62 57 748)
3(57 63 748)
3(62 63 57)
3(63 654 748)
3(645 748 654)
3(956 1059 964)
3(955 964 1059)
3(956 955 1059)
3(980 878 886)
3(980 887 878)
3(73 493 502)
3(73 596 493)
3(73 502 596)
3(493 596 502)
3(572 675 581)
3(572 580 675)
3(581 675 580)
3(958 1053 949)
3(950 949 1053)
3(962 1057 954)
3(954 1057 963)
3(573 675 582)
3(581 675 573)
3(675 676 573)
3(676 582 573)
3(810 802 904)
3(810 904 801)
3(802 801 904)
3(802 811 904)
3(802 905 811)
3(802 904 905)
3(811 905 904)
3(806 901 798)
3(807 798 901)
3(807 901 806)
3(79 493 73)
3(493 78 73)
3(79 73 78)
3(79 502 73)
3(962 1057 953)
3(954 953 1057)
3(810 811 904)
3(884 875 979)
3(884 978 875)
3(978 979 875)
3(884 979 978)
3(646 750 655)
3(646 749 750)
3(646 655 749)
3(980 877 886)
3(878 877 980)
3(951 1055 960)
3(951 960 1054)
3(951 1054 1055)
3(960 952 1055)
3(952 951 1055)
3(1057 953 1056)
3(953 962 1056)
3(808 903 800)
3(800 903 809)
3(808 809 903)
3(809 904 801)
3(809 810 904)
3(878 981 887)
3(878 980 981)
3(980 885 886)
3(980 877 885)
3(979 876 884)
3(979 884 885)
3(979 885 876)
3(808 799 903)
3(808 902 799)
3(902 903 799)
3(979 876 875)
3(873 976 874)
3(976 882 874)
3(797 806 901)
3(797 901 798)
3(952 1055 961)
3(800 799 903)
3(662 653 181)
3(181 653 756)
3(662 181 756)
3(662 756 653)
3(750 655 647)
3(646 750 647)
3(949 1052 1053)
3(181 161 662)
3(181 662 162)
3(181 162 161)
3(586 577 164)
3(680 164 577)
3(586 680 577)
3(161 653 181)
3(144 164 586)
3(144 577 164)
3(809 904 800)
3(801 800 904)
3(901 797 900)
3(901 900 806)
3(647 750 656)
3(959 950 1054)
3(1054 950 1053)
3(573 572 675)
3(951 1054 959)
3(950 1054 951)
3(660 754 651)
3(652 651 754)
3(652 754 660)
3(978 875 883)
3(978 883 874)
3(978 874 977)
3(874 883 977)
3(800 903 904)
3(809 904 903)
3(807 902 798)
3(807 799 902)
3(799 798 902)
3(901 902 798)
3(874 978 875)
3(603 508 499)
3(603 499 602)
3(602 499 508)
3(500 499 603)
3(813 908 805)
3(813 814 908)
3(804 907 813)
3(804 812 907)
3(956 1059 965)
3(1058 1059 955)
3(1058 955 964)
3(803 905 811)
3(803 802 905)
3(983 881 890)
3(983 984 881)
3(879 981 887)
3(879 878 981)
3(803 905 812)
3(811 812 905)
3(981 888 879)
3(889 983 881)
3(813 908 804)
3(805 804 908)
3(881 880 983)
3(889 983 880)
3(866 858 915)
3(866 915 857)
3(858 857 915)
3(931 940 106)
3(989 106 940)
3(931 106 989)
3(931 989 940)
3(905 906 803)
3(812 803 906)
3(905 812 906)
3(907 908 804)
3(907 813 908)
3(879 981 982)
3(879 982 888)
3(779 90 788)
3(85 90 779)
3(85 788 90)
3(788 837 90)
3(779 90 837)
3(788 779 837)
3(867 915 858)
3(867 916 915)
3(867 858 916)
3(858 915 916)
3(866 867 915)
3(98 855 864)
3(98 864 913)
3(864 855 913)
3(779 84 90)
3(85 90 84)
3(101 931 106)
3(100 106 931)
3(101 106 100)
3(106 101 940)
3(98 855 93)
3(98 93 864)
3(992 944 935)
3(943 992 935)
3(943 944 992)
3(935 944 993)
3(935 993 936)
3(944 936 993)
3(992 944 993)
3(992 993 935)
3(632 689 641)
3(640 689 632)
3(640 641 689)
3(567 558 616)
3(567 615 558)
3(567 616 615)
3(558 615 616)
3(865 857 914)
3(865 914 856)
3(856 914 857)
3(627 636 686)
3(686 636 628)
3(686 685 636)
3(641 690 689)
3(641 632 690)
3(556 565 613)
3(556 614 565)
3(613 565 614)
3(538 489 480)
3(489 537 480)
3(538 537 489)
3(640 689 631)
3(636 637 686)
3(628 686 637)
3(992 935 934)
3(992 934 943)
3(948 242 227)
3(948 228 242)
3(227 242 228)
3(613 556 564)
3(613 564 565)
3(481 538 489)
3(481 480 538)
3(537 480 488)
3(537 488 489)
3(536 478 486)
3(487 478 536)
3(487 536 486)
3(552 610 560)
3(551 560 610)
3(477 534 485)
3(476 534 477)
3(476 485 534)
3(477 536 486)
3(535 477 486)
3(535 486 536)
3(535 536 477)
3(613 555 564)
3(638 687 629)
3(629 687 630)
3(638 630 687)
3(479 536 488)
3(487 536 479)
3(487 488 536)
3(948 242 939)
3(227 939 242)
3(242 997 948)
3(242 939 997)
3(997 939 948)
3(567 617 558)
3(559 617 567)
3(488 479 537)
3(488 537 536)
3(866 914 857)
3(866 915 914)
3(477 536 478)
3(560 561 610)
3(552 610 561)
3(477 534 486)
3(485 486 534)
3(610 609 560)
3(535 534 486)
3(477 534 535)
3(938 946 996)
3(947 996 946)
3(947 938 996)
3(870 919 861)
3(919 862 861)
3(870 862 919)
3(946 937 996)
3(946 996 995)
3(946 995 937)
3(937 995 996)
3(843 786 794)
3(795 786 843)
3(795 843 794)
3(794 843 785)
3(637 638 687)
3(637 687 629)
3(937 996 938)
3(869 918 861)
3(870 861 918)
3(870 918 869)
3(843 795 844)
3(795 786 844)
3(617 616 567)
3(611 561 562)
3(611 553 561)
3(611 562 553)
3(860 869 918)
3(866 914 865)
3(635 643 693)
3(643 644 693)
3(540 482 490)
3(491 540 490)
3(491 482 540)
3(567 568 617)
3(565 557 614)
3(557 556 614)
3(634 692 642)
3(642 692 633)
3(540 490 481)
3(539 481 490)
3(539 490 540)
3(634 692 643)
3(642 643 692)
3(633 642 691)
3(691 642 692)
3(566 558 615)
3(566 615 557)
3(558 557 615)
3(566 567 615)
3(540 482 481)
3(490 481 538)
3(490 538 489)
3(693 634 643)
3(557 614 566)
3(565 566 614)
3(918 870 919)
3(566 615 614)
3(614 615 557)
3(539 538 490)
3(539 481 538)
3(693 692 643)
3(1322 2367 1313)
3(1322 1313 1312)
3(1459 1435 2457)
3(1459 325 1435)
3(1306 1315 1314)
3(1472 1479 1474)
3(1221 1327 1212)
3(2327 2392 2375)
3(1475 1484 2326)
3(1475 1471 1484)
3(2398 2450 2343)
3(1300 2351 1301)
3(1458 1416 1438)
3(1399 1478 321)
3(321 1478 322)
3(1399 321 322)
3(1323 1302 2390)
3(1302 1321 2390)
3(1323 2390 1321)
3(1323 1321 1302)
3(1433 1435 1434)
3(321 1399 1357)
3(2326 1484 2327)
3(1253 2462 1245)
3(1248 2448 1295)
3(1248 1295 1239)
3(1439 1417 1459)
3(899 1342 213)
3(213 1342 214)
3(96 1401 882)
3(95 96 1401)
3(2375 2424 2326)
3(1473 327 1480)
3(559 1343 141)
3(142 141 1343)
3(68 1402 542)
3(68 1402 67)
3(1437 627 61)
3(1437 61 636)
3(1437 60 61)
3(644 1378 159)
3(644 160 1378)
3(160 159 1378)
3(103 1436 949)
3(949 102 1436)
3(103 1436 102)
3(229 1377 966)
3(229 1377 230)
3(1474 1483 1472)
3(1477 1459 326)
3(326 1459 1417)
3(891 1407 97)
3(97 1407 96)
3(1348 214 908)
3(1348 215 214)
3(1348 899 908)
3(1105 2450 1106)
3(1105 2427 2450)
3(325 326 1477)
3(325 1459 326)
3(1051 1359 247)
3(247 1359 248)
3(247 1042 1359)
3(1051 1359 1042)
3(694 1420 52)
3(51 52 1420)
3(52 703 1420)
3(694 1420 703)
3(112 1034 1418)
3(1034 111 1418)
3(112 1418 111)
3(711 1361 175)
3(711 176 1361)
3(175 1361 176)
3(2351 304 2400)
3(2351 2465 304)
3(1388 1357 1389)
3(1305 2414 1292)
3(1315 1292 2414)
3(1305 1292 1315)
3(821 1470 820)
3(821 2416 1470)
3(1319 1320 2357)
3(1319 2428 1320)
3(1482 2370 2416)
3(822 1482 2416)
3(1476 818 826)
3(2323 2402 2454)
3(2351 2454 2402)
3(1399 1379 1357)
3(1214 2425 1213)
3(1382 1381 2432)
3(1382 1383 1381)
3(1038 1046 2465)
3(1046 1047 2465)
3(1038 2465 1047)
3(1038 1037 2465)
3(260 1185 1319)
3(260 1319 1176)
3(2407 2345 2447)
3(1376 1400 2420)
3(320 1376 2420)
3(320 1400 1376)
3(1478 1482 2370)
3(1478 2416 1482)
3(1097 2450 1105)
3(1097 1096 2450)
3(1142 2402 1150)
3(1151 1142 2402)
3(1150 1151 2402)
3(1478 1482 322)
3(1481 325 1477)
3(1385 1384 1386)
3(242 318 1006)
3(242 997 318)
3(1006 318 997)
3(756 316 180)
3(756 181 316)
3(180 316 181)
3(1006 243 318)
3(242 318 243)
3(180 747 316)
3(756 316 747)
3(821 1470 829)
3(821 1470 830)
3(1221 264 1327)
3(1221 1293 264)
3(264 1293 1327)
3(252 1113 1316)
3(252 1316 1104)
3(470 2444 478)
3(470 469 2444)
3(2340 2461 2408)
3(1301 2400 304)
3(1301 304 2350)
3(1308 2466 297)
3(2446 297 2466)
3(618 1406 60)
3(60 1406 59)
3(618 1406 627)
3(1347 158 635)
3(1347 159 158)
3(104 1410 958)
3(103 104 1410)
3(1351 975 230)
3(1351 231 230)
3(1327 1323 2425)
3(1293 1323 1327)
3(1048 1056 2460)
3(2326 2327 2364)
3(2326 2364 2375)
3(2364 2327 2375)
3(1304 1298 1303)
3(1307 1295 2448)
3(1304 1295 1307)
3(1214 2425 1222)
3(2323 2345 2402)
3(1313 2402 2345)
3(1307 1295 1248)
3(1475 1483 2332)
3(1470 1483 1475)
3(304 1317 2465)
3(1037 304 2465)
3(961 2464 970)
3(961 970 2449)
3(1149 1296 2402)
3(16 1307 1248)
3(268 1307 16)
3(1358 2420 1400)
3(670 1338 662)
3(670 671 1338)
3(1338 662 661)
3(930 1466 938)
3(930 929 1466)
3(938 939 1466)
3(2428 1321 2466)
3(2356 2466 1321)
3(463 471 1474)
3(1175 284 2467)
3(1313 2345 1311)
3(1313 1311 1312)
3(1309 1319 1320)
3(107 989 323)
3(989 106 323)
3(107 323 106)
3(107 998 323)
3(989 323 998)
3(739 311 57)
3(739 56 311)
3(56 57 311)
3(57 748 311)
3(739 311 748)
3(1475 2327 1484)
3(1475 1484 1476)
3(1400 1380 2420)
3(1358 1380 1400)
3(2332 2331 2364)
3(2364 2331 2383)
3(2332 2364 2383)
3(1468 922 923)
3(923 922 1460)
3(1468 923 1460)
3(1468 1460 922)
3(664 663 1340)
3(664 1332 663)
3(1340 663 1332)
3(664 1340 1332)
3(672 71 569)
3(70 71 672)
3(70 672 569)
3(578 569 672)
3(672 70 65)
3(70 71 65)
3(144 164 145)
3(921 211 210)
3(921 210 872)
3(921 872 211)
3(93 98 92)
3(225 921 211)
3(225 211 210)
3(921 863 872)
3(1230 1293 266)
3(265 1293 1230)
3(265 266 1293)
3(2402 2345 2454)
3(1151 2402 2454)
3(1151 2345 2402)
3(1293 2341 1318)
3(1323 1318 2341)
3(1293 1318 1323)
3(1104 1315 1095)
3(1095 1315 2450)
3(1104 2450 1315)
3(1482 1470 2416)
3(1478 1470 1482)
3(970 2464 962)
3(970 971 2464)
3(1446 1415 2433)
3(1445 1415 1446)
3(466 457 1481)
3(457 325 1481)
3(251 1315 1095)
3(251 1104 1315)
3(961 969 2449)
3(267 1295 1239)
3(267 1248 1295)
3(2418 2383 2463)
3(1376 1400 1380)
3(2327 2382 2392)
3(1313 1322 305)
3(1435 2457 1439)
3(1435 1439 1459)
3(1185 1297 260)
3(260 1297 1319)
3(1382 22 1322)
3(1359 22 1382)
3(259 1291 1176)
3(259 1176 1319)
3(259 1319 1291)
3(259 1291 1167)
3(1387 1358 1388)
3(1482 823 832)
3(1482 832 322)
3(197 1371 198)
3(815 88 1430)
3(89 815 1430)
3(89 1430 88)
3(1434 74 75)
3(474 1375 123)
3(123 1375 124)
3(1464 850 841)
3(841 850 783)
3(1464 841 783)
3(1464 783 850)
3(1297 1185 261)
3(1297 261 1194)
3(1307 1305 2414)
3(1307 1292 1305)
3(301 1308 19)
3(301 19 1385)
3(1167 258 1291)
3(259 1291 258)
3(209 319 863)
3(209 854 319)
3(1475 2364 2332)
3(1475 2331 2364)
3(1475 2332 2331)
3(655 1340 663)
3(655 654 1340)
3(1340 664 655)
3(931 1468 923)
3(931 932 1468)
3(923 1468 932)
3(1152 1144 2454)
3(309 1020 1019)
3(309 1019 1331)
3(724 725 299)
3(724 299 1290)
3(729 178 18)
3(729 18 1287)
3(1024 24 245)
3(1328 24 1024)
3(1016 109 25)
3(1016 25 1330)
3(21 54 721)
3(21 721 1289)
3(1020 309 1021)
3(1329 1021 309)
3(299 725 726)
3(1288 299 726)
3(304 1317 2350)
3(460 1471 468)
3(1471 469 460)
3(260 1319 259)
3(72 312 578)
3(72 587 312)
3(2427 1315 2450)
3(1314 1315 2427)
3(1475 2364 2327)
3(1307 1305 2379)
3(1095 1315 1292)
3(1292 1315 2450)
3(751 1335 742)
3(743 742 1335)
3(751 743 1335)
3(20 1444 1303)
3(20 1303 306)
3(20 306 1444)
3(853 1465 854)
3(1461 853 854)
3(1461 1465 853)
3(1333 595 594)
3(1333 594 1337)
3(595 1337 594)
3(1297 1321 2428)
3(1297 2428 1326)
3(1297 1326 1321)
3(1055 2465 1047)
3(1435 1404 2457)
3(1451 1404 1435)
3(1305 1304 1307)
3(303 1045 1044)
3(716 715 296)
3(296 715 1290)
3(1028 304 1331)
3(1028 1029 304)
3(720 19 177)
3(720 1287 19)
3(22 1328 1033)
3(22 1033 246)
3(1289 712 20)
3(53 20 712)
3(1025 1330 23)
3(1025 23 110)
3(304 1030 1329)
3(304 1029 1030)
3(1288 717 296)
3(716 296 717)
3(1447 1446 2433)
3(1417 1446 1447)
3(2364 2331 2418)
3(2364 2418 2383)
3(2331 2383 2418)
3(846 847 1460)
3(1467 846 1460)
3(1467 1460 847)
3(1467 847 846)
3(588 1339 587)
3(588 587 1332)
3(1332 587 1339)
3(588 1332 1339)
3(501 604 139)
3(127 139 604)
3(501 139 127)
3(137 499 602)
3(603 499 137)
3(138 603 500)
3(138 499 603)
3(138 500 499)
3(138 490 539)
3(539 490 137)
3(138 137 490)
3(951 235 1055)
3(1054 235 951)
3(220 878 980)
3(981 878 220)
3(139 500 604)
3(139 501 500)
3(604 500 501)
3(979 875 218)
3(978 218 875)
3(493 73 2)
3(493 2 596)
3(0 62 748)
3(748 62 165)
3(0 165 62)
3(0 62 57)
3(990 940 234)
3(990 234 941)
3(941 234 940)
3(990 941 940)
3(797 901 200)
3(200 901 798)
3(797 200 798)
3(638 167 687)
3(638 168 167)
3(638 687 168)
3(647 751 167)
3(647 168 751)
3(647 167 168)
3(748 645 165)
3(62 165 645)
3(166 636 685)
3(165 636 166)
3(165 685 636)
3(165 749 645)
3(748 645 749)
3(749 645 166)
3(165 166 645)
3(166 749 646)
3(166 646 645)
3(646 749 645)
3(686 166 636)
3(686 166 637)
3(636 637 166)
3(106 7 940)
3(7 101 940)
3(106 101 7)
3(106 233 940)
3(7 940 233)
3(234 949 1053)
3(950 234 1053)
3(950 949 234)
3(949 233 1053)
3(949 1052 233)
3(877 220 878)
3(877 980 220)
3(1057 953 237)
3(237 953 1056)
3(689 641 169)
3(689 170 641)
3(170 169 641)
3(640 641 169)
3(640 169 689)
3(753 650 170)
3(169 170 650)
3(753 169 650)
3(565 613 152)
3(565 152 564)
3(152 613 564)
3(151 573 676)
3(676 573 152)
3(151 152 573)
3(976 216 874)
3(977 874 216)
3(977 976 874)
3(802 905 203)
3(802 204 905)
3(802 203 204)
3(203 801 904)
3(802 203 904)
3(802 801 203)
3(873 216 874)
3(873 976 216)
3(977 874 217)
3(216 217 874)
3(170 641 690)
3(993 944 237)
3(238 237 944)
3(993 238 944)
3(70 1 672)
3(70 65 1)
3(131 597 494)
3(131 494 596)
3(597 596 494)
3(837 200 788)
3(837 788 199)
3(200 199 788)
3(85 90 199)
3(85 199 5)
3(85 5 90)
3(167 647 750)
3(750 647 751)
3(78 2 493)
3(78 73 2)
3(70 148 672)
3(70 1 148)
3(915 218 867)
3(915 866 218)
3(867 218 866)
3(940 989 233)
3(233 234 949)
3(952 1055 235)
3(952 236 1055)
3(952 235 236)
3(979 218 876)
3(219 876 218)
3(219 979 876)
3(981 878 221)
3(220 221 878)
3(1056 953 236)
3(1056 236 952)
3(952 236 953)
3(1056 952 953)
3(951 235 952)
3(238 953 1057)
3(238 954 953)
3(238 1057 954)
3(237 238 953)
3(647 168 648)
3(647 648 751)
3(168 751 648)
3(613 565 153)
3(614 153 565)
3(153 152 565)
3(134 486 535)
3(535 486 133)
3(134 133 486)
3(486 134 536)
3(486 487 134)
3(536 134 487)
3(915 867 219)
3(219 867 916)
3(800 904 203)
3(800 203 801)
3(788 200 838)
3(200 789 838)
3(788 789 200)
3(788 838 789)
3(876 875 218)
3(903 799 201)
3(201 799 902)
3(131 132 494)
3(597 494 132)
3(596 131 493)
3(596 493 494)
3(493 131 494)
3(609 149 560)
3(149 148 560)
3(609 560 148)
3(493 2 131)
3(70 148 569)
3(148 672 569)
3(610 560 149)
3(610 149 561)
3(149 560 561)
3(864 98 6)
3(864 6 93)
3(6 98 93)
3(234 940 989)
3(234 233 940)
3(989 990 940)
3(219 218 867)
3(136 489 538)
3(537 489 136)
3(903 799 202)
3(201 202 799)
3(216 98 864)
3(216 864 913)
3(199 901 797)
3(199 797 900)
3(202 903 800)
3(202 800 799)
3(200 797 199)
3(6 864 216)
3(237 953 236)
3(1055 952 1056)
3(992 944 237)
3(649 168 169)
3(649 752 168)
3(649 169 752)
3(800 904 202)
3(800 202 203)
3(199 788 90)
3(199 85 788)
3(837 838 788)
3(750 646 166)
3(181 173 161)
3(173 11 161)
3(181 161 11)
3(151 573 675)
3(151 573 572)
3(675 151 572)
3(750 646 167)
3(166 167 646)
3(167 637 686)
3(166 637 167)
3(167 637 687)
3(686 687 637)
3(978 217 875)
3(217 218 875)
3(941 235 234)
3(941 990 235)
3(1054 950 234)
3(992 236 944)
3(236 943 944)
3(992 943 236)
3(534 132 486)
3(485 486 132)
3(485 132 534)
3(156 164 577)
3(156 577 680)
3(488 135 536)
3(537 135 488)
3(207 796 844)
3(844 796 206)
3(207 206 796)
3(914 218 866)
3(914 866 217)
3(218 217 866)
3(978 874 217)
3(902 200 798)
3(902 798 201)
3(200 201 798)
3(610 150 561)
3(150 149 561)
3(201 200 789)
3(838 201 789)
3(235 950 1054)
3(951 950 235)
3(127 139 147)
3(127 147 604)
3(167 647 646)
3(167 637 638)
3(235 950 234)
3(237 236 944)
3(653 173 181)
3(653 756 173)
3(164 10 577)
3(144 577 10)
3(144 10 164)
3(604 500 138)
3(604 603 500)
3(137 498 602)
3(137 499 498)
3(602 498 499)
3(217 875 874)
3(865 866 217)
3(865 217 914)
3(799 798 201)
3(534 133 486)
3(133 132 486)
3(150 561 611)
3(610 611 561)
3(161 653 173)
3(156 10 577)
3(127 139 9)
3(127 9 147)
3(995 240 946)
3(995 946 239)
3(240 239 946)
3(948 997 15)
3(948 15 241)
3(948 241 997)
3(611 150 562)
3(150 561 562)
3(240 946 996)
3(154 155 576)
3(679 576 155)
3(154 576 679)
3(15 242 948)
3(15 948 228)
3(15 228 242)
3(239 1059 955)
3(239 955 1058)
3(955 1059 240)
3(956 240 1059)
3(955 240 956)
3(154 567 615)
3(154 615 566)
3(154 566 567)
3(615 155 567)
3(155 154 567)
3(137 138 499)
3(211 921 14)
3(224 921 211)
3(224 211 14)
3(983 223 879)
3(880 223 983)
3(880 879 223)
3(880 983 879)
3(222 983 879)
3(222 879 982)
3(983 982 879)
3(211 225 14)
3(239 240 955)
3(222 223 879)
3(170 754 650)
3(754 753 650)
3(138 540 490)
3(138 491 540)
3(138 490 491)
3(224 872 211)
3(224 921 872)
3(803 204 905)
3(803 802 204)
3(155 567 616)
3(794 842 204)
3(794 204 793)
3(794 793 842)
3(204 842 793)
3(241 956 1060)
3(241 957 956)
3(956 957 1060)
3(153 566 614)
3(153 565 566)
3(908 207 804)
3(805 804 207)
3(805 207 908)
3(240 946 947)
3(240 947 996)
3(221 981 879)
3(878 221 879)
3(223 881 984)
3(223 224 881)
3(984 881 224)
3(489 538 137)
3(489 137 136)
3(567 156 617)
3(567 568 156)
3(136 602 498)
3(136 498 601)
3(602 601 498)
3(795 206 843)
3(844 206 795)
3(222 919 870)
3(222 870 223)
3(919 223 870)
3(843 205 795)
3(843 794 205)
3(795 205 794)
3(907 804 206)
3(205 206 804)
3(205 804 907)
3(945 994 239)
3(238 994 945)
3(238 945 239)
3(540 492 139)
3(540 541 492)
3(541 139 492)
3(205 795 206)
3(221 870 918)
3(221 869 870)
3(221 918 869)
3(138 139 500)
3(223 881 983)
3(754 651 170)
3(754 650 651)
3(170 651 650)
3(154 566 614)
3(154 153 566)
3(136 137 498)
3(906 803 204)
3(844 845 796)
3(207 796 845)
3(240 956 1060)
3(240 241 956)
3(490 538 137)
3(490 137 489)
3(491 139 540)
3(491 492 139)
3(491 540 492)
3(567 156 616)
3(221 982 879)
3(842 205 794)
3(205 204 794)
3(239 945 995)
3(945 994 995)
3(870 918 222)
3(221 870 222)
3(995 946 945)
3(239 945 946)
3(206 804 908)
3(206 207 804)
3(795 796 206)
3(795 844 796)
3(1060 1059 956)
3(171 754 651)
3(171 651 170)
3(223 881 880)
3(221 222 879)
3(156 155 567)
3(139 138 491)
3(204 205 803)
3(906 803 205)
3(842 843 794)
3(1248 267 1307)
3(16 1307 267)
3(295 695 696)
3(1320 1297 2428)
3(1319 1297 1320)
3(740 749 1340)
3(655 1340 749)
3(1325 23 1441)
3(1418 1325 1441)
3(1418 1441 23)
3(267 1295 266)
3(1360 1382 1381)
3(1315 1316 2450)
3(1315 1104 1316)
3(1316 1104 2450)
3(2402 1142 2454)
3(922 913 1460)
3(913 855 1460)
3(922 1460 855)
3(672 663 1332)
3(578 672 1332)
3(1475 2326 2364)
3(1296 1313 2345)
3(1296 2345 1311)
3(1296 1311 1313)
3(258 1158 1324)
3(257 1324 1158)
3(257 258 1324)
3(258 1167 1324)
3(258 1291 1324)
3(1294 2427 1317)
3(1316 1317 2427)
3(1294 1317 1316)
3(296 2425 1323)
3(296 1323 2341)
3(1042 1033 22)
3(1042 1328 1033)
3(1034 23 1025)
3(1034 1025 1330)
3(1037 1028 304)
3(1037 1331 1028)
3(1039 304 1030)
3(1039 1030 1329)
3(703 712 20)
3(703 1289 712)
3(708 717 296)
3(708 1288 717)
3(2331 2455 2463)
3(1415 2434 1447)
3(1415 1447 2433)
3(1041 1032 1328)
3(1041 305 1032)
3(1036 1027 1331)
3(1036 303 1027)
3(1289 704 713)
3(295 713 704)
3(1288 709 718)
3(297 718 709)
3(930 1461 921)
3(921 1461 863)
3(930 863 1461)
3(671 680 1333)
3(680 586 1333)
3(2332 2412 2382)
3(1318 1293 2386)
3(1318 2386 2341)
3(1307 1295 267)
3(1301 2351 304)
3(947 955 240)
3(956 947 240)
3(946 955 240)
3(871 223 879)
3(879 223 870)
3(871 870 223)
3(205 795 803)
3(804 795 205)
3(804 205 803)
3(207 194 195)
3(207 13 194)
3(195 194 13)
3(207 796 805)
3(207 805 194)
3(207 194 796)
3(881 872 224)
3(881 223 872)
3(872 223 224)
3(568 576 156)
3(577 156 576)
3(568 156 577)
3(566 153 574)
3(153 565 574)
3(138 491 499)
3(138 500 491)
3(205 794 803)
3(86 85 199)
3(86 199 5)
3(86 5 85)
3(484 493 2)
3(484 131 493)
3(166 637 645)
3(646 637 166)
3(636 645 166)
3(953 238 945)
3(945 238 954)
3(641 169 650)
3(641 649 169)
3(169 649 650)
3(565 152 573)
3(152 564 573)
3(873 216 865)
3(865 216 874)
3(94 864 6)
3(94 6 93)
3(797 200 789)
3(789 200 798)
3(867 218 876)
3(875 218 867)
3(864 6 873)
3(873 216 864)
3(865 864 216)
3(168 647 638)
3(167 638 647)
3(165 636 645)
3(234 949 941)
3(234 940 949)
3(796 804 207)
3(238 953 944)
3(237 944 953)
3(170 650 641)
3(640 649 169)
3(168 640 649)
3(168 169 640)
3(168 639 647)
3(168 648 639)
3(199 797 788)
3(86 199 788)
3(86 797 199)
3(569 148 560)
3(569 560 149)
3(569 149 148)
3(62 61 165)
3(62 0 61)
3(234 950 941)
3(484 78 2)
3(7 102 940)
3(7 101 102)
3(944 236 953)
3(952 236 944)
3(168 639 638)
3(200 797 788)
3(486 134 495)
3(486 495 133)
3(134 133 495)
3(148 560 70)
3(561 149 569)
3(569 570 149)
3(561 149 570)
3(487 495 134)
3(134 495 496)
3(487 134 496)
3(636 165 62)
3(636 61 165)
3(865 217 874)
3(865 216 217)
3(78 2 77)
3(940 233 102)
3(7 102 233)
3(950 941 235)
3(940 949 233)
3(867 219 876)
3(945 944 238)
3(206 796 804)
3(203 801 792)
3(203 792 800)
3(216 6 873)
3(874 866 217)
3(875 218 866)
3(875 866 217)
3(637 646 167)
3(638 167 646)
3(102 949 233)
3(950 942 235)
3(941 235 942)
3(951 942 235)
3(212 224 211)
3(212 211 14)
3(168 640 648)
3(649 168 648)
3(567 576 155)
3(567 156 576)
3(156 155 576)
3(790 202 799)
3(790 799 201)
3(790 201 202)
3(791 202 799)
3(790 202 791)
3(791 202 800)
3(952 236 943)
3(957 15 228)
3(228 15 229)
3(881 224 211)
3(881 212 224)
3(195 207 805)
3(201 798 789)
3(132 494 486)
3(132 485 494)
3(957 15 948)
3(161 173 160)
3(160 173 11)
3(161 160 11)
3(948 957 241)
3(653 173 160)
3(639 168 640)
3(653 173 644)
3(160 644 173)
3(143 577 10)
3(143 10 144)
3(871 223 880)
3(879 222 870)
3(494 486 133)
3(494 133 132)
3(154 576 567)
3(154 567 575)
3(154 575 576)
3(956 241 948)
3(139 127 126)
3(139 126 501)
3(201 798 790)
3(789 201 790)
3(133 494 495)
3(9 126 139)
3(127 126 9)
3(499 490 138)
3(499 137 490)
3(566 575 154)
3(139 492 501)
3(126 492 139)
3(804 795 206)
3(946 955 239)
3(492 500 139)
3(137 498 489)
3(136 489 498)
3(880 223 872)
3(221 870 878)
3(879 870 221)
3(878 221 869)
3(204 802 794)
3(204 793 802)
3(154 574 566)
3(154 153 574)
3(204 803 794)
3(956 241 947)
3(948 947 241)
3(500 139 491)
3(498 490 137)
3(872 871 223)
3(240 241 947)
3(575 154 574)
3(1315 1316 2427)
3(2427 1316 2450)
3(1320 1321 2428)
3(1297 1321 1320)
3(252 1113 1294)
3(1316 252 1294)
3(1294 2350 1317)
3(863 210 319)
3(209 319 210)
3(595 145 317)
3(146 317 595)
3(145 317 146)
3(1317 1301 2350)
3(1294 1301 1317)
3(2380 2331 2418)
3(1435 1404 1439)
3(1415 1448 2434)
3(1415 1442 1448)
3(1314 1316 2427)
3(1314 1315 1316)
3(1038 1037 304)
3(1038 304 2465)
3(324 92 846)
3(324 846 91)
3(324 91 92)
3(578 71 312)
3(72 312 71)
3(312 502 73)
3(312 73 79)
3(596 73 312)
3(596 312 502)
3(779 90 324)
3(837 324 90)
3(837 779 324)
3(84 90 324)
3(307 1325 23)
3(307 23 1441)
3(1292 250 1095)
3(1292 268 250)
3(714 298 713)
3(714 713 295)
3(1027 1026 308)
3(1027 303 1026)
3(718 719 300)
3(718 297 719)
3(1031 310 1032)
3(1031 1032 305)
3(262 1326 1194)
3(262 1203 1326)
3(934 1463 935)
3(992 935 1463)
3(934 992 1463)
3(1316 1104 251)
3(1316 251 252)
3(2332 2412 2364)
3(1158 257 1296)
3(257 1324 1296)
3(261 1326 1194)
3(261 262 1326)
3(1320 1321 2466)
3(1323 2390 2425)
3(296 2390 1323)
3(1095 250 1315)
3(251 1315 250)
3(22 1322 302)
3(22 302 1382)
3(1320 297 2466)
3(297 1321 2466)
3(1320 1321 297)
3(260 261 1297)
3(1026 1018 308)
3(1017 308 1018)
3(1023 310 1031)
3(1023 1022 310)
3(714 298 722)
3(722 723 298)
3(300 727 719)
3(300 727 728)
3(1292 16 268)
3(1292 1307 16)
3(263 1302 1212)
3(263 1212 1327)
3(263 1327 1302)
3(930 929 1461)
3(929 1466 1461)
3(670 671 1333)
3(670 1333 1338)
3(1141 2402 1300)
3(1315 251 1316)
3(1315 1292 250)
3(1301 304 1317)
3(662 316 181)
3(662 162 316)
3(162 181 316)
3(756 662 316)
3(242 318 939)
3(227 939 318)
3(227 318 242)
3(997 318 939)
3(991 1463 1000)
3(991 933 1463)
3(933 1000 1463)
3(741 1335 750)
3(741 656 1335)
3(656 750 1335)
3(740 732 298)
3(731 298 732)
3(741 732 298)
3(737 745 300)
3(300 745 746)
3(736 300 737)
3(745 300 736)
3(1000 308 1008)
3(1008 1009 308)
3(1000 308 1009)
3(1013 310 1005)
3(1013 1014 310)
3(1013 310 1004)
3(1005 1004 310)
3(850 1464 842)
3(842 1464 851)
3(850 851 1464)
3(842 841 1464)
3(1336 600 592)
3(1336 592 591)
3(1336 591 600)
3(592 1336 601)
3(601 1336 600)
3(1194 1297 1326)
3(261 1326 1297)
3(1448 1447 1415)
3(2418 2331 2455)
3(2418 2463 2331)
3(2418 2455 2463)
3(1318 1295 2386)
3(1293 1295 1318)
3(1446 1415 1447)
3(1323 1302 2425)
3(52 703 20)
3(20 703 1420)
3(52 20 1420)
3(111 23 1034)
3(1418 23 111)
3(711 176 19)
3(711 19 1361)
3(19 176 1361)
3(247 1042 22)
3(247 22 1359)
3(1140 255 1300)
3(1296 1140 1300)
3(1296 1300 255)
3(1475 2327 2326)
3(832 1482 189)
3(832 831 1482)
3(832 1482 190)
3(1302 1203 263)
3(1212 1203 1302)
3(262 1302 1203)
3(262 263 1302)
3(1036 303 1044)
3(1036 1035 303)
3(1044 303 1035)
3(1036 303 1045)
3(696 295 704)
3(704 295 695)
3(1049 305 1041)
3(1041 1040 305)
3(704 705 295)
3(182 1480 825)
3(1480 825 824)
3(1480 824 182)
3(1301 1300 304)
3(748 311 63)
3(57 63 311)
3(63 654 311)
3(654 748 311)
3(323 106 931)
3(323 931 100)
3(323 100 106)
3(323 989 931)
3(253 1294 1113)
3(253 1122 1294)
3(1326 1302 1321)
3(1320 297 1308)
3(464 1479 122)
3(464 465 1479)
3(122 1479 465)
3(457 1481 115)
3(457 458 1481)
3(457 1481 114)
3(2383 2364 2412)
3(2412 2364 2418)
3(250 1292 16)
3(1323 1302 1327)
3(716 296 708)
3(716 296 707)
3(304 1038 1030)
3(304 1029 1038)
3(1038 1039 304)
3(703 20 53)
3(53 20 52)
3(111 1025 23)
3(111 23 110)
3(176 720 19)
3(176 19 177)
3(720 19 711)
3(1042 246 22)
3(246 22 247)
3(715 296 707)
3(706 715 296)
3(1037 304 1029)
3(1302 1326 262)
3(254 1301 1122)
3(254 1131 1301)
3(1316 1317 1314)
3(1313 2402 1296)
3(265 1293 1221)
3(264 1327 1212)
3(264 1327 263)
3(265 1293 264)
3(253 1294 252)
3(596 1339 588)
3(597 588 1339)
3(596 597 1339)
3(587 596 1339)
3(2375 2326 2380)
3(2327 2364 2392)
3(657 648 2312)
3(751 648 657)
3(751 2312 648)
3(751 657 2312)
3(956 1059 2293)
3(956 2293 965)
3(879 982 2305)
3(879 2305 888)
3(982 888 2305)
3(952 2292 961)
3(952 1055 2292)
3(631 640 2297)
3(640 689 2297)
3(631 2297 689)
3(483 492 2301)
3(541 2301 492)
3(541 483 2301)
3(194 2286 193)
3(194 208 2286)
3(208 193 2286)
3(194 193 208)
3(792 2306 783)
3(841 783 2306)
3(792 783 841)
3(792 841 2306)
3(29 82 761)
3(182 82 29)
3(130 528 27)
3(122 130 27)
3(296 2390 1321)
3(296 1321 1323)
3(761 29 83)
3(83 29 82)
3(83 770 29)
3(761 29 770)
3(81 26 511)
3(81 520 26)
3(511 26 520)
3(511 80 26)
3(81 26 80)
3(28 191 778)
3(28 778 192)
3(28 192 191)
3(28 191 769)
3(28 769 778)
3(528 129 27)
3(27 129 519)
3(528 27 519)
3(129 27 130)
3(1122 253 1301)
3(254 1301 253)
3(852 1464 843)
3(843 1464 785)
3(852 785 1464)
3(1300 1140 2402)
3(1031 1030 1329)
3(1031 1329 1039)
3(1026 1025 1330)
3(1026 1330 1034)
3(704 1289 712)
3(712 713 1289)
3(717 709 1288)
3(1331 1028 1036)
3(717 718 1288)
3(1331 1028 1027)
3(1041 1328 1033)
3(1033 1032 1328)
3(254 1131 1300)
3(1301 254 1300)
3(2418 2380 2455)
3(257 1149 1296)
3(257 1296 256)
3(118 314 525)
3(118 119 314)
3(118 314 524)
3(525 524 314)
3(314 524 117)
3(314 117 118)
3(524 523 314)
3(1027 1331 1019)
3(715 723 1290)
3(724 1290 723)
3(1331 1019 1018)
3(715 714 1290)
3(1025 1330 1017)
3(1017 1016 1330)
3(721 713 1289)
3(721 722 1289)
3(720 728 1287)
3(729 1287 728)
3(1032 1328 1024)
3(1022 1329 1030)
3(1022 1021 1329)
3(719 1287 720)
3(1024 1023 1328)
3(726 718 1288)
3(727 1288 726)
3(524 314 516)
3(524 314 515)
3(515 523 314)
3(771 779 1467)
3(771 1467 780)
3(780 1467 779)
3(770 1467 771)
3(503 511 1339)
3(503 1339 512)
3(512 1339 511)
3(502 511 1339)
3(502 1339 503)
3(1301 1294 253)
3(187 329 765)
3(186 765 329)
3(187 186 329)
3(765 766 329)
3(186 329 764)
3(186 185 329)
3(764 765 329)
3(766 329 774)
3(774 329 765)
3(329 765 773)
3(845 853 1465)
3(845 1465 854)
3(1465 844 853)
3(845 844 1465)
3(255 1300 1131)
3(162 671 316)
3(163 316 671)
3(163 162 316)
3(226 318 939)
3(226 318 227)
3(604 146 317)
3(604 317 595)
3(854 319 208)
3(209 208 319)
3(854 319 845)
3(208 845 319)
3(147 317 604)
3(146 317 147)
3(992 1463 1000)
3(992 991 1463)
3(1000 1001 1463)
3(992 1463 1001)
3(742 1335 750)
3(742 741 1335)
3(750 751 1335)
3(312 73 587)
3(312 72 73)
3(587 312 596)
3(837 324 91)
3(91 324 90)
3(837 324 846)
3(831 1482 823)
3(824 816 1480)
3(824 1480 815)
3(1466 997 1005)
3(1466 1005 1006)
3(1466 1006 997)
3(1466 996 1005)
3(997 996 1466)
3(755 1338 747)
3(747 1338 756)
3(755 756 1338)
3(747 746 1338)
3(755 1338 746)
3(465 473 1479)
3(465 1479 474)
3(466 1481 458)
3(466 467 1481)
3(734 299 726)
3(735 726 299)
3(1012 1020 309)
3(1012 309 1021)
3(734 299 725)
3(1020 309 1011)
3(55 21 721)
3(721 21 730)
3(55 21 54)
3(109 1007 25)
3(109 25 108)
3(1016 1007 25)
3(738 18 178)
3(178 18 179)
3(738 18 729)
3(24 1024 244)
3(24 1015 1024)
3(24 245 244)
3(1019 1011 309)
3(1019 309 1010)
3(733 299 725)
3(733 299 724)
3(654 311 64)
3(64 311 63)
3(100 323 922)
3(922 99 323)
3(100 323 99)
3(1296 1300 2402)
3(1313 1300 1296)
3(966 2293 957)
3(1060 957 2293)
3(966 1060 2293)
3(953 962 2292)
3(953 2292 1056)
3(880 2305 983)
3(880 889 2305)
3(889 983 2305)
3(491 482 2301)
3(540 491 2301)
3(630 2297 639)
3(630 688 2297)
3(630 639 688)
3(688 639 2297)
3(796 787 2286)
3(796 845 787)
3(796 2286 845)
3(787 845 2286)
3(1466 939 947)
3(1466 948 939)
3(1466 947 948)
3(1466 938 947)
3(653 661 1338)
3(653 1338 662)
3(661 1338 652)
3(1338 653 652)
3(786 1465 778)
3(778 1465 787)
3(786 787 1465)
3(786 1465 777)
3(778 777 1465)
3(518 1337 510)
3(518 519 1337)
3(518 1337 509)
3(510 509 1337)
3(3 26 520)
3(26 81 3)
3(122 8 27)
3(130 27 8)
3(4 29 182)
3(4 82 29)
3(769 12 28)
3(12 28 191)
3(255 1300 254)
3(295 713 705)
3(718 297 710)
3(710 709 297)
3(1035 1027 303)
3(1035 303 1026)
3(1032 1040 305)
3(1031 1040 305)
3(494 2309 503)
3(597 503 2309)
3(494 597 2309)
3(494 503 597)
3(1006 1014 1466)
3(746 1338 738)
3(934 1463 926)
3(926 1463 935)
3(934 1463 925)
3(926 925 1463)
3(991 235 2291)
3(991 2291 942)
3(235 942 2291)
3(991 942 235)
3(203 2310 841)
3(203 792 2310)
3(792 841 2310)
3(203 841 792)
3(533 131 2307)
3(131 484 2307)
3(533 2307 484)
3(563 151 612)
3(612 151 2314)
3(563 2314 151)
3(563 612 2314)
3(917 220 2289)
3(220 868 2289)
3(917 868 220)
3(917 2289 868)
3(170 2295 690)
3(641 690 2295)
3(170 641 2295)
3(601 136 2302)
3(136 498 2302)
3(601 2302 498)
3(135 600 497)
3(135 2303 600)
3(135 497 2303)
3(497 600 2303)
3(1058 239 2290)
3(239 955 2290)
3(1058 2290 955)
3(674 150 2313)
3(674 571 150)
3(150 571 2313)
3(674 2313 571)
3(677 153 2296)
3(677 2296 574)
3(153 574 2296)
3(677 574 153)
3(990 1468 998)
3(989 1468 990)
3(989 998 1468)
3(998 999 1468)
3(990 1468 999)
3(748 740 1340)
3(740 739 1340)
3(748 1340 739)
3(748 749 1340)
3(865 216 1460)
3(216 217 1460)
3(865 1460 217)
3(864 216 1460)
3(865 864 1460)
3(148 1332 672)
3(673 672 1332)
3(148 673 1332)
3(913 217 1460)
3(913 1460 216)
3(217 1460 914)
3(913 914 1460)
3(749 1340 645)
3(1340 748 645)
3(990 1468 940)
3(941 940 1468)
3(941 1468 990)
3(989 1468 940)
3(1340 645 646)
3(1340 646 749)
3(115 522 313)
3(522 521 313)
3(672 569 1332)
3(148 1332 569)
3(864 913 1460)
3(513 313 521)
3(512 521 313)
3(1468 932 940)
3(1468 941 932)
3(654 646 1340)
3(654 1340 645)
3(646 1340 655)
3(1468 931 940)
3(527 315 120)
3(527 526 315)
3(526 315 518)
3(527 518 315)
3(865 1460 914)
3(872 223 1461)
3(223 224 1461)
3(872 1461 224)
3(872 871 1461)
3(223 1461 871)
3(1333 156 576)
3(1333 576 577)
3(1333 577 156)
3(155 1333 156)
3(155 576 1333)
3(767 330 189)
3(767 768 330)
3(768 330 776)
3(768 330 777)
3(922 914 1460)
3(672 1332 664)
3(673 664 1332)
3(914 1460 923)
3(762 328 184)
3(762 763 328)
3(771 763 328)
3(771 328 762)
3(1017 1009 308)
3(1017 308 1008)
3(731 723 298)
3(731 298 722)
3(723 298 732)
3(1009 308 1018)
3(310 1022 1014)
3(310 1013 1022)
3(736 728 300)
3(736 300 727)
3(728 300 737)
3(310 1023 1014)
3(680 1333 155)
3(680 679 1333)
3(155 1333 679)
3(680 1333 156)
3(920 1461 224)
3(920 921 1461)
3(921 224 1461)
3(223 920 1461)
3(856 864 1460)
3(865 856 1460)
3(578 1332 570)
3(579 1332 578)
3(579 570 1332)
3(578 1332 569)
3(569 1332 570)
3(855 1460 856)
3(855 864 1460)
3(847 855 1460)
3(579 1332 587)
3(594 1333 586)
3(586 585 1333)
3(862 1461 854)
3(862 863 1461)
3(942 933 1463)
3(942 1463 991)
3(942 991 933)
3(739 731 1340)
3(1007 1468 999)
3(921 929 1461)
3(920 929 1461)
3(671 1333 679)
3(679 1333 670)
3(754 1334 650)
3(754 753 1334)
3(1334 753 650)
3(995 1462 945)
3(945 1462 946)
3(995 946 1462)
3(1462 994 995)
3(1462 945 994)
3(1334 650 651)
3(1334 651 754)
3(585 1333 577)
3(577 1333 586)
3(863 871 1461)
3(863 1461 872)
3(871 1461 862)
3(585 1333 576)
3(495 1341 134)
3(495 496 1341)
3(134 1341 496)
3(134 133 1341)
3(495 1341 133)
3(790 202 1469)
3(790 1469 791)
3(202 791 1469)
3(201 202 1469)
3(201 1469 790)
3(133 1341 599)
3(134 599 1341)
3(599 598 1341)
3(133 1341 598)
3(202 1469 839)
3(839 1469 201)
3(839 840 1469)
3(202 1469 840)
3(577 680 1333)
3(1461 921 872)
3(745 753 1334)
3(745 1334 754)
3(1334 744 753)
3(1462 995 1003)
3(1462 1004 995)
3(1003 1462 994)
3(513 1341 505)
3(505 504 1341)
3(781 1469 773)
3(781 782 1469)
3(781 1469 772)
3(1333 679 576)
3(920 871 223)
3(920 1461 871)
3(840 848 1469)
3(849 1469 848)
3(849 840 1469)
3(590 1341 598)
3(590 589 1341)
3(589 598 1341)
3(839 848 1469)
3(599 590 1341)
3(1341 504 496)
3(1341 495 504)
3(1341 505 496)
3(790 782 1469)
3(790 1469 781)
3(782 1469 791)
3(1462 937 945)
3(1462 946 937)
3(651 1334 659)
3(650 659 1334)
3(660 1334 659)
3(651 1334 660)
3(936 1462 937)
3(945 1462 936)
3(516 508 1336)
3(508 507 1336)
3(508 1336 517)
3(1464 784 776)
3(784 785 1464)
3(1464 785 776)
3(933 1463 934)
3(942 934 1463)
3(936 928 1462)
3(928 927 1462)
3(936 1462 927)
3(668 660 1334)
3(668 1334 659)
3(668 669 1334)
3(790 839 1469)
3(790 201 839)
3(602 1336 498)
3(602 601 1336)
3(498 1336 601)
3(498 499 1336)
3(602 1336 499)
3(842 794 1464)
3(1464 794 793)
3(842 1464 793)
3(1464 842 843)
3(1464 843 794)
3(611 150 2308)
3(150 562 2308)
3(611 2308 562)
3(599 496 134)
3(599 1341 496)
3(996 1466 938)
3(996 947 1466)
3(661 1338 755)
3(755 1338 652)
3(661 755 652)
3(662 756 1338)
3(653 1338 756)
3(939 1466 997)
3(997 1466 948)
3(925 1463 933)
3(924 933 1463)
3(925 924 1463)
3(657 1335 665)
3(665 1335 656)
3(657 656 1335)
3(665 666 1335)
3(657 1335 666)
3(843 1464 851)
3(593 1336 601)
3(1336 602 593)
3(785 1464 793)
3(793 1464 784)
3(499 1336 507)
3(1336 498 507)
3(1336 508 499)
3(785 1464 794)
3(612 2308 151)
3(563 151 2308)
3(612 563 2308)
3(1468 931 989)
3(1340 748 654)
3(172 652 643)
3(643 652 2299)
3(172 2299 652)
3(172 643 2299)
3(868 877 2311)
3(868 220 877)
3(877 220 2311)
3(868 2311 220)
3(644 653 2300)
3(653 173 2300)
3(644 2300 173)
3(643 2300 652)
3(643 172 2300)
3(172 652 2300)
3(867 2311 876)
3(867 219 2311)
3(219 876 2311)
3(642 2299 651)
3(171 651 2299)
3(642 171 2299)
3(642 651 171)
3(602 1336 508)
3(676 2296 152)
3(676 573 2296)
3(573 152 2296)
3(238 1057 2290)
3(238 2290 954)
3(1057 954 2290)
3(149 673 2313)
3(149 570 673)
3(149 2313 570)
3(673 570 2313)
3(134 599 2303)
3(599 496 2303)
3(134 2303 496)
3(135 600 2302)
3(497 135 2302)
3(497 2302 600)
3(691 2295 171)
3(691 642 2295)
3(691 171 642)
3(642 171 2295)
3(152 613 2314)
3(613 564 2314)
3(152 2314 564)
3(221 918 2289)
3(869 2289 918)
3(869 221 2289)
3(534 2307 132)
3(485 132 2307)
3(534 485 2307)
3(204 842 2310)
3(204 2310 793)
3(842 793 2310)
3(236 992 2291)
3(992 943 2291)
3(236 2291 943)
3(781 839 1469)
3(781 790 839)
3(679 576 585)
3(679 585 1333)
3(599 1341 505)
3(599 505 496)
3(1332 673 570)
3(579 570 673)
3(579 673 1332)
3(914 856 1460)
3(660 754 1334)
3(937 1462 995)
3(601 498 507)
3(601 507 1336)
3(793 842 784)
3(842 1464 784)
3(591 590 1335)
3(591 1335 1341)
3(591 1341 590)
3(1341 1335 590)
3(1468 924 1460)
3(923 924 1468)
3(1332 1340 311)
3(149 674 2313)
3(673 2313 674)
3(744 1334 299)
3(300 744 299)
3(300 299 1334)
3(978 2288 979)
3(884 979 2288)
3(667 1334 659)
3(667 668 1334)
3(323 1460 922)
3(1468 1460 323)
3(744 752 2294)
3(744 2294 753)
3(752 753 2294)
3(677 152 2296)
3(152 153 2296)
3(509 1337 517)
3(509 508 1337)
3(517 1337 508)
3(118 1471 461)
3(460 1471 118)
3(460 461 1471)
3(314 118 1474)
3(118 119 1474)
3(314 1474 119)
3(308 1463 1001)
3(1001 1463 309)
3(308 1001 309)
3(308 309 1463)
3(1340 1335 656)
3(1340 656 665)
3(1340 665 1335)
3(299 743 1334)
3(1334 743 744)
3(193 796 2286)
3(796 194 2286)
3(311 21 56)
3(1332 1335 665)
3(1332 580 1335)
3(1335 580 665)
3(1332 665 580)
3(1336 668 667)
3(1336 667 583)
3(1336 583 668)
3(656 1340 664)
3(1335 1340 741)
3(298 1335 741)
3(298 1340 1335)
3(664 665 1340)
3(615 616 2287)
3(558 615 2287)
3(193 787 2286)
3(917 221 2289)
3(221 220 2289)
3(1464 1465 785)
3(1465 852 785)
3(1464 852 1465)
3(1000 1463 308)
3(1468 1463 1000)
3(1468 308 1463)
3(329 1476 185)
3(329 186 1476)
3(186 185 1476)
3(323 107 25)
3(1476 186 1470)
3(1476 828 186)
3(1470 186 828)
3(624 616 2287)
3(970 978 2288)
3(970 2288 979)
3(611 151 2308)
3(151 150 2308)
3(150 2313 149)
3(1340 1332 665)
3(665 1332 664)
3(308 1009 1001)
3(308 1001 1000)
3(855 323 922)
3(957 965 2293)
3(776 785 1465)
3(1465 785 777)
3(1474 118 1471)
3(1474 461 118)
3(1474 1471 461)
3(503 495 2309)
3(495 494 2309)
3(503 504 2309)
3(495 2309 504)
3(1462 861 928)
3(1461 861 1462)
3(1461 928 861)
3(1462 309 1003)
3(1002 309 1462)
3(1002 1462 1003)
3(308 1010 1001)
3(308 1009 1010)
3(918 2289 917)
3(953 961 2292)
3(991 2291 236)
3(991 992 2291)
3(238 2290 1058)
3(238 239 2290)
3(1462 926 927)
3(1462 1464 926)
3(926 1464 927)
3(1462 927 1464)
3(1466 1461 1462)
3(1058 1057 2290)
3(956 2293 1060)
3(956 957 2293)
3(953 952 2292)
3(1462 935 927)
3(926 935 1462)
3(236 235 2291)
3(310 309 1003)
3(1462 309 310)
3(885 979 2288)
3(924 1460 1463)
3(1468 924 1463)
3(1468 1463 1460)
3(1476 185 328)
3(1476 328 329)
3(1468 932 924)
3(1003 310 1012)
3(310 309 1012)
3(780 772 1467)
3(1463 309 1002)
3(1463 1002 1001)
3(1463 1462 1002)
3(1463 309 1462)
3(24 310 1015)
3(1466 310 24)
3(1060 1059 2293)
3(743 2294 744)
3(743 752 2294)
3(741 733 298)
3(298 733 732)
3(135 601 2302)
3(601 600 2302)
3(841 204 2310)
3(204 203 2310)
3(119 1474 315)
3(983 879 2305)
3(880 2305 879)
3(328 184 1476)
3(328 1476 1480)
3(983 982 2305)
3(667 1334 1336)
3(667 1336 1335)
3(667 1335 1334)
3(1336 1334 1335)
3(299 1335 743)
3(299 742 1335)
3(1335 743 1334)
3(1335 1334 299)
3(300 744 735)
3(300 735 299)
3(298 299 742)
3(298 742 1335)
3(298 1335 299)
3(652 644 2300)
3(644 643 2300)
3(652 653 2300)
3(736 300 744)
3(736 735 300)
3(669 677 2298)
3(678 669 2298)
3(678 2298 677)
3(668 2298 669)
3(690 171 2295)
3(171 170 2295)
3(691 2295 690)
3(667 1334 658)
3(659 658 1334)
3(300 18 738)
3(300 1338 18)
3(18 316 180)
3(491 483 2301)
3(491 492 2301)
3(540 492 2301)
3(538 539 2304)
3(538 2304 481)
3(539 481 2304)
3(1333 1338 1334)
3(540 541 2301)
3(643 651 2299)
3(652 2299 651)
3(1337 594 508)
3(509 594 1337)
3(643 642 2299)
3(639 631 2297)
3(630 2297 631)
3(136 2302 135)
3(1467 846 324)
3(1467 324 1460)
3(315 1336 314)
3(600 134 2303)
3(135 2303 134)
3(599 2303 600)
3(1471 117 313)
3(1336 1337 508)
3(1471 314 118)
3(1474 314 1471)
3(1336 668 1334)
3(1332 1335 589)
3(1332 589 1341)
3(1335 1341 589)
3(1332 1341 1335)
3(314 1341 313)
3(132 533 2307)
3(534 2307 533)
3(640 2297 639)
3(314 117 1471)
3(117 118 1471)
3(667 1335 591)
3(591 1335 582)
3(667 591 582)
3(1336 1335 591)
3(667 1336 591)
3(591 1336 583)
3(590 1335 582)
3(868 876 2311)
3(876 877 2311)
3(547 539 2304)
3(152 612 2314)
3(612 613 2314)
3(868 867 2311)
3(1471 314 313)
3(1474 461 119)
3(1340 1332 1335)
3(1474 315 314)
3(1479 122 27)
3(1479 27 315)
3(186 329 1470)
3(187 1470 329)
3(187 186 1470)
3(1462 861 927)
3(1476 329 1470)
3(1470 330 187)
3(1470 329 330)
3(1464 1469 774)
3(1464 329 1469)
3(657 2312 649)
3(657 658 2312)
3(658 649 2312)
3(649 648 2312)
3(880 2305 888)
3(926 1463 1464)
3(926 1462 1463)
3(1462 1464 1463)
3(850 1463 1469)
3(850 1464 1463)
3(850 1469 1464)
3(1463 1464 1469)
3(850 858 1463)
3(1463 858 859)
3(850 1463 859)
3(852 1462 1461)
3(852 861 1462)
3(677 676 2296)
3(852 1464 1461)
3(852 1462 1464)
3(1462 1461 1464)
3(785 786 1465)
3(852 1461 1465)
3(852 1465 853)
3(852 786 1465)
3(1464 330 329)
3(1462 935 936)
3(1482 330 28)
3(1476 185 828)
3(791 2306 783)
3(791 792 2306)
3(298 742 733)
3(298 741 742)
3(1469 329 328)
3(186 829 1470)
3(783 782 2306)
3(791 2306 782)
3(849 1463 850)
3(849 858 1463)
3(924 1468 933)
3(1468 932 933)
3(1056 2292 952)
3(849 1469 850)
3(849 1463 1469)
3(848 1463 1460)
3(848 1460 1469)
3(848 1469 1463)
3(1463 1469 1460)
3(1469 1460 847)
3(1469 847 1467)
3(1469 1467 1460)
3(1460 1463 857)
3(857 1463 924)
3(848 1463 857)
3(308 1010 309)
3(1480 182 29)
3(1480 29 328)
3(1335 589 580)
3(132 131 2307)
3(611 612 2308)
3(312 587 1339)
3(312 1339 1332)
3(1336 1341 591)
3(1335 1341 1336)
3(1332 1341 588)
3(1339 588 1341)
3(1339 1341 1332)
3(1481 313 26)
3(841 842 2310)
3(504 512 1339)
3(504 503 1339)
3(1469 848 847)
3(1468 1463 933)
3(298 299 733)
3(318 24 243)
3(1341 588 589)
3(1465 1464 1461)
3(590 1335 581)
3(151 2314 152)
3(1004 310 1012)
3(1012 1013 310)
3(1336 515 1341)
3(1336 1341 314)
3(2438 2449 2350)
3(930 319 210)
3(930 318 319)
3(210 319 318)
3(319 863 930)
3(319 930 1461)
3(319 1461 318)
3(2390 296 699)
3(770 324 29)
3(770 29 1467)
3(29 324 1467)
3(324 29 83)
3(663 312 71)
3(71 312 311)
3(1460 323 855)
3(1460 324 323)
3(839 847 1469)
3(2305 974 982)
3(983 974 2305)
3(2305 973 982)
3(974 973 2305)
3(832 1482 198)
3(198 1482 190)
3(1482 198 322)
3(12 198 1482)
3(12 198 322)
3(457 1481 74)
3(74 1481 114)
3(1481 74 325)
3(3 74 1481)
3(3 74 325)
3(2423 1356 2329)
3(519 317 27)
3(519 27 1337)
3(27 317 1337)
3(317 27 129)
3(2347 2372 2401)
3(621 2322 2388)
3(621 630 2322)
3(2322 2361 621)
3(2466 1321 2336)
3(1035 1325 1043)
3(1480 4 182)
3(824 4 1480)
3(29 4 1480)
3(1480 4 327)
3(29 1480 327)
3(29 327 4)
3(1479 8 122)
3(465 8 1479)
3(27 8 1479)
3(1479 8 320)
3(27 1479 320)
3(27 320 8)
3(292 2409 2435)
3(729 300 18)
3(729 738 300)
3(300 1287 729)
3(300 18 1287)
3(300 729 737)
3(299 298 724)
3(724 298 1290)
3(299 1290 298)
3(298 724 733)
3(732 298 724)
3(1021 310 1012)
3(1013 310 1021)
3(309 1021 310)
3(1021 310 1329)
3(309 1329 310)
3(1016 308 1007)
3(1008 308 1016)
3(25 1016 308)
3(1016 308 1330)
3(25 1330 308)
3(808 2359 893)
3(893 2359 2324)
3(2359 893 807)
3(2441 2370 898)
3(2411 2322 621)
3(621 2322 620)
3(2411 2361 621)
3(2341 697 2445)
3(2445 697 696)
3(697 2445 2322)
3(2445 2341 2322)
3(2445 697 630)
3(2445 630 696)
3(630 2445 2322)
3(695 1303 704)
3(703 1303 695)
3(295 695 1303)
3(695 1303 2365)
3(2429 2340 896)
3(896 2340 895)
3(1204 1196 2428)
3(1231 2386 1239)
3(1042 1322 1050)
3(1463 849 857)
3(1463 857 858)
3(781 847 1469)
3(839 847 781)
3(1467 781 772)
3(1467 780 781)
3(781 1469 1467)
3(847 781 1467)
3(847 780 781)
3(847 1467 780)
3(2425 2426 2336)
3(1102 1111 2452)
3(2452 1111 1103)
3(1111 2452 2347)
3(1112 2452 1111)
3(28 1465 192)
3(192 1465 778)
3(28 778 1465)
3(1465 192 319)
3(28 319 192)
3(28 1465 319)
3(787 192 1465)
3(787 319 1465)
3(2376 2452 277)
3(1450 2403 976)
3(976 2403 882)
3(612 2361 2337)
3(612 621 2361)
3(2361 554 612)
3(2337 612 554)
3(2361 612 2411)
3(612 2411 554)
3(502 1339 80)
3(80 1339 312)
3(502 312 1339)
3(1339 80 511)
3(26 80 1339)
3(26 312 80)
3(26 1339 312)
3(26 511 1339)
3(540 549 2301)
3(2301 549 541)
3(549 2301 2420)
3(540 549 2420)
3(549 550 2301)
3(2301 550 541)
3(550 2301 2420)
3(536 545 2325)
3(536 2325 2444)
3(688 697 2297)
3(2297 697 689)
3(688 2297 689)
3(697 2297 630)
3(2297 697 698)
3(2297 698 689)
3(534 2358 2457)
3(534 476 2358)
3(534 2457 476)
3(2358 543 534)
3(2358 534 477)
3(687 2445 630)
3(2445 629 687)
3(2445 630 629)
3(536 544 2325)
3(536 2325 535)
3(535 2325 477)
3(536 477 2325)
3(2325 535 544)
3(534 2358 535)
3(535 2358 543)
3(2358 535 477)
3(2325 2358 535)
3(994 1002 1462)
3(935 1462 993)
3(993 1462 1002)
3(935 993 1002)
3(935 1002 1462)
3(1462 993 936)
3(994 993 1462)
3(926 860 927)
3(1464 927 860)
3(1464 860 926)
3(918 926 860)
3(1463 925 859)
3(859 925 858)
3(1463 858 925)
3(925 859 926)
3(1463 926 859)
3(917 925 859)
3(917 859 926)
3(844 1465 852)
3(844 786 1465)
3(850 2306 841)
3(783 2306 850)
3(849 841 2306)
3(849 2306 840)
3(840 2306 841)
3(850 2306 849)
3(999 933 990)
3(990 933 991)
3(2439 2342 614)
3(614 2342 623)
3(2342 614 556)
3(557 2342 614)
3(914 1460 857)
3(781 780 838)
3(789 838 780)
3(781 838 789)
3(781 838 847)
3(781 839 838)
3(838 847 780)
3(925 859 916)
3(916 859 917)
3(859 916 858)
3(925 858 916)
3(867 859 916)
3(928 1461 920)
3(2377 2342 615)
3(615 2342 557)
3(2342 615 624)
3(623 2342 615)
3(904 2340 810)
3(809 2340 904)
3(811 904 2340)
3(919 1461 861)
3(919 862 1461)
3(1461 928 919)
3(919 1461 920)
3(1462 996 1004)
3(1005 1462 1004)
3(1005 996 1462)
3(937 996 1462)
3(1462 996 938)
3(996 1462 995)
3(2359 807 901)
3(2359 901 806)
3(2359 901 893)
3(2359 892 901)
3(2359 893 892)
3(900 2359 1408)
3(900 891 2359)
3(2359 806 900)
3(2359 900 892)
3(901 2359 900)
3(903 2324 808)
3(903 894 2324)
3(2324 809 903)
3(903 2340 2324)
3(903 894 2340)
3(2340 809 903)
3(903 895 2340)
3(600 505 506)
3(497 505 600)
3(497 600 506)
3(665 1332 673)
3(589 597 2309)
3(598 2309 597)
3(589 2309 598)
3(2309 588 597)
3(589 588 2309)
3(754 746 1334)
3(1334 746 745)
3(599 591 1341)
3(1338 1334 755)
3(755 1334 746)
3(1338 746 1334)
3(1334 755 661)
3(754 755 1334)
3(584 585 679)
3(584 679 576)
3(670 1333 678)
3(678 1333 669)
3(668 2298 1334)
3(1334 2298 669)
3(2462 2391 1256)
3(1256 2391 1255)
3(2462 2409 1247)
3(1462 1005 310)
3(1462 1466 1005)
3(1462 310 1466)
3(300 746 1334)
3(300 1334 1338)
3(1392 2301 2420)
3(1392 550 2301)
3(2301 483 1392)
3(2301 1392 541)
3(2407 2345 1324)
3(1324 2345 1159)
3(2345 1324 1311)
3(1296 1324 2345)
3(1296 1324 1311)
3(1303 694 2365)
3(1444 694 1303)
3(695 694 1303)
3(1303 694 703)
3(461 1471 469)
3(2391 275 1256)
3(2394 19 1361)
3(19 1361 1385)
3(2294 744 1334)
3(2294 1334 743)
3(1334 2294 753)
3(2293 1051 1059)
3(2293 1060 1051)
3(2293 1051 2432)
3(1360 1051 2293)
3(1360 2293 1060)
3(1360 2432 2293)
3(966 1360 2293)
3(820 812 2334)
3(2334 812 811)
3(812 2334 2416)
3(616 2354 2421)
3(616 625 2354)
3(2354 558 616)
3(2354 616 2377)
3(19 297 711)
3(711 297 1308)
3(19 1308 297)
3(727 735 300)
3(722 730 298)
3(21 298 721)
3(721 298 730)
3(298 721 1289)
3(21 298 1289)
3(722 721 298)
3(728 300 729)
3(723 298 724)
3(1022 310 1021)
3(1016 308 1017)
3(1015 310 1023)
3(308 1018 1010)
3(1019 308 309)
3(1019 1331 308)
3(309 308 1331)
3(308 1010 1019)
3(308 1019 1018)
3(2288 885 970)
3(970 885 979)
3(295 706 296)
3(296 706 1318)
3(295 296 1318)
3(2367 2323 1058)
3(2323 1058 964)
3(599 600 1341)
3(1341 600 591)
3(600 1341 505)
3(599 600 505)
3(506 600 1341)
3(783 2306 1469)
3(1469 2306 850)
3(783 1469 850)
3(2306 1469 782)
3(849 1469 2306)
3(699 296 1321)
3(1474 1471 470)
3(470 1471 461)
3(1471 470 2444)
3(469 470 1471)
3(2391 1252 271)
3(2391 271 272)
3(271 2391 1251)
3(1251 2391 1252)
3(2391 2379 271)
3(848 1463 849)
3(581 580 1335)
3(581 1335 589)
3(2457 1403 1402)
3(1403 1402 1404)
3(814 1370 899)
3(899 1370 908)
3(814 899 908)
3(1370 899 1349)
3(1348 899 1370)
3(1348 1349 1370)
3(2421 1343 1368)
3(1368 1343 1390)
3(2330 2444 537)
3(1333 679 584)
3(2330 2393 538)
3(981 2417 2333)
3(2350 1045 1037)
3(1052 2374 1419)
3(2417 2389 896)
3(2386 2341 2445)
3(2460 2323 1039)
3(1251 2391 2462)
3(2462 2386 1242)
3(2462 2386 2348)
3(2405 2411 610)
3(2411 610 552)
3(2374 1325 1418)
3(2374 1043 1325)
3(2444 536 477)
3(977 2403 2401)
3(977 883 2403)
3(1312 302 1356)
3(1312 1299 302)
3(302 1356 1383)
3(2378 2357 2466)
3(1432 1403 2457)
3(2457 1432 1451)
3(1403 1451 1432)
3(2430 2333 2385)
3(630 2297 2363)
3(2363 2297 631)
3(2374 2438 1053)
3(2457 1433 1432)
3(1433 1432 1451)
3(852 1462 860)
3(860 1462 1464)
3(1462 860 861)
3(927 860 1462)
3(907 813 899)
3(899 813 908)
3(813 899 2370)
3(907 813 2370)
3(814 899 813)
3(2370 2416 907)
3(907 2416 898)
3(2365 2445 686)
3(2445 686 628)
3(2450 2398 1108)
3(2450 2414 1099)
3(2432 2367 1059)
3(19 1287 711)
3(711 1287 297)
3(19 297 1287)
3(1287 711 720)
3(719 711 1287)
3(296 1290 706)
3(706 1290 295)
3(296 295 1290)
3(1290 706 715)
3(714 706 1290)
3(2402 1151 1159)
3(2420 2346 540)
3(540 2346 482)
3(2346 540 549)
3(481 540 2346)
3(2418 2412 1269)
3(980 885 2429)
3(885 971 979)
3(980 885 979)
3(980 971 885)
3(970 885 971)
3(885 971 2464)
3(2447 2454 1153)
3(1162 2407 2447)
3(2463 2418 288)
3(2417 2305 888)
3(2387 2305 2417)
3(982 2417 2305)
3(2417 2305 973)
3(1374 1376 474)
3(474 1376 1375)
3(1374 1375 1376)
3(1376 474 483)
3(2420 1376 474)
3(2418 2455 1260)
3(2418 2380 1260)
3(1044 1325 1043)
3(1044 1035 1325)
3(1325 2374 1044)
3(1325 1044 303)
3(2461 2430 1139)
3(685 1421 2365)
3(685 694 1421)
3(1421 627 685)
3(1421 685 1405)
3(481 2304 548)
3(548 2304 539)
3(2304 548 2393)
3(547 548 2304)
3(1483 2344 2416)
3(2461 2459 1130)
3(1045 1317 303)
3(1317 303 1314)
3(2462 2386 2322)
3(2341 1318 296)
3(2341 296 706)
3(1318 296 1323)
3(1194 1326 2428)
3(1470 1482 821)
3(821 1482 830)
3(1482 821 2416)
3(822 821 1482)
3(2418 1260 1274)
3(1105 2450 1316)
3(2390 1204 1212)
3(2390 1212 1203)
3(318 1466 997)
3(756 1338 316)
3(1370 1372 823)
3(1370 1372 1371)
3(1430 88 806)
3(1430 1429 88)
3(845 1465 319)
3(1465 787 845)
3(319 845 787)
3(604 1337 317)
3(604 317 510)
3(604 510 1337)
3(604 1337 595)
3(297 2466 708)
3(297 709 2466)
3(837 1467 324)
3(837 779 1467)
3(837 1467 846)
3(596 1339 312)
3(596 1339 502)
3(1428 900 86)
3(86 900 797)
3(900 86 1453)
3(1428 1453 86)
3(199 86 900)
3(207 908 195)
3(195 908 805)
3(908 195 1398)
3(1369 195 908)
3(1369 195 1398)
3(989 1468 323)
3(311 1340 748)
3(541 126 492)
3(139 126 541)
3(1373 126 541)
3(541 126 1395)
3(1373 1395 126)
3(70 69 148)
3(148 69 1)
3(70 1 69)
3(69 148 560)
3(1457 148 69)
3(1457 69 1)
3(568 577 1397)
3(1397 577 143)
3(577 1397 156)
3(10 1397 577)
3(10 143 1397)
3(6 976 873)
3(212 984 224)
3(212 1393 984)
3(984 881 212)
3(984 212 1367)
3(1367 212 1393)
3(1052 102 949)
3(233 102 1052)
3(1436 102 1052)
3(1052 102 1454)
3(1436 1454 102)
3(165 685 61)
3(61 685 636)
3(685 61 1456)
3(1437 61 685)
3(1437 61 1456)
3(693 160 644)
3(173 160 693)
3(173 693 644)
3(1378 160 693)
3(693 160 1396)
3(1378 1396 160)
3(900 86 5)
3(5 86 1453)
3(9 126 541)
3(126 1395 9)
3(1052 102 7)
3(7 102 1454)
3(693 160 11)
3(11 160 1396)
3(313 512 520)
3(2457 467 1481)
3(777 769 330)
3(698 2341 706)
3(580 571 675)
3(675 571 674)
3(580 675 674)
3(580 674 571)
3(571 675 572)
3(150 675 571)
3(874 883 976)
3(976 883 977)
3(883 976 882)
3(2403 976 883)
3(604 128 317)
3(604 147 128)
3(317 128 147)
3(128 510 604)
3(128 604 127)
3(128 127 147)
3(980 876 885)
3(980 877 876)
3(876 979 980)
3(980 876 219)
3(205 803 907)
3(907 803 804)
3(803 907 906)
3(812 907 803)
3(812 907 906)
3(238 945 993)
3(993 945 944)
3(945 993 994)
3(936 993 945)
3(783 792 1464)
3(1464 792 784)
3(792 1464 841)
3(919 871 223)
3(919 920 871)
3(871 870 919)
3(919 871 862)
3(168 639 687)
3(687 639 638)
3(639 687 688)
3(168 639 688)
3(630 687 639)
3(2445 628 687)
3(687 628 629)
3(628 687 686)
3(637 687 628)
3(2411 552 611)
3(611 552 553)
3(2411 611 553)
3(552 611 610)
3(561 611 552)
3(1466 1462 996)
3(1140 2402 1296)
3(2460 2465 304)
3(857 858 924)
3(924 858 1463)
3(858 924 915)
3(916 858 924)
3(1339 2309 503)
3(504 2309 1339)
3(597 1339 2309)
3(597 503 1339)
3(1339 2309 588)
3(992 1001 935)
3(935 1001 993)
3(1001 935 1463)
3(1002 935 1001)
3(1002 935 1463)
3(581 580 666)
3(666 580 1335)
3(580 666 675)
3(674 580 666)
3(925 924 858)
3(815 327 89)
3(89 327 1430)
3(123 474 320)
3(320 474 1375)
3(123 320 1375)
3(665 580 666)
3(665 674 580)
3(990 1468 933)
3(1469 2306 840)
3(2466 2446 709)
3(709 2446 297)
3(2446 709 700)
3(701 2446 709)
3(519 315 528)
3(527 315 519)
3(27 519 315)
3(519 315 1337)
3(27 1337 315)
3(28 330 778)
3(778 330 769)
3(330 778 1465)
3(28 330 1465)
3(777 778 330)
3(1038 2460 2465)
3(1038 304 2460)
3(2460 1047 1038)
3(2460 1038 1039)
3(1026 303 1034)
3(1031 305 1039)
3(26 313 511)
3(511 313 520)
3(313 511 1339)
3(26 313 1339)
3(512 511 313)
3(770 328 761)
3(762 328 770)
3(29 770 328)
3(770 328 1467)
3(29 1467 328)
3(771 328 770)
3(947 996 241)
3(997 947 948)
3(997 1466 947)
3(947 241 997)
3(947 997 996)
3(502 494 596)
3(780 788 838)
3(509 604 500)
3(501 604 509)
3(603 509 604)
3(845 844 787)
3(787 844 1465)
3(844 787 796)
3(795 844 787)
3(570 569 673)
3(673 569 1332)
3(569 673 149)
3(148 673 569)
3(656 751 647)
3(648 751 656)
3(750 656 751)
3(656 751 1335)
3(657 751 656)
3(657 751 1335)
3(2286 13 208)
3(2286 194 13)
3(208 13 194)
3(2286 13 845)
3(2286 845 208)
3(207 13 2286)
3(207 2286 194)
3(207 845 2286)
3(796 207 2286)
3(860 851 926)
3(926 851 859)
3(860 926 859)
3(851 926 1464)
3(1464 851 1463)
3(1463 851 926)
3(851 1463 850)
3(859 1463 851)
3(219 916 2311)
3(219 2311 220)
3(2311 916 220)
3(916 2311 867)
3(591 583 667)
3(2296 582 573)
3(2296 676 582)
3(2296 582 574)
3(2296 574 573)
3(583 582 2296)
3(583 2296 676)
3(583 574 2296)
3(677 583 2296)
3(677 583 574)
3(193 319 2286)
3(2286 319 787)
3(319 2286 208)
3(193 319 208)
3(845 2286 319)
3(869 860 2289)
3(869 2289 868)
3(2289 860 868)
3(860 2289 918)
3(2291 1463 991)
3(2291 942 1463)
3(2291 1463 992)
3(934 1463 2291)
3(934 2291 942)
3(934 992 2291)
3(943 934 2291)
3(943 2291 942)
3(2313 561 149)
3(2313 570 561)
3(2313 561 150)
3(562 561 2313)
3(562 2313 570)
3(562 150 2313)
3(571 562 2313)
3(571 2313 570)
3(571 562 150)
3(2289 878 221)
3(2289 869 878)
3(2289 878 220)
3(877 878 2289)
3(877 2289 869)
3(877 220 2289)
3(868 877 2289)
3(2290 945 238)
3(2290 954 945)
3(2290 945 239)
3(946 945 2290)
3(946 2290 954)
3(946 239 2290)
3(955 946 2290)
3(955 2290 954)
3(751 168 2312)
3(2312 168 752)
3(751 2312 752)
3(168 2312 648)
3(649 2312 168)
3(649 752 2312)
3(2314 555 564)
3(2314 613 555)
3(2314 563 564)
3(2314 555 563)
3(876 980 2311)
3(2311 980 877)
3(980 2311 219)
3(220 2311 980)
3(2313 579 570)
3(2313 673 579)
3(2313 579 571)
3(2312 743 751)
3(752 743 2312)
3(584 1333 1336)
3(584 1336 1334)
3(584 1334 1333)
3(1336 1333 1334)
3(1333 1336 593)
3(632 2295 641)
3(632 690 2295)
3(633 2295 641)
3(632 2295 633)
3(2295 633 642)
3(2295 691 633)
3(642 2295 641)
3(204 802 2310)
3(2310 802 203)
3(802 2310 793)
3(2310 802 801)
3(2310 801 203)
3(801 2310 793)
3(2310 801 792)
3(792 2310 793)
3(2308 571 562)
3(2308 150 571)
3(2308 571 563)
3(2308 563 562)
3(572 563 2308)
3(572 2308 571)
3(151 572 563)
3(151 2308 572)
3(132 494 2307)
3(2307 494 131)
3(494 2307 485)
3(2307 494 493)
3(2307 493 131)
3(493 2307 485)
3(2307 493 484)
3(484 2307 485)
3(793 784 2310)
3(2310 784 792)
3(784 2310 842)
3(2310 784 1464)
3(2310 1464 792)
3(1464 2310 842)
3(2310 1464 841)
3(203 2306 840)
3(202 840 2306)
3(202 2306 203)
3(841 2306 203)
3(203 2306 792)
3(658 1335 667)
3(666 1335 658)
3(1334 658 1335)
3(1334 658 743)
3(658 1335 743)
3(152 565 2296)
3(2296 565 153)
3(565 2296 573)
3(574 2296 565)
3(2298 575 584)
3(584 575 678)
3(2298 584 678)
3(2298 678 575)
3(2298 575 583)
3(2298 583 584)
3(574 583 2298)
3(574 2298 575)
3(677 2298 574)
3(1334 1336 2298)
3(2298 1336 668)
3(1336 2298 584)
3(1334 584 2298)
3(583 2298 1336)
3(1336 506 1341)
3(2303 488 497)
3(497 488 135)
3(2303 135 488)
3(2303 496 497)
3(2303 488 496)
3(2300 1338 653)
3(2300 652 1338)
3(756 653 2300)
3(756 2300 1338)
3(173 756 2300)
3(173 2300 172)
3(2300 756 172)
3(600 505 2303)
3(2303 505 599)
3(505 2303 497)
3(496 2303 505)
3(2302 489 498)
3(2302 136 489)
3(2302 489 497)
3(2302 497 498)
3(488 497 2302)
3(488 2302 489)
3(135 2302 488)
3(497 506 2302)
3(2302 506 498)
3(506 2302 600)
3(2302 507 498)
3(2302 506 507)
3(2302 507 601)
3(172 755 2299)
3(2299 755 171)
3(172 2299 171)
3(755 2299 652)
3(755 652 172)
3(2299 755 754)
3(2299 754 171)
3(754 2299 652)
3(755 754 652)
3(2299 754 651)
3(1336 1337 594)
3(1336 594 508)
3(594 1336 1333)
3(1333 1336 1337)
3(1336 593 594)
3(783 1469 1464)
3(2299 691 171)
3(2299 642 691)
3(2299 691 172)
3(692 691 2299)
3(692 2299 642)
3(692 172 2299)
3(643 692 2299)
3(643 692 172)
3(2300 693 644)
3(2300 173 693)
3(2300 693 643)
3(692 693 2300)
3(692 2300 173)
3(692 643 2300)
3(172 692 2300)
3(2309 133 494)
3(2309 495 133)
3(2297 168 639)
3(2297 688 168)
3(2297 168 640)
3(169 168 2297)
3(169 2297 688)
3(169 640 2297)
3(689 169 2297)
3(1463 935 1462)
3(964 2290 955)
3(964 1058 2290)
3(963 2290 955)
3(964 2290 963)
3(2290 963 954)
3(2290 1057 963)
3(2314 572 563)
3(2314 151 572)
3(2314 572 564)
3(573 572 2314)
3(573 2314 151)
3(573 564 2314)
3(152 573 2314)
3(649 2294 650)
3(649 658 2294)
3(650 2294 658)
3(2294 658 743)
3(1334 658 2294)
3(2291 952 236)
3(2291 943 952)
3(2291 952 235)
3(951 952 2291)
3(951 2291 943)
3(951 235 2291)
3(942 951 2291)
3(2295 651 171)
3(2295 642 651)
3(2295 651 170)
3(650 651 2295)
3(650 2295 642)
3(650 170 2295)
3(641 650 2295)
3(2308 554 563)
3(563 554 612)
3(2308 612 554)
3(2308 554 562)
3(553 562 2308)
3(553 2308 554)
3(611 2308 553)
3(2307 476 485)
3(2307 534 476)
3(2307 476 484)
3(475 484 2307)
3(475 2307 476)
3(533 2307 475)
3(133 132 2309)
3(2309 132 494)
3(132 2309 598)
3(133 598 2309)
3(597 2309 132)
3(1339 2309 1341)
3(1341 2309 588)
3(2309 1341 504)
3(589 1341 2309)
3(727 300 726)
3(726 300 1288)
3(300 726 735)
3(299 726 300)
3(299 300 1288)
3(24 310 1024)
3(1024 310 1015)
3(310 1024 1328)
3(24 310 1328)
3(1023 1024 310)
3(1359 1322 1051)
3(1051 1322 1042)
3(1322 1051 2432)
3(1050 1051 1322)
3(590 589 1335)
3(89 1480 815)
3(89 824 1480)
3(1480 327 89)
3(1480 89 4)
3(89 4 327)
3(123 1479 474)
3(123 465 1479)
3(1479 320 123)
3(1479 123 8)
3(123 8 320)
3(917 918 860)
3(917 860 2289)
3(860 917 926)
3(917 859 860)
3(614 2342 615)
3(896 2340 904)
3(904 2340 895)
3(905 2340 904)
3(905 896 2340)
3(2340 811 905)
3(905 2334 2340)
3(905 896 2334)
3(2334 811 905)
3(812 905 2334)
3(903 2340 904)
3(905 897 2334)
3(905 2334 906)
3(906 2334 812)
3(2334 906 897)
3(2334 2416 906)
3(906 2416 812)
3(2416 906 897)
3(2416 906 898)
3(665 1332 674)
3(674 1332 673)
3(1332 674 580)
3(1332 2313 673)
3(579 2313 1332)
3(1332 2313 674)
3(594 1336 602)
3(20 1303 1420)
3(1420 1303 703)
3(1303 1420 1444)
3(20 1444 1420)
3(694 1420 1303)
3(2394 711 297)
3(2394 710 297)
3(315 519 518)
3(847 846 780)
3(780 846 1467)
3(846 780 838)
3(846 837 780)
3(780 837 1467)
3(837 780 838)
3(837 780 788)
3(600 1341 1336)
3(600 1336 506)
3(594 595 509)
3(509 595 1337)
3(595 509 603)
3(604 509 595)
3(604 1337 509)
3(1341 2309 598)
3(2309 598 504)
3(598 1341 504)
3(755 2300 652)
3(755 1338 2300)
3(2300 172 755)
3(2300 755 756)
3(597 596 503)
3(503 596 494)
3(596 503 1339)
3(502 503 596)
3(779 837 780)
3(509 604 510)
3(786 844 787)
3(889 2399 2305)
3(2305 2399 983)
3(2399 2305 2387)
3(974 2305 2399)
3(974 2305 2387)
3(710 2446 709)
3(710 701 2446)
3(2446 297 710)
3(2446 710 2394)
3(893 2401 2359)
3(2445 621 620)
3(2445 629 621)
3(621 2322 2445)
3(621 2445 630)
3(697 2363 2297)
3(2297 2363 698)
3(544 2358 2411)
3(544 543 2358)
3(2358 2325 544)
3(2358 544 535)
3(1462 945 993)
3(235 942 990)
3(990 942 941)
3(942 990 991)
3(933 990 942)
3(933 941 990)
3(540 2346 548)
3(838 790 781)
3(838 789 790)
3(790 839 838)
3(790 838 201)
3(916 868 867)
3(2311 868 916)
3(859 916 868)
3(916 868 917)
3(859 917 868)
3(1461 871 919)
3(1334 660 755)
3(755 660 754)
3(660 755 661)
3(652 755 660)
3(679 575 584)
3(679 576 575)
3(575 678 679)
3(584 679 678)
3(575 679 154)
3(154 575 678)
3(678 1333 679)
3(678 584 1333)
3(669 584 1334)
3(669 1333 584)
3(584 2298 669)
3(584 669 678)
3(2294 753 650)
3(2294 650 1334)
3(1223 2341 1231)
3(1223 2425 2341)
3(2341 1232 1223)
3(2341 1223 1224)
3(2391 2414 2353)
3(2391 272 2414)
3(2414 2379 2391)
3(2414 2391 271)
3(1437 1421 685)
3(1437 1405 1421)
3(2297 2336 698)
3(2297 2363 2336)
3(2336 689 2297)
3(2336 2297 631)
3(619 2365 618)
3(618 2365 2405)
3(2365 618 627)
3(618 2365 1443)
3(618 1443 2405)
3(1443 618 627)
3(618 1443 1406)
3(885 2429 971)
3(971 2429 980)
3(2429 971 2464)
3(2333 971 2429)
3(2367 974 2417)
3(2417 974 2387)
3(974 2417 973)
3(2305 2417 974)
3(474 320 1376)
3(320 1376 1375)
3(1427 609 69)
3(69 609 1457)
3(1427 69 1457)
3(609 69 560)
3(148 69 609)
3(906 2416 907)
3(933 941 1468)
3(2306 202 1469)
3(657 1335 658)
3(220 868 916)
3(868 917 860)
3(2337 2314 613)
3(555 2314 2337)
3(612 2337 2314)
3(555 612 563)
3(555 554 612)
3(612 2314 555)
3(612 555 2337)
3(579 674 571)
3(579 580 674)
3(674 2313 579)
3(674 579 1332)
3(2312 1335 658)
3(2312 657 1335)
3(1335 743 2312)
3(658 2312 743)
3(1335 2312 751)
3(752 169 2294)
3(2294 169 753)
3(169 2294 649)
3(752 649 2294)
3(650 2294 169)
3(752 658 743)
3(752 2294 658)
3(658 2312 752)
3(658 752 649)
3(633 2419 2295)
3(2295 2419 632)
3(2419 2295 691)
3(690 2295 2419)
3(675 151 571)
3(571 151 572)
3(151 571 150)
3(2308 571 151)
3(791 2306 1469)
3(791 2306 202)
3(800 791 203)
3(203 791 202)
3(791 203 792)
3(2306 203 791)
3(575 154 2298)
3(2298 154 574)
3(154 2298 678)
3(154 153 2298)
3(2298 153 574)
3(153 2298 678)
3(153 677 2298)
3(536 134 488)
3(488 134 487)
3(134 488 135)
3(2303 134 488)
3(488 134 496)
3(537 135 489)
3(489 135 488)
3(135 489 136)
3(2302 489 135)
3(2302 1336 601)
3(2302 507 1336)
3(1336 600 2302)
3(1336 2302 506)
3(2309 598 495)
3(495 598 504)
3(598 495 133)
3(1341 495 598)
3(963 2323 2290)
3(2290 2323 964)
3(2323 2290 1057)
3(1058 2290 2323)
3(658 650 1334)
3(554 2411 2308)
3(2308 2411 553)
3(2411 2308 612)
3(611 2308 2411)
3(476 2457 2307)
3(2307 2457 475)
3(2457 2307 534)
3(533 2307 2457)
3(1489 1078 1487)
3(1081 1487 1078)
3(1489 1081 1078)
3(1489 1487 1081)
3(1093 1489 1066)
3(1093 1081 1489)
3(1489 1081 1066)
3(261 1487 1087)
3(261 1070 1487)
3(1087 1487 1070)
3(1489 1071 1083)
3(1075 1489 1083)
3(1075 1071 1489)
3(258 1489 259)
3(1084 1489 258)
3(1084 259 1489)
3(1489 1488 1076)
3(1489 1075 1488)
3(1489 1076 1075)
3(1075 1076 1488)
3(1489 1093 1071)
3(1077 1093 1489)
3(1077 1489 1071)
3(1487 262 261)
3(1087 262 1487)
3(1490 1489 1067)
3(1075 1489 1490)
3(1075 1067 1489)
3(1075 1490 1067)
3(1094 1487 260)
3(1070 260 1487)
3(1070 1487 1094)
3(1079 1089 1488)
3(1488 1089 1082)
3(1079 1488 1082)
3(1488 1078 1489)
3(1076 1489 1078)
3(1488 1076 1078)
3(1490 1294 253)
3(1490 253 1301)
3(1490 1301 1294)
3(1489 1291 258)
3(1489 259 1291)
3(263 1488 264)
3(1090 264 1488)
3(1090 1488 263)
3(1305 1307 1485)
3(1292 1485 1307)
3(1292 1305 1485)
3(1488 1080 1089)
3(1488 1079 1080)
3(303 1317 1502)
3(304 1502 1317)
3(303 1502 304)
3(303 1499 1325)
3(23 1325 1499)
3(23 1499 303)
3(260 259 1487)
3(1094 1487 259)
3(1310 1486 1291)
3(1311 1291 1486)
3(1310 1311 1486)
3(1086 1490 251)
3(1073 251 1490)
3(1073 1490 1086)
3(264 1327 1488)
3(263 1488 1327)
3(262 1487 1326)
3(1487 1302 1326)
3(262 1302 1487)
3(1068 1487 1488)
3(1068 1085 1487)
3(1488 1487 1085)
3(1068 1488 1085)
3(1488 1082 1072)
3(1488 1072 1090)
3(1488 1090 1082)
3(297 1321 1497)
3(296 1497 1321)
3(296 297 1497)
3(1066 1489 258)
3(1066 1084 1489)
3(22 1501 1322)
3(305 1322 1501)
3(305 1501 22)
3(1490 1294 252)
3(1490 252 253)
3(1092 1488 1069)
3(1092 1080 1488)
3(1069 1488 1080)
3(295 1498 1318)
3(296 1318 1498)
3(295 296 1498)
3(20 1495 1303)
3(295 1303 1495)
3(20 295 1495)
3(33 1499 1492)
3(336 1492 1499)
3(33 1492 336)
3(33 336 1499)
3(30 1496 1493)
3(333 1493 1496)
3(30 333 1496)
3(30 1493 333)
3(253 1490 1489)
3(253 1489 1067)
3(253 1067 1490)
3(19 1308 1496)
3(297 1496 1308)
3(297 19 1496)
3(16 1092 1488)
3(16 1488 1069)
3(1072 1488 1089)
3(1488 1487 263)
3(1302 1487 1488)
3(1302 263 1487)
3(1302 1488 263)
3(1068 263 1488)
3(1068 1487 263)
3(32 1491 1501)
3(338 1501 1491)
3(338 32 1501)
3(338 1491 32)
3(1487 1291 1319)
3(1487 1319 1310)
3(1487 1310 1291)
3(1302 1327 332)
3(1302 332 1323)
3(1323 332 1327)
3(1313 305 1500)
3(1313 1500 304)
3(304 1500 305)
3(1093 1489 1091)
3(1066 1091 1489)
3(31 1494 1495)
3(331 1495 1494)
3(331 1494 31)
3(331 31 1495)
3(261 1487 1326)
3(332 1302 1488)
3(1488 1302 1327)
3(332 1488 1327)
3(1071 1489 1091)
3(332 1487 1497)
3(333 1497 1487)
3(333 1487 332)
3(333 332 1497)
3(1487 261 260)
3(251 250 1490)
3(1086 1490 250)
3(259 1487 1291)
3(259 1319 1487)
3(331 1488 1498)
3(332 1498 1488)
3(332 1488 331)
3(332 331 1498)
3(337 1490 1502)
3(336 1502 1490)
3(336 1490 337)
3(336 337 1502)
3(251 1490 252)
3(1490 1073 252)
3(1301 1490 1489)
3(1301 1489 253)
3(1488 1072 264)
3(338 1489 1500)
3(337 1500 1489)
3(337 338 1500)
3(337 1489 338)
3(1065 1080 1488)
3(1065 1488 1092)
3(1488 1065 1089)
3(255 1489 1083)
3(255 254 1489)
3(1489 254 1083)
3(1488 1078 1487)
3(1488 1487 1489)
3(1075 1488 1490)
3(1489 1490 1488)
3(1291 1324 1489)
3(258 1489 1324)
3(1309 1310 1487)
3(1309 1487 1319)
3(1292 1307 1488)
3(1307 16 1488)
3(1292 1488 16)
3(1489 1487 259)
3(1487 1084 259)
3(1489 1084 1487)
3(1304 1307 1485)
3(1304 1485 1305)
3(1307 1488 1485)
3(1292 1485 1488)
3(1489 1071 255)
3(1066 1489 257)
3(1489 258 257)
3(254 1300 1489)
3(1301 1489 1300)
3(254 1489 1301)
3(1506 1486 335)
3(1506 334 1486)
3(1506 335 334)
3(335 1486 334)
3(1301 1317 1490)
3(1294 1490 1317)
3(1485 1503 340)
3(1485 339 1503)
3(1485 340 339)
3(1503 339 340)
3(302 1299 1506)
3(301 1506 1299)
3(302 1506 301)
3(307 1503 1298)
3(306 1298 1503)
3(307 306 1503)
3(1489 257 1091)
3(1089 1088 1488)
3(1488 1088 1072)
3(1291 1487 1486)
3(1310 1486 1487)
3(1505 33 1492)
3(1505 1492 340)
3(1492 33 340)
3(1505 340 33)
3(1489 1291 1311)
3(1489 1311 1324)
3(30 1493 1507)
3(1493 334 1507)
3(30 334 1493)
3(30 1507 334)
3(19 1507 1308)
3(301 1308 1507)
3(301 1507 19)
3(1508 1491 32)
3(1508 335 1491)
3(335 32 1491)
3(1508 32 335)
3(20 1303 1504)
3(306 1504 1303)
3(20 1504 306)
3(1487 1291 1489)
3(1487 1302 1321)
3(1487 1321 1326)
3(1504 1494 31)
3(1504 339 1494)
3(1504 31 339)
3(339 31 1494)
3(1489 1291 1486)
3(1489 1486 1311)
3(1088 1488 1065)
3(1071 1489 256)
3(1091 256 1489)
3(1488 16 267)
3(1092 1488 267)
3(264 1293 1488)
3(1488 1293 1327)
3(332 1302 1487)
3(332 1487 1488)
3(307 1325 1505)
3(23 1505 1325)
3(23 307 1505)
3(1072 265 1488)
3(1488 265 264)
3(1487 260 1319)
3(257 1489 1324)
3(302 1508 1322)
3(22 1322 1508)
3(22 1508 302)
3(255 1300 1489)
3(337 1489 1301)
3(337 1301 1490)
3(337 1490 1489)
3(1311 1312 1486)
3(1491 1311 1486)
3(1491 1312 1311)
3(1491 1486 1312)
3(255 1489 256)
3(1307 267 1488)
3(1488 1088 265)
3(332 1302 1321)
3(1487 332 1321)
3(1304 1307 1488)
3(1485 1304 1488)
3(252 1490 1316)
3(1316 1490 1294)
3(1489 1487 1486)
3(1310 1312 1486)
3(267 1065 1488)
3(1295 1488 1304)
3(1295 1307 1488)
3(302 1486 1506)
3(1506 1486 1299)
3(302 1299 1486)
3(1492 1499 1505)
3(1325 1492 1505)
3(1325 1499 1492)
3(1325 1505 1499)
3(1487 1309 1486)
3(1310 1486 1309)
3(1496 1507 1308)
3(1496 19 1507)
3(1490 1488 1292)
3(1490 1292 1485)
3(1490 1485 1488)
3(302 1486 335)
3(302 335 1506)
3(1495 1504 1494)
3(1495 31 1504)
3(1503 1485 307)
3(1503 1298 1485)
3(1298 307 1485)
3(1318 1488 1304)
3(1318 1295 1488)
3(261 1487 1297)
3(1297 1487 1326)
3(1501 1508 1491)
3(1501 32 1508)
3(1485 307 340)
3(307 1503 340)
3(1490 250 1315)
3(1490 1292 250)
3(1490 1315 1292)
3(257 256 1489)
3(1493 1507 1496)
3(30 1496 1507)
3(1487 1297 260)
3(1301 337 1300)
3(337 1489 1300)
3(332 1323 1321)
3(265 1293 1488)
3(1499 1505 33)
3(1303 1504 1495)
3(20 1495 1504)
3(1490 1316 251)
3(1322 1508 1491)
3(1501 1508 1322)
3(1501 1322 1491)
3(1493 1507 1308)
3(1493 1308 1496)
3(1505 1325 340)
3(1325 1492 340)
3(1491 1311 1489)
3(1491 1489 1486)
3(1487 1497 1321)
3(332 1321 1497)
3(1313 1311 1491)
3(1313 1491 1312)
3(1490 337 1317)
3(1301 1317 337)
3(1303 1504 1494)
3(1495 1303 1494)
3(307 1325 340)
3(307 340 1505)
3(1503 1298 339)
3(339 1298 1485)
3(1494 1304 1488)
3(1485 1304 1494)
3(1485 1494 1488)
3(334 1299 1506)
3(334 1486 1299)
3(1488 1318 331)
3(331 1318 1498)
3(1488 1498 1318)
3(1318 1304 1494)
3(1318 1494 1303)
3(1304 1303 1494)
3(307 1306 1492)
3(1325 307 1492)
3(1325 1492 1306)
3(1306 307 1485)
3(1306 1485 1298)
3(1493 301 1507)
3(1493 334 301)
3(334 1507 301)
3(1486 302 1312)
3(1486 1312 1299)
3(339 1303 306)
3(339 1504 1303)
3(339 306 1504)
3(1485 1492 307)
3(1485 1306 1492)
3(301 334 1299)
3(301 1506 334)
3(1493 1487 1309)
3(1486 1493 1309)
3(1486 1487 1493)
3(335 1508 1322)
3(335 1322 302)
3(335 302 1508)
3(1298 339 306)
3(306 339 1503)
3(307 340 1492)
3(1485 1492 340)
3(1494 1318 1488)
3(1490 1502 1317)
3(1502 337 1317)
3(266 1488 1065)
3(1088 1488 266)
3(1493 301 1308)
3(1493 1320 1309)
3(1487 1309 1320)
3(1493 1487 1320)
3(302 1486 1491)
3(302 1491 335)
3(335 1491 1486)
3(1320 1497 1321)
3(1320 1487 1497)
3(1320 1321 1487)
3(1322 335 1491)
3(1312 302 1491)
3(1322 1491 302)
3(1322 1312 1491)
3(1303 1298 339)
3(1303 339 1494)
3(1493 1299 301)
3(1493 334 1299)
3(251 1315 1490)
3(1497 297 1320)
3(1306 1314 1492)
3(303 1306 1492)
3(303 1492 1314)
3(1313 1489 1491)
3(1311 1489 1313)
3(303 1492 1325)
3(303 1499 1492)
3(1487 1297 1319)
3(1308 1493 1299)
3(266 1488 267)
3(1494 1318 331)
3(1494 331 1488)
3(1320 1308 1493)
3(1309 1493 1308)
3(1493 1486 1299)
3(334 1486 1493)
3(339 1494 1298)
3(1303 1298 1494)
3(1296 1489 256)
3(255 1489 1296)
3(333 1497 1320)
3(333 1320 1487)
3(1316 1490 1317)
3(333 297 1320)
3(333 1497 297)
3(1320 333 1493)
3(1320 1308 333)
3(1493 333 1308)
3(1309 1493 1299)
3(266 265 1488)
3(1502 1314 1317)
3(1502 303 1314)
3(295 1318 1494)
3(295 1494 1303)
3(1486 1299 1309)
3(1488 1295 267)
3(1319 1320 1487)
3(1494 1298 1485)
3(1494 1485 339)
3(1314 1306 1490)
3(1315 1314 1490)
3(1315 1490 1306)
3(1492 1306 1490)
3(1492 1490 1314)
3(23 1505 1499)
3(1502 1314 1490)
3(1490 1314 1317)
3(22 1501 1508)
3(1485 1306 1490)
3(1492 1485 1490)
3(1314 1492 336)
3(1314 336 1490)
3(1492 1490 336)
3(1492 336 303)
3(1314 303 336)
3(305 1322 1491)
3(1501 305 1491)
3(336 1502 1314)
3(1487 333 1493)
3(1489 1313 338)
3(1500 338 1313)
3(1489 1500 1313)
3(1489 1296 1324)
3(1489 1311 1296)
3(257 1489 1296)
3(297 1308 333)
3(1318 331 295)
3(295 331 1494)
3(1313 338 1491)
3(338 1489 1491)
3(1322 1313 1491)
3(1301 337 304)
3(1300 304 337)
3(1315 1490 1316)
3(336 303 1499)
3(305 1313 1491)
3(1304 1298 1494)
3(336 1502 303)
3(1304 1298 1485)
3(1297 1487 1321)
3(1305 1298 1485)
3(1310 1486 1299)
3(1305 1306 1485)
3(338 305 1491)
3(338 1501 305)
3(304 1317 337)
3(1488 1295 266)
3(296 332 1321)
3(296 1497 332)
3(1293 1488 266)
3(332 1323 296)
3(1295 1293 1488)
3(1504 20 31)
3(31 20 1495)
3(1507 30 19)
3(19 30 1496)
3(33 23 1505)
3(1499 23 33)
3(1508 22 32)
3(32 22 1501)
3(337 304 1502)
3(1487 1297 1320)
3(331 295 1498)
3(338 305 1313)
3(1296 1300 1489)
3(1316 1490 1314)
3(1500 338 305)
3(1488 1318 1293)
3(1296 1313 1489)
3(1300 1489 1313)
3(1078 1085 1487)
3(1081 1487 1085)
3(1488 1068 1090)
3(1489 1067 1083)
3(1489 1083 253)
3(1487 1087 1085)
3(1487 1068 1087)
3(1490 1074 1073)
3(1490 1086 1074)
3(1489 253 254)
3(1078 1085 1488)
3(1074 1075 1490)
3(1074 1490 1067)
3(1074 1075 1488)
3(1490 1074 1488)
3(1081 1489 1077)
3(1490 252 1067)
3(1490 1073 1067)
3(1077 1489 1075)
3(1077 1489 1076)
3(1076 1488 1074)
3(1077 1489 1078)
3(1080 1488 1076)
3(1076 1488 1079)
3(1085 1487 1070)
3(1488 1074 1080)
3(1079 1488 1078)
3(1078 1488 1082)
3(1069 1488 1074)
3(1082 1085 1488)
3(1068 1488 1082)
3(1489 1081 1084)
3(1487 1068 262)
3(1487 263 262)
3(1094 1085 1487)
3(1094 1487 1084)
3(1081 1487 1094)
3(250 16 1488)
3(250 1488 1069)
3(1488 250 1292)
3(250 1490 1488)
3(304 337 1313)
3(1313 337 1300)
3(337 1313 1500)
3(304 337 1500)
3(1489 1313 337)
3(1081 1084 1487)
3(1292 1315 1485)
3(1485 1315 1305)
3(1315 1485 1490)
3(1306 1485 1315)
3(332 1293 1327)
3(332 1488 1293)
3(1293 1323 332)
3(332 1318 1293)
3(332 1488 1318)
3(1318 1323 332)
3(332 1498 1318)
3(333 1496 1308)
3(333 297 1496)
3(295 1495 1494)
3(295 331 1495)
3(1074 1488 1086)
3(1086 1488 1490)
3(1488 1086 1069)
3(250 1086 1488)
3(296 332 1318)
3(296 332 1498)
3(1581 1289 1495)
3(31 1289 1581)
3(31 1495 1289)
3(31 1581 1495)
3(985 2471 986)
3(985 988 2471)
3(988 986 2471)
3(1427 1449 2480)
3(1402 2480 1449)
3(1402 1427 2480)
3(1581 1289 331)
3(1495 331 1289)
3(1495 1581 331)
3(987 985 2471)
3(987 2471 986)
3(1450 1426 2484)
3(1401 2484 1426)
3(1401 1450 2484)
3(1413 1449 2480)
3(1427 1413 2480)
3(1330 1563 1499)
3(1330 33 1563)
3(1330 1499 33)
3(1563 33 1499)
3(1450 1411 2484)
3(1426 2484 1411)
3(1561 1498 1290)
3(1561 1290 332)
3(1498 332 1290)
3(1561 332 1498)
3(1497 1288 1578)
3(333 1578 1288)
3(1497 333 1288)
3(1497 1578 333)
3(1500 1562 1329)
3(338 1329 1562)
3(1500 338 1562)
3(1500 1329 338)
3(1561 331 1290)
3(1498 1290 331)
3(1498 331 1561)
3(1563 336 1330)
3(1330 336 1499)
3(1563 1499 336)
3(1329 337 1562)
3(337 1500 1562)
3(1329 1500 337)
3(19 1496 1287)
3(297 1287 1496)
3(305 1501 1328)
3(22 1328 1501)
3(1329 304 1500)
3(305 1329 1500)
3(296 1288 1497)
3(297 1497 1288)
3(303 1330 1499)
3(23 1499 1330)
3(20 1289 1495)
3(295 1495 1289)
3(303 1502 1331)
3(304 1331 1502)
3(295 1290 1498)
3(296 1498 1290)
3(332 1288 1578)
3(332 1497 1288)
3(332 1578 1497)
3(192 319 2474)
3(192 2474 193)
3(319 193 2474)
3(1478 322 1718)
3(1478 1718 321)
3(321 1718 322)
3(1445 2488 1443)
3(1445 1443 2480)
3(1445 2480 2488)
3(2480 1443 2488)
3(1555 1435 1434)
3(1555 1434 2490)
3(1434 1435 2490)
3(1555 2490 1435)
3(1331 1585 336)
3(308 336 1585)
3(1331 336 308)
3(1331 308 1585)
3(1694 1687 327)
3(1694 327 326)
3(1694 326 1687)
3(327 1687 326)
3(910 909 2473)
3(910 2473 911)
3(909 911 2473)
3(449 2468 450)
3(449 451 2468)
3(451 450 2468)
3(321 1726 1478)
3(1726 1472 1478)
3(321 1472 1726)
3(910 912 2473)
3(912 909 2473)
3(1331 337 1585)
3(309 1585 337)
3(309 337 1331)
3(309 1331 1585)
3(452 449 2468)
3(450 452 2468)
3(434 433 2475)
3(434 2475 436)
3(433 436 2475)
3(1452 1426 2468)
3(105 1452 2468)
3(105 2468 1426)
3(446 445 2469)
3(446 2469 448)
3(445 448 2469)
3(1472 320 1717)
3(1472 1717 1479)
3(320 1479 1717)
3(757 758 2481)
3(757 2481 759)
3(758 759 2481)
3(1581 1289 21)
3(1581 298 1289)
3(1581 21 298)
3(1701 1477 1481)
3(1701 325 1477)
3(1701 1481 325)
3(1716 1721 1482)
3(1716 1482 1700)
3(1700 1482 1721)
3(318 1633 243)
3(24 1633 318)
3(24 243 1633)
3(430 429 2477)
3(432 430 2477)
3(432 2477 429)
3(757 760 2481)
3(760 758 2481)
3(446 447 2469)
3(445 2469 447)
3(1474 1472 1726)
3(1717 1472 1474)
3(1717 1474 1726)
3(1717 1726 1472)
3(1393 2473 212)
3(1367 212 2473)
3(1393 1367 2473)
3(1577 1331 1585)
3(336 1577 1585)
3(336 1331 1577)
3(1330 1563 25)
3(1330 308 1563)
3(25 1563 308)
3(1478 1709 1718)
3(1478 322 1709)
3(1718 1709 322)
3(321 1478 1709)
3(321 1709 1718)
3(1713 327 1691)
3(29 327 1713)
3(29 1713 1691)
3(29 1691 327)
3(1472 320 1693)
3(1717 1472 1693)
3(1717 1693 320)
3(1435 1439 2490)
3(1459 1435 2490)
3(1459 2490 1439)
3(1392 2491 1373)
3(1392 1344 2491)
3(1344 1373 2491)
3(1367 1391 2479)
3(1342 1367 2479)
3(1342 2479 1391)
3(1402 2490 1404)
3(1402 1424 2490)
3(1424 1404 2490)
3(1479 1698 1727)
3(1479 315 1698)
3(1479 1727 315)
3(315 1727 1698)
3(1699 1689 325)
3(1699 325 26)
3(1699 26 1689)
3(1689 26 325)
3(1577 337 1585)
3(1577 1331 337)
3(1401 1408 2487)
3(1422 1401 2487)
3(1422 2487 1408)
3(1698 1714 1479)
3(1727 1479 1714)
3(58 1427 2477)
3(58 2477 1457)
3(1427 1457 2477)
3(352 1687 327)
3(352 327 1694)
3(352 1694 1687)
3(1473 327 1694)
3(1473 1703 327)
3(1703 1694 327)
3(1473 1694 1703)
3(1444 1445 2488)
3(1443 1444 2488)
3(1694 1473 326)
3(1685 325 326)
3(1685 1701 325)
3(1685 326 1701)
3(1701 326 325)
3(1709 1726 1478)
3(321 1726 1709)
3(1373 1395 2483)
3(1395 126 2483)
3(1373 2483 126)
3(1470 1721 1696)
3(1470 1708 1721)
3(1470 1696 1708)
3(350 1689 325)
3(1699 350 325)
3(1699 1689 350)
3(352 1713 327)
3(352 1691 1713)
3(352 327 1691)
3(327 1480 1703)
3(1473 1703 1480)
3(1352 1391 2479)
3(1352 2479 1367)
3(1474 1479 1717)
3(1727 1474 1717)
3(1727 1717 1479)
3(1727 1479 1474)
3(1472 1726 1483)
3(1474 1483 1726)
3(351 326 1687)
3(351 1694 326)
3(351 1687 1694)
3(1716 330 1482)
3(1482 330 1721)
3(1716 1721 330)
3(435 2475 434)
3(435 433 2475)
3(1478 1709 1470)
3(1709 1483 1470)
3(1478 1483 1709)
3(1482 28 1716)
3(1482 1700 28)
3(28 1700 1716)
3(1479 27 1698)
3(1698 27 315)
3(1481 26 1715)
3(1481 1699 26)
3(1481 1715 1699)
3(26 1699 1715)
3(1474 1712 1727)
3(1474 1727 1707)
3(1474 1707 1712)
3(319 192 1629)
3(319 1629 28)
3(28 1629 192)
3(21 1581 31)
3(21 31 1289)
3(1470 1721 330)
3(1696 1470 330)
3(1696 330 1721)
3(1704 1473 1484)
3(1704 1702 1473)
3(1473 1702 1484)
3(1704 1484 1702)
3(1473 326 1702)
3(1473 1702 1694)
3(1694 1702 326)
3(442 441 2485)
3(444 442 2485)
3(444 2485 441)
3(1705 1477 1484)
3(1705 1471 1477)
3(1705 1484 1471)
3(1473 1476 1704)
3(1704 1476 1484)
3(1479 27 1714)
3(1698 1714 27)
3(1482 1709 1478)
3(1482 322 1709)
3(1702 1705 1477)
3(1484 1702 1477)
3(1484 1705 1702)
3(1687 326 352)
3(327 352 326)
3(1474 1712 315)
3(1474 315 1727)
3(315 1712 1727)
3(1717 1474 1707)
3(1707 1474 1726)
3(326 1702 1477)
3(1702 1473 1477)
3(1707 1706 1475)
3(1707 1475 1705)
3(1705 1475 1706)
3(1563 25 33)
3(33 25 1330)
3(1726 1483 1478)
3(430 431 2477)
3(429 2477 431)
3(1480 29 1713)
3(1480 1713 1697)
3(1480 1697 29)
3(1713 29 1697)
3(1482 1470 1709)
3(1482 1709 1721)
3(1709 1470 1721)
3(1482 1721 1470)
3(28 1716 330)
3(1693 321 1472)
3(1693 1472 1726)
3(1693 1726 321)
3(1703 327 1713)
3(1713 327 1480)
3(1703 1713 1480)
3(1625 321 1718)
3(1625 1718 322)
3(1625 322 321)
3(529 530 2478)
3(530 531 2478)
3(529 2478 531)
3(1685 351 325)
3(1685 325 350)
3(351 350 325)
3(351 326 1685)
3(351 325 326)
3(1470 1709 1706)
3(1709 1483 1706)
3(1470 1706 1483)
3(1710 1477 1481)
3(1710 1701 1477)
3(1710 1481 1701)
3(1708 1704 1475)
3(1708 1475 1706)
3(1706 1475 1704)
3(1714 1479 1717)
3(1714 1717 320)
3(1714 320 1479)
3(351 326 352)
3(1703 1704 1473)
3(1703 1473 1476)
3(1703 1476 1704)
3(298 331 1581)
3(298 1289 331)
3(1709 1700 322)
3(1482 1700 1709)
3(1482 322 1700)
3(1481 313 1715)
3(26 1715 313)
3(532 530 2478)
3(529 532 2478)
3(1713 1694 327)
3(1720 314 1707)
3(1707 314 1712)
3(1720 1712 314)
3(1693 321 320)
3(1373 1374 2491)
3(1392 2491 1374)
3(1703 1702 1473)
3(1701 325 350)
3(1701 350 1685)
3(1474 1475 1707)
3(1474 1706 1475)
3(1474 1707 1706)
3(1413 1427 2477)
3(58 1413 2477)
3(437 438 2476)
3(438 440 2476)
3(437 2476 440)
3(1710 1477 1705)
3(1710 1471 1477)
3(1710 1705 1471)
3(1474 1475 1705)
3(1474 1705 1707)
3(1693 321 1709)
3(1693 1718 321)
3(300 333 1578)
3(300 1288 333)
3(300 1578 1288)
3(314 1707 1474)
3(314 1474 1720)
3(1474 1707 1720)
3(1718 1700 322)
3(325 1481 1699)
3(1458 1438 2487)
3(1438 1431 2487)
3(1458 2487 1431)
3(332 1561 299)
3(1290 332 299)
3(1290 299 1561)
3(310 1562 338)
3(310 338 1329)
3(310 1329 1562)
3(1702 1710 1477)
3(1475 1483 1706)
3(1483 1474 1706)
3(362 80 26)
3(362 312 80)
3(362 26 312)
3(1710 1481 1715)
3(1699 1481 1710)
3(351 326 1701)
3(351 1701 1685)
3(1449 1424 2480)
3(1424 1402 2480)
3(1714 320 1634)
3(1627 320 1714)
3(1627 1714 1634)
3(1627 1634 320)
3(439 438 2476)
3(439 2476 437)
3(1483 1709 1726)
3(314 1712 1474)
3(316 180 1639)
3(18 316 1639)
3(18 1639 180)
3(1703 1697 1480)
3(38 1689 325)
3(38 325 350)
3(338 32 2497)
3(338 2497 1501)
3(32 1501 2497)
3(1061 1062 2472)
3(1064 2472 1062)
3(1064 1061 2472)
3(443 2485 442)
3(443 441 2485)
3(1708 1709 1470)
3(30 333 2496)
3(333 1496 2496)
3(30 2496 1496)
3(1711 1480 1703)
3(1711 328 1480)
3(1703 1480 328)
3(1711 1703 328)
3(1590 25 1672)
3(1590 1677 25)
3(25 1677 1672)
3(1590 1672 1677)
3(1701 326 1477)
3(1706 1470 1708)
3(1724 1671 29)
3(1724 29 1674)
3(29 1671 1674)
3(1724 1674 1671)
3(1426 1452 2469)
3(1452 94 2469)
3(1426 2469 94)
3(1708 1704 1470)
3(1708 1470 1475)
3(1475 1470 1704)
3(1470 329 1708)
3(1470 1696 329)
3(1696 1708 329)
3(1561 331 298)
3(298 331 1290)
3(1561 298 1290)
3(309 337 1562)
3(1329 337 309)
3(1329 309 1562)
3(1427 2480 68)
3(1402 68 2480)
3(320 1714 1693)
3(315 314 1712)
3(454 453 2470)
3(456 454 2470)
3(456 2470 453)
3(1713 1694 352)
3(314 1720 313)
3(313 1720 1695)
3(314 313 1695)
3(314 1695 1720)
3(1470 1711 1708)
3(1711 329 1708)
3(1470 329 1711)
3(335 1584 376)
3(376 1584 334)
3(335 334 1584)
3(335 376 334)
3(1378 174 2481)
3(174 1396 2481)
3(1378 2481 1396)
3(1426 95 2484)
3(1401 2484 95)
3(1414 1449 2480)
3(1414 2480 1413)
3(1470 1708 1476)
3(1476 1708 1704)
3(1470 1476 1704)
3(326 1702 1701)
3(1701 1702 1477)
3(1614 21 1588)
3(1588 21 1619)
3(1614 1619 21)
3(1614 1588 1619)
3(1711 1708 1476)
3(1470 1711 1476)
3(1476 1711 1480)
3(1476 1480 1703)
3(1476 1703 1711)
3(316 145 1623)
3(145 163 1623)
3(316 1623 163)
3(83 84 2485)
3(84 324 2485)
3(83 2485 324)
3(299 1578 332)
3(299 332 1288)
3(299 1288 1578)
3(1711 1704 1476)
3(1706 1470 1475)
3(1713 40 29)
3(1713 1691 40)
3(29 40 1691)
3(313 1471 1720)
3(314 1720 1471)
3(328 1476 1711)
3(1440 1423 2484)
3(1423 1442 2484)
3(1440 2484 1442)
3(337 338 1562)
3(317 1638 129)
3(317 27 1638)
3(27 129 1638)
3(1710 1720 313)
3(1710 313 1471)
3(1710 1471 1720)
3(1696 329 330)
3(308 1563 336)
3(308 336 1330)
3(21 1614 1581)
3(1581 1614 298)
3(21 298 1614)
3(313 1710 1481)
3(313 1715 1710)
3(1716 28 1656)
3(28 1723 1656)
3(1716 1723 28)
3(1716 1656 1723)
3(329 1696 1711)
3(328 1480 1697)
3(328 1697 29)
3(1689 38 26)
3(26 38 1699)
3(1689 1699 38)
3(1450 1412 2484)
3(1411 2484 1412)
3(1710 1695 313)
3(163 145 2482)
3(164 2482 145)
3(164 163 2482)
3(320 1634 1693)
3(1714 1693 1634)
3(1726 1483 1706)
3(1399 2489 1379)
3(1372 1379 2489)
3(1399 1372 2489)
3(1700 28 322)
3(985 228 2471)
3(988 2471 228)
3(1698 315 1598)
3(1698 1607 315)
3(1698 1598 1607)
3(315 1607 1598)
3(1349 1342 2489)
3(1363 2489 1342)
3(1363 1349 2489)
3(1656 1716 330)
3(1656 330 28)
3(313 1613 1715)
3(26 1613 313)
3(26 1715 1613)
3(328 1703 1697)
3(1716 330 1665)
3(1716 1665 1656)
3(1656 1665 330)
3(29 1697 1671)
3(29 1724 1697)
3(1671 1697 1724)
3(38 26 325)
3(1368 2495 1397)
3(1368 157 2495)
3(157 1397 2495)
3(1625 321 1693)
3(1625 1693 1718)
3(25 1672 1563)
3(25 1563 1590)
3(1590 1563 1672)
3(1641 1718 322)
3(1625 1718 1641)
3(1625 1641 322)
3(210 318 1626)
3(226 1626 318)
3(226 210 1626)
3(1672 308 25)
3(1672 1563 308)
3(27 315 1598)
3(27 1598 1698)
3(1439 1551 2480)
3(2480 1551 2490)
3(1439 2480 2490)
3(1439 2490 1551)
3(1364 1389 2479)
3(1364 2479 1379)
3(1389 1379 2479)
3(1654 1719 329)
3(1719 1665 329)
3(1654 1665 1719)
3(1654 329 1665)
3(125 2491 1373)
3(125 1374 2491)
3(1711 1476 329)
3(313 1695 1613)
3(313 1596 1695)
3(313 1613 1596)
3(1695 1596 1613)
3(454 455 2470)
3(455 453 2470)
3(28 1723 1675)
3(1675 1723 1656)
3(28 1675 1656)
3(1694 1701 326)
3(1705 1484 1704)
3(1705 1704 1475)
3(1705 1475 1484)
3(1475 1704 1484)
3(1705 1471 1475)
3(1705 1474 1471)
3(1401 1422 2484)
3(1422 1450 2484)
3(320 27 1714)
3(1471 1474 1720)
3(307 1550 1503)
3(306 1550 307)
3(306 1503 1550)
3(1581 21 1588)
3(1581 1588 1614)
3(1476 1704 1475)
3(1634 1693 321)
3(320 1634 321)
3(1063 1062 2472)
3(1063 2472 1061)
3(1663 2497 1562)
3(1663 1582 2497)
3(1663 1562 1582)
3(1582 1562 2497)
3(1663 2497 310)
3(1562 310 2497)
3(1663 310 1562)
3(1654 328 1697)
3(328 1671 1697)
3(1654 1671 328)
3(1654 1697 1671)
3(1578 1605 2496)
3(1605 300 2496)
3(1578 2496 300)
3(1578 300 1605)
3(315 1698 1712)
3(315 1712 1607)
3(1607 1712 1698)
3(323 92 367)
3(323 367 99)
3(92 99 367)
3(71 311 361)
3(64 361 311)
3(64 71 361)
3(1654 1719 328)
3(329 328 1719)
3(329 1654 328)
3(231 986 2471)
3(231 2471 988)
3(1383 2479 1364)
3(1383 1389 2479)
3(1716 330 1696)
3(1665 1696 330)
3(1716 1696 1665)
3(328 1697 1719)
3(1654 1719 1697)
3(1596 314 1712)
3(1607 1712 314)
3(1607 1596 1712)
3(1607 314 1596)
3(298 1614 1561)
3(1595 1614 298)
3(1595 1561 1614)
3(1595 298 1561)
3(1723 28 1700)
3(1443 1414 2488)
3(1406 1443 2488)
3(1406 2488 1414)
3(309 1585 1562)
3(337 1562 1585)
3(1671 29 328)
3(1481 1710 1471)
3(298 1581 1561)
3(1581 1614 1561)
3(1585 309 1663)
3(1585 1663 1653)
3(309 1653 1663)
3(1585 1653 309)
3(985 2471 227)
3(987 227 2471)
3(1346 174 2481)
3(1378 1346 2481)
3(1585 1562 1663)
3(309 1663 1562)
3(1368 2495 143)
3(1397 143 2495)
3(336 1585 1563)
3(308 1563 1585)
3(1657 2497 1663)
3(1657 1663 1582)
3(1657 1582 2497)
3(1719 1696 329)
3(1696 1665 329)
3(1719 1665 1696)
3(1711 328 1719)
3(1711 1719 329)
3(1711 329 328)
3(1713 29 1724)
3(1641 1700 322)
3(1641 1718 1700)
3(1699 350 1701)
3(1699 1701 325)
3(834 833 2474)
3(835 834 2474)
3(835 2474 833)
3(333 2496 1578)
3(1593 1578 2496)
3(333 1593 2496)
3(333 1578 1593)
3(313 1695 1715)
3(1613 1715 1695)
3(1578 1595 299)
3(1578 299 1561)
3(1578 1561 1595)
3(1595 1561 299)
3(1625 1634 1693)
3(1625 321 1634)
3(1564 1605 2496)
3(1578 1564 2496)
3(1578 1605 1564)
3(1711 1697 328)
3(1413 59 2488)
3(1406 2488 59)
3(1406 1413 2488)
3(340 339 1560)
3(340 1560 1485)
3(339 1485 1560)
3(1596 314 1695)
3(1695 314 1712)
3(1596 1695 1712)
3(442 2485 88)
3(444 88 2485)
3(1701 351 1694)
3(1546 2487 1438)
3(1546 1438 2484)
3(1546 2484 2487)
3(2484 1438 2487)
3(320 27 1627)
3(27 1714 1627)
3(334 1506 1636)
3(1506 335 1636)
3(334 1636 335)
3(834 836 2474)
3(836 833 2474)
3(1605 2496 1599)
3(1605 1599 1564)
3(1564 1599 2496)
3(26 1699 1722)
3(1715 26 1722)
3(3 74 1555)
3(74 325 1555)
3(3 1555 325)
3(1657 2497 310)
3(1657 310 1663)
3(1578 1595 1605)
3(1605 1595 299)
3(1578 1605 299)
3(327 89 1553)
3(89 4 1553)
3(327 1553 4)
3(340 343 1560)
3(343 339 1560)
3(340 339 343)
3(1590 33 1563)
3(1590 25 33)
3(109 110 2470)
3(109 2470 25)
3(110 25 2470)
3(14 2471 986)
3(14 987 2471)
3(1596 314 313)
3(1725 1714 27)
3(1725 27 1698)
3(2468 1452 2469)
3(1426 2468 2469)
3(140 2483 1373)
3(140 1395 2483)
3(1599 300 2496)
3(1605 300 1599)
3(1430 327 2487)
3(1431 1430 2487)
3(1431 2487 327)
3(1361 175 2481)
3(175 1346 2481)
3(1361 2481 1346)
3(333 2496 300)
3(1354 2495 1390)
3(1354 1368 2495)
3(1368 1390 2495)
3(104 1411 2493)
3(1410 104 2493)
3(1410 2493 1411)
3(1635 1638 2478)
3(1644 1635 2478)
3(1644 2478 1638)
3(31 1588 1581)
3(21 1588 31)
3(1725 27 1627)
3(1647 27 1725)
3(1647 1725 1627)
3(1647 1627 27)
3(1425 1443 2480)
3(1445 1425 2480)
3(1590 33 1579)
3(1563 1579 33)
3(407 1714 1634)
3(407 1627 1714)
3(177 2481 178)
3(18 178 2481)
3(177 18 2481)
3(1381 1383 2479)
3(1381 2479 1364)
3(1562 338 2497)
3(338 310 2497)
3(1688 343 1560)
3(340 343 1688)
3(340 1688 1560)
3(681 682 2482)
3(684 2482 682)
3(684 681 2482)
3(8 27 1627)
3(320 8 1627)
3(1352 1351 2494)
3(1351 1353 2494)
3(1352 2494 1353)
3(606 2483 605)
3(606 608 2483)
3(608 605 2483)
3(1607 315 314)
3(129 128 1638)
3(317 1638 128)
3(1346 1362 2492)
3(1361 1346 2492)
3(1361 2492 1362)
3(213 910 2473)
3(911 213 2473)
3(213 1367 2479)
3(213 2479 1342)
3(1439 1425 1558)
3(1446 1439 1558)
3(1446 1558 1425)
3(31 1588 1565)
3(31 1565 1581)
3(1577 337 1562)
3(335 32 1584)
3(1491 335 1584)
3(1491 1584 32)
3(449 100 2468)
3(100 451 2468)
3(1471 1720 1705)
3(28 1641 1700)
3(28 322 1641)
3(28 1700 1646)
3(1723 28 1646)
3(1723 1646 1700)
3(330 1665 329)
3(1622 313 1613)
3(1596 313 1622)
3(1714 1627 1725)
3(1439 2480 1558)
3(1439 1425 2480)
3(1425 1558 2480)
3(1677 1590 36)
3(1677 36 1683)
3(1683 36 1590)
3(1677 1683 1590)
3(332 1561 1578)
3(1438 1557 1423)
3(1438 1448 1557)
3(1448 1423 1557)
3(1624 335 1584)
3(1624 1584 376)
3(1624 376 335)
3(1401 1407 2487)
3(1407 1408 2487)
3(179 757 2481)
3(759 179 2481)
3(1393 2473 14)
3(212 14 2473)
3(1373 1344 2483)
3(1344 140 2483)
3(322 1371 2489)
3(1372 2489 1371)
3(1372 322 2489)
3(1588 1619 34)
3(1684 34 1619)
3(1588 34 1684)
3(1588 1684 1619)
3(331 1581 1561)
3(70 434 2475)
3(436 70 2475)
3(433 72 2475)
3(436 2475 72)
3(40 29 1724)
3(1713 40 1724)
3(1577 1563 336)
3(1550 1503 1544)
3(307 1544 1503)
3(1550 1544 307)
3(1674 40 1724)
3(1674 1681 40)
3(1724 40 1681)
3(1674 1724 1681)
3(1404 1403 2490)
3(1403 1402 2490)
3(1353 1391 2479)
3(1353 2479 1352)
3(325 1434 1555)
3(325 1555 1435)
3(1559 334 376)
3(1559 1584 334)
3(328 1680 1671)
3(1654 1680 328)
3(1634 407 1693)
3(1412 1440 2493)
3(1410 2493 1440)
3(1410 1412 2493)
3(446 2469 96)
3(448 96 2469)
3(1722 38 1616)
3(1616 38 1682)
3(1722 1682 38)
3(1722 1616 1682)
3(1390 1355 2495)
3(1355 1354 2495)
3(352 1694 423)
3(1687 423 1694)
3(1438 1557 2484)
3(1423 2484 1557)
3(1423 1438 2484)
3(1453 2487 1428)
3(1453 86 2487)
3(86 1428 2487)
3(1558 2480 2488)
3(1445 2480 1558)
3(1445 1558 2488)
3(1363 2479 1391)
3(1363 1342 2479)
3(450 2468 6)
3(451 6 2468)
3(387 1560 344)
3(387 1688 1560)
3(1688 344 1560)
3(1362 2492 1378)
3(1346 1378 2492)
3(308 1672 1679)
3(308 1679 1653)
3(308 1653 1672)
3(1621 1614 298)
3(1621 298 1595)
3(683 682 2482)
3(681 683 2482)
3(432 60 2477)
3(60 430 2477)
3(432 2477 62)
3(429 62 2477)
3(176 2481 758)
3(176 759 2481)
3(2477 1413 2480)
3(1427 2477 2480)
3(1641 1700 1646)
3(1641 1646 28)
3(26 38 1722)
3(1699 1722 38)
3(910 214 2473)
3(214 912 2473)
3(606 2483 607)
3(605 607 2483)
3(350 1699 421)
3(1689 421 1699)
3(316 317 1623)
3(145 1623 317)
3(1645 1366 1380)
3(1387 1366 1645)
3(1387 1645 1380)
3(1587 1562 338)
3(1587 2497 1562)
3(1587 338 2497)
3(1641 28 12)
3(1641 12 322)
3(101 449 2468)
3(452 101 2468)
3(1414 1443 2480)
3(1425 1414 2480)
3(1645 1366 2495)
3(1380 2495 1366)
3(1380 1645 2495)
3(422 1694 351)
3(1687 1694 422)
3(395 1596 1712)
3(1607 395 1712)
3(318 1633 2472)
3(243 2472 1633)
3(243 318 2472)
3(757 180 2481)
3(180 760 2481)
3(1617 1647 27)
3(1617 1725 1647)
3(1617 27 1725)
3(22 1650 302)
3(22 1508 1650)
3(302 1650 1508)
3(1567 339 343)
3(1686 1567 343)
3(1686 343 339)
3(1686 339 1567)
3(36 25 1590)
3(1677 25 36)
3(25 107 2470)
3(107 108 2470)
3(25 2470 108)
3(332 1593 1573)
3(333 1573 1593)
3(333 332 1573)
3(333 1593 332)
3(1379 1632 2489)
3(1632 1399 2489)
3(1379 1399 1632)
3(343 1560 386)
3(1688 386 1560)
3(319 1652 318)
3(1461 318 1652)
3(319 1461 1652)
3(316 1594 317)
3(316 1333 1594)
3(317 1594 1333)
3(90 2469 445)
3(90 448 2469)
3(319 318 1626)
3(319 1626 210)
3(342 1565 1690)
3(385 1565 342)
3(385 1690 1565)
3(33 1590 36)
3(33 36 25)
3(34 1588 21)
3(34 21 1619)
3(1555 1434 2476)
3(2476 1434 2490)
3(1555 2476 2490)
3(1558 1439 1551)
3(1558 1551 2480)
3(40 29 1674)
3(1354 157 2495)
3(1548 1438 2487)
3(1458 1438 1548)
3(1458 1548 2487)
3(1467 1655 324)
3(324 1655 1658)
3(1467 1658 1655)
3(1467 324 1658)
3(1597 1339 312)
3(1597 312 1600)
3(1597 1600 1339)
3(312 1339 1600)
3(1629 319 2474)
3(1629 2474 192)
3(1693 408 1625)
3(408 1718 1625)
3(1547 1558 2480)
3(1547 2480 2488)
3(1547 2488 1558)
3(1392 1345 2491)
3(1344 2491 1345)
3(423 1713 352)
3(423 1691 1713)
3(1631 1382 1381)
3(1631 1381 2494)
3(1631 2494 1382)
3(1381 1382 2494)
3(1665 418 1716)
3(1656 1716 418)
3(1675 28 1646)
3(1723 1675 1646)
3(530 126 2478)
3(126 531 2478)
3(1492 340 1560)
3(1485 1492 1560)
3(1616 26 38)
3(1616 1722 26)
3(1692 1579 344)
3(387 344 1579)
3(1692 387 1579)
3(446 95 2469)
3(447 2469 95)
3(56 360 2498)
3(56 55 360)
3(56 2498 55)
3(360 55 2498)
3(1460 1467 1655)
3(1460 1655 324)
3(1332 1597 1339)
3(1332 312 1597)
3(332 1578 1573)
3(1593 1578 332)
3(34 1588 31)
3(34 31 21)
3(1718 1641 409)
3(1718 409 1625)
3(1578 332 1586)
3(1561 1586 332)
3(1546 1548 1438)
3(1546 2487 1548)
3(361 312 311)
3(361 71 312)
3(324 367 323)
3(324 92 367)
3(208 909 2473)
3(208 2473 912)
3(1576 331 1565)
3(1576 1581 331)
3(331 1581 1565)
3(758 2481 174)
3(760 174 2481)
3(1579 1569 336)
3(33 336 1569)
3(1579 33 1569)
3(1579 336 33)
3(104 2468 450)
3(104 452 2468)
3(434 68 2475)
3(68 435 2475)
3(1435 1404 2490)
3(1439 2490 1404)
3(1649 2497 24)
3(1649 1676 2497)
3(1676 24 2497)
3(1649 24 1676)
3(1695 395 1596)
3(1564 2496 1593)
3(1439 1558 1417)
3(1446 1417 1558)
3(31 1565 1690)
3(31 342 1565)
3(31 1690 342)
3(380 1672 1585)
3(380 1585 1653)
3(1672 1653 1585)
3(1414 1424 2480)
3(1438 1416 1557)
3(1416 1448 1557)
3(36 33 1579)
3(1590 36 1579)
3(339 1567 1560)
3(339 1485 1567)
3(1567 1485 1560)
3(316 1615 1338)
3(316 1612 1615)
3(316 1338 1612)
3(1612 1338 1615)
3(1466 1673 318)
3(1670 318 1673)
3(1466 318 1670)
3(1466 1670 1673)
3(408 1634 1693)
3(1649 1643 2497)
3(1649 2497 1589)
3(1643 1589 2497)
3(1649 1589 1643)
3(336 1563 1569)
3(1579 1563 336)
3(1550 1504 339)
3(1550 306 1504)
3(1550 339 306)
3(529 2478 129)
3(531 129 2478)
3(1546 1438 1557)
3(1546 1557 2484)
3(1618 1648 2496)
3(1618 2496 18)
3(1648 18 2496)
3(1618 18 1648)
3(1698 396 1607)
3(1698 1598 396)
3(1648 1591 2496)
3(1628 2496 1591)
3(1628 1648 2496)
3(1628 1591 1648)
3(1544 340 1505)
3(1544 1505 307)
3(1544 307 340)
3(1613 1695 394)
3(1695 1596 394)
3(33 1692 1579)
3(344 33 1579)
3(344 1692 33)
3(24 1643 2497)
3(1649 1643 24)
3(350 421 1701)
3(1685 1701 421)
3(125 530 2478)
3(125 2478 532)
3(1692 1579 36)
3(1692 36 33)
3(1492 33 1560)
3(340 1560 33)
3(2480 1424 2490)
3(1402 2480 2490)
3(31 1565 1576)
3(331 31 1576)
3(331 1565 31)
3(422 351 1701)
3(422 1701 1685)
3(343 1567 1560)
3(317 400 1594)
3(317 1594 1623)
3(317 1623 400)
3(400 1623 1594)
3(1595 1578 371)
3(1595 371 1561)
3(32 2497 1566)
3(32 1491 2497)
3(32 1566 1491)
3(1491 1566 2497)
3(409 1700 1641)
3(1665 418 1696)
3(1578 371 1605)
3(430 58 2477)
3(431 2477 58)
3(1604 298 1614)
3(1604 1614 21)
3(1604 21 298)
3(1662 1672 308)
3(1662 25 1672)
3(1662 308 25)
3(64 429 2477)
3(64 2477 431)
3(1589 1676 2497)
3(1649 1676 1589)
3(1493 30 1559)
3(1559 30 334)
3(1493 1559 334)
3(1655 323 324)
3(1655 324 367)
3(1655 367 323)
3(1597 312 311)
3(1597 361 312)
3(1597 311 361)
3(1665 1719 417)
3(417 1719 1654)
3(24 246 2472)
3(246 245 2472)
3(24 2472 245)
3(1506 302 1640)
3(1506 1640 335)
3(1640 302 335)
3(316 1623 1594)
3(399 316 1594)
3(399 1623 316)
3(399 1594 1623)
3(438 76 2476)
3(440 2476 76)
3(1600 313 1613)
3(1600 1622 313)
3(31 34 1565)
3(1588 1565 34)
3(1493 30 1583)
3(30 1559 1583)
3(1493 1583 1559)
3(232 231 2471)
3(1352 2471 231)
3(1352 232 2471)
3(1064 2472 15)
3(1062 15 2472)
3(1618 1591 2496)
3(1618 1648 1591)
3(1064 243 2472)
3(1061 2472 243)
3(442 87 2485)
3(443 2485 87)
3(1583 1493 2496)
3(30 1583 2496)
3(30 2496 1493)
3(343 340 1503)
3(343 1503 339)
3(338 1562 1574)
3(337 1574 1562)
3(337 338 1574)
3(343 386 1567)
3(1686 1567 386)
3(2484 1401 2487)
3(1422 2484 2487)
3(1604 298 1621)
3(1662 1679 308)
3(1679 1653 309)
3(1679 309 308)
3(308 309 1653)
3(1595 1621 299)
3(1621 298 299)
3(1595 299 298)
3(1381 1631 1383)
3(1631 1382 1383)
3(1622 1596 314)
3(1622 314 313)
3(1672 1563 380)
3(1672 1585 1563)
3(1565 1690 34)
3(31 34 1690)
3(14 232 2471)
3(1393 14 2471)
3(1393 2471 232)
3(1505 344 340)
3(1505 1544 344)
3(344 1544 340)
3(1461 1673 318)
3(1461 1466 1673)
3(1333 316 1615)
3(1333 1615 1338)
3(1567 385 342)
3(1567 1686 385)
3(1567 342 1686)
3(26 1613 1600)
3(26 1600 313)
3(21 53 2486)
3(53 54 2486)
3(21 2486 54)
3(343 307 1503)
3(343 340 307)
3(306 343 1503)
3(306 339 343)
3(82 2485 441)
3(82 444 2485)
3(319 2473 1629)
3(1629 2473 2474)
3(319 2474 2473)
3(163 1623 2482)
3(1623 145 2482)
3(1504 339 342)
3(1504 342 1550)
3(339 1550 342)
3(23 2493 1441)
3(1418 1441 2493)
3(23 1418 2493)
3(307 1415 1550)
3(306 1550 1415)
3(1354 2492 1347)
3(1354 1355 2492)
3(1355 1347 2492)
3(338 1587 1574)
3(1712 396 1607)
3(318 1633 2471)
3(2471 1633 2472)
3(318 2471 2472)
3(1610 314 1622)
3(1596 314 1610)
3(1657 2497 24)
3(1657 24 310)
3(310 24 2497)
3(1614 370 1561)
3(1595 1561 370)
3(1599 18 2496)
3(1599 300 18)
3(18 300 2496)
3(1492 33 1569)
3(33 1560 1569)
3(1492 1569 1560)
3(333 1583 1493)
3(333 1493 2496)
3(333 2496 1583)
3(1453 2487 97)
3(1428 97 2487)
3(417 1665 1696)
3(2480 1414 2488)
3(328 1658 1671)
3(328 1680 1658)
3(382 1663 1582)
3(382 1582 1657)
3(1371 2474 322)
3(322 2474 2489)
3(1371 2489 2474)
3(1412 2484 1422)
3(32 1643 2497)
3(32 24 1643)
3(32 2497 24)
3(1555 74 2476)
3(1434 74 1555)
3(1434 2476 74)
3(1628 2496 1580)
3(1628 1580 1591)
3(1591 1580 2496)
3(329 1680 1654)
3(329 1668 1680)
3(329 1654 1668)
3(1557 2493 1552)
3(1557 1552 2484)
3(2484 1552 2493)
3(1557 2484 2493)
3(319 404 1669)
3(1629 404 319)
3(1629 319 1669)
3(1629 1669 404)
3(1652 319 404)
3(1652 1669 319)
3(317 1611 1594)
3(317 400 1611)
3(1658 1671 29)
3(1658 29 328)
3(1456 1437 2488)
3(1456 2488 61)
3(1437 61 2488)
3(208 2473 193)
3(208 194 2473)
3(194 193 2473)
3(1431 2487 1408)
3(1438 1408 2487)
3(25 1677 1662)
3(1619 21 1604)
3(1412 2484 1440)
3(1412 1423 2484)
3(319 1626 1652)
3(319 404 1626)
3(1626 404 1652)
3(22 2472 24)
3(22 246 2472)
3(1632 1389 1383)
3(1632 1356 1389)
3(1632 1383 1356)
3(1676 1657 2497)
3(24 1657 1676)
3(1548 352 326)
3(327 1548 326)
3(327 352 1548)
3(1639 2481 1644)
3(1639 1637 2481)
3(1637 1644 2481)
3(1663 1562 382)
3(1599 1618 2496)
3(18 1618 1599)
3(334 1559 1636)
3(334 1636 30)
3(1559 30 1636)
3(1359 1350 2494)
3(1350 248 2494)
3(1359 2494 248)
3(1581 1614 370)
3(1626 1652 318)
3(328 329 1680)
3(1633 1626 2471)
3(1633 2471 1631)
3(1626 1631 2471)
3(343 1550 1503)
3(343 1503 1544)
3(343 1544 1550)
3(1424 1425 2480)
3(1439 1424 2480)
3(1628 18 2496)
3(1628 1648 18)
3(323 1655 1468)
3(323 1662 1655)
3(1662 1468 1655)
3(323 1468 1662)
3(311 1340 1597)
3(311 1597 1604)
3(1340 1604 1597)
3(311 1604 1340)
3(243 244 1633)
3(243 2472 244)
3(1633 244 2472)
3(394 1613 1715)
3(909 210 2473)
3(210 911 2473)
3(1379 1632 2479)
3(2479 1632 2489)
3(1379 2479 2489)
3(29 1658 1674)
3(26 1616 1600)
3(26 1613 1616)
3(1560 344 1579)
3(1643 1566 2497)
3(1643 1589 1566)
3(1566 1589 2497)
3(1423 1442 1557)
3(1557 1442 2484)
3(1452 6 2469)
3(6 94 2469)
3(454 112 2470)
3(112 455 2470)
3(109 453 2470)
3(109 2470 455)
3(1629 1626 319)
3(1636 301 1506)
3(1636 334 301)
3(1590 36 1692)
3(1590 1692 1579)
3(1724 1691 40)
3(1724 1713 1691)
3(326 1545 1447)
3(1417 1447 1545)
3(326 1417 1545)
3(1466 310 1670)
3(24 1670 310)
3(24 1466 1670)
3(300 1338 1612)
3(18 300 1612)
3(18 1612 1338)
3(316 1594 1612)
3(316 1612 399)
3(1587 2497 1582)
3(325 351 1545)
3(325 1545 350)
3(351 350 1545)
3(325 326 1545)
3(326 351 1545)
3(1439 1417 1545)
3(1459 1545 1417)
3(1459 1439 1545)
3(1444 1550 2488)
3(1445 1550 1444)
3(1445 2488 1550)
3(1611 317 1615)
3(1615 317 1337)
3(1611 1337 317)
3(1611 1615 1337)
3(319 1669 1673)
3(319 1673 1465)
3(319 1465 1669)
3(1465 1673 1669)
3(1401 96 2487)
3(1407 2487 96)
3(1564 372 1605)
3(1578 1605 372)
3(1599 1564 372)
3(33 1579 1560)
3(33 1560 344)
3(77 438 2476)
3(439 77 2476)
3(318 1670 1633)
3(24 1670 318)
3(24 1633 1670)
3(1348 1342 2489)
3(1348 2489 1349)
3(351 326 1548)
3(351 1548 352)
3(324 1655 413)
3(324 413 1658)
3(312 391 1597)
3(312 1600 391)
3(1624 32 1584)
3(335 32 1624)
3(1423 1422 2484)
3(1422 1438 2484)
3(311 2498 56)
3(311 360 2498)
3(311 56 360)
3(315 1611 27)
3(315 1598 1611)
3(27 1611 1598)
3(338 1574 1575)
3(1491 1574 338)
3(1491 1575 1574)
3(1491 338 1575)
3(376 1559 1636)
3(376 1636 334)
3(32 1584 377)
3(32 377 1624)
3(1624 377 1584)
3(1558 1545 1439)
3(1558 1417 1545)
3(1585 381 1663)
3(381 1562 1663)
3(1494 1568 1571)
3(1494 1571 1576)
3(1494 1576 1568)
3(1548 326 1447)
3(1416 1548 1447)
3(1416 326 1548)
3(20 2486 21)
3(20 53 2486)
3(456 7 2470)
3(7 454 2470)
3(456 2470 107)
3(453 107 2470)
3(1576 1561 331)
3(323 1655 1460)
3(1468 1460 1655)
3(311 1332 1597)
3(1332 1340 1597)
3(1398 195 2489)
3(13 1398 2489)
3(13 2489 195)
3(1652 1670 318)
3(1652 318 1673)
3(316 1594 1615)
3(1343 1344 2495)
3(1343 2495 1345)
3(1344 1345 2495)
3(1622 1610 313)
3(1610 314 313)
3(1062 2472 248)
3(1063 248 2472)
3(1061 245 2472)
3(245 1063 2472)
3(1486 1493 1559)
3(1486 1559 334)
3(1467 1655 1659)
3(1460 1659 1655)
3(1467 1659 1460)
3(1601 1597 1339)
3(1601 1332 1597)
3(1601 1339 1332)
3(1670 1664 310)
3(1670 1466 1664)
3(310 1664 1466)
3(300 1606 1612)
3(1338 1612 1606)
3(1338 1606 300)
3(299 1609 1621)
3(299 1595 1609)
3(1679 1667 309)
3(309 1667 1653)
3(20 1504 1550)
3(20 1550 306)
3(28 1669 330)
3(1656 330 1669)
3(1656 1669 28)
3(1487 1571 1573)
3(1573 1571 332)
3(1487 332 1571)
3(1487 1573 332)
3(1494 1567 339)
3(1494 1485 1567)
3(34 1588 1690)
3(1565 1690 1588)
3(38 1689 1722)
3(1689 1699 1722)
3(1628 30 2496)
3(1628 18 30)
3(30 18 2496)
3(1448 1442 1557)
3(1407 2487 1429)
3(1407 1428 2487)
3(1428 1429 2487)
3(212 2473 213)
3(1367 213 2473)
3(381 1653 1585)
3(1394 1377 2494)
3(1377 229 2494)
3(1394 2494 229)
3(1443 2488 1421)
3(1406 1421 2488)
3(1550 306 343)
3(343 307 1544)
3(309 1663 1664)
3(310 1664 1663)
3(309 1664 310)
3(309 310 1663)
3(1606 1605 299)
3(1606 300 1605)
3(1606 299 300)
3(299 1605 300)
3(323 412 1655)
3(323 1662 412)
3(390 311 1597)
3(390 1604 311)
3(1611 1337 315)
3(27 1337 1611)
3(318 1670 403)
3(318 403 1633)
3(403 1670 1633)
3(318 403 1652)
3(318 1626 403)
3(403 1626 1652)
3(1452 2468 6)
3(105 6 2468)
3(1659 1467 1658)
3(1339 1601 1600)
3(1673 319 1652)
3(317 1615 1594)
3(196 834 2474)
3(835 196 2474)
3(323 107 2470)
3(366 323 2470)
3(366 2470 107)
3(366 107 323)
3(1505 344 33)
3(33 344 340)
3(23 1544 1505)
3(307 1544 23)
3(1492 1560 1568)
3(1485 1568 1560)
3(1492 1568 1485)
3(1453 2487 5)
3(97 5 2487)
3(1339 313 1600)
3(1622 1339 1600)
3(1622 313 1339)
3(1455 77 2490)
3(2 1455 2490)
3(2 2490 77)
3(1506 1640 301)
3(1636 301 1640)
3(1636 1640 1506)
3(1430 327 1553)
3(1553 327 2487)
3(1430 1553 2487)
3(1465 1669 330)
3(28 1669 1465)
3(227 228 2471)
3(1455 1432 2490)
3(77 2490 1432)
3(1438 1416 1548)
3(1557 1438 1548)
3(1557 1548 1416)
3(401 27 1617)
3(401 1647 27)
3(401 1617 1647)
3(336 1569 1492)
3(1667 308 1679)
3(309 308 1667)
3(1609 1621 298)
3(1609 298 299)
3(1386 1640 301)
3(1386 1356 1640)
3(301 1640 1356)
3(1544 2493 1557)
3(1544 1557 1442)
3(1544 1442 2493)
3(1442 1557 2493)
3(1494 31 1567)
3(1576 1567 31)
3(1576 31 1494)
3(1576 1494 1567)
3(1433 2490 75)
3(1433 1434 2490)
3(1434 75 2490)
3(1570 1572 1488)
3(1571 1488 1572)
3(1571 1570 1488)
3(1504 31 342)
3(31 339 342)
3(377 32 1566)
3(1566 32 1584)
3(1556 1441 2493)
3(1544 1441 1556)
3(1544 1556 2493)
3(1544 2493 1441)
3(1550 1554 1444)
3(1550 2488 1554)
3(1444 1554 2488)
3(1657 1589 2497)
3(1582 1589 1657)
3(1582 2497 1589)
3(100 101 2470)
3(106 100 2470)
3(106 2470 101)
3(232 986 2471)
3(176 175 2481)
3(176 2481 1361)
3(1649 24 402)
3(1676 402 24)
3(1676 1649 402)
3(1572 1486 1592)
3(1486 1575 1592)
3(1572 1575 1486)
3(1657 1589 1676)
3(400 317 1638)
3(1638 317 1623)
3(1339 26 1600)
3(437 80 2476)
3(80 439 2476)
3(32 377 1643)
3(32 1643 1624)
3(1555 3 2476)
3(3 74 2476)
3(1633 318 1626)
3(1657 1670 310)
3(1657 24 1670)
3(300 1612 1599)
3(18 1599 1612)
3(302 1640 301)
3(1446 1549 1558)
3(1417 1549 1446)
3(1417 1558 1549)
3(1398 1369 2489)
3(195 2489 1369)
3(316 399 1639)
3(316 1639 1623)
3(1493 1583 1487)
3(1592 1583 1493)
3(1592 1487 1583)
3(1592 1493 1487)
3(249 1377 2494)
3(1394 249 2494)
3(1668 1680 328)
3(1668 328 329)
3(1631 2479 1381)
3(1631 1383 2479)
3(334 1636 1507)
3(30 1507 1636)
3(1458 1416 1548)
3(28 1669 1629)
3(319 1669 28)
3(1347 158 2492)
3(1354 2492 158)
3(1413 59 2477)
3(1413 2477 2488)
3(2477 59 2488)
3(1467 1658 328)
3(1467 1680 1658)
3(1467 328 1680)
3(1571 1572 1487)
3(1573 1487 1572)
3(1618 1564 2496)
3(1618 1591 1564)
3(1564 1591 2496)
3(307 1415 1544)
3(1550 1544 1415)
3(1439 1551 1545)
3(1558 1545 1551)
3(1467 29 1658)
3(324 1658 29)
3(312 26 1600)
3(1667 308 1660)
3(1660 308 1679)
3(1609 1602 298)
3(298 1602 1621)
3(398 1618 18)
3(398 18 1648)
3(398 1648 1618)
3(198 1371 2474)
3(198 2474 322)
3(1608 1611 315)
3(1608 315 1598)
3(988 230 2494)
3(988 2494 231)
3(230 231 2494)
3(317 1638 1611)
3(1638 400 1611)
3(1549 1448 1557)
3(1416 1448 1549)
3(1416 1549 1557)
3(1395 9 2483)
3(126 2483 9)
3(833 193 2474)
3(835 2474 193)
3(30 2496 1580)
3(30 1580 1628)
3(988 2471 229)
3(228 229 2471)
3(324 367 413)
3(1655 413 367)
3(391 361 312)
3(1597 361 391)
3(339 31 1567)
3(1586 1573 332)
3(319 2473 1626)
3(1629 1626 2473)
3(301 1637 1386)
3(1637 1385 1386)
3(301 1385 1637)
3(1675 28 1629)
3(1675 1629 1646)
3(1629 28 1646)
3(128 2483 147)
3(127 147 2483)
3(128 127 2483)
3(1432 1451 2490)
3(1433 2490 1451)
3(1433 1432 2490)
3(128 1638 2478)
3(128 2478 129)
3(1638 129 2478)
3(314 1610 1607)
3(2484 1440 2493)
3(1412 2484 2493)
3(159 684 2482)
3(159 2482 682)
3(684 161 2482)
3(681 2482 161)
3(342 1567 1565)
3(1666 330 1669)
3(1666 1656 330)
3(1594 1615 1333)
3(1652 1461 1673)
3(1599 1618 1564)
3(2479 1381 2494)
3(1631 2479 2494)
3(1544 1556 1505)
3(344 1505 1556)
3(344 1556 1544)
3(1565 1567 31)
3(1639 316 1612)
3(1639 1612 399)
3(1504 1554 1550)
3(1504 342 1554)
3(1550 1554 342)
3(1643 1566 32)
3(1611 1337 1608)
3(1337 315 1608)
3(243 242 2472)
3(242 318 2472)
3(320 321 1642)
3(320 1642 1400)
3(1400 1642 321)
3(318 1626 2471)
3(333 1583 1487)
3(1427 68 2475)
3(68 69 2475)
3(1427 2475 69)
3(1580 1559 30)
3(30 1559 375)
3(1580 30 375)
3(1557 1546 1548)
3(606 144 2483)
3(144 608 2483)
3(1375 123 2478)
3(320 1375 2478)
3(320 2478 123)
3(146 605 2483)
3(146 2483 608)
3(1451 2490 1403)
3(1432 1403 2490)
3(1445 1425 1558)
3(319 1673 1461)
3(1465 1461 1673)
3(317 1333 1615)
3(1333 1337 1615)
3(323 412 367)
3(1655 367 412)
3(311 361 390)
3(390 361 1597)
3(315 1608 1607)
3(1608 314 1607)
3(315 314 1608)
3(1645 1386 1366)
3(1645 1387 1386)
3(1287 300 2496)
3(18 1287 2496)
3(1446 1558 1445)
3(126 125 2478)
3(1373 2478 125)
3(1373 126 2478)
3(1668 329 1665)
3(367 324 2485)
3(367 2469 324)
3(324 2469 2485)
3(367 2485 2469)
3(1659 1467 1680)
3(1339 1601 1622)
3(331 1576 1586)
3(1561 331 1586)
3(834 197 2474)
3(197 836 2474)
3(1666 1465 1669)
3(1666 330 1465)
3(1568 1492 1569)
3(1451 1404 2490)
3(1451 2490 1435)
3(1583 30 1580)
3(1485 1568 1567)
3(1343 1390 2495)
3(1343 2495 1368)
3(1566 377 1643)
3(310 1328 2497)
3(1328 24 2497)
3(31 342 1567)
3(92 445 2469)
3(92 2469 447)
3(22 2472 1359)
3(1359 2472 2494)
3(22 2494 2472)
3(22 1359 2494)
3(1353 2479 1364)
3(1353 1381 2479)
3(1645 1380 1358)
3(1645 1358 1387)
3(1636 375 30)
3(1636 1559 375)
3(1464 1668 1661)
3(1464 1661 1469)
3(1469 1661 1668)
3(1464 1469 1668)
3(1336 1603 1610)
3(1336 1341 1603)
3(1603 1341 1610)
3(1336 1610 1341)
3(309 1663 1667)
3(309 1667 1664)
3(1609 1605 299)
3(1609 299 1606)
3(226 987 2471)
3(225 2471 987)
3(225 226 2471)
3(419 1656 1723)
3(419 1716 1656)
3(1636 1507 301)
3(1463 1661 1678)
3(1463 1678 1667)
3(1463 1667 1661)
3(1335 1620 1603)
3(1335 1609 1620)
3(1335 1603 1609)
3(410 1646 1700)
3(410 1723 1646)
3(1489 1488 1570)
3(1489 1572 1488)
3(1489 1570 1572)
3(1411 104 2468)
3(105 2468 104)
3(105 1411 2468)
3(30 1628 1507)
3(1507 1628 1637)
3(30 1507 1637)
3(30 1637 1628)
3(1372 1349 2489)
3(1379 2489 1349)
3(1353 1363 2479)
3(1359 1360 2494)
3(1350 2494 1360)
3(1445 1446 1549)
3(1445 1549 1558)
3(1464 1678 1661)
3(1464 1668 1678)
3(1603 1620 1336)
3(1336 1620 1610)
3(310 1657 1664)
3(1599 300 1606)
3(1666 1665 330)
3(175 174 2481)
3(1617 1611 27)
3(27 1611 401)
3(1415 1549 1445)
3(1415 1446 1549)
3(1723 419 1675)
3(331 1494 1576)
3(2481 1346 2492)
3(1361 2481 2492)
3(367 324 368)
3(368 324 2485)
3(367 368 2485)
3(1645 1366 2492)
3(2492 1366 2495)
3(1645 2492 2495)
3(338 1587 1575)
3(59 2477 58)
3(337 1574 1577)
3(1571 1494 1488)
3(1571 1488 1568)
3(1494 1568 1488)
3(1340 1597 1602)
3(1602 1597 1332)
3(1340 1602 1332)
3(1468 1660 1655)
3(1460 1655 1660)
3(1460 1660 1468)
3(1666 1665 329)
3(1666 329 330)
3(1507 1636 1628)
3(1636 30 1628)
3(1640 1637 1386)
3(301 1637 1640)
3(1632 1389 2479)
3(1383 1632 2479)
3(1352 231 2494)
3(231 1351 2494)
3(1576 1494 1488)
3(1571 1576 1488)
3(1662 1468 308)
3(1679 1468 1662)
3(1679 308 1468)
3(1604 298 1340)
3(1621 1604 1340)
3(1621 1340 298)
3(1430 89 1553)
3(1662 1468 1660)
3(1340 1604 1602)
3(316 180 2481)
3(1639 2481 180)
3(1639 316 2481)
3(11 2481 174)
3(11 1396 2481)
3(1598 27 1617)
3(28 1675 1669)
3(411 1677 36)
3(411 1683 1677)
3(389 34 1619)
3(1684 389 1619)
3(1633 2472 1631)
3(2471 1631 2472)
3(213 2473 214)
3(213 1342 2473)
3(1342 214 2473)
3(1651 322 321)
3(1651 1625 322)
3(1651 321 1625)
3(244 1633 24)
3(1608 314 1610)
3(1381 1353 2494)
3(1351 1381 2494)
3(1378 1347 2492)
3(1362 2492 1347)
3(1555 26 2476)
3(26 3 2476)
3(1555 3 26)
3(1669 1629 1675)
3(1675 1629 405)
3(1675 405 1646)
3(63 2498 62)
3(63 57 2498)
3(57 62 2498)
3(1651 1632 1399)
3(1651 2489 1632)
3(1651 1399 2489)
3(1725 1627 406)
3(1725 406 1647)
3(1365 1366 2495)
3(1365 2495 1355)
3(1366 1355 2495)
3(226 227 2471)
3(316 18 1612)
3(1466 1664 1673)
3(1606 1338 1615)
3(1586 1571 332)
3(1642 1357 1399)
3(1642 1399 1651)
3(1642 1651 1357)
3(1651 1399 1357)
3(20 1554 1550)
3(20 1504 1554)
3(332 1488 1586)
3(331 1586 1488)
3(332 1586 331)
3(1357 1632 1379)
3(1399 1632 1357)
3(1559 1592 1493)
3(1486 1592 1559)
3(1486 1493 1592)
3(1434 2476 75)
3(74 75 2476)
3(50 1437 2488)
3(50 2488 1456)
3(1364 2479 1363)
3(1379 1363 2479)
3(1569 336 1577)
3(402 1633 24)
3(1649 24 1633)
3(1365 1380 2495)
3(2481 1378 2492)
3(14 225 2471)
3(1 58 2477)
3(1457 1 2477)
3(759 177 2481)
3(178 759 2481)
3(1549 1447 1417)
3(1549 1446 1447)
3(1447 1548 1545)
3(1548 326 1545)
3(1666 1668 329)
3(911 2473 212)
3(211 212 2473)
3(911 211 2473)
3(1574 1489 1491)
3(1574 338 1489)
3(1464 1463 1661)
3(1464 1678 1463)
3(1336 1603 1335)
3(1336 1335 1620)
3(374 1628 1591)
3(1648 374 1591)
3(1490 1568 1492)
3(1490 1569 1568)
3(1490 1492 1569)
3(389 21 1619)
3(389 34 21)
3(411 1677 25)
3(411 25 36)
3(14 2471 2473)
3(1393 2473 2471)
3(1544 1556 23)
3(23 1556 1505)
3(1657 383 1589)
3(1657 1582 383)
3(1487 1571 1488)
3(1487 1488 1572)
3(414 40 1674)
3(414 1674 1681)
3(1616 38 392)
3(1682 1616 392)
3(1592 1487 1486)
3(1592 1572 1487)
3(1572 1486 1487)
3(451 2468 98)
3(451 99 2468)
3(99 98 2468)
3(1634 321 1642)
3(1634 1642 320)
3(1555 2490 1551)
3(1555 1545 2490)
3(1545 1551 2490)
3(1555 1551 1545)
3(833 2474 191)
3(836 191 2474)
3(1660 1659 1463)
3(1463 1659 1661)
3(1660 1463 1661)
3(1335 1601 1602)
3(1335 1603 1601)
3(1335 1602 1603)
3(1632 1389 1379)
3(21 1340 1604)
3(1468 25 1662)
3(410 1641 1700)
3(23 1556 1441)
3(23 2493 1556)
3(361 311 2477)
3(64 2477 311)
3(64 361 2477)
3(316 1623 2482)
3(316 2482 163)
3(88 87 2485)
3(1448 1442 1549)
3(1549 1442 1557)
3(1507 1636 1637)
3(1447 1545 1549)
3(1417 1549 1545)
3(1714 1627 406)
3(24 1676 1670)
3(24 1670 402)
3(1380 1645 2491)
3(1380 2491 2495)
3(2491 1645 2495)
3(2468 1411 2493)
3(104 2468 2493)
3(383 1589 1676)
3(1580 1583 2496)
3(18 1612 1618)
3(18 398 1612)
3(1401 95 2469)
3(95 96 2469)
3(1401 2469 96)
3(1433 2490 76)
3(75 76 2490)
3(1640 1386 1645)
3(1386 1356 1645)
3(1640 1645 1356)
3(1334 299 1606)
3(1334 1606 1609)
3(1334 1609 299)
3(1462 1664 309)
3(1462 1667 1664)
3(1462 309 1667)
3(310 1462 1664)
3(1606 1334 300)
3(1573 1487 1583)
3(1573 1592 1487)
3(1382 1360 2494)
3(1382 2494 1359)
3(18 1612 1639)
3(1366 1384 2492)
3(1366 2492 1355)
3(1384 1355 2492)
3(1616 26 392)
3(26 38 392)
3(1674 414 29)
3(40 29 414)
3(369 1614 1588)
3(369 1588 1619)
3(1613 393 1722)
3(1616 1722 393)
3(1613 1722 1616)
3(1637 1507 301)
3(1637 301 1636)
3(180 2481 181)
3(316 181 2481)
3(1629 405 1669)
3(1642 1357 321)
3(1642 321 1399)
3(374 1628 1580)
3(1421 1444 2488)
3(1622 1610 1341)
3(1341 1610 313)
3(1622 1341 313)
3(61 432 2477)
3(62 61 2477)
3(61 60 2477)
3(95 1426 2469)
3(94 95 2469)
3(1383 1640 1382)
3(1631 1382 1640)
3(1383 1631 1640)
3(1568 1485 1490)
3(1338 1615 1334)
3(1606 1334 1615)
3(1338 1334 1606)
3(1466 1462 1673)
3(1462 1664 1673)
3(1466 1664 1462)
3(317 27 1611)
3(27 1638 1611)
3(27 401 1638)
3(27 1638 1647)
3(1544 2493 1552)
3(1544 1552 1557)
3(1491 1575 1489)
3(1574 1489 1575)
3(388 1692 1590)
3(388 1590 36)
3(424 1724 1691)
3(424 40 1724)
3(1626 1630 2471)
3(1631 2471 1630)
3(682 2482 157)
3(683 157 2482)
3(681 163 2482)
3(683 2482 163)
3(1358 1635 1400)
3(1358 1400 2491)
3(1358 2491 1635)
3(1400 1635 2491)
3(1679 1468 1660)
3(1602 1340 1621)
3(67 2490 1402)
3(68 1402 2490)
3(67 68 2490)
3(4 2485 89)
3(1553 89 2485)
3(4 1553 2485)
3(333 1583 1573)
3(333 1573 1487)
3(302 1640 1382)
3(302 1383 1640)
3(1632 1356 1388)
3(1632 1388 1389)
3(1577 1570 337)
3(1577 1490 1570)
3(1577 337 1490)
3(1570 1490 337)
3(1416 1447 1549)
3(1448 1549 1447)
3(1570 337 1574)
3(1559 1486 1575)
3(1403 67 2490)
3(1433 1435 2490)
3(1488 332 1571)
3(1405 2488 1421)
3(1420 1421 2488)
3(1405 1420 2488)
3(1462 1678 1667)
3(1463 1678 1462)
3(1463 1462 1667)
3(1334 1609 1620)
3(1334 1620 1335)
3(1334 1335 1609)
3(1490 1569 1577)
3(1570 1569 1490)
3(19 1637 1507)
3(301 1637 19)
3(1698 1617 397)
3(1698 397 1598)
3(1698 1598 1617)
3(1333 1334 1615)
3(1333 1620 1334)
3(1333 1615 1620)
3(1620 1615 1334)
3(1462 1461 1673)
3(1462 1678 1461)
3(1461 1678 1673)
3(1462 1673 1678)
3(1447 1548 1549)
3(1549 1548 1545)
3(1427 2480 2475)
3(68 2475 2480)
3(389 21 1604)
3(25 411 1662)
3(180 179 2481)
3(1639 179 180)
3(1639 2481 179)
3(1628 30 375)
3(1580 1628 375)
3(1460 1660 1659)
3(1460 1659 1463)
3(1460 1463 1660)
3(1602 1332 1601)
3(1335 1601 1332)
3(1602 1335 1332)
3(338 1491 2497)
3(142 606 2483)
3(607 142 2483)
3(9 2483 605)
3(9 607 2483)
3(1347 2492 159)
3(1378 159 2492)
3(1548 1549 1416)
3(1442 1549 1415)
3(1415 1549 1448)
3(25 1662 323)
3(21 311 1604)
3(384 1588 1690)
3(34 1588 384)
3(1689 1722 420)
3(38 420 1722)
3(1576 331 1488)
3(113 2493 1436)
3(113 1454 2493)
3(1454 1436 2493)
3(73 78 2476)
3(78 79 2476)
3(73 2476 79)
3(1489 1575 1486)
3(1489 1486 1572)
3(1489 1572 1575)
3(1567 1494 1568)
3(1568 1494 1485)
3(1463 1469 1661)
3(1463 1659 1469)
3(1469 1659 1661)
3(1335 1603 1341)
3(1335 1341 1601)
3(1601 1341 1603)
3(1664 1462 1678)
3(1334 1606 1620)
3(1668 1680 1469)
3(1668 1469 328)
3(328 1469 1680)
3(72 2475 71)
3(312 71 2475)
3(72 312 2475)
3(1490 336 1577)
3(1490 1569 336)
3(2483 1373 2491)
3(1344 2483 2491)
3(758 175 2481)
3(1601 1622 313)
3(1339 1601 313)
3(1715 1613 393)
3(1722 1613 1715)
3(128 531 2478)
3(127 2478 531)
3(127 128 2478)
3(1639 2482 1644)
3(1639 2481 2482)
3(2481 1644 2482)
3(379 1590 1672)
3(1677 1590 379)
3(2469 95 2484)
3(1426 2469 2484)
3(1570 337 1489)
3(1570 1489 1574)
3(1574 1489 337)
3(415 1671 1724)
3(415 1724 1674)
3(1382 1650 1640)
3(302 1650 1382)
3(302 1640 1650)
3(1456 2498 61)
3(1456 2488 2498)
3(2488 61 2498)
3(1380 1358 2491)
3(1645 2491 1358)
3(1389 1357 1632)
3(2468 6 2469)
3(1600 26 392)
3(29 1658 414)
3(1421 1437 2488)
3(1437 1405 2488)
3(18 1639 398)
3(18 1648 1639)
3(1583 333 1593)
3(1583 1593 2496)
3(1725 1617 397)
3(1725 1698 1617)
3(373 1564 1618)
3(373 1618 1591)
3(1659 1469 1668)
3(1659 1680 1469)
3(1601 1610 1341)
3(1601 1341 1622)
3(101 100 2468)
3(177 2481 176)
3(388 1692 1579)
3(1713 1691 424)
3(31 34 2486)
3(31 1554 34)
3(31 2486 1554)
3(34 1554 2486)
3(1419 2493 1440)
3(1419 1410 2493)
3(336 1577 337)
3(321 1642 1388)
3(1388 1642 1357)
3(214 1342 2489)
3(214 2489 1348)
3(1366 2492 1386)
3(1645 1386 2492)
3(1358 1388 1642)
3(1645 1358 1642)
3(1645 1642 1388)
3(1645 1388 1358)
3(378 1589 1643)
3(378 1649 1589)
3(14 211 2471)
3(211 225 2471)
3(369 1614 1581)
3(1625 321 1642)
3(1429 1408 2487)
3(1571 1488 1586)
3(1342 2479 2489)
3(1363 2489 2479)
3(1390 1365 2495)
3(1398 215 2489)
3(1369 2489 215)
3(450 2468 105)
3(1642 1400 1635)
3(1642 1635 320)
3(1400 320 1635)
3(1453 5 2485)
3(1453 2485 86)
3(5 86 2485)
3(317 2483 1623)
3(145 1623 2483)
3(317 145 2483)
3(1642 1358 321)
3(1486 1491 1575)
3(1489 1490 1570)
3(1570 1490 1488)
3(23 1441 1544)
3(307 1544 1441)
3(2471 231 2494)
3(1352 2471 2494)
3(179 2481 178)
3(1651 322 2474)
3(1651 2474 2489)
3(1651 2489 322)
3(98 2469 93)
3(92 93 2469)
3(98 92 2469)
3(1599 373 1564)
3(1400 1358 1642)
3(1642 1358 1635)
3(344 340 343)
3(344 1688 340)
3(84 441 2485)
3(84 2485 443)
3(1670 402 1633)
3(1465 1673 1666)
3(1337 1608 1615)
3(1332 1341 1601)
3(1469 1460 1659)
3(1384 2492 1386)
3(1553 1548 2487)
3(1553 327 1548)
3(1548 327 2487)
3(1637 1386 1645)
3(215 2489 13)
3(98 6 2468)
3(20 1550 1444)
3(306 1444 1550)
3(1401 2484 2469)
3(324 92 2469)
3(92 367 2469)
3(328 1680 1659)
3(328 1659 1467)
3(1383 1632 1631)
3(1631 1632 2479)
3(1568 1570 1488)
3(1350 2494 249)
3(1350 1377 2494)
3(1386 2492 1637)
3(1645 1637 2492)
3(1461 1464 1678)
3(1462 1678 1464)
3(1333 1620 1336)
3(1334 1336 1620)
3(248 247 2472)
3(1359 2472 247)
3(1359 248 2472)
3(321 1651 1399)
3(1399 1651 322)
3(319 210 2473)
3(210 209 2473)
3(319 2473 209)
3(1441 1419 2493)
3(1440 1441 2493)
3(193 319 2473)
3(319 208 2473)
3(317 1638 2478)
3(128 317 2478)
3(1344 2495 141)
3(1343 141 2495)
3(339 342 343)
3(339 1686 342)
3(1638 1611 401)
3(69 434 2475)
3(69 2475 70)
3(1356 1645 1387)
3(1442 1415 1544)
3(1442 1544 307)
3(433 73 2475)
3(72 2475 73)
3(107 2470 106)
3(323 106 2470)
3(311 2498 57)
3(56 57 2498)
3(1642 1357 1632)
3(1388 1642 1632)
3(1388 1632 1357)
3(100 99 2468)
3(1667 308 1463)
3(1660 1667 1463)
3(1660 1463 308)
3(298 1609 1335)
3(1609 1602 1335)
3(298 1335 1602)
3(1064 242 2472)
3(15 242 2472)
3(378 1566 1643)
3(1487 1489 1572)
3(366 323 2468)
3(2468 323 2470)
3(366 2468 2470)
3(314 1341 1610)
3(249 248 2494)
3(1418 2493 1409)
3(112 1409 2493)
3(1418 112 2493)
3(1689 1699 420)
3(1565 1690 384)
3(211 14 2473)
3(209 909 2473)
3(208 209 2473)
3(229 2494 988)
3(229 230 2494)
3(1671 1697 415)
3(1544 340 343)
3(1544 343 344)
3(1673 1464 1461)
3(1465 1464 1673)
3(1336 1615 1333)
3(1337 1615 1336)
3(1445 1550 1549)
3(1415 1549 1550)
3(1415 1550 1445)
3(760 181 2481)
3(11 760 2481)
3(11 2481 181)
3(52 1420 2498)
3(52 2498 51)
3(1420 51 2498)
3(1418 1419 2493)
3(61 0 2498)
3(1456 2498 0)
3(1548 326 1458)
3(1548 1458 327)
3(1464 1678 1673)
3(1620 1336 1615)
3(1673 1666 1464)
3(1465 1464 1666)
3(1336 1608 1615)
3(1336 1337 1608)
3(73 2475 2)
3(433 2 2475)
3(1383 1640 1632)
3(1640 1356 1632)
3(1383 1356 1640)
3(129 130 2478)
3(529 2478 130)
3(318 226 2471)
3(226 1626 2471)
3(19 176 2481)
3(1361 19 2481)
3(1641 322 1651)
3(93 6 2469)
3(6 98 2469)
3(24 1643 2472)
3(1643 32 2472)
3(24 2472 32)
3(1549 1545 1558)
3(91 2469 445)
3(91 90 2469)
3(389 21 360)
3(1604 389 360)
3(1604 360 21)
3(411 366 25)
3(411 1662 366)
3(25 366 1662)
3(343 339 1550)
3(343 1550 342)
3(1407 97 2487)
3(1549 1415 1544)
3(1549 1544 1442)
3(1563 1672 379)
3(1639 2482 1623)
3(1644 1623 2482)
3(1639 316 2482)
3(316 2481 2482)
3(1568 1490 1570)
3(362 26 392)
3(1600 362 392)
3(1600 26 362)
3(414 29 368)
3(414 368 1658)
3(29 1658 368)
3(1650 1382 1631)
3(1650 1631 2494)
3(1650 2494 1382)
3(311 360 2477)
3(311 2477 2498)
3(2477 360 2498)
3(160 159 2482)
3(159 1378 2482)
3(160 2482 1378)
3(90 5 2469)
3(448 2469 5)
3(1468 1660 308)
3(1602 1340 298)
3(1445 1550 1558)
3(1549 1558 1550)
3(1385 1386 2492)
3(1385 2492 1637)
3(1360 1377 2494)
3(27 1627 2478)
3(27 2478 8)
3(1627 8 2478)
3(20 1554 1444)
3(1385 1361 2492)
3(1385 2492 1362)
3(1544 1549 1550)
3(2480 2477 2488)
3(1413 2480 2488)
3(309 1463 1667)
3(299 1609 1335)
3(1568 1490 1488)
3(1485 1568 1488)
3(126 127 2478)
3(398 1612 1639)
3(1401 2469 2487)
3(2469 96 2487)
3(1651 1642 321)
3(59 430 2477)
3(60 59 2477)
3(63 62 2477)
3(429 63 2477)
3(1601 1341 313)
3(1374 1376 2491)
3(1392 2491 1376)
3(1635 320 1634)
3(2476 75 2490)
3(1574 1572 1489)
3(97 96 2469)
3(97 2469 448)
3(71 436 2475)
3(70 2475 71)
3(1550 1445 306)
3(1409 1419 2493)
3(63 2498 2477)
3(62 2477 2498)
3(362 361 312)
3(391 362 312)
3(413 324 368)
3(228 242 2472)
3(228 2472 15)
3(1557 1548 1549)
3(1459 326 1545)
3(1459 1545 325)
3(1469 329 1668)
3(179 18 1639)
3(1455 66 2490)
3(1432 2490 66)
3(1627 1635 320)
3(64 63 2477)
3(1549 1544 1557)
3(56 21 360)
3(21 55 360)
3(1429 1431 2487)
3(33 1505 1556)
3(33 1556 344)
3(1469 1467 1659)
3(1339 1341 1601)
3(323 367 2468)
3(99 323 2468)
3(99 2468 367)
3(314 1336 1610)
3(529 8 2478)
3(8 532 2478)
3(1360 2494 1381)
3(1546 2487 1553)
3(1546 1553 1548)
3(215 2473 214)
3(215 912 2473)
3(1668 1666 1464)
3(1666 1678 1464)
3(1336 1608 1610)
3(1620 1608 1336)
3(455 111 2470)
3(110 455 2470)
3(110 2470 111)
3(1626 210 2473)
3(1659 328 1469)
3(366 367 323)
3(366 323 412)
3(311 361 360)
3(311 360 390)
3(1370 2489 1348)
3(1369 1348 2489)
3(1370 1369 2489)
3(317 2483 1638)
3(1623 1638 2483)
3(1554 1504 31)
3(1554 31 342)
3(164 2482 144)
3(145 144 2482)
3(314 1336 1608)
3(1453 2487 2485)
3(5 2485 2487)
3(145 2482 2483)
3(2482 1623 2483)
3(1629 1630 2474)
3(1629 2473 1630)
3(1630 2473 2474)
3(1630 2471 2473)
3(2471 1626 2473)
3(1630 2473 1626)
3(1380 1400 2491)
3(101 2468 102)
3(452 102 2468)
3(65 431 2477)
3(1 2477 431)
3(1 65 2477)
3(1633 24 1643)
3(1633 2472 24)
3(1633 1643 2472)
3(208 2473 13)
3(912 13 2473)
3(329 1668 1464)
3(1432 2490 76)
3(31 21 2486)
3(21 34 2486)
3(1365 1345 2495)
3(1345 1380 2495)
3(1496 2496 1287)
3(333 1287 2496)
3(1496 1287 333)
3(1420 1444 2488)
3(1630 2471 2479)
3(1630 2479 2473)
3(2471 2473 2479)
3(1355 2492 2495)
3(2492 1354 2495)
3(1409 1436 2493)
3(1436 1419 2493)
3(1353 2479 2494)
3(1352 2494 2479)
3(94 2469 447)
3(94 93 2469)
3(93 447 2469)
3(66 2490 2)
3(103 2468 104)
3(103 452 2468)
3(1650 1643 32)
3(1650 32 2472)
3(1650 2472 1643)
3(213 2473 2479)
3(2473 1367 2479)
3(1358 1645 1635)
3(1635 1645 2491)
3(1651 1357 1632)
3(1555 38 2476)
3(38 26 2476)
3(1555 26 38)
3(128 2483 317)
3(147 317 2483)
3(329 1666 1464)
3(2469 2468 2484)
3(1552 2469 2484)
3(1552 2468 2469)
3(1552 2484 2468)
3(30 19 1637)
3(1375 2491 1376)
3(320 1376 2491)
3(1375 320 2491)
3(1683 388 1590)
3(1681 1724 424)
3(532 124 2478)
3(125 2478 124)
3(73 2 2476)
3(78 2476 2)
3(123 2478 124)
3(1375 124 2478)
3(91 92 2469)
3(324 91 2469)
3(158 157 2482)
3(157 1354 2482)
3(158 2482 1354)
3(362 26 38)
3(40 29 368)
3(34 21 360)
3(366 25 36)
3(1328 2497 1501)
3(1328 338 2497)
3(1328 1501 338)
3(1430 1429 2487)
3(1429 88 2487)
3(1430 2487 88)
3(1406 1437 2488)
3(1429 2487 87)
3(1428 87 2487)
3(384 1684 1588)
3(1682 420 1722)
3(1604 390 360)
3(366 412 1662)
3(1442 1544 1441)
3(1600 362 391)
3(413 368 1658)
3(1062 249 2472)
3(249 15 2472)
3(1061 2472 244)
3(2484 2469 2487)
3(13 194 2473)
3(1405 2488 50)
3(146 145 2483)
3(317 146 2483)
3(2486 53 2498)
3(54 2498 53)
3(54 2486 2498)
3(1548 351 1545)
3(100 2468 2470)
3(2468 101 2470)
3(1633 2472 1650)
3(1631 1650 2472)
3(159 158 2492)
3(1608 315 1336)
3(1554 1547 2488)
3(1550 2488 1547)
3(1550 1547 1554)
3(1356 1388 1645)
3(1356 1645 1632)
3(1645 1388 1632)
3(360 2477 361)
3(28 2474 1641)
3(28 12 2474)
3(12 1641 2474)
3(2475 2477 2480)
3(1427 2477 2475)
3(181 161 2481)
3(11 2481 161)
3(65 64 2477)
3(1641 2474 1651)
3(1641 322 2474)
3(312 361 2475)
3(71 2475 361)
3(248 249 2472)
3(245 2472 244)
3(142 1368 2495)
3(143 142 2495)
3(89 2485 444)
3(89 88 2485)
3(1342 2473 2479)
3(1397 157 2482)
3(157 10 2482)
3(1397 2482 10)
3(2468 2484 2493)
3(2484 1411 2493)
3(2468 1411 2484)
3(22 1650 1382)
3(46 1722 1616)
3(46 1682 1722)
3(46 1616 1682)
3(1645 1387 1388)
3(302 1640 1356)
3(36 33 344)
3(76 2476 77)
3(60 1406 2488)
3(60 2488 59)
3(210 211 2473)
3(2473 1342 2489)
3(214 2473 2489)
3(2485 86 2487)
3(342 31 34)
3(9 2483 140)
3(2468 2484 1426)
3(246 2472 1063)
3(247 1063 2472)
3(246 247 2472)
3(3 437 2476)
3(440 3 2476)
3(1464 330 1666)
3(49 1724 1681)
3(1674 1724 49)
3(1674 49 1681)
3(1588 43 1619)
3(1588 1684 43)
3(43 1684 1619)
3(19 177 2481)
3(141 140 2483)
3(1344 141 2483)
3(1635 1627 2478)
3(1627 1638 2478)
3(70 2477 1)
3(70 65 2477)
3(2486 1420 2498)
3(52 2486 2498)
3(52 1420 2486)
3(1626 210 2471)
3(2471 210 2473)
3(1468 1463 1660)
3(1335 1340 1602)
3(87 88 2487)
3(1651 2489 1630)
3(1632 1630 2489)
3(1630 1631 2479)
3(1631 2471 2479)
3(1375 2491 1374)
3(684 160 2482)
3(160 161 2482)
3(988 2471 2494)
3(229 2494 2471)
3(1384 1347 2492)
3(45 1683 1590)
3(1677 45 1590)
3(1677 1683 45)
3(1384 2492 1385)
3(194 13 2489)
3(195 194 2489)
3(1618 42 1591)
3(42 1648 1591)
3(1618 1648 42)
3(47 1617 1725)
3(47 1647 1617)
3(47 1725 1647)
3(197 1371 2474)
3(197 2474 198)
3(1589 44 1676)
3(1649 44 1589)
3(1649 1676 44)
3(1723 1675 48)
3(48 1675 1646)
3(1723 48 1646)
3(1556 33 23)
3(1630 1651 2474)
3(1630 2474 2489)
3(317 2483 2478)
3(1638 2478 2483)
3(113 2493 1409)
3(454 113 2470)
3(112 2470 113)
3(108 453 2470)
3(108 2470 109)
3(1397 2483 2495)
3(2483 143 2495)
3(1397 143 2483)
3(111 2470 112)
3(7 101 2468)
3(7 2468 102)
3(75 440 2476)
3(75 2476 76)
3(320 2478 1635)
3(320 1627 2478)
3(1552 1556 2493)
3(1544 1556 1552)
3(456 106 2470)
3(7 2470 106)
3(1553 327 352)
3(1548 1553 352)
3(1552 1546 2484)
3(1552 2469 1546)
3(1546 2469 2484)
3(25 366 2470)
3(25 107 366)
3(361 2475 362)
3(312 362 2475)
3(1554 20 31)
3(426 425 2498)
3(427 2498 425)
3(427 426 2498)
3(350 325 1555)
3(1545 1555 325)
3(1545 350 1555)
3(1360 2494 1351)
3(194 193 2474)
3(193 2473 2474)
3(194 2474 2473)
3(1410 103 2493)
3(104 2493 103)
3(86 443 2485)
3(87 86 2485)
3(1637 1361 2492)
3(1385 1361 1637)
3(23 110 2470)
3(111 23 2470)
3(86 87 2487)
3(366 367 2468)
3(80 2476 81)
3(437 81 2476)
3(1365 1343 2495)
3(1671 1697 416)
3(1630 1632 2479)
3(157 2482 2495)
3(2482 1397 2495)
3(1287 30 2496)
3(1496 30 1287)
3(1549 1415 1447)
3(1436 1410 2493)
3(197 2474 196)
3(78 439 2476)
3(439 79 2476)
3(323 100 2470)
3(127 2483 9)
3(127 126 2483)
3(1629 1641 2474)
3(1630 2474 1641)
3(833 192 2474)
3(26 2476 80)
3(26 362 2476)
3(362 80 2476)
3(1630 2489 2479)
3(101 7 2470)
3(19 1385 1637)
3(194 835 2474)
3(113 2470 7)
3(1373 2478 2491)
3(125 2491 2478)
3(1376 1345 2491)
3(83 2485 441)
3(83 82 2485)
3(32 1328 2497)
3(32 1501 1328)
3(28 1629 2474)
3(192 28 2474)
3(22 2472 247)
3(36 33 1556)
3(36 1556 344)
3(1370 2489 1349)
3(1624 32 1650)
3(1554 34 342)
3(1384 1362 2492)
3(1628 2481 1637)
3(19 1637 2481)
3(1628 1637 19)
3(1628 19 2481)
3(2491 1345 2495)
3(1344 2491 2495)
3(77 2476 78)
3(1580 1593 2496)
3(428 425 2498)
3(428 2498 426)
3(1437 2488 60)
3(128 2483 2478)
3(1377 2494 1351)
3(532 123 2478)
3(61 2488 60)
3(1361 2481 1637)
3(1637 2481 2492)
3(192 2474 191)
3(66 1403 2490)
3(79 2476 80)
3(158 2482 682)
3(158 159 2482)
3(681 2482 162)
3(161 162 2482)
3(1629 28 1641)
3(1551 2476 2490)
3(1555 2476 1551)
3(74 440 2476)
3(9 147 2483)
3(1373 2483 2478)
3(126 2478 2483)
3(24 244 2472)
3(300 333 1287)
3(27 1638 1627)
3(32 2472 22)
3(1650 22 2472)
3(32 22 1650)
3(144 2483 143)
3(606 143 2483)
3(147 605 2483)
3(147 2483 146)
3(1372 1370 2489)
3(96 97 2487)
3(162 163 2482)
3(1343 2495 142)
3(19 1361 1637)
3(248 2472 2494)
3(211 2471 2473)
3(10 144 2483)
3(10 2483 143)
3(338 310 1328)
3(18 1628 1639)
3(113 2493 112)
3(361 2477 2480)
3(361 2480 2475)
3(361 2475 2477)
3(143 2483 142)
3(2486 2488 2498)
3(2486 1420 2488)
3(2488 1420 2498)
3(215 1348 2489)
3(1370 1371 2489)
3(1370 2489 197)
3(1371 197 2489)
3(1354 2482 2495)
3(683 164 2482)
3(683 2482 10)
3(164 10 2482)
3(1628 1639 2481)
3(18 2481 1639)
3(18 1628 2481)
3(2468 98 2469)
3(1436 103 2493)
3(19 30 1628)
3(19 18 30)
3(19 1628 18)
3(1635 1375 2478)
3(1635 320 1375)
3(27 130 2478)
3(27 2478 129)
3(311 63 2498)
3(311 2477 63)
3(608 145 2483)
3(145 2483 144)
3(607 140 2483)
3(141 607 2483)
3(1635 1375 2491)
3(1635 2491 2478)
3(1375 2478 2491)
3(50 2488 2498)
3(1456 50 2498)
3(85 90 2485)
3(84 85 2485)
3(84 2485 90)
3(1556 2470 2493)
3(23 2493 2470)
3(23 2470 1556)
3(194 2473 2489)
3(2473 13 2489)
3(366 36 2470)
3(1556 366 2470)
3(1556 2470 36)
3(1556 36 366)
3(362 38 2476)
3(1555 362 2476)
3(1555 38 362)
3(85 443 2485)
3(86 85 2485)
3(61 2498 62)
3(61 2477 2498)
3(4 2485 444)
3(10 2482 144)
3(1719 1654 416)
3(24 22 32)
3(2472 1650 2494)
3(22 2494 1650)
3(1377 230 2494)
3(2473 2479 2489)
3(20 31 2486)
3(20 2486 1554)
3(76 77 2490)
3(196 1370 2489)
3(197 196 2489)
3(318 227 2471)
3(142 2483 141)
3(2479 2471 2494)
3(1352 2471 2479)
3(130 8 2478)
3(196 1369 2489)
3(1400 1376 2491)
3(1400 2491 320)
3(1354 2492 2482)
3(158 2482 2492)
3(1635 320 2491)
3(1638 2478 27)
3(425 55 2498)
3(427 2498 55)
3(1582 1566 2497)
3(1566 1587 2497)
3(81 26 2476)
3(2474 197 2489)
3(2478 127 2483)
3(18 179 2481)
3(2475 2 2476)
3(73 2475 2476)
3(1547 2488 2486)
3(1547 2486 1554)
3(1554 2486 2488)
3(53 52 2486)
3(53 2498 52)
3(1376 1380 2491)
3(1380 1345 2491)
3(1378 2482 2492)
3(2482 159 2492)
3(1547 2480 361)
3(1547 361 2477)
3(1547 2477 2480)
3(1344 2495 2483)
3(141 2483 2495)
3(85 5 2485)
3(90 2485 5)
3(196 195 2489)
3(21 20 31)
3(73 312 2475)
3(30 18 1287)
3(1351 230 2494)
3(20 2486 52)
3(20 1420 2486)
3(36 2470 25)
3(82 4 2485)
3(100 323 2468)
3(1644 1637 2492)
3(1645 1644 2492)
3(60 2488 2477)
3(24 32 1328)
3(191 28 2474)
3(62 0 2498)
3(1551 361 2480)
3(1551 2475 361)
3(1551 2480 2475)
3(2485 1546 2487)
3(1553 1546 2485)
3(1553 2485 2487)
3(2468 7 2470)
3(1405 50 2498)
3(51 2498 50)
3(51 1405 2498)
3(360 34 2486)
3(360 2486 21)
3(52 2498 427)
3(52 426 2498)
3(2476 76 2490)
3(142 141 2495)
3(324 90 2469)
3(87 2485 2487)
3(2485 88 2487)
3(1635 1644 2491)
3(1644 1645 2491)
3(61 2477 2488)
3(2488 2477 2498)
3(1564 2496 1580)
3(40 29 1553)
3(368 1553 29)
3(368 40 1553)
3(144 2482 2483)
3(1547 1551 2480)
3(1558 1551 1547)
3(1644 2481 2492)
3(1405 2488 2498)
3(81 2476 3)
3(1650 32 1508)
3(215 214 2489)
3(1546 1557 1552)
3(2477 2486 2498)
3(2477 360 2486)
3(2486 360 2498)
3(2486 2477 2488)
3(1547 2477 2486)
3(1547 2488 2477)
3(2478 1644 2491)
3(198 836 2474)
3(360 1554 2486)
3(360 34 1554)
3(2476 2475 2490)
3(2 2476 2490)
3(2 2490 2475)
3(103 2468 2493)
3(90 2485 2469)
3(5 2469 2485)
3(367 2469 1552)
3(367 1552 2468)
3(367 2468 2469)
3(2469 97 2487)
3(1551 361 1547)
3(1552 2470 2493)
3(1556 2470 1552)
3(2492 2482 2495)
3(2482 2483 2495)
3(2482 1397 2483)
3(425 2498 56)
3(428 56 2498)
3(2472 1631 2494)
3(1645 1644 2495)
3(1644 2492 2495)
3(2481 2482 2492)
3(2481 1378 2482)
3(8 123 2478)
3(2483 2478 2491)
3(2483 2491 2495)
3(90 324 2485)
3(367 2469 1546)
3(367 1546 1552)
3(66 67 2490)
3(1644 2482 2492)
3(2491 1644 2495)
3(427 2498 53)
3(427 54 2498)
3(2476 77 2490)
3(316 2482 162)
3(2485 2469 2487)
3(1546 2487 2469)
3(1546 2469 2485)
3(1547 2477 360)
3(1547 360 2486)
3(191 2474 12)
3(836 12 2474)
3(0 2498 57)
3(2469 2487 5)
3(249 2472 2494)
3(426 50 2498)
3(50 428 2498)
3(215 2473 2489)
3(112 2470 2493)
3(113 2493 2470)
3(0 50 2498)
3(2474 2473 2489)
3(194 2474 2489)
3(10 2482 2483)
3(1644 2483 2482)
3(1644 1623 2483)
3(360 1547 361)
3(366 2468 1552)
3(1552 2468 2470)
3(366 1552 2470)
3(12 2474 198)
3(1551 362 2475)
3(1551 2475 2476)
3(1551 2476 362)
3(2475 362 2476)
3(2474 196 2489)
3(1552 366 367)
3(2483 142 2495)
3(1547 360 1554)
3(361 1551 362)
3(336 303 1330)
3(303 336 1331)
3(1502 1331 336)
3(20 1289 31)
3(1289 295 331)
3(1330 23 33)
3(331 295 1290)
3(304 337 1329)
3(338 1328 305)
3(337 304 1331)
3(1502 337 1331)
3(332 296 1288)
3(296 332 1290)
3(338 305 1329)
3(19 30 1287)
3(333 1288 297)
3(1328 32 22)
3(333 297 1287)
3(2475 2490 1551)
3(2480 2475 2490)
3(1552 2468 2493)
3(2468 2470 2493)
3(368 2485 1553)
3(368 1546 2485)
3(368 1553 1546)
3(51 426 2498)
3(298 295 331)
3(303 308 336)
3(23 33 25)
3(299 332 296)
3(304 337 309)
3(310 305 338)
3(300 297 333)
3(2483 1644 2491)
3(2478 1644 2483)
3(366 1552 1556)
3(1555 362 1551)
3(55 54 2498)
3(428 2498 57)
3(428 0 2498)
3(1630 2489 2473)
3(1631 2494 2471)
3(2472 2471 2494)
3(1644 2482 2495)
3(1644 2495 2483)
3(80 362 79)
3(79 362 312)
3(362 79 2476)
3(73 362 2475)
3(73 312 362)
3(362 2476 73)
3(79 362 73)
3(98 367 92)
3(98 99 367)
3(367 2469 98)
3(367 98 2468)
3(2473 2471 1367)
3(1367 2471 1393)
3(2471 1367 2479)
3(232 1367 2471)
3(308 1585 309)
3(1585 1653 308)
3(299 1561 298)
3(65 361 64)
3(65 71 361)
3(65 361 2477)
3(309 1562 310)
3(299 1578 300)
3(337 1331 336)
3(1474 1726 1706)
3(323 366 25)
3(21 360 311)
3(336 1563 33)
3(1701 1699 1481)
3(1720 1705 1474)
3(332 1578 333)
3(31 1581 331)
3(1555 38 325)
3(1555 350 38)
3(1691 29 352)
3(352 29 40)
3(29 352 327)
3(325 1555 26)
3(2485 1553 88)
3(88 1553 89)
3(1553 88 2487)
3(1430 88 1553)
3(2493 1441 1442)
3(2493 1440 1442)
3(1698 27 1617)
3(1697 416 1654)
3(334 1486 1584)
3(1584 1486 1559)
3(1486 1584 335)
3(1575 1584 1486)
3(160 1396 2481)
3(160 2481 11)
3(2481 160 1378)
3(160 2482 2481)
3(226 2471 210)
3(210 2471 225)
3(2468 1454 7)
3(102 1454 2468)
3(1442 2493 2484)
3(320 2478 8)
3(1672 308 1585)
3(1459 1555 2490)
3(1459 1435 1555)
3(1555 1545 1459)
3(2490 1459 1545)
3(1555 1459 325)
3(2487 327 1458)
3(1560 340 344)
3(2475 70 1)
3(2475 1 69)
3(2475 70 2477)
3(2475 2477 1)
3(1553 352 29)
3(1553 40 352)
3(1636 1640 335)
3(1636 1624 335)
3(1640 335 1624)
3(1491 1486 1584)
3(1584 1491 1575)
3(2489 322 1399)
3(1722 26 1613)
3(2490 1439 1424)
3(318 2472 227)
3(227 2472 242)
3(2472 227 2471)
3(228 227 2472)
3(228 2471 2472)
3(1558 1550 2488)
3(1558 1547 1550)
3(342 339 1567)
3(12 2474 322)
3(1566 1584 1491)
3(1566 1491 1575)
3(1414 1413 2488)
3(210 2471 211)
3(2490 1439 1545)
3(97 2469 5)
3(2487 1438 1422)
3(2486 1554 1420)
3(1420 1554 20)
3(1554 1420 2488)
3(1444 1420 1554)
3(2493 1411 1412)
3(10 2483 1397)
3(335 376 1636)
3(2490 2480 68)
3(2490 68 2475)
3(102 2468 103)
3(1575 2497 1566)
3(1575 1587 2497)
3(2497 1491 1575)
3(2497 1575 338)
3(1426 1411 2468)
3(161 2481 162)
3(162 2481 181)
3(2481 162 2482)
3(161 2481 2482)
3(316 162 2481)
3(2489 1379 1363)
3(2494 1382 22)
3(2470 23 25)
3(13 2473 215)
3(1576 1586 1488)
3(366 323 1662)
3(1604 311 360)
3(1658 324 368)
3(324 368 29)
3(362 312 1600)
3(1352 1367 2471)
3(1650 335 302)
3(1508 335 1650)
3(1640 335 1650)
3(1650 335 1624)
3(2483 1644 1638)
3(1375 124 2491)
3(2491 124 2478)
3(124 2491 1374)
3(125 2491 124)
3(2470 1418 23)
3(2470 111 1418)
3(1418 2493 2470)
3(1418 2470 112)
3(2 77 2476)
3(82 83 368)
3(368 83 29)
3(82 368 29)
3(83 368 2485)
3(368 82 2485)
3(368 83 324)
3(4 368 1553)
3(4 29 368)
3(4 1553 29)
3(368 2485 4)
3(82 368 4)
3(229 2472 2471)
3(2494 2472 229)
3(228 2472 229)
3(229 2472 15)
3(2498 1420 1405)
3(161 160 2481)
3(2485 1546 367)
3(1546 367 368)
3(331 1561 332)
3(229 2472 1394)
3(1394 2472 15)
3(2472 1394 2494)
3(249 1394 2472)
3(435 2 2475)
3(19 2481 18)
3(7 2493 113)
3(7 1454 2493)
3(2493 2470 7)
3(2493 7 2468)
3(2493 2468 1454)
3(2470 33 23)
3(2470 1556 33)
3(33 25 2470)
3(33 2470 36)
3(360 2486 55)
3(55 2486 21)
3(2486 55 2498)
3(54 55 2486)
3(71 2477 2475)
3(71 70 2477)
3(2477 361 71)
3(2477 71 65)
3(29 1553 327)
3(103 1436 2468)
3(2468 1436 102)
3(1436 2468 2493)
3(1454 2468 1436)
3(1 2477 69)
3(69 2477 1457)
3(2477 69 2475)
3(1427 69 2477)
3(1650 32 335)
3(196 2474 195)
3(195 2474 835)
3(2474 195 2489)
3(194 195 2474)
3(68 2475 67)
3(67 2475 2490)
3(2475 67 435)
3(66 2475 2)
3(66 2490 2475)
3(2475 435 66)
3(67 2475 66)
3(1532 1558 1551)
3(1547 1558 1532)
3(1547 1532 1551)
3(1546 1537 1542)
3(1531 1546 1542)
3(1531 1537 1546)
3(1546 1552 1542)
3(1552 1537 1542)
3(1546 1537 1552)
3(1542 1546 1557)
3(1542 1557 1552)
3(1543 1532 1551)
3(1536 1543 1551)
3(1536 1551 1532)
3(1543 1558 1551)
3(1543 1532 1558)
3(1547 1532 1535)
3(1547 1535 1539)
3(1547 1539 1532)
3(1531 1546 1533)
3(1542 1533 1546)
3(1538 1546 1533)
3(1538 1531 1546)
3(1532 1535 1558)
3(1558 1535 1547)
3(1552 1544 1537)
3(1537 1544 1556)
3(1552 1537 1556)
3(1552 1544 1542)
3(1544 1537 1542)
3(1556 1529 1537)
3(1556 1541 1529)
3(1556 1537 1541)
3(1540 1551 1530)
3(1555 1530 1551)
3(1540 1530 1555)
3(1540 1555 1551)
3(1557 1542 1533)
3(1557 1533 1546)
3(1547 1539 1550)
3(1539 1554 1550)
3(1547 1554 1539)
3(1542 1557 1544)
3(1553 1546 1533)
3(1538 1553 1533)
3(1538 1546 1553)
3(1536 1530 1551)
3(1530 1543 1551)
3(1536 1540 1551)
3(1558 1530 1543)
3(1558 1551 1530)
3(1558 1543 1535)
3(1543 1558 1549)
3(1543 1549 1530)
3(1549 1558 1530)
3(1542 1549 1557)
3(1542 1533 1549)
3(1549 1533 1557)
3(1513 1540 1555)
3(1515 1555 1540)
3(1513 1515 1540)
3(1513 1555 1515)
3(1542 1549 1544)
3(1535 1549 1543)
3(1535 1558 1549)
3(1546 1523 1537)
3(1537 1523 1531)
3(1546 1531 1523)
3(1510 1541 1556)
3(1512 1556 1541)
3(1510 1556 1512)
3(1510 1512 1541)
3(1550 1535 1510)
3(1535 1509 1510)
3(1550 1510 1509)
3(1550 1509 1535)
3(1532 1551 1518)
3(1532 1518 1547)
3(1547 1518 1551)
3(1537 1552 1523)
3(1546 1523 1552)
3(1548 1533 1513)
3(1533 1514 1513)
3(1548 1513 1514)
3(1548 1514 1533)
3(1538 1514 1553)
3(1538 1553 1516)
3(1553 1514 1516)
3(1538 1516 1514)
3(1554 1539 1509)
3(1554 1511 1539)
3(1554 1509 1511)
3(1539 1511 1509)
3(1536 1518 1532)
3(1536 1551 1518)
3(1549 1530 1533)
3(1549 1534 1530)
3(1549 1533 1534)
3(1530 1549 1548)
3(1530 1548 1545)
3(1530 1545 1549)
3(1533 1548 1530)
3(1533 1549 1548)
3(1550 1510 1529)
3(1550 1529 1544)
3(1550 1544 1510)
3(1529 1510 1544)
3(1529 1550 1535)
3(1529 1535 1510)
3(1535 1549 1529)
3(1535 1534 1549)
3(1529 1549 1534)
3(1543 1549 1534)
3(1513 1530 1548)
3(1513 1548 1545)
3(1513 1545 1530)
3(1533 1513 1530)
3(1550 1549 1529)
3(1550 1535 1549)
3(1529 1544 1549)
3(1550 1547 1535)
3(1550 1535 1539)
3(1529 1537 1544)
3(1529 1544 1556)
3(1556 1510 1529)
3(1529 1510 1541)
3(1544 1529 1542)
3(1548 1533 1546)
3(1548 1557 1533)
3(1548 1533 1553)
3(1558 1545 1530)
3(1530 1545 1551)
3(1539 1509 1550)
3(1554 1550 1509)
3(1555 1530 1545)
3(1558 1535 1550)
3(1555 1513 1530)
3(1530 1513 1540)
3(1553 1533 1514)
3(1538 1514 1533)
3(1549 1542 1534)
3(1523 364 1537)
3(1523 1531 364)
3(1529 1549 1542)
3(1535 347 1510)
3(1535 1509 347)
3(343 1550 1510)
3(1509 1550 343)
3(355 1513 1533)
3(355 1533 1514)
3(1548 1513 351)
3(1514 1548 351)
3(1518 358 1536)
3(1518 1532 358)
3(1524 1537 1552)
3(1524 1523 1537)
3(1524 1552 1523)
3(1518 1547 1539)
3(1518 1539 1532)
3(1523 1546 1538)
3(1523 1538 1531)
3(1510 1529 347)
3(1510 343 1544)
3(1513 351 1545)
3(355 1513 1530)
3(1556 1524 1537)
3(1556 1552 1524)
3(1544 1556 1510)
3(1535 1539 1509)
3(1523 1553 1538)
3(1523 1546 1553)
3(1551 1540 1517)
3(1540 1555 1517)
3(1551 1517 1555)
3(1541 1556 1524)
3(1541 1524 1537)
3(1518 1554 1539)
3(1518 1547 1554)
3(1551 1517 1536)
3(1518 1536 1517)
3(1551 1518 1517)
3(1536 1540 1517)
3(1553 1548 1514)
3(1545 1555 1513)
3(364 1537 1524)
3(358 1536 1517)
3(1515 1521 1540)
3(1555 1540 1521)
3(1515 1555 1521)
3(1538 1527 1516)
3(1553 1527 1538)
3(1553 1516 1527)
3(1522 1521 1540)
3(1522 1540 1515)
3(1522 1515 1521)
3(1538 1527 1528)
3(1538 1528 1516)
3(1528 1527 1516)
3(367 1523 1552)
3(367 1546 1523)
3(1512 1525 1541)
3(1556 1541 1525)
3(1512 1556 1525)
3(1539 1519 1511)
3(1554 1519 1539)
3(1554 1511 1519)
3(1517 1540 1521)
3(1517 1521 1555)
3(1539 1519 1520)
3(1539 1520 1511)
3(1520 1519 1511)
3(1526 1525 1541)
3(1526 1541 1512)
3(1526 1512 1525)
3(1538 1523 1527)
3(1527 1523 1553)
3(1541 1525 1524)
3(1556 1524 1525)
3(1539 1518 1519)
3(1519 1518 1554)
3(1551 361 1518)
3(1547 1518 361)
3(1540 1522 1517)
3(1528 1538 1523)
3(1518 1520 1539)
3(1541 1526 1524)
3(354 1540 1513)
3(354 1515 1540)
3(1513 1555 350)
3(1515 350 1555)
3(1510 1556 344)
3(1512 344 1556)
3(348 1541 1510)
3(348 1512 1541)
3(1553 1514 352)
3(1553 352 1516)
3(356 1514 1538)
3(356 1538 1516)
3(342 1554 1509)
3(1511 1554 342)
3(346 1509 1539)
3(346 1539 1511)
3(1524 1552 367)
3(1551 361 1517)
3(1545 350 1513)
3(1530 1513 354)
3(1544 344 1510)
3(1529 1510 348)
3(1548 1514 352)
3(1514 1533 356)
3(342 1550 1509)
3(346 1509 1535)
3(1518 357 1539)
3(357 1520 1539)
3(1541 363 1524)
3(1541 1526 363)
3(365 1538 1523)
3(365 1528 1538)
3(1540 359 1517)
3(1540 1522 359)
3(357 1532 1518)
3(1523 365 1531)
3(363 1524 1537)
3(1517 1536 359)
3(1538 41 1516)
3(1538 1528 41)
3(41 1528 1516)
3(1540 1515 39)
3(1540 39 1522)
3(39 1515 1522)
3(1539 35 1511)
3(1539 1520 35)
3(35 1520 1511)
3(37 1541 1512)
3(37 1526 1541)
3(37 1512 1526)
3(353 1516 1528)
3(353 1527 1516)
3(1522 1515 349)
3(1521 349 1515)
3(1526 1512 345)
3(1525 345 1512)
3(341 1511 1520)
3(341 1519 1511)
3(1527 40 1516)
3(1553 1516 40)
3(1553 40 1527)
3(1515 38 1521)
3(1555 38 1515)
3(1555 1521 38)
3(1519 34 1511)
3(1554 1511 34)
3(1554 34 1519)
3(1512 36 1525)
3(1556 36 1512)
3(1556 1525 36)
3(1518 1554 360)
3(1519 360 1554)
3(1556 1524 366)
3(1556 366 1525)
3(368 1523 1553)
3(1527 368 1553)
3(1555 1517 362)
3(1521 1555 362)
3(1547 360 1518)
3(368 1523 1546)
3(366 1552 1524)
3(1517 362 1551)
3(1716 1700 1721)
3(1698 1727 1714)
3(1696 1721 1708)
3(1712 1707 1727)
3(1717 1707 1726)
3(1707 1705 1706)
3(1685 350 351)
3(1708 1706 1704)
3(1727 1707 1717)
3(351 352 1687)
3(1703 1694 1713)
3(1720 1707 1712)
3(1703 1704 1702)
3(1714 1727 1717)
3(1693 1709 1718)
3(1718 1709 1700)
3(1700 1709 1721)
3(1702 1705 1710)
3(1717 1726 1693)
3(1699 1710 1715)
3(1703 1713 1697)
3(38 350 1689)
3(1726 1709 1693)
3(1708 1721 1709)
3(1706 1708 1709)
3(1714 1717 1693)
3(1711 1708 1704)
3(1708 1711 1696)
3(1710 1720 1695)
3(1709 1726 1706)
3(1694 1703 1702)
3(1702 1701 1694)
3(1723 1700 1716)
3(1702 1704 1705)
3(1696 1716 1721)
3(1712 1727 1698)
3(1697 1713 1724)
3(1701 1702 1710)
3(1711 1703 1697)
3(1705 1704 1706)
3(1715 1722 1699)
3(1725 1698 1714)
3(1719 1711 1697)
3(1710 1695 1715)
3(1644 1638 1635)
3(1563 1590 1579)
3(407 1634 1627)
3(1695 1720 1712)
3(1719 1696 1711)
3(1711 1704 1703)
3(1588 1581 1565)
3(1585 1577 1562)
3(1705 1720 1710)
3(1596 1622 1613)
3(1577 1585 1563)
3(1559 376 1584)
3(1654 1671 1680)
3(407 1714 1693)
3(1687 352 423)
3(387 344 1688)
3(1679 1672 1653)
3(1621 1595 1614)
3(350 421 1689)
3(1687 422 351)
3(1607 1596 395)
3(343 386 1688)
3(385 342 1690)
3(1693 1718 408)
3(423 352 1691)
3(1665 1656 418)
3(1692 344 387)
3(1593 1573 1578)
3(409 1641 1625)
3(1578 1586 1561)
3(1576 1565 1581)
3(1695 1712 395)
3(1564 1593 1578)
3(380 1653 1672)
3(408 1625 1634)
3(1579 1569 1563)
3(1607 396 1598)
3(1613 394 1596)
3(1685 421 350)
3(422 1685 351)
3(371 1578 1561)
3(1718 1700 409)
3(1716 1696 418)
3(1605 371 1595)
3(1665 417 1654)
3(1600 1613 1622)
3(343 1686 386)
3(1614 1604 1621)
3(1662 1672 1679)
3(380 1563 1585)
3(1686 342 385)
3(1574 1587 1562)
3(1712 1698 396)
3(1596 1610 1622)
3(1595 370 1614)
3(417 1696 1719)
3(1658 1680 1671)
3(382 1657 1663)
3(1668 1654 1680)
3(1652 404 1669)
3(400 1594 1611)
3(1677 1672 1662)
3(1619 1604 1614)
3(1639 1644 1637)
3(382 1562 1582)
3(1581 370 1561)
3(1633 1631 1626)
3(1713 1694 423)
3(394 1715 1695)
3(1658 1671 1674)
3(1600 1616 1613)
3(1560 1579 387)
3(1629 404 1626)
3(399 1612 1594)
3(1587 1582 1562)
3(1564 1578 372)
3(1599 372 1605)
3(1655 1658 413)
3(1597 391 1600)
3(1585 1562 381)
3(1568 1576 1571)
3(1576 1581 1561)
3(1652 1673 1670)
3(1612 1615 1594)
3(1595 1621 1609)
3(1679 1653 1667)
3(381 1663 1653)
3(412 1662 1655)
3(390 1597 1604)
3(1655 1659 1658)
3(1601 1597 1600)
3(1673 1652 1669)
3(1594 1615 1611)
3(1670 403 1652)
3(1571 1572 1570)
3(377 1566 1584)
3(1572 1592 1575)
3(400 1638 1623)
3(1624 1643 377)
3(1633 1626 403)
3(1639 399 1623)
3(422 1694 1701)
3(1579 1560 1569)
3(1701 1699 421)
3(1573 1572 1571)
3(1667 1660 1679)
3(1609 1621 1602)
3(386 1567 1560)
3(1608 1598 1611)
3(1578 1573 1586)
3(1596 1607 1610)
3(1565 1567 385)
3(1666 1669 1656)
3(1565 1576 1567)
3(1580 375 1559)
3(1668 1665 1654)
3(1658 1659 1680)
3(1622 1601 1600)
3(1561 1586 1576)
3(1560 1568 1569)
3(1583 1580 1559)
3(1567 1568 1560)
3(1608 1607 1598)
3(1664 1667 1663)
3(1609 1606 1605)
3(419 1723 1716)
3(1678 1661 1667)
3(1620 1609 1603)
3(410 1700 1723)
3(1661 1678 1668)
3(1603 1610 1620)
3(1664 1657 1670)
3(1599 1606 1612)
3(1666 1656 1665)
3(1617 401 1611)
3(1675 419 1656)
3(1587 1574 1575)
3(1577 1574 1562)
3(1662 1660 1655)
3(1602 1604 1597)
3(1598 1617 1611)
3(1669 1675 1656)
3(411 36 1683)
3(1684 34 389)
3(1608 1610 1607)
3(405 1629 1646)
3(1647 406 1627)
3(1664 1670 1673)
3(1612 1606 1615)
3(1586 1573 1571)
3(1569 1577 1563)
3(402 1649 1633)
3(1666 1665 1668)
3(1648 1628 374)
3(1653 1663 1667)
3(1605 1595 1609)
3(383 1582 1589)
3(1664 1663 1657)
3(1605 1606 1599)
3(414 1681 40)
3(1682 392 38)
3(1660 1661 1659)
3(1602 1601 1603)
3(410 1646 1641)
3(1559 1592 1583)
3(1628 1637 1636)
3(1714 406 1725)
3(1676 402 1670)
3(1657 383 1676)
3(398 1618 1612)
3(1573 1583 1592)
3(369 1619 1614)
3(1613 1616 393)
3(1669 405 1675)
3(374 1580 1591)
3(1638 401 1647)
3(388 36 1692)
3(424 1691 40)
3(1631 1630 1626)
3(1679 1660 1662)
3(1602 1621 1604)
3(1570 1574 1577)
3(1559 1575 1592)
3(1570 1577 1569)
3(1598 397 1617)
3(1657 1676 1670)
3(1618 1599 1612)
3(1619 389 1604)
3(411 1677 1662)
3(1659 1655 1660)
3(1602 1597 1601)
3(34 384 1690)
3(38 1689 420)
3(1667 1664 1678)
3(1606 1609 1620)
3(1722 1715 393)
3(1677 379 1672)
3(415 1674 1671)
3(1616 1600 392)
3(1658 1674 414)
3(1576 1568 1567)
3(1648 398 1639)
3(1725 397 1698)
3(373 1591 1564)
3(1659 1668 1680)
3(1601 1622 1610)
3(1590 388 1579)
3(1713 424 1724)
3(378 1643 1649)
3(369 1581 1588)
3(1625 1642 1634)
3(1599 1618 373)
3(344 343 1688)
3(1673 1669 1666)
3(1611 1615 1608)
3(1628 1636 375)
3(1640 1637 1645)
3(1571 1570 1568)
3(1583 1573 1593)
3(1686 343 342)
3(378 1589 1566)
3(1699 1722 420)
3(1565 384 1588)
3(1724 415 1697)
3(1641 1651 1625)
3(1661 1668 1659)
3(1610 1603 1601)
3(1563 379 1590)
3(1639 1623 1644)
3(1569 1568 1570)
3(1573 1592 1572)
3(1635 1634 1642)
3(1570 1572 1574)
3(391 361 362)
3(367 413 368)
3(1627 1634 1635)
3(1650 1640 1631)
3(1651 1642 1625)
3(1668 1678 1666)
3(1620 1610 1608)
3(1574 1572 1575)
3(366 412 367)
3(390 360 361)
3(1634 407 408)
3(1693 408 407)
3(386 1560 387)
3(386 387 1688)
3(422 1687 423)
3(1694 422 423)
3(1633 1649 1643)
3(1673 1678 1664)
3(1606 1620 1615)
3(406 407 1627)
3(406 1714 407)
3(1642 1651 1632)
3(1683 36 388)
3(1681 424 40)
3(391 1597 390)
3(391 390 361)
3(413 367 412)
3(413 412 1655)
3(409 410 1641)
3(409 1700 410)
3(362 38 392)
3(414 40 368)
3(389 34 360)
3(366 36 411)
3(1640 1632 1631)
3(34 1684 384)
3(1682 38 420)
3(375 374 1628)
3(375 1580 374)
3(389 360 390)
3(389 390 1604)
3(412 411 1662)
3(366 411 412)
3(1678 1673 1666)
3(1615 1620 1608)
3(402 1633 403)
3(402 403 1670)
3(391 362 392)
3(1600 391 392)
3(413 414 368)
3(413 1658 414)
3(418 1696 417)
3(1665 418 417)
3(1633 1650 1631)
3(1645 1635 1642)
3(419 1716 418)
3(1656 419 418)
3(1637 1640 1636)
3(396 395 1712)
3(1607 395 396)
3(36 344 1692)
3(342 34 1690)
3(1635 1638 1627)
3(1645 1632 1640)
3(1651 1630 1632)
3(1667 1661 1660)
3(1602 1603 1609)
3(395 394 1695)
3(395 1596 394)
3(1642 1632 1645)
3(1689 421 420)
3(1699 420 421)
3(385 1690 384)
3(385 384 1565)
3(382 1582 383)
3(382 383 1657)
3(399 1639 398)
3(399 398 1612)
3(382 1663 381)
3(382 381 1562)
3(423 1691 424)
3(423 424 1713)
3(388 387 1579)
3(388 1692 387)
3(1605 372 371)
3(1578 371 372)
3(1686 385 386)
3(1567 386 385)
3(421 422 1701)
3(1685 422 421)
3(404 1629 405)
3(1669 404 405)
3(376 375 1636)
3(376 1559 375)
3(416 1697 415)
3(1671 416 415)
3(1630 1631 1632)
3(1643 378 377)
3(1566 377 378)
3(380 1672 379)
3(380 379 1563)
3(370 371 1561)
3(1595 371 370)
3(394 1613 393)
3(1715 394 393)
3(369 1614 370)
3(369 370 1581)
3(1630 1641 1629)
3(400 1611 401)
3(1638 400 401)
3(1630 1629 1626)
3(396 397 1598)
3(396 1698 397)
3(1624 1650 1643)
3(404 1652 403)
3(404 403 1626)
3(409 1625 408)
3(409 408 1718)
3(1583 1593 1580)
3(1629 1641 1646)
3(1647 1627 1638)
3(1650 1633 1643)
3(383 44 1676)
3(1589 44 383)
3(1599 373 372)
3(1564 372 373)
3(1616 46 393)
3(1722 393 46)
3(1628 1648 1639)
3(1618 42 373)
3(1591 373 42)
3(397 47 1617)
3(1725 47 397)
3(1675 48 419)
3(1723 419 48)
3(369 43 1619)
3(1588 43 369)
3(1628 1639 1637)
3(384 43 1588)
3(1684 43 384)
3(1722 46 420)
3(1682 420 46)
3(376 377 1584)
3(376 1624 377)
3(45 388 1590)
3(45 1683 388)
3(49 424 1681)
3(49 1724 424)
3(48 405 1646)
3(48 1675 405)
3(401 47 1647)
3(401 1617 47)
3(42 374 1591)
3(42 1648 374)
3(47 406 1647)
3(47 1725 406)
3(417 416 1654)
3(417 1719 416)
3(44 378 1649)
3(44 1589 378)
3(1641 1630 1651)
3(48 1646 410)
3(48 410 1723)
3(49 1674 415)
3(49 415 1724)
3(42 1618 398)
3(42 398 1648)
3(44 402 1676)
3(44 1649 402)
3(45 1590 379)
3(45 379 1677)
3(1582 1587 1566)
3(400 399 1594)
3(1623 399 400)
3(1653 380 381)
3(1585 381 380)
3(1589 1582 1566)
3(1645 1637 1644)
3(49 1681 414)
3(49 414 1674)
3(46 1616 392)
3(1682 46 392)
3(411 45 1677)
3(411 1683 45)
3(43 389 1619)
3(43 1684 389)
3(1635 1645 1644)
3(1564 1580 1593)
3(1591 1580 1564)
3(1706 1726 1707)
3(1701 1710 1699)
3(1720 1705 1707)
3(1691 352 40)
3(1654 416 1671)
3(1697 416 1719)
3(1575 1559 1584)
3(1636 1640 1624)
3(1566 1575 1584)
3(376 1636 1624)
3(1575 1566 1587)
3(1586 1571 1576)
3(1640 1650 1624)
3(1638 1644 1623)
3(1531 1542 1537)
3(1536 1532 1543)
3(1532 1539 1535)
3(1542 1531 1533)
3(1538 1533 1531)
3(1537 1529 1541)
3(1536 1543 1530)
3(1536 1530 1540)
3(1532 1535 1543)
3(1534 1533 1530)
3(1535 1529 1534)
3(1543 1534 1530)
3(1529 1537 1542)
3(1542 1533 1534)
3(1535 1534 1543)
3(1537 364 1531)
3(1534 1529 1542)
3(347 1509 1510)
3(1509 343 1510)
3(355 1514 1513)
3(1514 351 1513)
3(358 1532 1536)
3(1535 347 1529)
3(1533 355 1530)
3(364 1524 1523)
3(1518 358 1517)
3(1517 1522 1521)
3(1528 1523 1527)
3(1518 1519 1520)
3(1525 1524 1526)
3(354 1513 1515)
3(1513 350 1515)
3(1510 344 1512)
3(348 1510 1512)
3(1514 1516 352)
3(356 1516 1514)
3(1511 342 1509)
3(346 1511 1509)
3(1523 1524 367)
3(1518 1517 361)
3(1530 354 1540)
3(1529 348 1541)
3(1533 1538 356)
3(346 1535 1539)
3(1518 1520 357)
3(363 1526 1524)
3(365 1523 1528)
3(1517 359 1522)
3(357 1539 1532)
3(347 348 1529)
3(347 1510 348)
3(1510 343 344)
3(365 1538 1531)
3(347 346 1509)
3(347 1535 346)
3(342 343 1509)
3(1514 355 356)
3(1533 356 355)
3(1514 352 351)
3(363 1537 1541)
3(354 1530 355)
3(354 355 1513)
3(1513 351 350)
3(1536 1540 359)
3(353 1528 1527)
3(1521 1522 349)
3(1525 1526 345)
3(341 1520 1519)
3(39 1540 354)
3(39 354 1515)
3(356 41 1516)
3(356 1538 41)
3(41 1538 365)
3(41 365 1528)
3(348 37 1541)
3(1512 37 348)
3(39 1522 359)
3(39 359 1540)
3(35 1511 346)
3(1539 35 346)
3(35 1539 357)
3(35 357 1520)
3(39 1515 349)
3(1522 39 349)
3(41 353 1516)
3(41 1528 353)
3(363 37 1526)
3(363 1541 37)
3(35 341 1511)
3(35 1520 341)
3(37 345 1526)
3(37 1512 345)
3(365 1531 364)
3(365 364 1523)
3(358 357 1532)
3(1518 357 358)
3(353 40 1516)
3(1527 40 353)
3(1515 38 349)
3(1521 349 38)
3(341 34 1511)
3(1519 34 341)
3(1512 36 345)
3(1525 345 36)
3(350 38 1515)
3(1537 363 364)
3(1524 364 363)
3(358 359 1517)
3(358 1536 359)
3(40 352 1516)
3(36 1512 344)
3(342 1511 34)
3(1518 360 1519)
3(1525 366 1524)
3(1527 1523 368)
3(1521 362 1517)
3(40 1527 368)
3(38 362 1521)
3(34 1519 360)
3(36 366 1525)
3(368 1523 367)
3(360 1518 361)
3(1524 366 367)
3(361 1517 362)
)


// ************************************************************************* //
