/*--------------------------------*- C++ -*----------------------------------*\
| =========                 |                                                 |
| \\      /  F ield         | OpenFOAM: The Open Source CFD Toolbox           |
|  \\    /   O peration     | Version:  2412                                  |
|   \\  /    A nd           | Website:  www.openfoam.com                      |
|    \\/     M anipulation  |                                                 |
\*---------------------------------------------------------------------------*/
FoamFile
{
    version     2.0;
    format      ascii;
    arch        "LSB;label=32;scalar=64";
    note        "nPoints:2499  nCells:13648  nFaces:27598  nInternalFaces:26994";
    class       labelList;
    location    "constant/polyMesh";
    object      neighbour;
}
// * * * * * * * * * * * * * * * * * * * * * * * * * * * * * * * * * * * * * //


26994
(
2
30
122
12032
2
3
121
331
31
330
5
33
125
5
6
124
334
34
333
8
36
128
8
9
127
337
37
336
11
39
131
11
12
130
340
40
339
14
42
134
14
15
133
343
43
342
17
45
137
17
18
136
346
46
345
20
48
140
20
21
139
349
49
348
23
51
143
23
24
142
352
52
351
26
54
146
26
27
145
355
55
354
29
57
149
29
148
358
11773
58
357
32
9358
12851
32
33
272
270
9357
35
10467
35
36
275
273
10377
38
9535
38
39
278
276
9536
41
6644
41
42
281
279
6645
44
9404
44
45
284
282
9403
47
9402
47
48
287
285
9401
50
6690
50
51
290
288
6691
53
9544
53
54
293
291
9543
56
10749
56
57
296
294
10450
59
9361
59
299
12526
297
9362
62
272
360
12767
62
63
151
361
150
271
65
275
363
65
66
154
364
153
274
68
278
366
68
69
157
367
156
277
71
281
369
71
72
160
370
159
280
74
284
372
74
75
163
373
162
283
77
287
375
77
78
166
376
165
286
80
290
378
80
81
169
379
168
289
83
293
381
83
84
172
382
171
292
86
296
384
86
87
175
385
174
295
89
299
387
89
178
388
12620
177
298
92
242
9119
12904
92
93
241
391
390
9105
95
245
10581
95
96
244
394
393
10579
98
248
9151
98
99
247
397
396
9169
101
251
9115
101
102
250
400
399
9114
104
254
10919
104
105
253
403
402
10608
107
257
10619
107
108
256
406
405
10618
110
260
9189
110
111
259
409
408
9197
113
263
9177
113
114
262
412
411
9077
116
266
9188
116
117
265
415
414
9178
119
269
9173
119
268
418
12573
417
9166
122
392
6317
12916
122
123
391
10009
125
395
9408
125
126
394
9407
128
398
9893
128
129
397
9892
131
401
9618
131
132
400
9617
134
404
5972
134
135
403
5971
137
407
8012
137
138
406
8011
140
410
9635
140
141
409
9636
143
413
9714
143
144
412
9804
146
416
9483
146
147
415
9482
149
419
6286
149
418
12550
6287
152
9931
13145
152
153
421
420
9929
155
9308
155
156
424
423
9307
158
6753
158
159
427
426
6754
161
6432
161
162
430
429
6433
164
9903
164
165
433
432
9715
167
9835
167
168
436
435
9836
170
6181
170
171
439
438
6182
173
6659
173
174
442
441
6660
176
9305
176
177
445
444
9304
179
9947
179
448
13118
447
10716
182
212
300
11808
182
183
211
361
302
362
185
215
303
185
186
214
364
305
365
188
218
306
188
189
217
367
308
368
191
221
309
191
192
220
370
311
371
194
224
312
194
195
223
373
314
374
197
227
315
197
198
226
376
317
377
200
230
318
200
201
229
379
320
380
203
233
321
203
204
232
382
323
383
206
236
324
206
207
235
385
326
386
209
239
327
209
238
388
11783
329
389
212
422
8313
12821
212
213
421
8312
215
425
6902
215
216
424
6903
218
428
5912
218
219
427
5913
221
431
6455
221
222
430
6454
224
434
8680
224
225
433
8681
227
437
6834
227
228
436
6835
230
440
6436
230
231
439
6435
233
443
6470
233
234
442
6469
236
446
7284
236
237
445
7283
239
449
8315
239
448
12682
8314
242
302
332
11929
242
243
331
301
245
305
335
245
246
334
304
248
308
338
248
249
337
307
251
311
341
251
252
340
310
254
314
344
254
255
343
313
257
317
347
257
258
346
316
260
320
350
260
261
349
319
263
323
353
263
264
352
322
266
326
356
266
267
355
325
269
329
359
269
358
11735
328
272
9485
13086
272
273
9484
275
6610
275
276
6609
278
9531
278
279
9532
281
6607
281
282
6608
284
9384
284
285
9383
287
9382
287
288
9381
290
6667
290
291
6668
293
9541
293
294
9542
296
6666
296
297
6665
299
9353
299
9486
13013
302
8256
12757
302
303
8255
305
10687
305
306
10686
308
8541
308
309
8554
311
8552
311
312
8539
314
8564
314
315
8545
317
8550
317
318
8538
320
8537
320
321
8582
323
8581
323
324
8572
326
9800
326
327
9801
329
8258
329
8257
12496
332
360
11428
332
333
362
335
363
335
336
365
338
366
338
339
368
341
369
341
342
371
344
372
344
345
374
347
375
347
348
377
350
378
350
351
380
353
381
353
354
383
356
384
356
357
386
359
387
359
11383
389
362
11407
362
363
365
365
366
368
368
369
371
371
372
374
374
375
377
377
378
380
380
381
383
383
384
386
386
387
389
389
11397
392
8450
12871
392
393
8451
395
10479
395
396
10770
398
9747
398
399
9748
401
9627
401
402
9628
404
10616
404
405
10083
407
10621
407
408
10623
410
9664
410
411
9665
413
8494
413
414
8434
416
10481
416
417
10775
419
8433
419
12391
10393
422
8766
12921
422
423
8395
425
9448
425
426
9447
428
7873
428
429
7874
431
8790
431
432
8791
434
10114
434
435
10169
437
7628
437
438
7627
440
8716
440
441
8715
443
7805
443
444
7804
446
9446
446
447
9445
449
10714
449
12910
8767
452
722
10347
12484
452
453
542
721
540
9111
455
725
9112
455
456
545
724
543
9113
458
728
10531
458
459
548
727
546
10533
461
731
10573
461
462
551
730
549
10574
464
734
10662
464
465
554
733
552
10664
467
737
9085
467
468
557
736
555
10597
470
740
9076
470
471
560
739
558
9192
473
743
9172
473
474
563
742
561
9163
476
746
9184
476
477
566
745
564
9075
479
749
10349
479
569
748
12930
567
9158
482
510
9433
12487
482
483
512
692
690
9434
485
513
9340
485
486
515
695
693
9339
488
516
10086
488
489
518
698
696
10085
491
519
9624
491
492
521
701
699
9626
494
522
10088
494
495
524
704
702
10159
497
525
9269
497
498
527
707
705
9270
500
528
9660
500
501
530
710
708
9662
503
531
10741
503
504
533
713
711
6405
506
534
10759
506
507
536
716
714
10761
509
537
9425
509
539
719
12931
717
9428
512
782
11659
512
513
781
811
810
515
785
515
516
784
814
813
518
788
518
519
787
817
816
521
791
521
522
790
820
819
524
794
524
525
793
823
822
527
797
527
528
796
826
825
530
800
530
531
799
829
828
533
803
533
534
802
832
831
536
806
536
537
805
835
834
539
809
539
808
838
12112
837
542
750
11658
542
543
751
811
812
545
753
545
546
754
814
815
548
756
548
549
757
817
818
551
759
551
552
760
820
821
554
762
554
555
763
823
824
557
765
557
558
766
826
827
560
768
560
561
769
829
830
563
771
563
564
772
832
833
566
774
566
567
775
835
836
569
777
569
778
838
12110
839
572
692
840
13411
572
573
631
841
630
691
575
695
843
575
576
634
844
633
694
578
698
846
578
579
637
847
636
697
581
701
849
581
582
640
850
639
700
584
704
852
584
585
643
853
642
703
587
707
855
587
588
646
856
645
706
590
710
858
590
591
649
859
648
709
593
713
861
593
594
652
862
651
712
596
716
864
596
597
655
865
654
715
599
719
867
599
658
868
12363
657
718
602
662
720
11755
602
603
661
841
721
842
605
665
723
605
606
664
844
724
845
608
668
726
608
609
667
847
727
848
611
671
729
611
612
670
850
730
851
614
674
732
614
615
673
853
733
854
617
677
735
617
618
676
856
736
857
620
680
738
620
621
679
859
739
860
623
683
741
623
624
682
862
742
863
626
686
744
626
627
685
865
745
866
629
689
747
629
688
868
12362
748
869
632
8169
13449
632
633
871
870
8170
635
9885
635
636
874
873
9822
638
8953
638
639
877
876
8962
641
8882
641
642
880
879
8907
644
10917
644
645
883
882
8929
647
10922
647
648
886
885
8900
650
8989
650
651
889
888
9028
653
8825
653
654
892
891
8995
656
9027
656
657
895
894
8998
659
10371
659
898
13008
897
8171
662
872
8618
13447
662
663
871
8617
665
875
6938
665
666
874
6939
668
878
7146
668
669
877
7147
671
881
6368
671
672
880
6367
674
884
6640
674
675
883
6639
677
887
8335
677
678
886
8336
680
890
7716
680
681
889
7717
683
893
7702
683
684
892
7703
686
896
6480
686
687
895
6479
689
899
8619
689
898
13009
8616
692
8830
12524
692
693
8892
695
8863
695
696
8889
698
10692
698
699
10690
701
9608
701
702
9607
704
9815
704
705
9814
707
9779
707
708
9811
710
8991
710
711
9005
713
8823
713
714
8970
716
8948
716
717
9001
719
8940
719
8957
12953
722
8388
12523
722
723
8389
725
8540
725
726
8553
728
10419
728
729
8568
731
10683
731
732
10682
734
10876
734
735
10552
737
8543
737
738
8536
740
8574
740
741
8584
743
8579
743
744
8580
746
8548
746
747
8573
749
8386
749
12952
8387
752
8730
12592
752
753
781
780
8731
755
9576
755
756
784
783
9575
758
10558
758
759
787
786
10880
761
10384
761
762
790
789
8442
764
8482
764
765
793
792
8445
767
10512
767
768
796
795
10514
770
10600
770
771
799
798
10599
773
10819
773
774
802
801
10092
776
9602
776
777
805
804
9599
779
8477
779
808
12972
807
8733
782
9214
12591
782
783
8794
785
9579
785
786
9581
788
6421
788
789
6420
791
10176
791
792
10709
794
9902
794
795
9828
797
10509
797
798
9827
800
7110
800
801
7111
803
5947
803
804
5946
806
9583
806
807
9582
809
9203
809
12971
9204
812
840
11305
812
813
842
815
843
815
816
845
818
846
818
819
848
821
849
821
822
851
824
852
824
825
854
827
855
827
828
857
830
858
830
831
860
833
861
833
834
863
836
864
836
837
866
839
867
839
11625
869
842
11351
842
843
845
845
846
848
848
849
851
851
852
854
854
855
857
857
858
860
860
861
863
863
864
866
866
867
869
869
11692
872
8327
13451
872
873
8326
875
7532
875
876
7531
878
10028
878
879
10796
881
10027
881
882
10025
884
7953
884
885
7952
887
6731
887
888
6730
890
9830
890
891
10289
893
6383
893
894
10805
896
10012
896
897
10014
899
8324
899
12974
8325
902
1142
8685
12577
902
903
962
1141
960
8686
905
1145
10845
905
906
965
1144
963
7100
908
1148
8078
908
909
968
1147
966
8077
911
1151
10788
911
912
971
1150
969
10790
914
1154
6863
914
915
974
1153
972
6862
917
1157
6956
917
918
977
1156
975
6955
920
1160
8161
920
921
980
1159
978
8162
923
1163
7868
923
924
983
1162
981
7869
926
1166
7271
926
927
986
1165
984
7270
929
1169
8688
929
989
1168
12917
987
8687
932
990
8435
12578
932
933
992
1172
1170
8438
935
993
9538
935
936
995
1175
1173
9539
938
996
8472
938
939
998
1178
1176
8480
941
999
10490
941
942
1001
1181
1179
10493
944
1002
9848
944
945
1004
1184
1182
9847
947
1005
10667
947
948
1007
1187
1185
10938
950
1008
9632
950
951
1010
1190
1188
9633
953
1011
8484
953
954
1013
1193
1191
10818
956
1014
9479
956
957
1016
1196
1194
9478
959
1017
8476
959
1019
1199
12918
1197
8474
962
1230
11685
962
963
1231
1261
1262
965
1233
965
966
1234
1264
1265
968
1236
968
969
1237
1267
1268
971
1239
971
972
1240
1270
1271
974
1242
974
975
1243
1273
1274
977
1245
977
978
1246
1276
1277
980
1248
980
981
1249
1279
1280
983
1251
983
984
1252
1282
1283
986
1254
986
987
1255
1285
1286
989
1257
989
1258
1288
12086
1289
992
1202
11686
992
993
1201
1261
1260
995
1205
995
996
1204
1264
1263
998
1208
998
999
1207
1267
1266
1001
1211
1001
1002
1210
1270
1269
1004
1214
1004
1005
1213
1273
1272
1007
1217
1007
1008
1216
1276
1275
1010
1220
1010
1011
1219
1279
1278
1013
1223
1013
1014
1222
1282
1281
1016
1226
1016
1017
1225
1285
1284
1019
1229
1019
1228
1288
12087
1287
1022
1082
1140
11796
1022
1023
1081
1291
1141
1292
1025
1085
1143
1025
1026
1084
1294
1144
1295
1028
1088
1146
1028
1029
1087
1297
1147
1298
1031
1091
1149
1031
1032
1090
1300
1150
1301
1034
1094
1152
1034
1035
1093
1303
1153
1304
1037
1097
1155
1037
1038
1096
1306
1156
1307
1040
1100
1158
1040
1041
1099
1309
1159
1310
1043
1103
1161
1043
1044
1102
1312
1162
1313
1046
1106
1164
1046
1047
1105
1315
1165
1316
1049
1109
1167
1049
1108
1318
12322
1168
1319
1052
1172
1290
11799
1052
1053
1111
1291
1110
1171
1055
1175
1293
1055
1056
1114
1294
1113
1174
1058
1178
1296
1058
1059
1117
1297
1116
1177
1061
1181
1299
1061
1062
1120
1300
1119
1180
1064
1184
1302
1064
1065
1123
1303
1122
1183
1067
1187
1305
1067
1068
1126
1306
1125
1186
1070
1190
1308
1070
1071
1129
1309
1128
1189
1073
1193
1311
1073
1074
1132
1312
1131
1192
1076
1196
1314
1076
1077
1135
1315
1134
1195
1079
1199
1317
1079
1138
1318
12323
1137
1198
1082
1322
8180
12735
1082
1083
1321
8181
1085
1325
8891
1085
1086
1324
8895
1088
1328
8937
1088
1089
1327
8954
1091
1331
9739
1091
1092
1330
9886
1094
1334
9905
1094
1095
1333
9831
1097
1337
8881
1097
1098
1336
8880
1100
1340
9004
1100
1101
1339
9021
1103
1343
8969
1103
1104
1342
8981
1106
1346
9026
1106
1107
1345
9011
1109
1349
8183
1109
1348
12991
8182
1112
6740
12734
1112
1113
1321
1320
6739
1115
9556
1115
1116
1324
1323
9555
1118
10084
1118
1119
1327
1326
10737
1121
10443
1121
1122
1330
1329
10438
1124
6402
1124
1125
1333
1332
6400
1127
6398
1127
1128
1336
1335
6394
1130
9794
1130
1131
1339
1338
9793
1133
10093
1133
1134
1342
1341
10824
1136
9593
1136
1137
1345
1344
9594
1139
6391
1139
1348
12990
1347
6389
1142
8404
12606
1142
1143
8403
1145
7313
1145
1146
7314
1148
7350
1148
1149
7351
1151
6550
1151
1152
6549
1154
6361
1154
1155
6360
1157
8366
1157
1158
8367
1160
10721
1160
1161
10060
1163
9736
1163
1164
9749
1166
7028
1166
1167
7027
1169
8406
1169
12935
8405
1172
9465
12607
1172
1173
9466
1175
8775
1175
1176
8776
1178
9724
1178
1179
9727
1181
9657
1181
1182
9658
1184
10869
1184
1185
10591
1187
9797
1187
1188
9710
1190
9641
1190
1191
9643
1193
6914
1193
1194
6915
1196
8711
1196
1197
8710
1199
9422
1199
9421
12936
1202
1232
9116
12308
1202
1203
1231
9117
1205
1235
9082
1205
1206
1234
9081
1208
1238
9132
1208
1209
1237
9162
1211
1241
9108
1211
1212
1240
9100
1214
1244
9156
1214
1215
1243
9139
1217
1247
9098
1217
1218
1246
9084
1220
1250
10679
1220
1221
1249
10677
1223
1253
9809
1223
1224
1252
9807
1226
1256
9790
1226
1227
1255
9791
1229
1259
9157
1229
1258
12785
9155
1232
8621
12309
1232
1233
8620
1235
8527
1235
1236
8533
1238
10415
1238
1239
8562
1241
8544
1241
1242
10411
1244
9810
1244
1245
9823
1247
8532
1247
1248
8524
1250
10563
1250
1251
10565
1253
8575
1253
1254
8577
1256
8583
1256
1257
8571
1259
8625
1259
12786
8622
1262
1290
11314
1262
1263
1292
1265
1293
1265
1266
1295
1268
1296
1268
1269
1298
1271
1299
1271
1272
1301
1274
1302
1274
1275
1304
1277
1305
1277
1278
1307
1280
1308
1280
1281
1310
1283
1311
1283
1284
1313
1286
1314
1286
1287
1316
1289
1317
1289
11622
1319
1292
11376
1292
1293
1295
1295
1296
1298
1298
1299
1301
1301
1302
1304
1304
1305
1307
1307
1308
1310
1310
1311
1313
1313
1314
1316
1316
1317
1319
1319
11684
1322
8862
12648
1322
1323
8868
1325
9524
1325
1326
10489
1328
9707
1328
1329
9740
1331
10385
1331
1332
10901
1334
8918
1334
1335
8854
1337
9855
1337
1338
9713
1340
10915
1340
1341
10913
1343
10822
1343
1344
8963
1346
9570
1346
1347
9571
1349
8928
1349
12958
8956
1352
1382
1682
13068
1352
1353
1561
1681
1381
1560
1355
1385
1685
1355
1356
1564
1684
1384
1563
1358
1388
1688
1358
1359
1567
1687
1387
1566
1361
1391
1691
1361
1362
1570
1690
1390
1569
1364
1394
1694
1364
1365
1573
1693
1393
1572
1367
1397
1697
1367
1368
1576
1696
1396
1575
1370
1400
1700
1370
1371
1579
1699
1399
1578
1373
1403
1703
1373
1374
1582
1702
1402
1581
1376
1406
1706
1376
1377
1585
1705
1405
1584
1379
1409
1709
1379
1588
1708
11687
1408
1587
1382
1622
8640
13184
1382
1383
8641
1621
1385
1625
10112
1385
1386
9974
1624
1388
1628
9289
1388
1389
9292
1627
1391
1631
6511
1391
1392
6510
1630
1394
1634
10381
1394
1395
8431
1633
1397
1637
8429
1397
1398
8430
1636
1400
1640
6880
1400
1401
6881
1639
1403
1643
10449
1403
1404
10782
1642
1406
1646
6208
1406
1407
6207
1645
1409
1649
8645
1409
8644
12388
1648
1412
1442
1650
13021
1412
1413
1441
1681
1652
1680
1415
1445
1653
1415
1416
1444
1684
1655
1683
1418
1448
1656
1418
1419
1447
1687
1658
1686
1421
1451
1659
1421
1422
1450
1690
1661
1689
1424
1454
1662
1424
1425
1453
1693
1664
1692
1427
1457
1665
1427
1428
1456
1696
1667
1695
1430
1460
1668
1430
1431
1459
1699
1670
1698
1433
1463
1671
1433
1434
1462
1702
1673
1701
1436
1466
1674
1436
1437
1465
1705
1676
1704
1439
1469
1677
1439
1468
1708
11652
1679
1707
1442
1772
9454
13206
1442
1443
1771
9453
1445
1775
10138
1445
1446
1774
10135
1448
1778
9563
1448
1449
1777
9564
1451
1781
10142
1451
1452
1780
9957
1454
1784
9464
1454
1455
1783
9463
1457
1787
9451
1457
1458
1786
9449
1460
1790
10697
1460
1461
1789
10134
1463
1793
9567
1463
1464
1792
9568
1466
1796
10140
1466
1467
1795
9954
1469
1799
9458
1469
1798
12444
9457
1472
1742
8198
13213
1472
1473
1531
1741
1530
8199
1475
1745
8838
1475
1476
1534
1744
1533
8842
1478
1748
8921
1478
1479
1537
1747
1536
8922
1481
1751
8835
1481
1482
1540
1750
1539
10410
1484
1754
10651
1484
1485
1543
1753
1542
10653
1487
1757
8850
1487
1488
1546
1756
1545
8860
1490
1760
9795
1490
1491
1549
1759
1548
9796
1493
1763
10637
1493
1494
1552
1762
1551
10639
1496
1766
10646
1496
1497
1555
1765
1554
10644
1499
1769
10376
1499
1558
1768
12598
1557
8201
1502
1652
1710
13113
1502
1503
1591
1711
1590
1651
1505
1655
1713
1505
1506
1594
1714
1593
1654
1508
1658
1716
1508
1509
1597
1717
1596
1657
1511
1661
1719
1511
1512
1600
1720
1599
1660
1514
1664
1722
1514
1515
1603
1723
1602
1663
1517
1667
1725
1517
1518
1606
1726
1605
1666
1520
1670
1728
1520
1521
1609
1729
1608
1669
1523
1673
1731
1523
1524
1612
1732
1611
1672
1526
1676
1734
1526
1527
1615
1735
1614
1675
1529
1679
1737
1529
1618
1738
11704
1617
1678
1532
1620
13142
1532
1533
1711
1621
1712
1535
1623
1535
1536
1714
1624
1715
1538
1626
1538
1539
1717
1627
1718
1541
1629
1541
1542
1720
1630
1721
1544
1632
1544
1545
1723
1633
1724
1547
1635
1547
1548
1726
1636
1727
1550
1638
1550
1551
1729
1639
1730
1553
1641
1553
1554
1732
1642
1733
1556
1644
1556
1557
1735
1645
1736
1559
1647
1559
1738
11752
1648
1739
1562
9317
13182
1562
1563
1771
1770
9318
1565
9368
1565
1566
1774
1773
9369
1568
9491
1568
1569
1777
1776
9492
1571
7288
1571
1572
1780
1779
10252
1574
9326
1574
1575
1783
1782
9325
1577
9314
1577
1578
1786
1785
9313
1580
9370
1580
1581
1789
1788
9372
1583
9494
1583
1584
1792
1791
9493
1586
7287
1586
1587
1795
1794
10248
1589
9322
1589
1798
12416
1797
9321
1592
8723
13212
1592
1593
1741
1740
8724
1595
9520
1595
1596
1744
1743
9521
1598
6401
1598
1599
1747
1746
6399
1601
9431
1601
1602
1750
1749
9432
1604
8799
1604
1605
1753
1752
10559
1607
9777
1607
1608
1756
1755
9712
1610
9614
1610
1611
1759
1758
9613
1613
10087
1613
1614
1762
1761
10091
1616
9444
1616
1617
1765
1764
9443
1619
8675
1619
1768
12586
1767
8673
1622
8373
13208
1622
1623
8372
1625
7057
1625
1626
7056
1628
8317
1628
1629
8318
1631
6378
1631
1632
6377
1634
10017
1634
1635
10019
1637
7129
1637
1638
7128
1640
7853
1640
1641
7852
1643
8049
1643
1644
8050
1646
7367
1646
1647
7366
1649
8371
1649
12467
8370
1652
7895
13202
1652
1653
7896
1655
9587
1655
1656
9588
1658
9259
1658
1659
9260
1661
9778
1661
1662
9865
1664
7905
1664
1665
7904
1667
7893
1667
1668
7894
1670
9792
1670
1671
9900
1673
9262
1673
1674
9261
1676
9504
1676
1677
9502
1679
7900
1679
7899
12365
1682
1710
12836
1682
1683
1712
1685
1713
1685
1686
1715
1688
1716
1688
1689
1718
1691
1719
1691
1692
1721
1694
1722
1694
1695
1724
1697
1725
1697
1698
1727
1700
1728
1700
1701
1730
1703
1731
1703
1704
1733
1706
1734
1706
1707
1736
1709
1737
1709
11309
1739
1712
12906
1712
1713
1715
1715
1716
1718
1718
1719
1721
1721
1722
1724
1724
1725
1727
1727
1728
1730
1730
1731
1733
1733
1734
1736
1736
1737
1739
1739
11315
1742
8832
13209
1742
1743
8831
1745
8839
1745
1746
8840
1748
8916
1748
1749
8920
1751
8866
1751
1752
8836
1754
10547
1754
1755
8912
1757
10888
1757
1758
8852
1760
8977
1760
1761
9020
1763
10627
1763
1764
10625
1766
10767
1766
1767
10611
1769
8946
1769
12514
8917
1772
7783
13128
1772
1773
7782
1775
9391
1775
1776
9392
1778
9241
1778
1779
9242
1781
9388
1781
1782
9386
1784
7775
1784
1785
7774
1787
7787
1787
1788
7786
1790
9398
1790
1791
9400
1793
9243
1793
1794
9244
1796
9396
1796
1797
9393
1799
7778
1799
12236
7779
1802
1832
2132
12450
1802
1803
1891
2131
1831
1890
1805
1835
2135
1805
1806
1894
2134
1834
1893
1808
1838
2138
1808
1809
1897
2137
1837
1896
1811
1841
2141
1811
1812
1900
2140
1840
1899
1814
1844
2144
1814
1815
1903
2143
1843
1902
1817
1847
2147
1817
1818
1906
2146
1846
1905
1820
1850
2150
1820
1821
1909
2149
1849
1908
1823
1853
2153
1823
1824
1912
2152
1852
1911
1826
1856
2156
1826
1827
1915
2155
1855
1914
1829
1859
2159
1829
1918
2158
12071
1858
1917
1832
2072
6319
13036
1832
1833
6318
2071
1835
2075
9406
1835
1836
9405
2074
1838
2078
9771
1838
1839
9986
2077
1841
2081
9620
1841
1842
9619
2080
1844
2084
5974
1844
1845
5973
2083
1847
2087
8013
1847
1848
8014
2086
1850
2090
9637
1850
1851
9638
2089
1853
2093
9745
1853
1854
9857
2092
1856
2096
9481
1856
1857
9480
2095
1859
2099
9998
1859
6288
12875
2098
1862
2102
2160
11581
1862
1863
1921
2161
1920
2101
1865
2105
2163
1865
1866
1924
2164
1923
2104
1868
2108
2166
1868
1869
1927
2167
1926
2107
1871
2111
2169
1871
1872
1930
2170
1929
2110
1874
2114
2172
1874
1875
1933
2173
1932
2113
1877
2117
2175
1877
1878
1936
2176
1935
2116
1880
2120
2178
1880
1881
1939
2179
1938
2119
1883
2123
2181
1883
1884
1942
2182
1941
2122
1886
2126
2184
1886
1887
1945
2185
1944
2125
1889
2129
2187
1889
1948
2188
12129
1947
2128
1892
8517
13074
1892
1893
2221
2220
8512
1895
10772
1895
1896
2224
2223
10480
1898
10051
1898
1899
2227
2226
10806
1901
9629
1901
1902
2230
2229
9630
1904
9870
1904
1905
2233
2232
9864
1907
10404
1907
1908
2236
2235
10582
1910
9663
1910
1911
2239
2238
9666
1913
8561
1913
1914
2242
2241
8560
1916
10776
1916
1917
2245
2244
10485
1919
9729
1919
2248
12882
2247
9720
1922
8765
12746
1922
1923
2191
2190
10710
1925
9439
1925
1926
2194
2193
9440
1928
7596
1928
1929
2197
2196
7595
1931
8654
1931
1932
2200
2199
8653
1934
7565
1934
1935
2203
2202
7564
1937
7514
1937
1938
2206
2205
7515
1940
8676
1940
1941
2209
2208
8677
1943
10305
1943
1944
2212
2211
7726
1946
9438
1946
1947
2215
2214
9437
1949
8390
1949
2218
13097
2217
8764
1952
2222
8277
12843
1952
1953
1981
2221
1980
8276
1955
2225
8468
1955
1956
1984
2224
1983
8449
1958
2228
8488
1958
1959
1987
2227
1986
8493
1961
2231
8470
1961
1962
1990
2230
1989
8460
1964
2234
8478
1964
1965
1993
2233
1992
8461
1967
2237
8447
1967
1968
1996
2236
1995
8453
1970
2240
8499
1970
1971
1999
2239
1998
8502
1973
2243
10399
1973
1974
2002
2242
2001
8496
1976
2246
8505
1976
1977
2005
2245
2004
8495
1979
2249
8279
1979
2008
2248
13442
2007
8278
1982
2100
11816
1982
1983
2131
2102
2130
1985
2103
1985
1986
2134
2105
2133
1988
2106
1988
1989
2137
2108
2136
1991
2109
1991
1992
2140
2111
2139
1994
2112
1994
1995
2143
2114
2142
1997
2115
1997
1998
2146
2117
2145
2000
2118
2000
2001
2149
2120
2148
2003
2121
2003
2004
2152
2123
2151
2006
2124
2006
2007
2155
2126
2154
2009
2127
2009
2158
11995
2129
2157
2012
2042
2070
11839
2012
2013
2041
2161
2071
2162
2015
2045
2073
2015
2016
2044
2164
2074
2165
2018
2048
2076
2018
2019
2047
2167
2077
2168
2021
2051
2079
2021
2022
2050
2170
2080
2171
2024
2054
2082
2024
2025
2053
2173
2083
2174
2027
2057
2085
2027
2028
2056
2176
2086
2177
2030
2060
2088
2030
2031
2059
2179
2089
2180
2033
2063
2091
2033
2034
2062
2182
2092
2183
2036
2066
2094
2036
2037
2065
2185
2095
2186
2039
2069
2097
2039
2068
2188
12262
2098
2189
2042
2192
9487
13051
2042
2043
2191
9352
2045
2195
6723
2045
2046
2194
6724
2048
2198
9559
2048
2049
2197
9558
2051
2201
6721
2051
2052
2200
6722
2054
2204
9412
2054
2055
2203
9413
2057
2207
9410
2057
2058
2206
9411
2060
2210
6707
2060
2061
2209
6708
2063
2213
9551
2063
2064
2212
9550
2066
2216
6706
2066
2067
2215
6705
2069
2219
9488
2069
2218
13136
9489
2072
9355
12888
2072
2073
9356
2075
10469
2075
2076
10472
2078
9560
2078
2079
9561
2081
6762
2081
2082
6761
2084
9417
2084
2085
9416
2087
9414
2087
2088
9415
2090
6747
2090
2091
6748
2093
9552
2093
2094
9553
2096
10380
2096
2097
10455
2099
9360
2099
12914
9359
2102
8427
12273
2102
2103
10321
2105
6791
2105
2106
6792
2108
5916
2108
2109
5917
2111
6206
2111
2112
6205
2114
6522
2114
2115
6521
2117
6111
2117
2118
6112
2120
10127
2120
2121
6954
2123
8213
2123
2124
8212
2126
7168
2126
2127
7167
2129
8426
2129
8428
12870
2132
2160
11437
2132
2133
2162
2135
2163
2135
2136
2165
2138
2166
2138
2139
2168
2141
2169
2141
2142
2171
2144
2172
2144
2145
2174
2147
2175
2147
2148
2177
2150
2178
2150
2151
2180
2153
2181
2153
2154
2183
2156
2184
2156
2157
2186
2159
2187
2159
11570
2189
2162
11363
2162
2163
2165
2165
2166
2168
2168
2169
2171
2171
2172
2174
2174
2175
2177
2177
2178
2180
2180
2181
2183
2183
2184
2186
2186
2187
2189
2189
11586
2192
10712
12995
2192
2193
9944
2195
9294
2195
2196
9293
2198
6428
2198
2199
6429
2201
6059
2201
2202
6060
2204
9863
2204
2205
9867
2207
9868
2207
2208
9869
2210
6084
2210
2211
6085
2213
6531
2213
2214
6530
2216
9283
2216
2217
9284
2219
9925
2219
13155
9927
2222
9129
12987
2222
2223
9101
2225
9143
2225
2226
9088
2228
9167
2228
2229
9168
2231
9142
2231
2232
9145
2234
10907
2234
2235
9126
2237
10571
2237
2238
10569
2240
9183
2240
2241
9186
2243
9078
2243
2244
9071
2246
9196
2246
2247
9095
2249
9073
2249
13444
9149
2252
2282
2582
12140
2252
2253
2341
2581
2281
2340
2255
2285
2585
2255
2256
2344
2584
2284
2343
2258
2288
2588
2258
2259
2347
2587
2287
2346
2261
2291
2591
2261
2262
2350
2590
2290
2349
2264
2294
2594
2264
2265
2353
2593
2293
2352
2267
2297
2597
2267
2268
2356
2596
2296
2355
2270
2300
2600
2270
2271
2359
2599
2299
2358
2273
2303
2603
2273
2274
2362
2602
2302
2361
2276
2306
2606
2276
2277
2365
2605
2305
2364
2279
2309
2609
2279
2368
2608
11900
2308
2367
2282
2522
9212
12880
2282
2283
9213
2521
2285
2525
9580
2285
2286
9578
2524
2288
2528
6422
2288
2289
6423
2527
2291
2531
10174
2291
2292
9984
2530
2294
2534
9873
2294
2295
9853
2533
2297
2537
10506
2297
2298
10501
2536
2300
2540
7109
2300
2301
10228
2539
2303
2543
5948
2303
2304
5949
2542
2306
2546
9585
2306
2307
9584
2545
2309
2549
8773
2309
9202
12747
2548
2312
2552
2610
11671
2312
2313
2371
2611
2370
2551
2315
2555
2613
2315
2316
2374
2614
2373
2554
2318
2558
2616
2318
2319
2377
2617
2376
2557
2321
2561
2619
2321
2322
2380
2620
2379
2560
2324
2564
2622
2324
2325
2383
2623
2382
2563
2327
2567
2625
2327
2328
2386
2626
2385
2566
2330
2570
2628
2330
2331
2389
2629
2388
2569
2333
2573
2631
2333
2334
2392
2632
2391
2572
2336
2576
2634
2336
2337
2395
2635
2394
2575
2339
2579
2637
2339
2398
2638
11691
2397
2578
2342
8735
12948
2342
2343
2671
2670
8520
2345
9577
2345
2346
2674
2673
9574
2348
8526
2348
2349
2677
2676
8570
2351
8507
2351
2352
2680
2679
8515
2354
10056
2354
2355
2683
2682
10811
2357
10873
2357
2358
2686
2685
10521
2360
8569
2360
2361
2689
2688
8565
2363
8558
2363
2364
2692
2691
10408
2366
9601
2366
2367
2695
2694
9600
2369
8737
2369
2698
12760
2697
8734
2372
8631
12590
2372
2373
2641
2640
8632
2375
10075
2375
2376
2644
2643
10076
2378
10071
2378
2379
2647
2646
6397
2381
6392
2381
2382
2650
2649
6395
2384
10082
2384
2385
2653
2652
10730
2387
10723
2387
2388
2656
2655
10724
2390
10731
2390
2391
2659
2658
10733
2393
10736
2393
2394
2662
2661
10865
2396
7063
2396
2397
2665
2664
10231
2399
8634
2399
2668
12624
2667
8633
2402
2672
8381
12745
2402
2403
2431
2671
2430
8380
2405
2675
8467
2405
2406
2434
2674
2433
10387
2408
2678
8490
2408
2409
2437
2677
2436
8485
2411
2681
8466
2411
2412
2440
2680
2439
8464
2414
2684
10394
2414
2415
2443
2683
2442
8463
2417
2687
8456
2417
2418
2446
2686
2445
8440
2420
2690
8501
2420
2421
2449
2689
2448
8503
2423
2693
9849
2423
2424
2452
2692
2451
9850
2426
2696
8506
2426
2427
2455
2695
2454
8504
2429
2699
8382
2429
2458
2698
12478
2457
8383
2432
2550
11739
2432
2433
2581
2552
2580
2435
2553
2435
2436
2584
2555
2583
2438
2556
2438
2439
2587
2558
2586
2441
2559
2441
2442
2590
2561
2589
2444
2562
2444
2445
2593
2564
2592
2447
2565
2447
2448
2596
2567
2595
2450
2568
2450
2451
2599
2570
2598
2453
2571
2453
2454
2602
2573
2601
2456
2574
2456
2457
2605
2576
2604
2459
2577
2459
2608
11631
2579
2607
2462
2492
2520
11715
2462
2463
2491
2611
2521
2612
2465
2495
2523
2465
2466
2494
2614
2524
2615
2468
2498
2526
2468
2469
2497
2617
2527
2618
2471
2501
2529
2471
2472
2500
2620
2530
2621
2474
2504
2532
2474
2475
2503
2623
2533
2624
2477
2507
2535
2477
2478
2506
2626
2536
2627
2480
2510
2538
2480
2481
2509
2629
2539
2630
2483
2513
2541
2483
2484
2512
2632
2542
2633
2486
2516
2544
2486
2487
2515
2635
2545
2636
2489
2519
2547
2489
2518
2638
11750
2548
2639
2492
2642
8865
12554
2492
2493
2641
8933
2495
2645
8864
2495
2496
2644
8915
2498
2648
8938
2498
2499
2647
10809
2501
2651
9609
2501
2502
2650
9610
2504
2654
10588
2504
2505
2653
10590
2507
2657
9780
2507
2508
2656
9891
2510
2660
9013
2510
2511
2659
9030
2513
2663
8999
2513
2514
2662
8992
2516
2666
8930
2516
2517
2665
9007
2519
2669
10498
2519
2668
12650
10496
2522
9435
12533
2522
2523
9436
2525
10754
2525
2526
10752
2528
10052
2528
2529
9922
2531
9625
2531
2532
9623
2534
10043
2534
2535
10044
2537
9268
2537
2538
9267
2540
9659
2540
2541
9661
2543
6380
2543
2544
10041
2546
9419
2546
2547
9418
2549
9427
2549
12507
9426
2552
8611
12500
2552
2553
8610
2555
7138
2555
2556
7139
2558
7050
2558
2559
7051
2561
6817
2561
2562
6816
2564
8179
2564
2565
8178
2567
6688
2567
2568
6689
2570
6744
2570
2571
6745
2573
7671
2573
2574
7670
2576
6256
2576
2577
6257
2579
8612
2579
8609
12392
2582
2610
11316
2582
2583
2612
2585
2613
2585
2586
2615
2588
2616
2588
2589
2618
2591
2619
2591
2592
2621
2594
2622
2594
2595
2624
2597
2625
2597
2598
2627
2600
2628
2600
2601
2630
2603
2631
2603
2604
2633
2606
2634
2606
2607
2636
2609
2637
2609
11299
2639
2612
11307
2612
2613
2615
2615
2616
2618
2618
2619
2621
2621
2622
2624
2624
2625
2627
2627
2628
2630
2630
2631
2633
2633
2634
2636
2636
2637
2639
2639
11302
2642
8154
13327
2642
2643
10370
2645
8904
2645
2646
8906
2648
8936
2648
2649
8935
2651
8888
2651
2652
8901
2654
8932
2654
2655
8913
2657
8902
2657
2658
8856
2660
9006
2660
2661
9029
2663
10398
2663
2664
8996
2666
9025
2666
2667
9017
2669
8153
2669
13359
8152
2672
9087
12662
2672
2673
9090
2675
9091
2675
2676
9086
2678
9128
2678
2679
9131
2681
9130
2681
2682
9089
2684
9833
2684
2685
9829
2687
10539
2687
2688
10537
2690
9182
2690
2691
9181
2693
9070
2693
2694
9159
2696
9190
2696
2697
9180
2699
9175
2699
12240
9148
2702
2732
3032
11679
2702
2703
2941
3031
2731
2940
2705
2735
3035
2705
2706
2944
3034
2734
2943
2708
2738
3038
2708
2709
2947
3037
2737
2946
2711
2741
3041
2711
2712
2950
3040
2740
2949
2714
2744
3044
2714
2715
2953
3043
2743
2952
2717
2747
3047
2717
2718
2956
3046
2746
2955
2720
2750
3050
2720
2721
2959
3049
2749
2958
2723
2753
3053
2723
2724
2962
3052
2752
2961
2726
2756
3056
2726
2727
2965
3055
2755
2964
2729
2759
3059
2729
2968
3058
11597
2758
2967
2732
2972
8187
12435
2732
2733
10354
2971
2735
2975
8855
2735
2736
8859
2974
2738
2978
8934
2738
2739
8923
2977
2741
2981
8829
2741
2742
8873
2980
2744
2984
10396
2744
2745
10556
2983
2747
2987
8827
2747
2748
8874
2986
2750
2990
9012
2750
2751
9024
2989
2753
2993
8973
2753
2754
8976
2992
2756
2996
9002
2756
2757
8988
2995
2759
2999
8185
2759
8186
12093
2998
2762
3002
3060
11698
2762
2763
2911
3061
2910
3001
2765
3005
3063
2765
2766
2914
3064
2913
3004
2768
3008
3066
2768
2769
2917
3067
2916
3007
2771
3011
3069
2771
2772
2920
3070
2919
3010
2774
3014
3072
2774
2775
2923
3073
2922
3013
2777
3017
3075
2777
2778
2926
3076
2925
3016
2780
3020
3078
2780
2781
2929
3079
2928
3019
2783
3023
3081
2783
2784
2932
3082
2931
3022
2786
3026
3084
2786
2787
2935
3085
2934
3025
2789
3029
3087
2789
2938
3088
11495
2937
3028
2792
3122
8690
12664
2792
2793
2851
3121
2850
8689
2795
3125
6952
2795
2796
2854
3124
2853
6951
2798
3128
8019
2798
2799
2857
3127
2856
8020
2801
3131
8750
2801
2802
2860
3130
2859
8749
2804
3134
8745
2804
2805
2863
3133
2862
8744
2807
3137
8332
2807
2808
2866
3136
2865
8333
2810
3140
8082
2810
2811
2869
3139
2868
8083
2813
3143
6728
2813
2814
2872
3142
2871
6729
2816
3146
7318
2816
2817
2875
3145
2874
7317
2819
3149
8691
2819
2878
3148
12067
2877
8692
2822
2882
3000
11638
2822
2823
2881
3031
3002
3030
2825
2885
3003
2825
2826
2884
3034
3005
3033
2828
2888
3006
2828
2829
2887
3037
3008
3036
2831
2891
3009
2831
2832
2890
3040
3011
3039
2834
2894
3012
2834
2835
2893
3043
3014
3042
2837
2897
3015
2837
2838
2896
3046
3017
3045
2840
2900
3018
2840
2841
2899
3049
3020
3048
2843
2903
3021
2843
2844
2902
3052
3023
3051
2846
2906
3024
2846
2847
2905
3055
3026
3054
2849
2909
3027
2849
2908
3058
11556
3029
3057
2852
2970
11754
2852
2853
3061
2971
3062
2855
2973
2855
2856
3064
2974
3065
2858
2976
2858
2859
3067
2977
3068
2861
2979
2861
2862
3070
2980
3071
2864
2982
2864
2865
3073
2983
3074
2867
2985
2867
2868
3076
2986
3077
2870
2988
2870
2871
3079
2989
3080
2873
2991
2873
2874
3082
2992
3083
2876
2994
2876
2877
3085
2995
3086
2879
2997
2879
3088
11542
2998
3089
2882
3092
9468
12491
2882
2883
3091
9467
2885
3095
8778
2885
2886
3094
8777
2888
3098
9769
2888
2889
3097
9874
2891
3101
9655
2891
2892
3100
9656
2894
3104
9506
2894
2895
3103
9505
2897
3107
9762
2897
2898
3106
9861
2900
3110
9640
2900
2901
3109
9642
2903
3113
6917
2903
2904
3112
6916
2906
3116
8712
2906
2907
3115
8713
2909
3119
9423
2909
3118
12215
9424
2912
9106
12647
2912
2913
3121
3120
9134
2915
9094
2915
2916
3124
3123
9104
2918
9135
2918
2919
3127
3126
9136
2921
10673
2921
2922
3130
3129
10671
2924
9146
2924
2925
3133
3132
9107
2927
9124
2927
2928
3136
3135
9083
2930
10543
2930
2931
3139
3138
10545
2933
9069
2933
2934
3142
3141
9068
2936
9187
2936
2937
3145
3144
9164
2939
9152
2939
3148
12073
3147
9147
2942
8908
12461
2942
2943
3091
3090
8903
2945
9525
2945
2946
3094
3093
9526
2948
8931
2948
2949
3097
3096
8941
2951
8899
2951
2952
3100
3099
8884
2954
10507
2954
2955
3103
3102
10871
2957
9730
2957
2958
3106
3105
9753
2960
9015
2960
2961
3109
3108
9022
2963
8993
2963
2964
3112
3111
10406
2966
9573
2966
2967
3115
3114
9572
2969
8971
2969
3118
12234
3117
8974
2972
8398
12534
2972
2973
8399
2975
7087
2975
2976
7088
2978
7216
2978
2979
7215
2981
9738
2981
2982
9737
2984
10262
2984
2985
10261
2987
6532
2987
2988
6533
2990
8191
2990
2991
8192
2993
9924
2993
2994
9923
2996
6750
2996
2997
6751
2999
8400
2999
12025
8397
3002
8518
12415
3002
3003
8519
3005
9540
3005
3006
9537
3008
10867
3008
3009
10802
3011
9639
3011
3012
10527
3014
8534
3014
3015
8521
3017
8522
3017
3018
10403
3020
9634
3020
3021
9631
3023
8563
3023
3024
8557
3026
9477
3026
3027
9476
3029
8546
3029
8535
12006
3032
3060
11300
3032
3033
3062
3035
3063
3035
3036
3065
3038
3066
3038
3039
3068
3041
3069
3041
3042
3071
3044
3072
3044
3045
3074
3047
3075
3047
3048
3077
3050
3078
3050
3051
3080
3053
3081
3053
3054
3083
3056
3084
3056
3057
3086
3059
3087
3059
11273
3089
3062
11304
3062
3063
3065
3065
3066
3068
3068
3069
3071
3071
3072
3074
3074
3075
3077
3077
3078
3080
3080
3081
3083
3083
3084
3086
3086
3087
3089
3089
11270
3092
6379
12259
3092
3093
6381
3095
9554
3095
3096
9557
3098
6382
3098
3099
6386
3101
10428
3101
3102
10440
3104
10054
3104
3105
10039
3107
10719
3107
3108
10036
3110
6384
3110
3111
6390
3113
10065
3113
3114
10057
3116
9592
3116
3117
9591
3119
6735
3119
12151
6736
3122
8624
13343
3122
3123
8623
3125
8443
3125
3126
8436
3128
8483
3128
3129
8491
3131
8458
3131
3132
8469
3134
9761
3134
3135
9754
3137
8452
3137
3138
8444
3140
10660
3140
3141
10658
3143
8439
3143
3144
8497
3146
9776
3146
3147
9744
3149
8626
3149
12508
8627
3152
3392
8200
12883
3152
3153
3212
3391
3210
10374
3155
3395
8847
3155
3156
3215
3394
3213
8871
3158
3398
8925
3158
3159
3218
3397
3216
8944
3161
3401
8826
3161
3162
3221
3400
3219
8872
3164
3404
8910
3164
3165
3224
3403
3222
8909
3167
3407
8849
3167
3168
3227
3406
3225
8878
3170
3410
9759
3170
3171
3230
3409
3228
9756
3173
3413
8965
3173
3174
3233
3412
3231
8975
3176
3416
9019
3176
3177
3236
3415
3234
9008
3179
3419
8197
3179
3239
3418
12709
3237
8196
3182
3240
7902
12885
3182
3183
3242
3422
3420
7901
3185
3243
9590
3185
3186
3245
3425
3423
9589
3188
3246
9263
3188
3189
3248
3428
3426
9264
3191
3249
9742
3191
3192
3251
3431
3429
9752
3194
3252
7908
3194
3195
3254
3434
3432
7907
3197
3255
7897
3197
3198
3257
3437
3435
7898
3200
3258
9906
3200
3201
3260
3440
3438
9907
3203
3261
9266
3203
3204
3263
3443
3441
9265
3206
3264
9503
3206
3207
3266
3446
3444
9501
3209
3267
7903
3209
3269
3449
12710
3447
7906
3212
3480
11947
3212
3213
3481
3511
3512
3215
3483
3215
3216
3484
3514
3515
3218
3486
3218
3219
3487
3517
3518
3221
3489
3221
3222
3490
3520
3521
3224
3492
3224
3225
3493
3523
3524
3227
3495
3227
3228
3496
3526
3527
3230
3498
3230
3231
3499
3529
3530
3233
3501
3233
3234
3502
3532
3533
3236
3504
3236
3237
3505
3535
3536
3239
3507
3239
3508
3538
11813
3539
3242
3452
11948
3242
3243
3451
3511
3510
3245
3455
3245
3246
3454
3514
3513
3248
3458
3248
3249
3457
3517
3516
3251
3461
3251
3252
3460
3520
3519
3254
3464
3254
3255
3463
3523
3522
3257
3467
3257
3258
3466
3526
3525
3260
3470
3260
3261
3469
3529
3528
3263
3473
3263
3264
3472
3532
3531
3266
3476
3266
3267
3475
3535
3534
3269
3479
3269
3478
3538
11815
3537
3272
3422
3540
11909
3272
3273
3361
3541
3360
3421
3275
3425
3543
3275
3276
3364
3544
3363
3424
3278
3428
3546
3278
3279
3367
3547
3366
3427
3281
3431
3549
3281
3282
3370
3550
3369
3430
3284
3434
3552
3284
3285
3373
3553
3372
3433
3287
3437
3555
3287
3288
3376
3556
3375
3436
3290
3440
3558
3290
3291
3379
3559
3378
3439
3293
3443
3561
3293
3294
3382
3562
3381
3442
3296
3446
3564
3296
3297
3385
3565
3384
3445
3299
3449
3567
3299
3388
3568
11958
3387
3448
3302
3572
8642
12816
3302
3303
3331
3571
3330
8643
3305
3575
9943
3305
3306
3334
3574
3333
10278
3308
3578
9287
3308
3309
3337
3577
3336
9288
3311
3581
6565
3311
3312
3340
3580
3339
10193
3314
3584
8660
3314
3315
3343
3583
3342
8659
3317
3587
10460
3317
3318
3346
3586
3345
7060
3320
3590
6007
3320
3321
3349
3589
3348
6006
3323
3593
9291
3323
3324
3352
3592
3351
9290
3326
3596
9983
3326
3327
3355
3595
3354
10706
3329
3599
8639
3329
3358
3598
12832
3357
8638
3332
3390
11908
3332
3333
3541
3391
3542
3335
3393
3335
3336
3544
3394
3545
3338
3396
3338
3339
3547
3397
3548
3341
3399
3341
3342
3550
3400
3551
3344
3402
3344
3345
3553
3403
3554
3347
3405
3347
3348
3556
3406
3557
3350
3408
3350
3351
3559
3409
3560
3353
3411
3353
3354
3562
3412
3563
3356
3414
3356
3357
3565
3415
3566
3359
3417
3359
3568
11957
3418
3569
3362
7785
12817
3362
3363
3571
3570
7784
3365
9390
3365
3366
3574
3573
9389
3368
9237
3368
3369
3577
3576
9238
3371
9387
3371
3372
3580
3579
9385
3374
7777
3374
3375
3583
3582
7776
3377
7789
3377
3378
3586
3585
7788
3380
9395
3380
3381
3589
3588
9399
3383
9239
3383
3384
3592
3591
9240
3386
9397
3386
3387
3595
3594
9394
3389
7781
3389
3598
12830
3597
7780
3392
8375
12812
3392
3393
8374
3395
6918
3395
3396
6919
3398
8264
3398
3399
8265
3401
7220
3401
3402
7219
3404
8806
3404
3405
8805
3407
8695
3407
3408
8694
3410
6582
3410
3411
6583
3413
6641
3413
3414
6642
3416
7598
3416
3417
10121
3419
8376
3419
12738
8377
3422
9455
12813
3422
3423
9456
3425
9961
3425
3426
10147
3428
9562
3428
3429
9565
3431
10149
3431
3432
10153
3434
9461
3434
3435
9462
3437
9452
3437
3438
9450
3440
9958
3440
3441
10144
3443
9566
3443
3444
9569
3446
10148
3446
3447
10702
3449
9459
3449
9460
12739
3452
3482
8721
12828
3452
3453
3481
8722
3455
3485
9518
3455
3456
3484
9519
3458
3488
10045
3458
3459
3487
6385
3461
3491
9429
3461
3462
3490
9430
3464
3494
10432
3464
3465
3493
10434
3467
3497
10034
3467
3468
3496
10031
3470
3500
9616
3470
3471
3499
9615
3473
3503
10069
3473
3474
3502
10066
3476
3506
9442
3476
3477
3505
9441
3479
3509
8672
3479
3508
12494
8674
3482
8845
12827
3482
3483
8870
3485
8897
3485
3486
8898
3488
8924
3488
3489
10801
3491
9763
3491
3492
9755
3494
8945
3494
3495
8911
3497
8861
3497
3498
10402
3500
8997
3500
3501
9014
3503
8958
3503
3504
8961
3506
10474
3506
3507
10478
3509
8959
3509
12495
8966
3512
3540
11454
3512
3513
3542
3515
3543
3515
3516
3545
3518
3546
3518
3519
3548
3521
3549
3521
3522
3551
3524
3552
3524
3525
3554
3527
3555
3527
3528
3557
3530
3558
3530
3531
3560
3533
3561
3533
3534
3563
3536
3564
3536
3537
3566
3539
3567
3539
11436
3569
3542
11518
3542
3543
3545
3545
3546
3548
3548
3549
3551
3551
3552
3554
3554
3555
3557
3557
3558
3560
3560
3561
3563
3563
3564
3566
3566
3567
3569
3569
11531
3572
9319
12627
3572
3573
9320
3575
9367
3575
3576
10462
3578
9495
3578
3579
9496
3581
9373
3581
3582
9371
3584
9328
3584
3585
9327
3587
9315
3587
3588
9316
3590
9366
3590
3591
10464
3593
9498
3593
3594
9497
3596
9375
3596
3597
9374
3599
9323
3599
12766
9324
3602
3720
3812
10985
3602
3603
3811
5761
3722
5760
3605
3723
3815
3605
3606
3814
5764
3725
5763
3608
3726
3818
3608
3609
3817
5767
3728
5766
3611
3729
3821
3611
3612
3820
5770
3731
5769
3614
3732
3824
3614
3615
3823
5773
3734
5772
3617
3735
3827
3617
3618
3826
5776
3737
5775
3620
3738
3830
3620
3621
3829
5779
3740
5778
3623
3741
3833
3623
3624
3832
5782
3743
5781
3626
3744
3836
3626
3627
3835
5785
3746
5784
3629
3747
3839
3629
3838
5788
6482
3749
5787
3632
4172
4352
11206
3632
3633
3781
4171
3780
4351
3635
4175
4355
3635
3636
3784
4174
3783
4354
3638
4178
4358
3638
3639
3787
4177
3786
4357
3641
4181
4361
3641
3642
3790
4180
3789
4360
3644
4184
4364
3644
3645
3793
4183
3792
4363
3647
4187
4367
3647
3648
3796
4186
3795
4366
3650
4190
4370
3650
3651
3799
4189
3798
4369
3653
4193
4373
3653
3654
3802
4192
3801
4372
3656
4196
4376
3656
3657
3805
4195
3804
4375
3659
4199
4379
3659
3808
4198
7094
3807
4378
3662
3840
4592
11218
3662
3663
4082
4591
3842
4080
3665
3843
4595
3665
3666
4085
4594
3845
4083
3668
3846
4598
3668
3669
4088
4597
3848
4086
3671
3849
4601
3671
3672
4091
4600
3851
4089
3674
3852
4604
3674
3675
4094
4603
3854
4092
3677
3855
4607
3677
3678
4097
4606
3857
4095
3680
3858
4610
3680
3681
4100
4609
3860
4098
3683
3861
4613
3683
3684
4103
4612
3863
4101
3686
3864
4616
3686
3687
4106
4615
3866
4104
3689
3867
4619
3689
4109
4618
6829
3869
4107
3692
3752
4922
11240
3692
3693
3751
3871
3870
4921
3695
3755
4925
3695
3696
3754
3874
3873
4924
3698
3758
4928
3698
3699
3757
3877
3876
4927
3701
3761
4931
3701
3702
3760
3880
3879
4930
3704
3764
4934
3704
3705
3763
3883
3882
4933
3707
3767
4937
3707
3708
3766
3886
3885
4936
3710
3770
4940
3710
3711
3769
3889
3888
4939
3713
3773
4943
3713
3714
3772
3892
3891
4942
3716
3776
4946
3716
3717
3775
3895
3894
4945
3719
3779
4949
3719
3778
3898
7754
3897
4948
3722
3990
10972
3722
3723
3991
5311
5312
3725
3993
3725
3726
3994
5314
5315
3728
3996
3728
3729
3997
5317
5318
3731
3999
3731
3732
4000
5320
5321
3734
4002
3734
3735
4003
5323
5324
3737
4005
3737
3738
4006
5326
5327
3740
4008
3740
3741
4009
5329
5330
3743
4011
3743
3744
4012
5332
5333
3746
4014
3746
3747
4015
5335
5336
3749
4017
3749
4018
5338
6895
5339
3752
4680
5672
11238
3752
3753
5671
4682
3755
4683
5675
3755
3756
5674
4685
3758
4686
5678
3758
3759
5677
4688
3761
4689
5681
3761
3762
5680
4691
3764
4692
5684
3764
3765
5683
4694
3767
4695
5687
3767
3768
5686
4697
3770
4698
5690
3770
3771
5689
4700
3773
4701
5693
3773
3774
5692
4703
3776
4704
5696
3776
3777
5695
4706
3779
4707
5699
3779
5698
7915
4709
3782
9363
11212
3782
3783
4261
4260
9331
3785
7981
3785
3786
4264
4263
7982
3788
7771
3788
3789
4267
4266
7772
3791
8275
3791
3792
4270
4269
8274
3794
7770
3794
3795
4273
4272
7773
3797
7683
3797
3798
4276
4275
7682
3800
8295
3800
3801
4279
4278
8294
3803
7681
3803
3804
4282
4281
7680
3806
6840
3806
3807
4285
4284
6841
3809
7046
3809
4288
7158
4287
7047
3812
4202
4892
10957
3812
3813
4201
4891
3815
4205
4895
3815
3816
4204
4894
3818
4208
4898
3818
3819
4207
4897
3821
4211
4901
3821
3822
4210
4900
3824
4214
4904
3824
3825
4213
4903
3827
4217
4907
3827
3828
4216
4906
3830
4220
4910
3830
3831
4219
4909
3833
4223
4913
3833
3834
4222
4912
3836
4226
4916
3836
3837
4225
4915
3839
4229
4919
3839
4228
6144
4918
3842
4170
10950
3842
3843
4171
4231
4232
3845
4173
3845
3846
4174
4234
4235
3848
4176
3848
3849
4177
4237
4238
3851
4179
3851
3852
4180
4240
4241
3854
4182
3854
3855
4183
4243
4244
3857
4185
3857
3858
4186
4246
4247
3860
4188
3860
3861
4189
4249
4250
3863
4191
3863
3864
4192
4252
4253
3866
4194
3866
3867
4195
4255
4256
3869
4197
3869
4198
4258
6907
4259
3872
4980
11249
3872
3873
5731
4981
5732
3875
4983
3875
3876
5734
4984
5735
3878
4986
3878
3879
5737
4987
5738
3881
4989
3881
3882
5740
4990
5741
3884
4992
3884
3885
5743
4993
5744
3887
4995
3887
3888
5746
4996
5747
3890
4998
3890
3891
5749
4999
5750
3893
5001
3893
3894
5752
5002
5753
3896
5004
3896
3897
5755
5005
5756
3899
5007
3899
5758
6897
5008
5759
3902
3930
4142
11007
3902
3903
4141
5611
3932
5612
3905
3933
4145
3905
3906
4144
5614
3935
5615
3908
3936
4148
3908
3909
4147
5617
3938
5618
3911
3939
4151
3911
3912
4150
5620
3941
5621
3914
3942
4154
3914
3915
4153
5623
3944
5624
3917
3945
4157
3917
3918
4156
5626
3947
5627
3920
3948
4160
3920
3921
4159
5629
3950
5630
3923
3951
4163
3923
3924
4162
5632
3953
5633
3926
3954
4166
3926
3927
4165
5635
3956
5636
3929
3957
4169
3929
4168
5638
7020
3959
5639
3932
4200
11008
3932
3933
4201
5791
5790
3935
4203
3935
3936
4204
5794
5793
3938
4206
3938
3939
4207
5797
5796
3941
4209
3941
3942
4210
5800
5799
3944
4212
3944
3945
4213
5803
5802
3947
4215
3947
3948
4216
5806
5805
3950
4218
3950
3951
4219
5809
5808
3953
4221
3953
3954
4222
5812
5811
3956
4224
3956
3957
4225
5815
5814
3959
4227
3959
4228
5818
6847
5817
3962
4020
4140
11229
3962
3963
4142
4651
4022
4650
3965
4023
4143
3965
3966
4145
4654
4025
4653
3968
4026
4146
3968
3969
4148
4657
4028
4656
3971
4029
4149
3971
3972
4151
4660
4031
4659
3974
4032
4152
3974
3975
4154
4663
4034
4662
3977
4035
4155
3977
3978
4157
4666
4037
4665
3980
4038
4158
3980
3981
4160
4669
4040
4668
3983
4041
4161
3983
3984
4163
4672
4043
4671
3986
4044
4164
3986
3987
4166
4675
4046
4674
3989
4047
4167
3989
4169
4678
6839
4049
4677
3992
4110
11232
3992
3993
5461
4112
5462
3995
4113
3995
3996
5464
4115
5465
3998
4116
3998
3999
5467
4118
5468
4001
4119
4001
4002
5470
4121
5471
4004
4122
4004
4005
5473
4124
5474
4007
4125
4007
4008
5476
4127
5477
4010
4128
4010
4011
5479
4130
5480
4013
4131
4013
4014
5482
4133
5483
4016
4134
4016
4017
5485
4136
5486
4019
4137
4019
5488
7240
4139
5489
4022
5402
11264
4022
4023
4831
5401
4832
4025
5405
4025
4026
4834
5404
4835
4028
5408
4028
4029
4837
5407
4838
4031
5411
4031
4032
4840
5410
4841
4034
5414
4034
4035
4843
5413
4844
4037
5417
4037
4038
4846
5416
4847
4040
5420
4040
4041
4849
5419
4850
4043
5423
4043
4044
4852
5422
4853
4046
5426
4046
4047
4855
5425
4856
4049
5429
4049
4858
5428
7192
4859
4052
4112
5492
11207
4052
4053
4681
5491
4111
4682
4055
4115
5495
4055
4056
4684
5494
4114
4685
4058
4118
5498
4058
4059
4687
5497
4117
4688
4061
4121
5501
4061
4062
4690
5500
4120
4691
4064
4124
5504
4064
4065
4693
5503
4123
4694
4067
4127
5507
4067
4068
4696
5506
4126
4697
4070
4130
5510
4070
4071
4699
5509
4129
4700
4073
4133
5513
4073
4074
4702
5512
4132
4703
4076
4136
5516
4076
4077
4705
5515
4135
4706
4079
4139
5519
4079
4708
5518
6461
4138
4709
4082
5850
10953
4082
4083
5011
5851
5010
4085
5853
4085
4086
5014
5854
5013
4088
5856
4088
4089
5017
5857
5016
4091
5859
4091
4092
5020
5860
5019
4094
5862
4094
4095
5023
5863
5022
4097
5865
4097
4098
5026
5866
5025
4100
5868
4100
4101
5029
5869
5028
4103
5871
4103
4104
5032
5872
5031
4106
5874
4106
4107
5035
5875
5034
4109
5877
4109
5038
5878
7207
5037
4112
5702
11231
4112
4113
5701
4115
5705
4115
4116
5704
4118
5708
4118
4119
5707
4121
5711
4121
4122
5710
4124
5714
4124
4125
5713
4127
5717
4127
4128
5716
4130
5720
4130
4131
5719
4133
5723
4133
4134
5722
4136
5726
4136
4137
5725
4139
5729
4139
5728
10307
4142
5072
10977
4142
4143
5071
4145
5075
4145
4146
5074
4148
5078
4148
4149
5077
4151
5081
4151
4152
5080
4154
5084
4154
4155
5083
4157
5087
4157
4158
5086
4160
5090
4160
4161
5089
4163
5093
4163
4164
5092
4166
5096
4166
4167
5095
4169
5099
4169
5098
6945
4172
4742
11209
4172
4173
4741
4175
4745
4175
4176
4744
4178
4748
4178
4179
4747
4181
4751
4181
4182
4750
4184
4754
4184
4185
4753
4187
4757
4187
4188
4756
4190
4760
4190
4191
4759
4193
4763
4193
4194
4762
4196
4766
4196
4197
4765
4199
4769
4199
6653
4768
4202
4712
10963
4202
4203
4711
4205
4715
4205
4206
4714
4208
4718
4208
4209
4717
4211
4721
4211
4212
4720
4214
4724
4214
4215
4723
4217
4727
4217
4218
4726
4220
4730
4220
4221
4729
4223
4733
4223
4224
4732
4226
4736
4226
4227
4735
4229
4739
4229
6306
4738
4232
4262
4470
11018
4232
4233
4261
4471
4235
4265
4473
4235
4236
4264
4474
4238
4268
4476
4238
4239
4267
4477
4241
4271
4479
4241
4242
4270
4480
4244
4274
4482
4244
4245
4273
4483
4247
4277
4485
4247
4248
4276
4486
4250
4280
4488
4250
4251
4279
4489
4253
4283
4491
4253
4254
4282
4492
4256
4286
4494
4256
4257
4285
4495
4259
4289
4497
4259
4288
6765
4498
4262
9490
11009
4262
4263
9420
4265
8155
4265
4266
8156
4268
6570
4268
4269
6569
4271
6950
4271
4272
6949
4274
6567
4274
4275
6568
4277
7401
4277
4278
7403
4280
8030
4280
4281
8029
4283
7402
4283
4284
7404
4286
7420
4286
4287
7419
4289
8058
4289
6416
8057
4292
5070
9310
11241
4292
4293
5072
5402
5400
9220
4295
5073
7750
4295
4296
5075
5405
5403
7751
4298
5076
8283
4298
4299
5078
5408
5406
8282
4301
5079
7749
4301
4302
5081
5411
5409
7752
4304
5082
6101
4304
4305
5084
5414
5412
6100
4307
5085
6277
4307
4308
5087
5417
5415
6278
4310
5088
6671
4310
4311
5090
5420
5418
6672
4313
5091
6279
4313
4314
5093
5423
5421
6280
4316
5094
7039
4316
4317
5096
5426
5424
7040
4319
5097
7677
4319
5099
5429
5945
5427
7678
4322
5490
9286
11235
4322
4323
5462
5492
5460
9285
4325
5493
10313
4325
4326
5465
5495
5463
10311
4328
5496
7739
4328
4329
5468
5498
5466
7738
4331
5499
7096
4331
4332
5471
5501
5469
7097
4334
5502
7237
4334
4335
5474
5504
5472
7238
4337
5505
7955
4337
4338
5477
5507
5475
7954
4340
5508
7239
4340
4341
5480
5510
5478
7236
4343
5511
6519
4343
4344
5483
5513
5481
6518
4346
5514
7016
4346
4347
5486
5516
5484
7015
4349
5517
6517
4349
5489
5519
6219
5487
6516
4352
5280
9338
11216
4352
4353
9301
5281
4355
5283
7380
4355
4356
7381
5284
4358
5286
6679
4358
4359
6677
5287
4361
5289
7077
4361
4362
7076
5290
4364
5292
6678
4364
4365
6676
5293
4367
5295
6852
4367
4368
6850
5296
4370
5298
7431
4370
4371
7430
5299
4373
5301
6853
4373
4374
6851
5302
4376
5304
7642
4376
4377
7641
5305
4379
5307
8254
4379
6366
8413
5308
4382
5370
9036
11129
4382
4383
5372
5612
5610
8751
4385
5373
7797
4385
4386
5375
5615
5613
7800
4388
5376
8310
4388
4389
5378
5618
5616
8309
4391
5379
7799
4391
4392
5381
5621
5619
7798
4394
5382
6042
4394
4395
5384
5624
5622
6039
4397
5385
7913
4397
4398
5387
5627
5625
7910
4400
5388
8606
4400
4401
5390
5630
5628
8605
4403
5391
7911
4403
4404
5393
5633
5631
7912
4406
5394
6041
4406
4407
5396
5636
5634
6040
4409
5397
5924
4409
5399
5639
6855
5637
5923
4412
5310
9337
11045
4412
4413
5252
5312
5250
9334
4415
5313
7407
4415
4416
5255
5315
5253
7406
4418
5316
5926
4418
4419
5258
5318
5256
10831
4421
5319
10833
4421
4422
5261
5321
5259
6093
4424
5322
6017
4424
4425
5264
5324
5262
6014
4427
5325
7274
4427
4428
5267
5327
5265
7273
4430
5328
7888
4430
4431
5270
5330
5268
7889
4433
5331
7275
4433
4434
5273
5333
5271
7276
4436
5334
6016
4436
4437
5276
5336
5274
6015
4439
5337
6129
4439
5279
5339
6856
5277
6128
4442
5160
9044
11019
4442
4443
4802
5162
4800
9045
4445
5163
7018
4445
4446
4805
5165
4803
7017
4448
5166
6151
4448
4449
4808
5168
4806
6152
4451
5169
7762
4451
4452
4811
5171
4809
7764
4454
5172
8262
4454
4455
4814
5174
4812
8261
4457
5175
7761
4457
4458
4817
5177
4815
7763
4460
5178
6542
4460
4461
4820
5180
4818
6541
4463
5181
6974
4463
4464
4823
5183
4821
6975
4466
5184
8089
4466
4467
4826
5186
4824
8088
4469
5187
8717
4469
4829
5189
6263
4827
8718
4472
7217
11052
4472
4473
5582
5580
6650
4475
8151
4475
4476
5585
5583
8150
4478
8667
4478
4479
5588
5586
8668
4481
8205
4481
4482
5591
5589
8203
4484
8779
4484
4485
5594
5592
8780
4487
8204
4487
4488
5597
5595
8202
4490
7196
4490
4491
5600
5598
7197
4493
6638
4493
4494
5603
5601
6637
4496
6427
4496
4497
5606
5604
6426
4499
6849
4499
5609
6968
5607
6848
4502
5670
9236
10998
4502
4503
5222
5672
5220
8769
4505
5673
7745
4505
4506
5225
5675
5223
7743
4508
5676
8271
4508
4509
5228
5678
5226
8270
4511
5679
7746
4511
4512
5231
5681
5229
7744
4514
5682
7035
4514
4515
5234
5684
5232
7037
4517
5685
7666
4517
4518
5237
5687
5235
7667
4520
5688
7034
4520
4521
5240
5690
5238
7036
4523
5691
6889
4523
4524
5243
5693
5241
6891
4526
5694
7496
4526
4527
5246
5696
5244
7497
4529
5697
6888
4529
5249
5699
6412
5247
6890
4532
4560
4710
11228
4532
4533
4711
4892
4561
4890
4535
4563
4713
4535
4536
4714
4895
4564
4893
4538
4566
4716
4538
4539
4717
4898
4567
4896
4541
4569
4719
4541
4542
4720
4901
4570
4899
4544
4572
4722
4544
4545
4723
4904
4573
4902
4547
4575
4725
4547
4548
4726
4907
4576
4905
4550
4578
4728
4550
4551
4729
4910
4579
4908
4553
4581
4731
4553
4554
4732
4913
4582
4911
4556
4584
4734
4556
4557
4735
4916
4585
4914
4559
4587
4737
4559
4738
4919
6350
4588
4917
4562
4590
11222
4562
4563
4862
4591
4860
4565
4593
4565
4566
4865
4594
4863
4568
4596
4568
4569
4868
4597
4866
4571
4599
4571
4572
4871
4600
4869
4574
4602
4574
4575
4874
4603
4872
4577
4605
4577
4578
4877
4606
4875
4580
4608
4580
4581
4880
4609
4878
4583
4611
4583
4584
4883
4612
4881
4586
4614
4586
4587
4886
4615
4884
4589
4617
4589
4889
6544
4618
4887
4592
4622
11220
4592
4593
4621
4595
4625
4595
4596
4624
4598
4628
4598
4599
4627
4601
4631
4601
4602
4630
4604
4634
4604
4605
4633
4607
4637
4607
4608
4636
4610
4640
4610
4611
4639
4613
4643
4613
4614
4642
4616
4646
4616
4617
4645
4619
4649
4619
6371
4648
4622
4650
4740
11221
4622
4623
4742
4652
4625
4653
4743
4625
4626
4745
4655
4628
4656
4746
4628
4629
4748
4658
4631
4659
4749
4631
4632
4751
4661
4634
4662
4752
4634
4635
4754
4664
4637
4665
4755
4637
4638
4757
4667
4640
4668
4758
4640
4641
4760
4670
4643
4671
4761
4643
4644
4763
4673
4646
4674
4764
4646
4647
4766
4676
4649
4677
4767
4649
4769
6359
4679
4652
11225
4652
4653
4712
4710
4655
4655
4656
4715
4713
4658
4658
4659
4718
4716
4661
4661
4662
4721
4719
4664
4664
4665
4724
4722
4667
4667
4668
4727
4725
4670
4670
4671
4730
4728
4673
4673
4674
4733
4731
4676
4676
4677
4736
4734
4679
4679
4739
6301
4737
4682
5222
11224
4682
4683
5221
4685
5225
4685
4686
5224
4688
5228
4688
4689
5227
4691
5231
4691
4692
5230
4694
5234
4694
4695
5233
4697
5237
4697
4698
5236
4700
5240
4700
4701
5239
4703
5243
4703
4704
5242
4706
5246
4706
4707
5245
4709
5249
4709
5248
7325
4712
11223
4712
4713
4715
4715
4716
4718
4718
4719
4721
4721
4722
4724
4724
4725
4727
4727
4728
4730
4730
4731
4733
4733
4734
4736
4736
4737
4739
4739
6120
4742
4952
11213
4742
4743
4951
4745
4955
4745
4746
4954
4748
4958
4748
4749
4957
4751
4961
4751
4752
4960
4754
4964
4754
4755
4963
4757
4967
4757
4758
4966
4760
4970
4760
4761
4969
4763
4973
4763
4764
4972
4766
4976
4766
4767
4975
4769
4979
4769
4978
6764
4772
4800
8772
10951
4772
4773
4801
5732
5730
8761
4775
4803
6989
4775
4776
4804
5735
5733
6988
4778
4806
7133
4778
4779
4807
5738
5736
7130
4781
4809
7759
4781
4782
4810
5741
5739
7758
4784
4812
7132
4784
4785
4813
5744
5742
7131
4787
4815
7165
4787
4788
4816
5747
5745
7163
4790
4818
7816
4790
4791
4819
5750
5748
7817
4793
4821
7164
4793
4794
4822
5753
5751
7162
4796
4824
6861
4796
4797
4825
5756
5754
6860
4799
4827
7328
4799
4828
5759
7156
5757
7327
4802
10974
4802
4803
4981
4982
4805
4805
4806
4984
4985
4808
4808
4809
4987
4988
4811
4811
4812
4990
4991
4814
4814
4815
4993
4994
4817
4817
4818
4996
4997
4820
4820
4821
4999
5000
4823
4823
4824
5002
5003
4826
4826
4827
5005
5006
4829
4829
5008
6587
5009
4832
4950
5822
11208
4832
4833
5821
4952
4835
4953
5825
4835
4836
5824
4955
4838
4956
5828
4838
4839
5827
4958
4841
4959
5831
4841
4842
5830
4961
4844
4962
5834
4844
4845
5833
4964
4847
4965
5837
4847
4848
5836
4967
4850
4968
5840
4850
4851
5839
4970
4853
4971
5843
4853
4854
5842
4973
4856
4974
5846
4856
4857
5845
4976
4859
4977
5849
4859
5848
7578
4979
4862
5010
11226
4862
4863
4921
5012
4920
4865
5013
4865
4866
4924
5015
4923
4868
5016
4868
4869
4927
5018
4926
4871
5019
4871
4872
4930
5021
4929
4874
5022
4874
4875
4933
5024
4932
4877
5025
4877
4878
4936
5027
4935
4880
5028
4880
4881
4939
5030
4938
4883
5031
4883
4884
4942
5033
4941
4886
5034
4886
4887
4945
5036
4944
4889
5037
4889
4948
5039
5940
4947
4892
5700
11227
4892
4893
5702
4895
5703
4895
4896
5705
4898
5706
4898
4899
5708
4901
5709
4901
4902
5711
4904
5712
4904
4905
5714
4907
5715
4907
4908
5717
4910
5718
4910
4911
5720
4913
5721
4913
4914
5723
4916
5724
4916
4917
5726
4919
5727
4919
5729
6184
4922
5700
11204
4922
4923
5701
4925
5703
4925
4926
5704
4928
5706
4928
4929
5707
4931
5709
4931
4932
5710
4934
5712
4934
4935
5713
4937
5715
4937
4938
5716
4940
5718
4940
4941
5719
4943
5721
4943
4944
5722
4946
5724
4946
4947
5725
4949
5727
4949
7201
5728
4952
5282
11219
4952
4953
5281
4955
5285
4955
4956
5284
4958
5288
4958
4959
5287
4961
5291
4961
4962
5290
4964
5294
4964
4965
5293
4967
5297
4967
4968
5296
4970
5300
4970
4971
5299
4973
5303
4973
4974
5302
4976
5306
4976
4977
5305
4979
5309
4979
5308
7398
4982
5040
11233
4982
4983
5042
4985
5043
4985
4986
5045
4988
5046
4988
4989
5048
4991
5049
4991
4992
5051
4994
5052
4994
4995
5054
4997
5055
4997
4998
5057
5000
5058
5000
5001
5060
5003
5061
5003
5004
5063
5006
5064
5006
5007
5066
5009
5067
5009
6110
5069
5012
11215
5012
5013
5041
5040
5015
5015
5016
5044
5043
5018
5018
5019
5047
5046
5021
5021
5022
5050
5049
5024
5024
5025
5053
5052
5027
5027
5028
5056
5055
5030
5030
5031
5059
5058
5033
5033
5034
5062
5061
5036
5036
5037
5065
5064
5039
5039
5068
6457
5067
5042
10948
5042
5043
5881
5880
5045
5045
5046
5884
5883
5048
5048
5049
5887
5886
5051
5051
5052
5890
5889
5054
5054
5055
5893
5892
5057
5057
5058
5896
5895
5060
5060
5061
5899
5898
5063
5063
5064
5902
5901
5066
5066
5067
5905
5904
5069
5069
5908
6446
5907
5072
5132
10984
5072
5073
5131
5075
5135
5075
5076
5134
5078
5138
5078
5079
5137
5081
5141
5081
5082
5140
5084
5144
5084
5085
5143
5087
5147
5087
5088
5146
5090
5150
5090
5091
5149
5093
5153
5093
5094
5152
5096
5156
5096
5097
5155
5099
5159
5099
5158
6228
5102
5460
9336
10961
5102
5103
5311
5461
5310
9335
5105
5463
8097
5105
5106
5314
5464
5313
8096
5108
5466
8699
5108
5109
5317
5467
5316
8700
5111
5469
8094
5111
5112
5320
5470
5319
8095
5114
5472
6475
5114
5115
5323
5473
5322
6476
5117
5475
6928
5117
5118
5326
5476
5325
6929
5120
5478
6474
5120
5121
5329
5479
5328
6477
5123
5481
5956
5123
5124
5332
5482
5331
5957
5126
5484
7601
5126
5127
5335
5485
5334
7600
5129
5487
8218
5129
5338
5488
6204
5337
8217
5132
5610
9031
11041
5132
5133
5611
8708
5135
5613
7194
5135
5136
5614
7195
5138
5616
6231
5138
5139
5617
6232
5141
5619
6513
5141
5142
5620
6514
5144
5622
10172
5144
5145
5623
10171
5147
5625
6526
5147
5148
5626
6529
5150
5628
6983
5150
5151
5629
6984
5153
5631
6527
5153
5154
5632
6528
5156
5634
10115
5156
5157
5635
6117
5159
5637
6313
5159
5638
6176
6312
5162
5342
11026
5162
5163
5341
5882
5880
5165
5345
5165
5166
5344
5885
5883
5168
5348
5168
5169
5347
5888
5886
5171
5351
5171
5172
5350
5891
5889
5174
5354
5174
5175
5353
5894
5892
5177
5357
5177
5178
5356
5897
5895
5180
5360
5180
5181
5359
5900
5898
5183
5363
5183
5184
5362
5903
5901
5186
5366
5186
5187
5365
5906
5904
5189
5369
5189
5368
5909
6415
5907
5192
5220
9230
10954
5192
5193
5221
5491
5490
9225
5195
5223
7150
5195
5196
5224
5494
5493
7151
5198
5226
9979
5198
5199
5227
5497
5496
5937
5201
5229
6576
5201
5202
5230
5500
5499
6577
5204
5232
6980
5204
5205
5233
5503
5502
6979
5207
5235
6578
5207
5208
5236
5506
5505
6579
5210
5238
7304
5210
5211
5239
5509
5508
7307
5213
5241
7936
5213
5214
5242
5512
5511
7937
5216
5244
7305
5216
5217
5245
5515
5514
7306
5219
5247
5999
5219
5248
5518
7686
5517
5998
5222
10949
5222
5223
5225
5225
5226
5228
5228
5229
5231
5231
5232
5234
5234
5235
5237
5237
5238
5240
5240
5241
5243
5243
5244
5246
5246
5247
5249
5249
6417
5252
5520
11054
5252
5253
5521
5762
5760
5255
5523
5255
5256
5524
5765
5763
5258
5526
5258
5259
5527
5768
5766
5261
5529
5261
5262
5530
5771
5769
5264
5532
5264
5265
5533
5774
5772
5267
5535
5267
5268
5536
5777
5775
5270
5538
5270
5271
5539
5780
5778
5273
5541
5273
5274
5542
5783
5781
5276
5544
5276
5277
5545
5786
5784
5279
5547
5279
5548
5789
7378
5787
5282
5432
11217
5282
5283
5431
5285
5435
5285
5286
5434
5288
5438
5288
5289
5437
5291
5441
5291
5292
5440
5294
5444
5294
5295
5443
5297
5447
5297
5298
5446
5300
5450
5300
5301
5449
5303
5453
5303
5304
5452
5306
5456
5306
5307
5455
5309
5459
5309
6485
5458
5312
11005
5312
5313
5315
5315
5316
5318
5318
5319
5321
5321
5322
5324
5324
5325
5327
5327
5328
5330
5330
5331
5333
5333
5334
5336
5336
5337
5339
5339
6180
5342
5580
9379
11075
5342
5343
5581
9380
5345
5583
7971
5345
5346
5584
7970
5348
5586
10254
5348
5349
5587
6080
5351
5589
6866
5351
5352
5590
6867
5354
5592
7259
5354
5355
5593
7260
5357
5595
5981
5357
5358
5596
5980
5360
5598
7544
5360
5361
5599
7543
5363
5601
8139
5363
5364
5602
8140
5366
5604
7545
5366
5367
5605
7542
5369
5607
6832
5369
5608
6508
6833
5372
5522
11111
5372
5373
5521
5792
5790
5375
5525
5375
5376
5524
5795
5793
5378
5528
5378
5379
5527
5798
5796
5381
5531
5381
5382
5530
5801
5799
5384
5534
5384
5385
5533
5804
5802
5387
5537
5387
5388
5536
5807
5805
5390
5540
5390
5391
5539
5810
5808
5393
5543
5393
5394
5542
5813
5811
5396
5546
5396
5397
5545
5816
5814
5399
5549
5399
5548
5819
7377
5817
5402
5550
11266
5402
5403
5551
5405
5553
5405
5406
5554
5408
5556
5408
5409
5557
5411
5559
5411
5412
5560
5414
5562
5414
5415
5563
5417
5565
5417
5418
5566
5420
5568
5420
5421
5569
5423
5571
5423
5424
5572
5426
5574
5426
5427
5575
5429
5577
5429
5578
6425
5432
5820
9227
11003
5432
5433
5822
8679
5435
5823
7106
5435
5436
5825
7105
5438
5826
7831
5438
5439
5828
7830
5441
5829
7499
5441
5442
5831
7498
5444
5832
7021
5444
5445
5834
7023
5447
5835
7695
5447
5448
5837
7694
5450
5838
7024
5450
5451
5840
7022
5453
5841
5931
5453
5454
5843
5932
5456
5844
6652
5456
5457
5846
6651
5459
5847
7175
5459
5849
6493
7176
5462
11205
5462
5463
5465
5465
5466
5468
5468
5469
5471
5471
5472
5474
5474
5475
5477
5477
5478
5480
5480
5481
5483
5483
5484
5486
5486
5487
5489
5489
6602
5492
11234
5492
5493
5495
5495
5496
5498
5498
5499
5501
5501
5502
5504
5504
5505
5507
5507
5508
5510
5510
5511
5513
5513
5514
5516
5516
5517
5519
5519
6430
5522
8738
11141
5522
5523
8739
5525
6216
5525
5526
9982
5528
7248
5528
5529
7249
5531
7806
5531
5532
7807
5534
7250
5534
5535
7251
5537
5963
5537
5538
5965
5540
7226
5540
5541
7225
5543
7884
5543
5544
7885
5546
7227
5546
5547
7228
5549
5964
5549
8163
5966
5552
9233
10999
5552
5553
5821
5820
8748
5555
8028
5555
5556
5824
5823
8027
5558
8665
5558
5559
5827
5826
8666
5561
8025
5561
5562
5830
5829
8026
5564
6160
5564
5565
5833
5832
6161
5567
7433
5567
5568
5836
5835
7435
5570
8043
5570
5571
5839
5838
8042
5573
7434
5573
5574
5842
5841
7432
5576
9992
5576
5577
5845
5844
9994
5579
6019
5579
5848
6444
5847
6018
5582
11040
5582
5583
5852
5850
5585
5585
5586
5855
5853
5588
5588
5589
5858
5856
5591
5591
5592
5861
5859
5594
5594
5595
5864
5862
5597
5597
5598
5867
5865
5600
5600
5601
5870
5868
5603
5603
5604
5873
5871
5606
5606
5607
5876
5874
5609
5609
5879
7157
5877
5612
11060
5612
5613
5615
5615
5616
5618
5618
5619
5621
5621
5622
5624
5624
5625
5627
5627
5628
5630
5630
5631
5633
5633
5634
5636
5636
5637
5639
5639
6459
5642
5730
8793
10966
5642
5643
5671
5731
5670
8661
5645
5733
7071
5645
5646
5674
5734
5673
7072
5648
5736
6267
5648
5649
5677
5737
5676
6266
5651
5739
6615
5651
5652
5680
5740
5679
6614
5654
5742
7706
5654
5655
5683
5743
5682
7704
5657
5745
8280
5657
5658
5686
5746
5685
8281
5660
5748
7707
5660
5661
5689
5749
5688
7705
5663
5751
6439
5663
5664
5692
5752
5691
6438
5666
5754
7552
5666
5667
5695
5755
5694
7553
5669
5757
8158
5669
5698
5758
6571
5697
8159
5672
10956
5672
5673
5675
5675
5676
5678
5678
5679
5681
5681
5682
5684
5684
5685
5687
5687
5688
5690
5690
5691
5693
5693
5694
5696
5696
5697
5699
5699
7154
5702
11230
5702
5703
5705
5705
5706
5708
5708
5709
5711
5711
5712
5714
5714
5715
5717
5717
5718
5720
5720
5721
5723
5723
5724
5726
5726
5727
5729
5729
6271
5732
11239
5732
5733
5735
5735
5736
5738
5738
5739
5741
5741
5742
5744
5744
5745
5747
5747
5748
5750
5750
5751
5753
5753
5754
5756
5756
5757
5759
5759
6302
5762
11027
5762
5763
5791
5792
5765
5765
5766
5794
5795
5768
5768
5769
5797
5798
5771
5771
5772
5800
5801
5774
5774
5775
5803
5804
5777
5777
5778
5806
5807
5780
5780
5781
5809
5810
5783
5783
5784
5812
5813
5786
5786
5787
5815
5816
5789
5789
5818
6339
5819
5792
11039
5792
5793
5795
5795
5796
5798
5798
5799
5801
5801
5802
5804
5804
5805
5807
5807
5808
5810
5810
5811
5813
5813
5814
5816
5816
5817
5819
5819
6334
5822
10968
5822
5823
5825
5825
5826
5828
5828
5829
5831
5831
5832
5834
5834
5835
5837
5837
5838
5840
5840
5841
5843
5843
5844
5846
5846
5847
5849
5849
7031
5852
10996
5852
5853
5881
5882
5855
5855
5856
5884
5885
5858
5858
5859
5887
5888
5861
5861
5862
5890
5891
5864
5864
5865
5893
5894
5867
5867
5868
5896
5897
5870
5870
5871
5899
5900
5873
5873
5874
5902
5903
5876
5876
5877
5905
5906
5879
5879
5908
7636
5909
5882
10992
5882
5883
5885
5885
5886
5888
5888
5889
5891
5891
5892
5894
5894
5895
5897
5897
5898
5900
5900
5901
5903
5903
5904
5906
5906
5907
5909
5909
6927
6075
7151
9979
10301
6254
6596
10199
10297
5913
6213
7171
6076
10022
6067
6097
6270
6894
6011
6025
6046
10206
5917
6792
9965
6073
6156
6917
9750
9758
10057
6915
9805
10093
10825
6736
9423
9911
11509
6159
6741
9704
11467
5968
6733
6908
11327
5924
6178
6680
5992
6355
6000
7061
9871
11452
6292
8700
10830
5929
6023
6401
9034
6022
6385
9895
10445
6403
9724
9726
5987
5996
7122
7326
5932
6109
7022
6118
6217
6065
6939
7146
10207
6559
6586
7084
11326
6259
9247
9913
11832
6210
6258
9248
11833
6167
6576
9980
6003
6114
6942
11861
6003
6373
6408
11488
7201
7292
10259
6029
7121
9781
11470
5967
7603
9940
10004
6336
8802
10322
12115
6335
8803
10325
12116
6125
6425
6920
5947
9583
10633
10187
10561
5949
9854
9858
9585
10063
6235
6737
9743
11539
6740
9466
9918
11540
6082
6225
9041
9919
5994
7903
9501
9774
5995
7900
9502
9798
6059
6429
8129
9783
5957
6066
6095
6236
7601
6012
6146
6185
6289
5993
6021
6222
6351
5971
9404
9821
9908
6249
6675
6906
11461
5987
6072
6862
10222
5965
6291
6566
5966
6598
7228
6220
7226
5992
9950
5996
6863
9939
6618
6971
11346
6585
7414
10181
12633
6055
6584
7413
11974
5972
10606
9617
10161
5974
10163
10635
5982
9619
6373
6626
7345
11277
5985
6197
6445
7987
6026
6094
6133
6300
9615
9764
9906
10100
9614
9708
9900
10102
5981
7544
10266
7340
10264
9416
9846
9866
6112
7257
10127
10727
6045
6244
9817
12810
6375
6445
9933
6419
6643
7362
11275
5996
6113
6013
6030
6092
9910
6155
6241
6559
11730
6147
6151
7017
10107
6057
6262
9841
12839
6597
10097
6177
6200
6948
9898
10315
12216
9799
10317
12217
6020
6107
6276
6448
8208
5999
6104
6170
6260
7306
6085
6531
10303
6119
7149
9816
11562
6145
6603
7101
7176
6123
10003
6245
6449
10849
11978
6362
9535
9892
10468
6007
6582
7385
6540
10200
6011
6050
6507
6801
6757
7033
10183
11609
6189
7992
9991
10840
6025
6050
6185
6557
6977
6590
7656
9909
6017
6709
7274
6016
6268
6562
6179
7276
6252
6536
6019
6214
6865
7678
9994
6048
8109
9939
6035
6237
6573
8210
9263
9732
8209
9260
9725
6303
6586
7418
11402
6031
10844
6209
6969
10213
6099
6601
6611
11426
6543
9484
9890
9931
6182
6659
8227
6264
6965
7640
6141
6251
6789
6610
9484
9890
10465
6098
6173
6196
7757
6692
6804
7585
11681
6177
6410
6471
6915
8711
9805
10090
6916
8712
9758
10421
6458
9561
9771
10473
6042
7913
10202
6041
6355
10095
7912
10098
6893
10204
6143
6281
6447
7689
6051
6290
10191
10196
9544
9804
10750
6065
6141
6557
6665
9353
9839
10451
6113
9971
9973
6242
6838
8655
10201
7142
7190
6190
6295
7550
6163
6197
7049
8022
6553
9488
9862
9927
6136
7220
9909
10193
6621
6814
12430
6092
6138
6871
7210
9553
9745
10456
6705
9488
9862
10453
6060
8653
9863
9872
6713
9978
10197
10726
6723
9352
9883
10470
6560
7009
8628
10216
6207
6633
8645
10117
6892
10794
6316
6518
7349
6243
6535
6990
6091
6171
6297
6564
6224
7486
10136
12266
6223
7485
9962
12267
6157
6261
7364
10005
6681
7086
10842
6206
6873
9964
6086
6114
6749
11523
6537
6819
8036
6868
6900
10030
6362
9618
9892
10694
6128
6139
6376
6599
6127
7050
7139
10212
6581
6866
10253
6488
6632
10194
10208
8794
9579
9887
9213
9580
9812
9920
6085
8677
9869
9871
6626
7352
11274
6131
6192
6229
6818
6106
6608
9384
9834
6823
6923
7586
12660
6822
6922
7584
12562
6323
6844
8037
6138
6264
6536
7042
10833
6209
6340
6563
6316
6477
6636
6331
6826
7425
7534
6243
6512
7267
6199
7059
8238
6643
7373
11271
6101
6307
10242
7752
10836
6123
6374
6408
11670
6261
6328
6367
10007
6221
6497
6613
6712
6806
6837
6843
6645
9404
9821
6332
6451
8682
6121
6667
9381
9838
6452
7432
7613
6587
7241
7354
6112
6521
10062
7233
6183
10793
6818
10002
6147
6752
6878
6934
6215
6218
6240
7449
6313
6946
10116
6452
6647
6652
6432
6754
8350
6306
7268
7440
6690
9401
9813
6126
6407
6627
10158
6490
6695
6609
7149
9308
9890
6656
7214
10000
6212
6872
6885
6133
6803
10786
6129
6598
6364
6562
6230
6272
6480
10130
6299
6803
10073
6625
6958
6966
8718
6215
6538
6706
7061
9284
9862
6665
7121
9305
9839
6619
6669
7330
6372
6374
6574
12420
6166
6273
6376
6856
7235
6148
7155
7753
10058
6289
6473
6165
6707
9411
9845
6305
6505
6793
6184
6482
7188
6493
6711
7864
6171
6524
7055
6616
6962
6248
7717
10048
6311
6418
7482
10155
6723
6960
9293
9883
6152
6581
6616
7762
6169
6722
9412
9768
6496
7551
10848
11549
6539
7443
11955
7573
7596
8084
6370
6639
10878
6185
6714
7055
7523
6772
9203
11694
6161
8026
10242
7232
10239
6186
6515
6547
10074
6337
6501
8662
6172
6175
6293
6606
6747
9415
9860
6193
6300
6563
6537
7152
7739
6211
7278
8358
9941
6761
9417
9866
6497
6517
7492
6174
7170
6253
6535
6787
6218
6240
6763
6233
6534
6977
6293
6662
6898
6228
6459
7316
7501
7534
6313
6844
7170
6236
6877
7600
6204
6895
7505
6182
9781
9836
8716
6189
10381
10792
7469
7510
6808
6621
7205
12612
6441
10180
10318
12932
6314
6418
6448
6816
7446
8231
6358
6462
6688
6274
6409
6486
7617
6555
6749
11332
6273
6365
6655
6223
9734
10340
12369
6224
9721
10342
12370
6240
7044
7265
6337
7041
6214
6330
7108
7175
7379
7757
8031
6222
6617
7155
6230
6272
6443
6471
6349
6434
6478
9967
6205
6522
7917
10081
6483
6602
6206
7927
10079
6208
10748
7366
10784
6702
6925
6772
9063
9704
6959
7204
9942
6226
6333
10854
7648
7874
10379
7166
9995
6329
6340
7406
8739
9981
6647
6853
7588
6414
7863
6430
7211
7582
7112
7913
7939
6798
6827
7115
6953
7562
7901
9590
7896
9587
9706
9918
11981
6465
6523
6885
6794
7679
10178
11328
6920
6945
6299
7436
13329
6409
6437
6232
6910
6921
6513
7277
6472
6742
7289
6365
6905
6947
9938
9213
9920
11749
6636
7275
6440
6560
6703
6256
6498
6600
9966
6453
6460
7206
12789
6538
6746
6760
10103
7300
7712
9249
6662
7728
6690
9636
9813
7569
10285
10847
7298
8023
8705
10964
6346
6520
7027
10129
7134
7524
10047
6419
6675
7222
6296
6487
6546
7607
6801
7093
7179
6476
7122
7547
6606
6780
7113
6294
6321
6431
6298
6442
6631
7161
6257
6726
7690
9967
8710
9422
10316
8713
9423
10314
6613
6890
7732
6325
6640
6748
9637
9860
6587
6625
7365
6976
7840
6362
6644
9617
9821
6267
6615
7234
6937
6997
7227
7342
7849
6786
7107
7432
9993
6481
6512
8589
7201
7510
10307
7703
10132
6884
7338
6320
6346
7334
6304
6505
8161
10060
6314
6451
7424
6278
6307
6629
6671
6811
6280
6628
6672
6812
6825
6309
6821
7086
7296
8016
8396
10965
6338
7318
9744
10126
6435
6717
9832
10288
6354
7283
9800
10104
6287
6836
10391
9936
11627
9999
10517
11293
6494
6524
6831
6869
7491
7229
7273
7879
7085
7308
7406
6554
7127
6924
6999
7052
6689
9978
10196
6548
6824
9934
6322
6323
7093
6499
7495
8797
6463
6515
6365
7343
6359
6839
7268
6571
6897
7945
7013
10274
12583
6953
7038
10059
6505
6673
7185
6847
7188
7159
10834
6539
6768
6790
12852
6673
6681
6828
6490
6695
7140
7245
6817
7448
9766
6313
6887
7480
6716
7269
6478
6648
6908
11497
6466
7007
9215
10008
13219
6319
6589
9218
9917
11468
6453
7206
7463
6322
6507
6801
6431
6534
6941
7655
6356
9915
9942
10166
6328
7092
7247
6458
6761
9620
9866
6345
7137
7530
12206
6552
7289
6463
7103
7608
6652
6786
9995
7460
7516
7605
8178
9977
10082
6535
6595
6780
6339
7377
7926
6772
9203
9582
8773
9584
9914
6481
7570
9344
10122
10244
7378
7452
6769
7008
6392
6716
9964
10078
6453
6525
8237
12898
6413
6998
7038
7457
6352
6605
6869
10221
6879
6971
11624
6520
6658
6633
6692
7944
11628
6710
7943
10286
12339
6441
10180
10234
6544
7440
7469
6703
6845
8207
6756
7045
10220
7580
7602
7957
8284
9473
10013
10255
10096
10097
7795
8369
9941
6358
6533
8462
10191
6462
8440
6764
7422
6361
6828
6863
10004
10875
12744
6440
6649
6775
7209
6599
6877
8217
9937
7094
7172
7395
6368
10939
6552
7147
6445
6512
7177
10215
6788
7282
7525
6544
7422
7526
6670
7623
10195
8399
10003
6670
8689
6837
7396
9934
6495
7247
6378
9972
10018
10023
10412
6381
6737
8516
6388
8566
10040
9040
9743
6386
8551
10049
8576
10287
10804
6387
6390
8585
9257
10045
7662
10427
8569
10036
10230
8561
9364
9859
6391
6741
8475
9842
10064
9063
9704
6395
6396
6398
6400
10509
10513
6398
6551
10515
8465
10078
6397
8493
9965
8489
10072
9723
6401
6403
8455
6402
8446
9034
6404
6467
8480
9258
6468
8445
10437
6406
8492
10742
8434
9808
10759
6728
8083
10855
7810
13335
6558
7029
6440
7324
7575
6655
6884
7054
7065
6417
7154
10269
6492
6782
6998
6931
7103
7369
6508
6927
7365
7158
7309
7458
7325
8034
6846
7423
7222
8403
6421
9884
9899
9581
10882
6423
9578
9894
9881
10050
6496
6675
7811
13321
6444
7192
6427
6849
6911
6588
6809
6429
7595
9293
6960
7686
10276
6941
7643
6433
9816
8790
9903
6648
6799
6943
6436
6456
6624
7876
6480
6746
10015
6439
6933
7019
7069
7080
6824
6899
6943
6631
6725
6884
6471
6503
10256
6699
7031
10214
6457
6927
7354
6497
6793
7246
6687
8179
7930
10839
12695
6525
6804
7931
12207
7698
10080
6686
6786
6658
6455
8680
10211
6868
8211
6470
6663
7755
7207
10259
9987
12787
7020
7850
6994
7033
11845
7325
10276
10307
10260
10852
7058
7363
6495
7651
8163
9950
6523
6572
6854
6654
6778
7066
6468
9825
10591
9902
10436
6470
6661
10257
6815
7324
6484
6534
9969
6491
7272
7467
6477
6778
6929
6476
6779
7487
6928
7400
6556
7690
6480
6985
7765
6595
8146
6895
7452
7014
7235
7291
6742
7474
8024
6493
7395
7398
6775
7638
11695
6548
7768
8298
6823
7942
12594
6822
7616
7941
12162
6670
6702
6813
7266
7500
6573
6630
10131
7031
7078
7331
7467
7684
9951
6675
10848
6827
6787
7670
10779
6725
7104
7445
6535
6990
10781
10854
6595
7615
8040
6617
6890
6913
7243
6759
7702
10805
6646
7153
7674
7675
10046
7018
7970
9229
10109
6534
6580
7157
7393
7671
9850
10270
10779
6511
7006
10381
6991
9970
7472
6514
7135
7861
10173
8053
11873
6517
6795
7091
7015
6519
7016
6654
7332
6630
7271
6522
7560
10061
6604
6831
6564
7388
6870
7067
6529
7548
10171
6528
6984
7549
6628
10115
6629
6983
6531
7061
9283
7726
6533
7335
10852
10190
7122
7611
8369
9980
7044
10787
6746
7765
6838
8206
8320
6542
6974
7310
7053
7473
9932
11416
13262
7292
6936
7391
7416
8220
7049
7965
9933
6791
7218
7735
6703
6843
6550
9968
10006
7351
10942
9794
10601
10604
10025
10795
9928
11494
11697
6771
6799
7451
6814
7537
11651
7538
10182
11931
6977
10795
6775
7324
8018
8324
10105
6573
6664
6770
6932
7090
10220
6877
7342
6694
6769
6978
7093
8023
10192
10295
7112
7229
7251
6568
6949
7618
6961
7483
6570
6950
8287
7619
8065
7154
7928
6854
8423
8602
7144
6923
7933
12869
6922
7471
7932
12909
6577
7512
6980
7152
6579
6979
7387
7026
7145
7190
9968
10789
7890
10107
6583
6810
10157
10936
6621
7625
8001
7626
8000
10179
8044
10106
7156
6637
6770
7118
9406
9916
10328
7640
10192
10296
6693
8010
8229
8646
6604
6745
10197
10731
8775
9466
9706
10341
8778
9467
9711
10339
6872
6924
7993
10198
6680
6742
9950
7342
9951
7014
7364
6657
6726
10778
6794
7344
8617
7240
7582
6711
7108
8021
6732
7546
6885
7688
7802
6957
7965
6608
6645
9532
9816
6610
9531
10377
6906
7191
7344
6892
6938
7511
7531
6617
7562
6615
7263
7581
7479
7133
8116
6798
7346
7708
7925
7447
8660
10193
6635
7174
7803
10853
10074
6623
6728
8497
10244
6642
8498
10158
6835
8059
10189
7411
7426
8131
10002
6912
8082
10933
7114
7231
7114
10834
6664
7213
7159
10835
7623
10209
12516
7082
7633
6875
6981
7187
8249
6773
6996
7700
7326
7400
6638
7258
6932
7197
6640
7282
7439
6642
8128
10157
10243
7191
8135
6645
9536
6886
7104
7223
6800
7301
7559
13355
6824
7081
8067
7217
9379
10424
6652
6995
7175
7094
7475
7599
7236
7372
7265
7449
6699
8031
10001
6750
6820
10780
6870
6994
6660
7121
7805
9305
7284
7711
10255
7177
7829
6759
10288
10804
6935
7173
6666
9542
10450
6668
6691
9541
9781
6696
6704
7455
6952
6672
7114
7384
6956
8367
7591
7797
8090
9982
6678
7311
7713
6679
7077
7714
7076
7208
6781
7577
7170
7651
6862
6956
6713
7117
7602
7793
8396
8643
9943
10208
6712
7323
7721
8111
7178
7607
8054
8069
6786
6926
6947
6807
7803
10851
6689
8178
9977
6691
9544
7082
8371
7561
7878
10425
6871
7862
8220
6942
11876
7507
7604
9910
7293
8168
8296
10975
7294
10165
10327
10973
6711
6865
7557
9504
9798
9954
7558
9501
9774
10148
6951
7087
6766
6930
7465
7649
6706
10380
9550
6708
9871
6747
9551
7229
7250
7611
7143
10746
12657
8002
7456
8087
7919
8425
6808
7444
7855
6857
6874
8045
8138
6816
10787
6783
9832
10189
6771
6799
7383
7559
6720
6835
8550
10185
6731
8531
10189
6722
9558
9872
6762
6724
9559
10469
7054
8136
6727
8504
6751
7708
8500
6729
6987
10855
6731
6830
10188
10186
6745
7671
10270
7353
7690
7708
6735
8737
9062
9912
6736
8736
13279
8735
13225
6739
8731
9041
9919
6740
8732
13236
8733
11490
9951
7828
7832
8745
9754
6745
7730
10196
7029
6748
9552
6818
8610
6751
6820
7925
6989
7017
9046
6754
7149
9307
7873
7970
7979
8707
10254
6876
7244
7290
7361
7827
7998
7042
7248
7470
10831
7534
7753
7013
8008
12887
6762
9561
6931
7341
7871
7398
7475
6907
6968
7458
6843
7421
10216
7012
7327
7672
7966
7029
7617
12654
7391
7449
6809
10221
7829
11513
11714
7064
7244
7520
7073
7174
7842
10282
8092
6854
6982
7212
7242
6782
7011
9728
10132
7236
7462
7238
7462
7539
6982
7615
7348
7381
7494
9749
10131
9830
10188
10290
6810
6912
8330
10934
7070
7202
7285
7629
7760
9966
6828
8216
10874
7179
7272
7614
8070
10183
12866
6792
10070
8084
7278
7453
7511
10177
6827
7030
7211
7413
8154
10333
11855
7414
8153
10338
12434
7193
7734
9966
6995
7062
7624
6999
6935
7173
7281
7593
7139
10075
7067
8252
7892
7989
9311
10241
7224
7973
10217
6846
7010
10263
7078
7877
7419
7464
8694
10200
7002
7384
7433
7384
7390
7434
7490
7935
11634
8632
10073
7711
7804
8038
6817
7051
7138
7151
7645
10313
7189
7870
6944
7007
7525
8376
10123
8374
10194
8249
7039
7203
7390
7501
7664
8340
7689
8366
6907
7207
7526
7079
7095
8335
8425
10197
6833
7141
7394
7321
7756
6835
7676
7865
9482
9935
10324
7456
7973
7300
8702
7192
7995
6841
7202
7285
7136
7427
6991
8247
9970
10198
7620
10096
10116
6948
7658
8298
7010
10155
7020
7926
6849
7394
7438
7464
6852
7184
7431
6853
7062
7183
7311
7481
7430
6982
7377
7651
7850
7378
7505
7083
8170
12604
7084
8171
10344
11602
7002
7232
7433
7527
6861
7328
7368
7371
7747
6863
7003
7365
7411
7528
7166
10001
6867
7718
7259
7890
8362
10210
6876
6885
7270
8688
7210
8073
7594
7688
7573
7871
7927
8085
8255
12007
6957
7587
7699
6912
7299
7603
6962
7719
11030
7116
7809
7925
6881
6959
7329
10326
10448
6883
6919
8473
10195
6952
8436
10223
7382
6940
7375
7441
7286
7316
7886
6890
7497
7506
6891
7019
7123
7496
7668
7266
10021
7119
10203
10205
8144
10243
10707
7240
6993
7099
8131
10353
7241
7754
7177
8353
9933
7167
7386
10318
7648
7877
8362
7000
7102
8134
8149
6903
7947
10378
7171
10943
7421
7620
7994
8357
7221
7269
7423
8047
11763
7599
8184
11678
7105
7380
7725
9200
7195
7646
7838
7118
7545
7653
7791
6948
7506
7644
6915
9643
10816
6917
10067
9642
6919
10194
10279
10224
7214
7995
7135
7646
8309
8251
10125
8250
10195
7533
8300
6951
8019
10223
6947
7338
7859
7636
6929
7462
7547
7429
7455
7700
7339
7983
7404
7733
7303
7552
7658
6988
7133
7336
7009
8165
7833
8240
10209
7130
7479
7536
6939
7344
7199
7093
7652
7675
7476
7969
7436
12304
8248
12160
7030
7685
7689
7020
7995
7039
7203
7480
7301
8046
6950
7856
8041
6952
7144
7453
8213
8649
10128
6956
6973
7185
7180
7262
7411
7756
8081
7852
7977
9559
9783
7401
7818
7866
7182
10108
7097
7237
7504
7555
7074
7179
7468
7522
6976
7604
7976
7426
7517
8188
7212
7242
8245
10292
7157
8076
7216
7535
8020
8011
9402
9813
9908
8184
11665
6973
7129
7200
8529
8532
10843
6975
7701
7519
7938
7859
8596
7289
7388
7571
7657
6980
7337
7574
7315
7489
7597
8081
6984
8074
7114
6986
7827
8548
7028
8567
10130
6990
7318
10244
6989
7043
8761
7189
7006
8338
7346
8185
10357
13231
7345
8187
11306
7812
7998
7642
7748
7089
7244
7842
7072
7536
7846
7868
9749
7074
8263
7361
8182
11505
7362
8181
10860
11334
7159
7382
7321
7393
7528
7005
7057
8528
10285
7100
8527
10238
8177
10299
7086
7326
7140
7391
7608
8684
10217
7465
8706
7410
7703
9843
7426
7672
8069
10104
10275
7665
8217
7016
7349
7492
7018
9045
7370
7658
7023
7461
10239
7024
7588
7208
7695
7613
7694
7450
8006
8328
10264
7337
7576
7955
7028
7998
10129
8008
7091
7665
7578
7068
7692
7794
8378
8070
11673
7036
7509
7667
7037
7508
7590
7123
7488
7574
7666
7144
7727
7040
7677
9992
7182
7323
8356
7611
7806
7071
7336
8760
7098
9937
7290
7697
7839
7047
7427
10293
7567
10283
8013
9415
9846
9860
7696
7813
7051
7125
10786
7533
7621
8697
7543
7701
7720
7657
7674
7886
8233
7057
10113
10237
10284
7399
7436
11649
7341
7379
8100
8695
10200
10460
9551
7070
7642
9967
10232
10235
7335
7916
10853
7405
8080
8266
7086
7246
9991
7082
7280
7516
8048
8164
7162
7303
7801
7183
7629
7072
8661
7650
7491
7550
8115
7566
7922
7397
8015
8035
8357
7077
8103
7880
7454
8137
7347
7524
10188
7370
7705
7801
7972
8075
9934
7366
8327
10218
12915
8324
11654
7407
7606
8096
7088
10003
10213
10388
7186
7722
7854
7126
7404
7420
7349
8218
7439
7592
10016
7158
7282
7857
7956
7097
7152
7738
7967
7269
8021
9938
8098
8381
11445
7142
10845
7529
7729
7748
8387
10349
11559
7363
8302
7445
7980
7106
7891
8679
10309
7390
8080
9993
7166
9938
9661
10227
10502
7111
9827
10605
9660
10561
10204
10298
7180
7212
7760
7193
7211
7686
7137
7631
7870
7242
8110
8602
7258
7802
7634
7798
8112
7253
7319
8172
8251
9542
7446
7256
7814
7125
7215
8486
10212
7448
8485
7136
7186
7842
7262
7451
8647
7129
7204
8061
10841
7133
7759
7132
7264
7563
7758
8093
7347
7689
7734
7634
7798
7420
10282
7572
7724
7139
10389
7245
7399
7542
7653
7951
8078
10238
7569
10111
10284
8628
7304
7576
7860
7147
10794
10417
7193
7428
7605
7734
9532
7151
9225
10301
7504
7333
7391
9208
7915
7534
7734
7672
7945
7636
7567
10241
7211
7291
7665
8091
7210
7495
7892
7164
7371
7165
7816
7851
7519
7817
7264
7872
8266
7168
8304
7940
10234
7181
7858
8057
8115
7886
10020
10379
7529
7864
8133
7209
7334
7550
7988
7176
7748
11879
7513
7699
8351
7652
8664
10291
7309
7848
7858
7459
7570
7681
7920
7312
7683
7920
7200
8161
7285
7359
7597
8316
8339
8306
8409
7317
7870
7351
8078
7198
7222
7578
8108
7195
7792
8708
7740
7197
7733
8006
7450
7199
7313
8555
8540
10207
7204
10898
7754
7641
10294
7231
7405
7853
7735
10320
12758
8269
12294
7636
7847
7976
7638
7972
8591
7546
7271
7376
7869
7316
8594
7216
7568
10213
9281
11135
8084
8160
8246
7220
7330
7609
7392
7301
7507
7624
7313
7333
7687
8225
7360
8720
11131
7226
7884
7939
7879
7228
7885
10098
7914
7358
7660
7722
7866
8037
10116
10240
10241
7257
7514
7589
7581
7846
8271
7505
8305
7239
7238
7337
7955
7320
7954
10308
7945
8289
8224
7644
8108
10269
7878
8240
11476
7372
7622
7592
7684
7249
9982
7806
8090
7251
7807
10204
7583
8199
10365
12228
7584
8197
12043
7585
8201
10367
11459
7586
8200
10360
12374
7370
7509
7994
7793
8127
7450
8139
7260
8056
7340
8221
7517
7615
8081
8410
7489
8079
7706
7921
7986
7843
8102
8266
9937
7815
8195
7723
7984
8658
7995
8299
7424
7271
7280
7490
8746
7274
7888
7547
7276
7889
7849
7838
7861
8283
7579
7622
7280
7367
7376
8588
8583
8007
8267
8671
8335
7284
10275
8322
7680
7480
7556
10000
9493
10247
10748
8177
9492
10251
7684
7878
10201
7582
7959
8321
10258
7834
9049
11285
7837
9054
11287
7887
9052
10463
11286
9050
10461
11288
7639
7836
9053
11289
7835
9051
11290
7335
7791
10190
7521
9469
7604
8807
10178
10219
12218
7673
8292
7307
7488
7306
7732
7937
7492
7320
7936
7470
8355
10830
7848
8145
7519
7816
8003
7847
8033
7660
7991
8033
7314
10206
10844
7654
7663
8067
8132
7318
7631
8106
8626
11977
7372
7576
7393
8214
7385
8128
8301
10157
7459
7987
7808
7915
7603
7328
7934
8188
9942
10165
10327
7412
8806
7356
7477
8818
7372
7492
7937
7416
12486
7463
7638
8333
7536
7796
7504
7382
7859
7355
7769
8349
10265
10267
8260
8354
8024
7423
7535
9910
7511
8399
13348
8397
13371
7428
7956
7637
7714
8329
7601
7351
10206
10418
8380
8611
11460
8383
8612
11633
7365
8289
7356
7369
11945
7454
11914
7482
8749
9738
10155
7401
7682
8222
7402
7680
8222
8035
9303
10217
8406
11723
8404
11406
8598
11764
7525
7603
7367
7408
7552
7673
7934
7477
8302
7994
7673
7974
8388
8617
11450
8386
8616
10184
12937
7445
7655
7737
7408
7923
8163
8163
7855
8604
7381
9301
7790
8080
7530
7572
7710
8043
8320
9291
8219
8297
8304
7574
7667
7860
7863
8233
7493
7513
7587
8174
8080
7437
8265
9909
8076
7653
8214
7475
7864
7466
7661
8223
7421
8291
10216
7578
7608
11973
7547
7888
7403
7404
8029
7883
8030
7556
7657
7407
9334
8050
10784
7514
7564
7589
9735
7457
9843
10058
8224
7610
7649
8307
8632
12540
8633
12955
7444
7950
8166
8604
7741
7833
8256
8312
10225
12652
8258
8314
11515
7420
8058
8207
8176
8299
7507
7729
8021
7516
7664
7755
8069
10282
10294
7605
8091
7520
7561
7828
7431
7920
7588
7434
7435
8042
7693
8043
11936
7609
8052
8063
7484
8076
8214
7857
7952
8299
8306
7522
7922
8225
8326
8618
10177
12336
8325
8619
12481
7855
8236
8148
7487
10832
8705
8789
10192
7568
9709
7674
7544
8656
12401
7505
8409
7562
7579
7769
8630
8010
8650
7987
11178
9736
10059
7599
8145
7719
11059
7605
7975
9056
7498
7632
7976
7954
8671
12457
7484
8057
7507
7767
7593
7972
12014
7500
8818
7566
8407
12704
8306
8321
9065
9981
7631
7724
10126
7984
10215
11117
7720
7763
8003
7643
10097
10298
8176
7540
7621
7655
7863
9057
7556
7757
8266
10001
7758
7986
7677
7588
7694
7847
7535
7568
7818
7856
8779
7858
8189
8210
9589
9961
8209
9587
10135
7539
8095
7814
7860
7654
8603
7612
12122
8189
10221
8224
8402
10292
7577
7725
9201
7980
8193
7497
7691
7732
7499
7880
7830
8068
8608
11760
7575
8351
7735
8246
10441
11604
7961
8219
10319
11655
7795
7691
8159
7647
7704
8167
7705
8167
8321
10308
7815
7744
8004
9980
8069
8101
7515
8676
9868
8059
7813
8635
7862
8809
10224
10281
7715
7561
7916
7712
7887
11244
7652
12593
7684
7950
8005
7716
8336
7685
8173
10258
7693
7859
10240
8110
8239
8268
8413
8361
12144
7532
10021
8147
10946
7909
11097
8052
7721
8610
8631
11925
8609
8634
12423
7555
9991
7634
10173
10203
7918
7948
7958
8323
7545
7949
7544
8139
8140
7554
10735
7910
8074
10202
7912
8074
10095
8424
7612
8047
11699
7553
7691
8158
7670
7760
10736
7967
9990
8233
9261
9504
10101
9265
9503
10099
8361
12229
7565
7589
7917
8272
7881
7706
7843
7986
7565
9863
8653
8800
10111
7635
8133
9738
8407
12306
8719
10108
7674
7675
7863
7728
7870
8129
8259
8004
8249
8316
7622
7830
7880
7709
8358
7736
7882
8796
7746
7921
10277
8373
10838
12715
8377
12470
8371
11557
8374
12809
8339
10291
8039
7647
7744
8004
7659
8607
9306
7963
8235
7661
8007
8146
8301
8702
7596
8129
9440
8009
11301
10122
10243
10707
8173
7601
8218
7919
9064
7847
8593
8678
8693
7699
7965
9208
7610
8457
8469
8750
8109
7614
11615
7693
8042
8407
10846
7813
8334
10124
10705
8269
12232
7773
7866
8041
7772
7867
8041
7929
8111
7737
8032
7795
8240
12477
7729
7985
8276
8427
12696
8278
8426
13015
7628
7676
8716
9836
10167
7854
7985
8213
8496
10236
10864
8691
8068
8596
10239
8237
10118
12565
8032
7848
8115
8352
7790
8141
8329
12120
7999
10743
10979
9201
9332
7642
8254
7969
10297
8046
8337
9302
9329
10312
7792
8290
7921
8357
8303
8350
7832
8706
7745
7846
8384
8005
8746
8423
8647
12422
8136
8073
8809
10296
8037
7691
8243
9274
9981
7683
7773
7973
11128
9705
9880
10049
8009
8762
12439
8060
8118
7685
7667
8167
7732
7814
7936
8263
9032
9976
10237
7671
8752
8292
9057
7794
8059
7678
10000
7815
9207
13308
7681
8294
7683
8295
7956
8034
7741
7980
11099
7845
8401
8612
8107
8754
10168
7695
7695
7768
8022
8635
7839
8401
8655
8238
8284
8391
8249
7767
7854
8140
8288
7703
7753
7706
8280
7707
7946
8281
8130
7860
7881
8291
7728
7829
11619
8071
8322
8364
9295
7770
8033
8103
7771
8103
7938
7974
8635
7717
10290
7753
8056
8203
8740
7796
10967
8662
10266
7796
8087
7991
8229
8334
8759
10705
9037
12840
7891
9047
9438
10305
7841
7868
8162
8658
8230
7731
8503
10191
8192
8511
10271
8029
8114
10321
7793
8039
8704
8148
8697
7739
8657
10311
7750
7838
8244
8220
11098
7992
9232
9915
9990
7745
8271
10301
7746
8414
8270
7974
8088
8188
8254
7752
7861
8282
7751
8226
8143
8283
8142
7915
7876
8038
7951
8717
8233
7759
8116
10235
7763
8261
10266
7764
7890
7872
8116
8262
8619
10184
8594
8604
8613
8696
7803
7985
7929
8292
8354
11372
7773
8274
7772
8141
8275
7775
8348
8782
8810
9386
7777
8345
8811
8781
9385
7779
8812
9393
8347
8783
7781
8343
8813
8784
9394
7783
8786
9391
8346
8814
7785
8815
9390
8342
8785
7787
8788
9398
8344
8817
7789
8816
9395
8341
8787
7981
9409
8082
8333
7800
8703
8245
7865
10168
9990
10989
7800
8607
7799
8228
8309
8310
7929
7946
7845
8423
7988
7805
9446
8227
7807
8228
7978
8071
8316
8400
8692
12188
8398
8689
11611
8403
8685
11578
8405
8688
12052
7965
7881
7935
7817
7946
7839
7883
8122
9237
9389
10146
8125
9240
9397
10703
8124
9239
9399
10145
8126
9238
9387
10152
8119
9241
9392
10139
8120
9243
9400
10696
8123
9244
9396
10141
8121
9242
9388
10143
8134
10184
7832
8308
11543
7831
7891
8636
8307
9219
12705
8168
9058
9374
8023
9059
9371
7999
9060
9368
9061
9370
10326
8797
8114
7989
8596
8795
7844
7924
10897
10220
7851
7960
7852
7977
8049
8040
8328
8651
7919
7879
7884
7926
8132
7946
8280
7853
10899
7991
8354
8205
9039
8378
10186
8189
10837
8073
8311
8755
8681
10185
8229
8141
8597
9067
7869
7923
8259
8260
8003
8102
7874
9447
8350
8267
10117
10133
10747
8059
8715
8236
8303
8229
7889
7976
8207
8039
8391
8725
8114
8204
7885
8017
8005
8206
10991
7889
8221
10310
8193
8591
7894
7904
9449
9719
9788
7896
9453
12610
9721
7898
7907
9751
9452
9770
7900
9799
12603
9457
7902
9455
9734
11709
7906
9898
7905
9786
9463
9896
9459
12204
7908
9461
9772
9882
7993
8032
8319
7913
8606
7912
8017
8605
8024
8109
10298
8332
8744
7927
8391
8590
8601
11666
8352
8295
8357
8697
11119
7924
8575
8049
8578
8400
8409
8654
8337
8752
10269
7960
8621
8686
12907
8625
8687
12366
8627
8691
13048
8623
8690
12963
7966
8158
8047
11894
7937
8089
8288
8017
8606
8212
8652
10236
8376
8638
11886
8375
8643
12503
8372
8640
13399
8370
8645
11605
8752
7948
8312
10225
8285
8601
7951
8089
8288
8235
8613
8615
7953
10186
7996
10016
7955
8091
8796
9228
9342
8190
8395
8747
7975
8091
8175
8111
8356
8194
8390
8763
8045
10218
10225
10945
8235
8305
8378
8053
8160
8273
13292
8054
8337
8094
8657
8097
8293
8657
10311
10096
10203
7971
8707
9380
12485
11140
8635
8164
9377
8628
10448
8051
8242
8709
9333
10109
10253
11179
7982
9331
8055
8141
8273
8349
8598
9234
12330
7990
8111
11199
7990
8208
8591
8795
8230
10294
8650
8061
8231
8112
9306
8207
7997
8549
10185
8564
8681
10211
8406
9974
9975
8279
8495
10337
8276
8479
10332
8031
8238
8755
8022
8015
8132
8114
8202
8771
12079
8753
13037
8051
8360
8379
8650
8012
9635
10606
10927
8014
10635
9637
10404
8291
8714
9943
10280
10462
10098
8092
8709
8726
8020
8063
8052
8238
8356
10295
9940
8026
8142
8666
8068
8028
8665
10309
8143
8742
8030
8222
8594
8290
8650
10268
10276
8651
9231
8369
8804
9302
8136
8227
8592
11528
8410
8662
8274
8043
8258
9348
10345
8255
10688
8054
8351
12107
8107
8411
9042
8050
10449
8360
8709
8750
8598
11417
8298
8155
8597
9376
8780
10265
8058
10283
8316
8592
8629
8429
9915
8063
8265
8481
10223
8491
8152
9072
10336
11952
8156
8597
9249
8195
8232
8394
8590
8075
8762
8636
8269
12433
8432
8592
8245
8368
8704
10292
11124
8605
8353
12753
8145
8078
10413
10788
8359
8603
8656
8615
8083
8191
9439
8086
9119
12002
8138
8169
9080
8720
11013
8089
8717
8228
8310
8762
12145
8102
8116
8261
8095
8700
10832
8097
8699
8593
9090
10353
11907
8186
9138
10355
11653
8260
8391
8725
8174
8340
9378
8356
8275
8106
8172
8196
9154
8198
9103
10363
12517
9147
13407
8595
11522
9056
10268
10199
8224
8239
8228
10205
8248
8297
8359
13304
10283
8144
8168
9290
9983
8174
8411
8629
9060
9221
13186
9061
9223
13197
9221
10251
13187
9222
10461
13188
9223
10247
13198
9224
10463
13200
9058
9224
13196
9059
9222
13190
8245
8649
10128
8144
9290
8654
8382
8500
10358
8380
8467
8613
8268
8701
8386
8573
8389
8555
10861
10835
8394
8608
8630
8170
9509
8140
8792
10242
8234
8792
8756
9064
8589
8719
8326
10177
10218
8808
11177
8183
8990
10350
8151
8667
8707
9365
10424
8153
12460
10336
10369
12000
8156
9420
9365
8307
8308
8805
9875
8159
8337
8246
8614
8162
10896
8175
8385
8684
10747
10785
8236
8595
8754
8281
9983
8170
12663
10372
12764
8197
8983
8176
9228
8402
8305
8378
9342
8338
10156
8179
10260
8181
10348
12235
10862
8183
12749
10352
8361
12161
8186
10355
11830
10353
11990
8718
8425
8766
9930
12170
8192
10190
10272
8648
11252
8764
9926
12064
8608
8757
8197
13409
8199
13147
10363
10373
13414
10375
12196
8204
10264
8205
8779
8780
9209
8320
10464
8230
8682
9259
9588
9263
9589
8362
8791
10170
8213
10306
8602
8216
8366
8530
10047
8336
8543
8218
8297
8763
8311
8262
10267
8294
10214
11024
12754
11025
11844
8234
8244
9220
8715
8268
9048
10382
8323
8670
10379
8798
9311
8754
11364
8671
13030
9064
9330
13268
8293
8593
9246
9312
8408
8432
8663
8739
9036
11186
8770
9245
10711
8300
8338
9032
8656
11493
8473
8623
10361
8626
9470
8571
8625
10368
8528
8620
10364
10839
8413
8256
13004
8258
10345
12123
8614
11532
11365
8262
8300
9976
8265
8809
10224
8771
10118
10293
12214
8271
9979
8308
8331
8392
8363
8614
8275
8277
10332
12848
8279
13044
10337
8281
8283
8792
8701
8755
8313
8395
12017
8315
8767
10273
13379
8667
9039
9249
8410
9309
10259
8698
8808
8358
8298
9276
10312
8295
8759
9280
10704
8669
9351
11144
8320
8756
9272
12333
8670
11553
8652
9438
9499
9341
9346
9471
8310
10281
11156
8313
12285
8315
13381
10274
8318
10237
10414
9032
10023
8698
9306
11070
9206
8365
9445
8747
10378
8325
12772
8327
13123
8401
10265
8683
9205
8331
8332
8444
8459
8694
8333
9037
12292
8336
9292
8629
11375
8351
9056
8345
8416
8787
8419
8785
11596
8420
8784
11805
8348
8415
8788
8422
8781
8417
8786
11836
8418
8783
11618
8421
8782
8363
12853
8790
8424
8701
8647
12331
11533
8693
8741
9048
8628
8599
8669
8408
12580
12611
8754
11338
12518
10201
10425
10459
8432
10715
10858
8367
10046
8743
10291
11352
8714
8371
12169
8373
10286
13066
8375
12949
8377
12502
8646
8683
8789
8381
12310
8383
10358
11975
8414
8758
9033
9042
9206
9341
8387
12742
8389
12106
10861
8393
8764
8695
8805
10458
8428
10319
12956
8637
8670
8766
9035
9278
8400
11812
8399
12158
8801
8727
9055
8404
12179
8406
12686
11337
11401
12103
9499
8615
9055
11422
8601
8807
10226
12364
10293
8769
10302
8421
8817
13191
8422
8816
13192
8814
11946
13185
8812
13194
13413
8815
13189
13358
8813
11878
13199
8810
13193
8811
13195
8615
8682
9978
8602
8428
10318
10320
12780
13005
8430
8431
9314
10165
9326
10382
11308
8822
10393
10775
8494
10482
8437
8438
8837
8443
8481
8832
9297
12211
9298
9670
8497
8498
8967
8456
8462
8451
8830
9216
10479
8482
10384
10437
8473
8846
8452
10659
8446
8482
8918
10511
8453
8461
8857
8453
8499
8902
10725
8468
8489
10070
8451
8867
12377
9215
8459
8877
10062
8466
8485
8829
9709
8472
8916
9668
8463
8848
8458
8491
8826
8469
8876
8849
9471
8470
8487
10079
8478
10061
8501
8827
10260
10394
8466
9766
10395
8470
8493
8888
8887
8858
10387
8479
8834
9346
8905
8476
8946
9254
9653
8480
8942
8847
8476
9253
13350
8477
8928
9692
8955
8733
8947
8487
8885
8904
10077
10491
8483
8925
8919
8491
8939
9699
10630
10817
8490
8490
8934
10386
8932
10729
8489
8493
8952
8936
8950
8494
8823
9680
8824
8505
10233
8510
10399
9344
8965
10657
8502
8980
8504
9002
8503
8987
8509
10728
8511
8506
8510
8985
9023
9472
8515
8551
10427
8519
8870
9300
9669
9006
10400
10732
9025
10231
9012
9345
8513
8517
8914
8933
9217
10772
8515
8884
10056
10428
8869
8520
8903
9678
9218
12980
8519
9299
12024
8844
8735
8896
8523
8534
8926
8523
10033
10403
8911
10432
8529
8532
8851
8567
8580
8981
9728
8570
9698
10050
8528
8533
8842
8860
10562
8536
8574
8880
8537
8538
8900
9347
8843
10416
9226
10528
8546
8964
13311
8543
8853
8582
9832
8550
10921
8552
8564
8883
8553
8555
8554
10022
10685
8552
8556
8907
10026
10551
8562
10024
10411
8549
8564
10916
8547
9255
8966
9256
9654
8567
8573
8550
8929
8570
8941
10211
8894
10420
8556
8927
8895
8962
10029
8563
8986
9651
8585
10063
10408
8563
8961
9700
10068
8561
8566
8994
9679
8943
10415
10067
8569
8585
9000
8992
10776
9011
8960
10419
10684
10522
8951
8583
10643
8581
8978
9473
8990
8584
10048
8577
8578
8581
8587
8995
8588
10640
10564
10638
8580
8586
9843
8968
10257
8587
9009
8588
8586
8984
9022
9021
10722
9028
9803
10645
8756
11167
8757
13290
11149
11354
9335
9351
9282
11606
10240
9295
12050
8603
11294
12475
9276
9302
9354
11079
12337
12303
9282
8606
8703
8751
11921
8612
12202
8611
12284
9499
11345
8619
13070
8618
12327
8621
10364
12911
8625
10368
12553
8624
10361
13432
8627
13000
11348
8637
12854
8632
12934
8634
13090
10181
8666
10310
11442
12601
8639
12474
9280
10704
8641
12515
9277
10745
8643
9278
13384
8645
9279
12026
9067
10425
12913
8770
9311
11250
8676
10304
8720
9033
8664
10306
8654
8801
9039
12225
8699
9037
11826
8660
8806
10458
9211
8758
8793
10267
8753
10858
13017
8669
8743
8666
8792
8668
9209
10254
11367
11311
12795
8674
9256
10315
8675
9254
12301
9898
12102
9799
10317
8677
10303
9335
9337
11042
9200
9227
8681
10170
8701
9067
9252
9303
10447
8686
12759
10849
8688
12724
8690
12842
8692
13063
9312
11255
8695
9296
9341
9351
11173
8703
11061
8700
8801
9333
9066
9055
11529
8789
9211
8745
8749
10424
9031
9245
8726
8711
9248
9478
8713
9247
9477
9231
9941
8716
8718
9043
11089
11147
8722
9300
12488
9734
10340
8724
9721
12489
9297
10342
9282
11610
8753
12646
8774
8819
9330
8778
9557
9705
9711
8776
9556
9706
9741
8731
8732
8893
9677
8862
13428
12637
8736
8737
8979
12446
8974
13323
9693
8739
9334
11184
8801
9209
10253
9065
10300
11257
8748
8798
9038
10304
11386
8745
10263
9275
12172
9448
9930
9233
9250
8750
9036
9066
9378
13038
9342
11172
9207
11325
9236
11127
9234
13357
8761
8793
11000
8772
12865
9437
9926
12799
10321
10441
13265
12227
10442
12684
9268
10042
10405
10634
9236
9271
8797
10962
11032
12881
9046
10960
9202
9426
8796
9042
9055
8776
9539
9724
8778
9540
9769
8780
9462
10150
9464
9955
9458
9953
9460
10701
9456
9963
9454
10137
9450
9960
9451
10698
9252
8791
10114
11046
9214
9433
9198
9210
9296
8808
9251
9311
9432
9786
10887
10744
11034
12462
9418
9585
9858
9582
10632
10758
9199
10302
11176
8806
9207
12132
11016
9288
9325
10250
9051
9328
9321
10246
9049
9323
9053
9318
9050
9319
9052
9315
9054
9313
9275
12237
9206
9309
9378
9580
9812
9879
10751
9340
9581
9887
9889
8828
8940
9166
8949
8970
8948
8970
9077
8995
9028
9171
8876
8939
8848
8874
9001
9178
10481
8887
8923
8867
8892
8832
8837
9103
13139
8898
8924
9094
9528
8906
8936
9088
8943
9092
10409
8866
8879
9092
8839
9117
8842
9093
10362
8840
9527
8841
9093
8916
9081
9530
8843
8921
9082
8845
9106
12879
8870
9120
8871
8925
9104
8871
10359
10538
10555
8878
8909
8851
8860
9097
9098
10654
8977
9097
10890
8881
9085
9687
8918
9681
10665
8858
8859
10386
8902
8980
10566
8885
8902
10568
9086
10354
8934
9118
9512
8911
9096
10401
8868
12774
8889
8890
10768
8915
8933
9109
8914
9079
13043
8942
10491
9105
12683
8893
10346
8899
8941
9130
8897
9122
8876
8910
10670
8887
9123
10396
8987
10536
8909
8910
9107
9876
10672
8878
9083
9682
9096
9100
10490
10548
8881
8984
10594
8907
8962
9110
8907
9115
10916
8899
10508
8913
9126
8915
8938
9143
10480
9089
8901
8952
10576
10691
8892
10479
10578
8895
9102
10863
9080
9111
9533
8895
8937
9112
8908
9087
12530
8898
9122
9529
9123
8989
10922
8905
9141
8908
9534
8906
10334
8932
9145
9109
9127
9137
9875
8945
9099
10549
10889
8932
10906
8933
9129
10755
8920
8955
9153
12733
8919
10663
10900
8942
9133
8922
9133
8943
10416
8950
9144
9121
10800
8944
8945
9146
9691
8953
9151
9689
8956
9611
10917
10921
9007
9018
9125
8941
8951
9144
8950
8936
8952
9150
8954
10530
9150
10808
8944
9136
8957
10392
9162
9132
9121
9137
8955
10612
8956
9158
12996
9001
10482
9005
9197
9646
9131
9128
9545
9168
8962
9161
8960
10420
9155
10352
9170
12922
8961
9016
9176
8966
9154
10476
9649
10532
8986
9165
9621
10821
8966
9152
12599
8975
9515
8975
9019
9068
8969
9021
9172
8981
9165
9171
8974
8979
9138
8976
9023
9159
9782
8976
9024
9784
12427
9176
9160
9003
9595
8995
9027
9177
9175
9612
9006
9186
9026
9013
9183
9647
9690
9008
9164
9760
9004
9076
9017
9095
10335
9069
10474
9012
9181
9002
9074
10356
9009
9179
9011
9184
9005
9513
9645
8999
9018
9022
9160
10407
8999
9030
9078
9025
9174
10397
9014
10402
10542
9010
9806
10343
9174
9015
9182
9688
9195
9023
9020
9598
10678
9021
9185
9179
9029
10484
10500
9019
9191
9028
9189
9027
9188
9802
9026
9024
9030
9194
9016
9597
9022
9193
9596
10544
9025
9125
9196
10485
9775
10629
10676
9180
9193
9140
9195
9194
10398
9648
9066
11053
9289
9199
11192
9521
9668
9219
10209
11843
11182
12621
9198
9250
10309
9209
9554
9678
9921
9556
9677
9296
9333
10110
11202
9045
9229
11047
9046
11012
9201
9332
11137
9232
10300
9323
9374
9320
9367
9328
9371
9316
9366
9318
9368
9313
9370
9273
9272
9275
9375
9497
9373
9496
9369
9491
9372
9494
9591
9693
9914
9594
9692
9228
9274
10198
11146
9295
9069
9191
9176
9159
9160
10407
9078
9174
10397
9149
10497
12796
9095
9149
10499
9175
9180
9546
9184
9548
10350
9185
10596
9177
9195
9194
9129
10370
13091
9105
10580
9082
9133
9093
9124
10541
9097
9098
10891
10595
10666
9091
9118
9090
12890
9143
9150
9123
9130
9127
9127
9523
9108
9162
9117
9104
9122
9125
9124
9137
10680
9099
9139
10652
9108
9156
9109
9129
10334
9111
9112
10489
9116
13061
9121
9119
9120
12818
9137
9146
10409
9143
9115
9169
9604
10347
9113
10487
10529
9115
9603
10919
9117
10362
9128
9522
13386
9134
10374
9135
9134
9675
10401
9196
10570
10907
10354
9131
9144
9144
9133
9162
10359
9136
10800
10674
9148
12506
9156
10550
9165
9184
9549
9142
9168
9606
9145
9605
10906
10669
9152
13397
9175
10356
10335
9167
9161
10577
9154
9155
10376
13401
9164
9157
10650
9673
10366
10351
12942
9190
9193
9169
10689
9165
9172
10821
9187
9170
9173
9168
10808
10648
10371
12873
9177
9197
9192
9178
10343
9196
10546
9188
9189
10617
9190
9182
9193
10535
9186
10567
9192
10912
9194
9191
10476
9195
9197
9547
10474
10910
9210
10310
9231
11195
9338
11057
9205
9912
12476
9204
9425
12717
9252
11022
9377
11756
9272
12368
9332
11203
9327
10457
9213
9436
12685
9919
12385
9216
13223
9434
10331
9218
9435
10328
13121
11044
12442
9251
9310
9241
9492
9238
9495
9243
9493
9240
9498
9230
9329
9505
10433
10526
9250
11083
9330
9380
11163
9271
10994
9235
9276
9354
9251
11122
11048
12751
9303
10327
11123
11077
9238
9565
9240
9569
9242
9563
9244
9567
9310
11014
9285
9336
11237
9591
9758
9593
9805
9365
11170
11074
11181
9254
9422
13352
10316
9256
9424
13309
10314
9429
9586
9895
9431
9726
10492
9260
9564
9778
9262
10102
9568
9900
9264
9562
9742
9266
9566
9907
10100
9268
9659
10504
10587
9270
9827
10757
9660
10926
10302
11071
12899
9377
9378
10268
9306
11200
12867
9312
9317
10743
13049
9320
13382
9322
10117
12528
9324
12892
9420
10423
11196
9296
9284
9437
9925
9286
10312
9329
11236
9288
9496
10280
10295
9292
9975
9291
9497
9491
9294
9440
9944
11168
9298
12973
9465
10341
9300
9467
12872
10339
9338
9409
11036
11164
9305
9446
9947
9308
9448
9929
9330
10258
11242
10990
9314
9325
9316
9327
10459
9318
13111
9320
12845
9322
12771
10246
9324
13029
9326
10250
9328
10970
9363
9376
11197
9469
9337
9336
10969
11080
10976
9340
10431
10769
10330
9499
9351
9848
10493
10548
10886
9775
9776
9784
9849
10271
9761
9875
9823
10654
10843
9801
9806
10106
9720
10495
10518
11872
9864
10042
10405
10589
9355
9487
9362
9486
10166
11185
9356
13388
9917
10470
9358
9485
10465
10011
13024
9360
9996
13058
9489
10453
9362
9936
10451
12969
9409
11210
9661
9679
9731
10423
9399
10463
9389
10461
9369
9391
9372
9373
9398
9385
9375
9394
9490
11020
10277
9380
11169
9382
9716
9383
9401
9384
9824
9403
9387
9388
10143
10152
10252
9390
10146
9392
10139
9396
10141
9397
9399
10145
10248
10703
9400
10696
9402
9403
9404
9406
9771
10773
10473
9408
9893
10468
10009
10771
10959
9411
9413
9840
9414
9413
9733
9417
9415
9416
9417
9419
10322
10041
10483
9490
9422
9704
13133
9424
13006
9428
10325
9427
13078
10322
10520
10390
13124
9430
10524
9765
10433
9432
9897
10492
9434
13046
10330
9436
13071
10329
9438
9440
10710
9442
9503
10315
10422
10477
9444
10317
10766
9502
10089
9446
10714
9448
10378
9451
10699
9452
9959
9463
9462
9454
10136
13424
9456
13089
9962
9458
13027
9952
9460
10700
13099
9462
10151
9464
9956
9466
13101
9468
9743
13053
10423
11201
9744
9760
10125
9754
9876
9782
9850
10778
9800
9802
9810
10018
10412
10649
9729
10484
10500
10519
9477
9654
10475
9651
9479
9653
9652
10609
9481
9998
10777
9857
10456
9483
10750
9804
10774
9485
13103
9949
13116
9946
13394
9489
13150
11049
9492
9494
10783
9496
10462
9498
10464
9747
10430
10691
10768
9503
9504
9506
10655
9656
10038
9763
10523
10674
10801
9780
10570
10586
10589
9885
10580
10688
9667
9905
10661
10877
9730
10540
10871
10872
9795
10562
10680
9811
10617
10624
9685
9814
10607
10614
9756
10546
10657
9740
10385
10534
10881
9713
10516
10596
10914
9519
9529
10340
9590
10445
9521
9588
10342
9527
9523
9525
9545
9534
9574
9533
9555
10488
9526
9534
9545
9554
9530
9670
9529
9537
10866
9669
9538
9668
9532
9536
9677
10488
9678
9536
10377
9540
10867
9539
9670
9668
9669
9542
9543
9544
10749
9698
9547
9573
9612
9600
9622
9549
9602
9611
9571
9621
9551
9552
9553
10380
9557
9556
10084
10049
9559
9560
9561
10472
9565
10147
9564
10135
10142
10149
9569
10144
9568
10134
10140
10148
9571
9594
9621
9611
9573
9592
9612
9622
9577
9698
9576
9579
9697
9677
10486
9578
9678
9580
9581
9583
9599
9585
9601
9639
10523
10803
9588
9590
9592
10057
9594
10824
9598
9613
10829
9597
9631
9700
9616
10798
9632
9699
9602
9692
9601
9693
10814
9695
9604
9627
9650
9607
10932
9606
9630
10905
9609
9644
9608
9650
9626
10932
9610
9644
9625
10868
9692
9693
9614
10087
10120
9616
10069
10031
9618
9628
9620
9629
9987
9695
10406
10813
9625
10175
10446
9626
10708
10762
9922
10088
9628
10931
9696
9630
9694
10904
9634
9700
9633
10938
9641
9699
9642
10799
9636
9665
9817
9638
9663
9841
9656
10525
9642
9842
9861
9643
9710
10094
9694
10809
9646
9662
9701
9664
9680
9648
9666
9702
9659
9679
9739
10572
10684
9684
9696
10421
10477
10090
10764
10818
10316
10610
10314
10475
9656
9904
10439
9658
9718
10494
10444
10869
9661
9662
10741
9666
9702
9665
9701
9680
9679
9886
10575
10681
10339
10341
9674
9807
10626
10641
9829
10540
10555
10870
9791
10612
10642
9790
10647
10765
9833
10508
10554
9809
10629
10636
10675
10742
9855
10511
10595
9759
10541
10659
9707
10487
10529
10557
9815
10615
10920
9779
10620
10622
9796
10564
10636
10675
9831
10551
10666
9753
10522
10535
9822
10577
10685
9891
10567
10583
9755
10528
10669
9985
10807
10092
10187
10160
10615
10486
10557
10739
10050
10815
10068
10624
10925
10583
10585
9828
9888
10088
10708
9767
9769
11951
9740
10740
9719
9788
12290
9737
9766
9797
9819
9921
11950
9777
10120
10888
9855
10594
9804
9808
9817
9746
9903
10114
9818
9835
9838
9765
9772
9882
12569
9726
9727
9837
9787
10119
9729
10499
13247
9837
9884
10444
10738
9819
10510
10604
9727
9726
9897
12820
9741
9736
9843
10517
9753
10536
9841
9859
9901
9765
9895
12819
9768
9844
9867
13246
9844
9867
9868
9749
9738
10154
9886
10903
10530
9837
10084
9752
9765
9921
9776
9841
9857
9818
9835
10167
9748
10648
10429
10929
9842
9854
10064
9764
9773
10031
9882
10149
10718
9761
9763
10524
9759
10542
9762
9851
10035
10229
12375
10936
9775
9776
9876
9861
10655
10670
9770
12289
10154
9880
9904
12777
9872
11644
9874
9906
9959
9986
9773
10435
10656
12584
10700
11915
10121
10119
10892
9865
9957
9811
10926
9891
10566
9838
9784
9849
9872
11475
9923
9819
9826
10592
12582
9787
9789
10593
12585
9792
10699
9896
9897
12570
9791
10643
10609
9900
10134
9794
10828
10915
10094
9796
10676
10899
10592
10938
9952
11916
11431
9801
9802
9806
9830
9832
10287
12376
10012
9809
10630
10631
10758
10640
9823
10222
10924
10329
11741
12725
9815
10918
10613
9834
10631
9824
11525
10602
9884
9899
10708
12455
12501
9885
10946
10650
9834
9903
9826
9828
10509
9888
10510
10510
9902
9833
10553
10289
9905
10875
10810
11474
9836
12778
11453
9949
11355
9844
9845
9869
10230
11516
9871
11480
10635
12651
9848
10884
10895
10550
9850
10503
10655
12581
9877
10504
10634
12411
9873
10037
10506
9856
10228
10515
9901
10227
12472
9859
9901
10041
10040
12768
10033
11379
9867
9870
10909
9896
9897
12602
9869
10163
10904
9877
9984
9904
10867
9876
10164
10175
9881
9894
10175
12456
9894
9989
12615
9881
10426
10174
10151
9946
11486
10176
10576
10942
10330
11742
10757
12412
9899
10693
12616
11396
10587
9893
10429
9922
9904
9956
11313
10695
12511
10709
10665
9907
9958
10606
12618
9910
9912
9913
11716
9914
9914
11713
10166
9917
10471
12059
13390
9919
11748
9921
11980
9985
9924
10780
10272
10857
9926
9927
9928
9928
13317
9930
9931
9932
9932
11590
9934
9936
10452
12348
11478
9938
9940
10791
9969
9942
10278
9946
10712
9946
10713
11400
13431
9949
10716
9949
10717
11524
11623
9951
9953
9954
10141
12121
10140
9956
10143
13234
9957
10142
9959
10144
9960
10145
13238
9962
10147
9963
10146
11320
9965
10787
10072
9967
9969
10789
10006
9971
9972
9973
10199
9973
10023
10791
9975
10112
9976
10113
9978
10723
9980
9982
10706
10174
10426
9989
10052
9987
9988
9989
9989
10053
10751
9991
9993
9994
9995
9995
9997
9998
10454
9999
11358
12347
9999
10323
10001
10003
10389
10005
10006
10007
10878
10007
10940
10009
10010
10331
10011
10011
11423
12060
10466
10013
10014
10015
10256
10015
10105
10103
10025
10210
10018
10019
10653
10793
10792
10841
10021
10022
10944
10028
10029
10024
10413
10790
10027
10027
10030
10210
10797
10029
10796
10030
10797
10034
10033
10034
10434
10656
10799
10798
10036
10229
10502
10719
10038
10055
10439
10039
10505
10054
10720
10041
10777
10044
10162
10044
10446
10590
10164
10445
10803
10047
10721
10048
10722
10050
10053
10480
10806
10053
10807
10752
10055
10812
10056
10440
10811
10065
10059
10722
10060
10721
10062
10729
10725
10064
10814
10065
10813
10069
10100
10422
10068
10421
10069
10072
10077
10072
10076
10786
10074
10075
10077
10076
10077
10079
10080
10081
10081
10082
10729
10730
10161
10614
10622
10737
10086
10692
10762
10431
10695
10091
10102
10159
10090
10091
10101
10816
10815
10187
10819
10824
10827
10602
10826
10096
10115
10098
10100
10422
12713
10102
12714
10104
10105
10106
10106
10108
10109
10110
10110
11162
10113
10746
10113
10745
10169
10116
10118
12938
10120
10668
10829
10122
10123
10124
10124
10125
10126
10126
10128
10728
10734
10130
10131
10132
10132
10245
10747
10983
10697
10138
10137
10138
10139
11310
10139
10141
10143
10145
10147
10702
10153
10151
10152
13232
10153
10153
10155
10262
10249
10299
10978
10158
10935
10160
10757
10161
10613
10756
10163
10164
10634
10904
10446
10166
10168
10169
10170
10170
10172
10836
10173
10202
10837
10175
10436
10709
10178
11664
10180
10181
10233
10182
10182
12895
10184
12135
10186
10823
10189
10191
10193
10195
10197
10199
10201
10203
10205
10297
10207
10418
10209
10279
10211
10213
10388
10215
11101
12860
10217
10219
10226
12113
10221
10793
10842
10224
10226
12082
10228
10229
10230
10230
10232
10233
10234
10236
10234
10236
10865
10238
10414
10240
10242
10244
10246
10247
11284
10248
10248
10250
10251
11291
10252
10252
10254
10256
10257
10805
10804
10259
10850
10262
10395
10850
10263
10851
10265
10267
10269
10271
10856
10272
10857
10274
10859
12784
10275
10858
10277
10308
10279
10280
10281
10281
10283
10285
10286
10839
10838
10288
10289
10290
10290
10292
10294
10296
11143
10298
10300
10382
11267
10302
10304
10305
10306
10306
10308
10310
10313
10313
10315
10317
10319
12986
10321
12693
10323
10483
10519
10325
10391
10774
10760
10327
10447
10329
10773
10753
10331
10771
10333
10334
10369
11676
10370
10336
10337
10338
10338
12040
10340
10342
10345
10371
10345
10372
11341
10347
10348
13296
10863
10862
13436
10350
10351
10352
10352
13337
10354
10356
10357
10358
10358
11318
10361
10374
10361
10373
13434
10363
10364
10365
10365
11871
10368
10376
10642
10368
10375
13277
10370
12437
10372
12070
10374
13281
10376
13276
10467
10379
10455
10382
10384
10385
10438
10880
10900
10901
10387
10388
10389
10389
10391
10392
12673
10393
10393
12081
10395
10553
10396
10554
10398
10399
10400
10400
10864
10402
10403
10798
10799
10405
10584
10586
10407
10813
10408
10814
10410
10411
10412
10649
10412
10414
10415
10416
10416
10418
10419
10941
10420
10420
10422
10424
10457
10427
10439
10428
10440
10430
10694
10431
10769
10693
10433
10434
10435
10435
10656
10437
10444
10438
10443
10440
10711
12192
10715
10859
12111
10444
10738
10866
10868
10448
10783
10449
10782
10451
10749
10452
10750
11987
10454
10455
10456
12005
10456
10458
10459
10460
10460
10462
10464
10466
10467
10468
12031
10468
10470
10472
10471
10473
12095
10473
10478
10476
10477
10478
10478
10770
10755
10482
10775
10761
10484
10777
10485
10776
10487
10488
10489
10489
10491
10493
10492
10494
10494
10886
10496
10497
12712
10498
10520
10498
10499
10500
10500
10502
10505
10720
10503
10504
10505
10506
10506
10508
10556
10870
10810
10510
10512
10513
10514
10597
10514
10515
10516
10516
10601
10518
10519
10520
12479
10520
10522
10539
10872
10718
10524
10525
10526
10526
10527
10528
10528
10673
10530
10531
10532
10532
10533
10534
10534
10558
10572
10536
10537
10538
10538
10539
10540
10540
10542
10543
10544
10544
10545
10546
10546
10660
10548
10549
10559
10550
10550
10895
10552
10874
10662
10877
10554
10555
10556
10556
10558
10739
10881
10887
10893
10561
10603
10825
12473
10633
10563
10898
10565
10896
10565
10897
10679
10567
10568
10569
10569
10570
10571
10571
10582
10573
10903
10574
10682
10575
10902
10661
10902
10577
10578
10579
10579
10580
10581
10581
10686
10583
10584
10585
10585
10586
10587
10587
10590
10868
10908
10590
10909
10592
10869
10593
10668
10885
10595
10596
10597
10597
10599
10820
10828
10911
10600
10605
10601
10910
10914
10603
10604
10605
10826
10605
10756
10608
10620
10918
10616
10920
10610
10764
10612
10766
10612
10646
10767
10614
10615
10616
10616
10618
10924
10619
10621
10620
10923
10923
10622
10623
10928
10624
10927
10925
10626
10627
10637
10628
10765
10628
10629
10630
10817
10630
10632
10742
10633
12512
10741
10635
10637
10638
10639
10639
10640
10641
10641
10647
10643
10644
10645
10645
10646
10647
10647
10689
10930
10650
10651
10652
10652
10653
10654
10654
10656
10658
10935
10660
10933
10660
10934
10662
10663
10664
10664
10665
10666
10666
10891
10894
10937
10892
10937
10670
10671
10672
10672
10673
10674
10674
10676
10677
10678
10678
10679
10680
10680
10682
10876
10940
10683
10684
10939
10941
10686
10944
10687
10688
10943
10945
10690
10691
10692
10930
10692
10694
10695
10763
10762
10697
10698
10699
10699
13241
10701
10702
10703
12138
10703
10705
10706
10707
10707
10709
10711
10712
10713
10713
11593
10715
10716
10717
10717
13284
10719
10872
10720
10873
10722
10724
10730
10725
10726
10727
10727
10731
10728
10732
10730
10733
10733
10734
10735
10735
10864
10736
10865
10738
10740
10882
10740
10883
10883
10742
10744
10745
10746
13333
10746
10748
10785
10750
10752
10753
10754
10754
10773
10755
10772
10757
10928
10759
10760
10761
10761
10774
10763
10929
10931
10765
10766
10767
10767
10769
10770
10771
10771
10773
10775
10777
10779
10780
10781
10781
10856
10783
10784
10785
10785
10787
10789
10790
10791
10791
10793
10840
10795
10796
10797
10797
10799
10801
10802
10803
10803
10866
10805
10807
10808
10809
10809
10811
10870
10812
10871
10873
10814
10816
10817
10818
10818
10820
10821
10822
10823
10822
10911
10824
10827
10826
10827
10828
10828
10890
10937
10831
10832
10833
10833
10835
10836
10837
10837
10839
12406
10841
10842
10843
10843
10845
10846
10847
10847
10848
10849
10849
10851
10852
10853
10853
10855
10856
10857
10857
10859
12677
10861
10862
13438
10863
10863
10865
10867
10905
10884
10871
10873
10875
10879
10879
10877
10878
10879
10879
10881
10882
10883
10883
10885
10886
10887
10893
10887
10889
10890
10891
10894
10891
10893
10894
10895
10895
10897
10898
10899
10899
10901
10902
10903
10903
10905
10908
10907
10908
10909
10909
10911
10912
10913
10913
10914
10915
10915
10917
10919
10918
10920
10920
10922
10923
10924
10924
10926
10927
10928
10928
10930
10931
10932
10932
10934
10935
10936
10936
10938
10940
10941
10942
10942
10944
10945
10946
10946
11010
11204
11226
11248
10992
11215
11233
10954
10998
11224
11018
11209
11218
10960
10974
11015
10958
11011
11220
11221
10996
11215
11218
10994
11234
10982
11011
11209
11213
10966
10998
11238
10963
10985
11227
11010
11222
11228
10976
11004
11022
11012
11035
10969
11005
11205
11016
11017
11250
11008
11223
11143
11191
11290
11126
11151
11288
11046
11239
11028
11038
11059
10999
11003
11208
11042
11237
10994
11036
11236
10987
11207
11211
11231
10985
11005
11232
11123
11183
11287
11019
11233
11153
11158
11285
11057
11216
10984
11007
11229
11193
11268
11291
11082
11262
11289
11081
11171
12010
13248
11076
11260
11439
12299
11004
11206
11216
11065
11259
11284
11041
11241
11027
10987
11043
11236
11237
11205
11235
11072
11180
11434
12361
11000
11013
11028
10995
11079
11255
11198
11245
11286
10996
11026
11068
11261
12174
13256
11071
11043
11237
11254
11040
11088
11136
12619
13254
11077
11122
11265
11035
11046
11096
11258
12224
13405
11110
11159
12421
13242
11083
11217
11050
11210
11045
11161
11247
11477
12808
11008
11060
11039
11018
11049
11212
11211
12498
11214
12441
11030
11047
11064
11147
11017
11053
11242
11035
11239
11248
11056
11177
11056
11066
11052
11026
11047
11049
11078
11210
11067
11095
11585
13274
11090
11137
11073
11093
11579
11818
11062
11104
12038
11069
11107
11526
11075
11039
11054
11058
11064
11081
11086
11785
11997
11038
11162
11076
11100
11801
12049
11065
11112
12343
11072
11116
11637
13440
11082
11102
11966
11058
11055
11176
11068
11120
12019
12076
11058
11087
11111
11052
11075
11053
11060
11080
11254
11055
12338
11092
11151
11998
11054
11080
11127
11163
11106
11153
11706
11196
11078
11090
12560
11059
11087
11089
11118
11135
11146
11141
11079
11088
11061
11094
11083
11137
12608
11199
11129
11070
11146
11067
11095
11101
11081
11086
11126
11151
11105
11178
11085
11188
11243
11251
12716
11114
11806
11091
11187
11073
11093
11099
11109
11200
11077
11176
11084
11190
11108
11837
11122
11243
11251
11169
11085
11188
11127
11168
11246
11185
11184
11189
11091
11187
11170
11116
11153
11158
11112
11260
11092
11132
11125
12440
11115
11183
11125
11167
11110
11181
11120
11262
11132
11778
11107
11148
11109
11175
12572
11104
11133
11130
11193
11258
11109
11144
11173
11103
11132
11156
11103
11179
11112
11121
12153
11118
11199
11119
11120
11772
11108
11154
11121
11911
11113
11145
12551
11116
11142
13373
11119
11838
11132
11736
11130
11152
11191
11129
11141
11128
11131
11147
11160
11118
11142
13301
11123
11136
11195
11142
11118
11142
11167
11134
11134
11128
11133
11170
11138
11150
11156
11157
11166
11202
11156
11171
11192
11140
11182
11165
12373
11139
11140
11145
11959
11148
11173
11169
11196
11138
11160
11197
11164
13176
11160
11164
11260
11145
11184
11152
11174
11165
11262
11178
11182
11192
11175
11969
11150
11203
11253
11154
11155
11189
11159
11197
11190
11253
12312
11157
11159
12634
11171
11174
11172
11180
11174
12105
11166
11198
11247
11163
11202
11169
11259
11193
11261
11194
12241
11172
11181
11244
11203
13163
11194
11175
13164
11177
11195
11179
11199
11252
11194
13170
11191
11186
11185
13172
11186
11267
11200
12835
13165
12676
13175
12804
13167
13088
13177
13171
11195
13168
11198
11201
11203
13174
11256
11202
11246
11211
11240
11232
11209
11212
11224
11234
11219
11263
11212
11230
11214
11219
11221
11263
11226
11217
11219
11220
11222
11225
11226
11225
11228
11238
11229
11228
11230
11264
11231
11232
11248
11235
11236
11240
11249
11249
11242
11266
11243
11265
11245
11246
11247
13169
11247
11249
11251
11252
11253
11253
11255
11256
11257
11257
11258
11267
11268
11260
13178
11262
13166
11264
11265
11266
11266
11268
13173
11272
11359
13165
13256
11273
11495
11542
11275
11426
11450
11394
13166
13256
11556
11597
11277
11460
11523
11461
11688
11282
11374
13167
13248
11488
13349
11281
11418
13173
13405
11292
11412
13176
13254
11283
11419
11477
13174
11448
13168
13405
11481
13163
13248
11449
11477
13169
13175
13178
13170
13177
13169
13174
13172
13176
13163
13167
13165
13166
13164
13171
13168
13173
11469
13172
13254
11727
12875
12975
11321
11322
11382
11337
11615
11677
11857
11666
11720
12337
13288
11319
11560
13190
13232
11335
11338
11349
11369
11302
11631
11900
11304
11638
11679
11340
11375
11380
11691
11750
11331
11550
13195
13232
11698
11754
11351
11658
11659
11600
11990
13348
11316
11671
11715
11324
11354
11391
11315
11652
11687
11359
11394
11482
11388
11442
13251
11350
11353
11415
11703
11930
12204
11376
11685
11686
11704
11752
11739
12140
11348
11354
11371
11421
11653
11975
13229
11331
11661
13243
11374
11481
11510
11322
11367
11414
11340
11411
11344
11400
11473
13260
11401
11421
11451
11756
13288
13325
11402
11730
12387
11346
11633
11678
11664
11786
13308
11333
11355
11470
11564
11343
11416
11487
11504
11636
13243
11651
11821
13329
11366
11408
11406
12235
13438
11369
11455
11674
11338
11345
11398
11502
11922
12306
11362
11385
11404
11425
11442
11429
11435
11602
12070
12923
11360
11438
11447
11433
11569
11693
11455
11731
13260
11381
11532
11665
13372
11354
11390
11408
11470
11375
13245
11392
11582
11701
11379
11452
11561
11755
13411
11386
11387
11429
11379
11494
11548
11366
11511
11396
11416
11424
11589
11370
11390
11430
11727
12051
12891
11613
13185
11452
11480
11561
11365
11403
11533
11551
11372
11502
11520
11437
11581
11839
11368
11409
11606
11393
11610
11524
11599
11386
11395
11420
11533
11551
11392
11881
11453
11470
11564
11390
13244
11463
11533
11405
11410
11588
11595
13189
11429
11796
11799
11400
11432
11486
11567
11386
11415
11438
11452
11498
11401
11421
11435
11398
11400
11432
11506
11508
12203
11397
11735
11773
11385
11404
11919
11425
11920
11443
11492
11529
11553
11576
13250
11446
11472
11588
11408
11451
11524
11932
11403
11532
11632
11657
13186
11414
11415
11494
11483
11499
11783
12620
11455
11413
11430
11629
11530
11515
12583
11502
11569
11782
11410
11422
13244
11688
12179
11428
11808
12767
11420
11553
11639
11522
13253
11435
11506
11608
13197
13241
11430
11525
13253
11568
13251
11724
11873
13292
11648
13193
13234
11620
13200
13238
11576
11529
13245
12877
13219
13370
11483
13250
11582
11788
11763
11786
11491
11584
11617
12605
11929
12032
11492
11453
12195
12293
12603
11500
11504
13258
12361
12692
12889
11531
11813
11815
11816
12450
11443
12299
12655
12864
11466
11475
11500
11577
11507
11708
11874
12394
11463
11472
11503
11722
11902
12397
11600
11907
12310
11462
11472
11528
11457
11480
11485
11657
13187
13234
11550
13192
13238
12352
13342
11491
11626
11518
11947
11948
11893
11474
11489
11598
11629
11465
11485
11516
11650
11667
13274
13339
11557
12196
13277
12395
12463
11763
13322
11465
11471
11528
11520
11576
11527
11719
11875
12297
11471
11516
11475
11532
11632
11694
11841
12272
13036
13121
13391
11648
13191
13241
11632
11529
11660
11913
13259
11479
11525
11644
11876
11906
13282
11819
11627
12315
13129
11489
11562
11639
11642
11560
13188
11527
11554
11797
11562
11607
11498
11519
11548
12152
11630
11500
11552
11504
11690
11971
11861
13336
11607
11841
12637
12990
11530
11669
13245
11711
12160
13304
11640
12006
12073
11511
11538
11776
12136
11931
12432
13355
11501
11967
11572
11835
13306
11577
11544
11733
12168
11552
11567
12509
13261
11559
11723
12862
11574
11728
11510
11595
12542
11568
11745
12529
11716
12527
13280
11798
13287
11938
13269
11721
13180
13307
13326
11543
12229
12265
11541
11565
11804
12124
12884
13381
11644
11572
11598
11643
11779
11908
11909
11734
12173
12198
11582
11551
11588
11606
11610
11606
13252
11821
11861
11584
13252
11662
11844
11979
11613
12428
11610
11574
12260
11957
11958
11535
11563
11883
11918
11591
11620
13239
11545
11552
11668
13271
11575
11603
11608
13240
11564
11626
11847
11749
12617
13225
11748
12270
13236
11545
11566
11890
12025
12824
11619
12187
11561
11642
11794
11601
13272
11580
11626
11702
12084
11554
11683
11851
13235
11641
11857
11978
13321
11558
11636
11870
11562
11657
11887
11558
11976
12245
13233
12006
12215
12169
12233
11943
13239
12742
12815
11661
13287
11591
11859
12023
11630
11642
11856
11601
11630
11644
11660
11640
11793
12047
13251
11586
11995
12071
11608
11759
12408
13255
11607
11899
11592
11648
11791
13235
11769
12429
11587
11759
11926
11601
12053
12759
13321
11594
11736
11766
11598
11629
11758
12273
12746
12044
11747
11774
13162
13330
11623
11645
11911
13299
13339
12129
12262
11603
11927
12092
11690
13306
12034
12170
13262
11850
12254
11795
12246
13240
12192
12328
13431
11621
11789
11818
11616
11718
12817
13089
13358
12093
12234
11827
11645
13270
12402
12765
11654
12764
11852
12255
12004
12758
13292
12026
12169
12175
12925
11673
11723
12135
12280
12842
13335
12773
13096
13377
11635
11744
11645
11705
12213
12927
11699
12114
11765
13249
11669
12670
12236
13027
13413
12048
12144
11696
12943
11712
12449
13294
11684
12086
12087
12563
13285
12188
12206
12661
11692
12110
12112
12119
12083
12480
11681
12175
12565
12392
12478
12666
12748
11646
11760
12122
11810
13257
12180
11935
13301
13320
12415
12491
13252
11689
11697
11689
11734
12156
12184
11809
11827
12277
11721
11894
12114
11708
12199
12678
12794
11746
11675
11764
11973
11935
12968
13340
11925
12430
12365
12444
12250
12506
12387
12772
11860
12986
13304
11719
12200
12697
12770
11949
12484
12592
12487
12591
11722
11913
12230
11892
11982
12057
11722
12256
12679
12769
12218
12336
12161
12661
12170
13290
11940
13273
11858
11890
12638
12085
12420
13335
12500
12590
11737
12257
12698
12752
12433
12659
11893
12641
11774
11906
11936
11855
12762
12848
11729
12114
13314
12161
12432
12435
12461
11904
12640
13294
12207
12233
11823
11824
13286
11822
11825
12322
12323
12309
12577
12308
12578
12388
12416
12568
12731
12268
12919
11737
11971
12392
12624
12362
12363
12047
12800
11889
12438
11700
12120
12145
11846
11918
13346
12730
13318
12415
12647
11857
12107
12177
12232
12279
12044
12641
11758
12743
11848
11898
12102
12365
12586
12009
12798
13270
12751
13088
13373
11789
11820
12482
13315
11718
12249
12833
12885
13089
11743
12469
12619
13255
11901
12212
12225
12065
12640
11888
12091
12141
11889
12090
12142
12533
12554
11888
12629
11761
12088
12801
11765
13421
11744
12248
11863
12588
12920
12058
13082
12296
12957
11747
12050
13293
11741
11933
11991
12059
11742
11934
11992
12060
11840
12891
11769
12903
13082
13154
13313
12887
12901
11893
12822
11826
12094
12548
12621
11794
12740
12080
12803
12496
12573
11785
11999
12295
13305
11780
11904
12823
12500
12745
11937
12610
13202
13423
11960
11980
11961
11981
12077
13255
11810
12653
11793
12903
12077
13406
12109
12622
11803
12737
11802
12464
12507
12650
11787
11949
13257
12467
12598
11771
12010
12045
13249
12534
12664
12523
13447
12132
13308
11781
11800
11880
12027
12792
13079
11942
12039
11829
12139
12763
11828
13033
13286
12107
12008
12069
11784
11912
11789
11969
12134
11833
11954
12217
12220
11832
11953
12216
12219
12638
11781
11800
11905
12426
12230
13249
11842
11966
12559
12526
12550
12109
13092
11814
11884
11895
12063
11847
12894
11814
11864
11895
12244
11831
11998
12552
11899
12792
11784
11928
12755
11862
12656
12047
12847
12496
12682
11912
12755
11853
13295
13307
13342
12097
12174
13257
12044
12847
12065
11869
11889
12030
13028
11795
12861
12100
12361
13320
13345
12687
12721
12838
12606
12735
11822
11875
12266
11823
11874
12267
12607
12734
12029
12802
11811
11885
11959
11980
12074
12117
11981
12075
12118
11856
12997
11878
12830
13099
12038
13299
13375
11889
11917
12041
13028
12757
12821
11835
12001
11829
11970
11817
12133
12271
12025
12443
13371
12495
12709
12056
12797
12494
12710
12273
12843
11854
12282
12299
11837
11838
11846
12180
12808
12065
12846
12711
13330
12191
12190
11965
12012
13233
11964
12013
13235
12048
12311
11849
11956
12859
13287
11970
12763
12093
12250
13231
11997
12096
12510
12091
12375
12090
12376
12088
12846
13315
11903
12031
11946
12718
13424
11982
12552
11979
12559
12888
13051
12078
12644
12975
12272
12643
12019
12099
12539
12269
12516
13383
12057
12593
12052
12659
12789
12178
12743
12104
12201
13310
11956
12084
11880
12036
12138
11887
12861
11884
12037
12121
12010
12045
12131
12105
12299
12408
12000
12540
12721
13322
11870
12054
11883
12807
12064
12445
13025
12304
12100
12531
13056
12034
12170
12227
12072
12305
13106
11890
12046
12124
12317
13092
13207
13283
11868
11910
12051
12849
11877
11993
11994
12068
11902
12095
12228
12399
12911
12479
12712
12841
12612
13329
12354
12353
12085
12304
11888
11910
12902
12998
13029
12187
12331
12525
12029
12345
11932
12518
12829
12393
12962
13083
12814
12092
12346
11940
12049
12146
12162
12502
12940
12868
11989
12046
12104
12201
12321
11979
11982
13528
12107
13307
11972
12945
11950
11985
12193
12369
11951
11986
12194
12370
12204
12710
12924
12863
12747
12760
12265
12878
13354
12404
12403
13305
11928
12100
12497
13042
11973
13283
12402
12890
12812
12816
12813
12817
12078
12003
12153
12319
12417
12320
12418
12238
12276
12854
11962
12036
12216
11963
12037
12217
11954
12098
13023
11920
12837
13594
12601
12719
11942
12854
13325
12022
12704
13314
11994
12116
12348
12453
11993
12115
12347
12452
12575
12934
11927
12838
12939
12045
13295
12757
12904
11988
12216
12451
12423
12895
12719
13591
12074
13367
12075
13369
11941
13441
12304
13330
12489
12549
13247
11987
12066
12197
12178
12241
12318
13347
12855
13339
12020
12033
12968
12058
12532
11976
12814
12181
12189
12405
12238
12367
12853
13045
13111
12827
12883
12828
12885
12128
11980
12183
11981
12182
12040
12460
12796
12011
12091
12090
12481
12852
12901
12307
12501
12738
12832
12739
12830
12226
13273
11991
12359
12615
11992
12360
12616
12166
12219
12713
12167
12220
12714
12013
12246
12012
12245
12223
12462
12005
12089
12198
12055
12221
12338
12619
12076
12379
12371
12505
12372
12504
12072
12966
13047
12274
12430
12540
12696
12478
12666
13033
12043
13000
13408
12306
12695
12559
12552
12149
12254
12289
13239
12150
12255
12290
13240
12117
13363
12118
13365
12101
12348
12011
12035
12706
12011
12035
12902
12402
12435
12126
12127
12141
12142
12870
13442
12488
12499
12833
13246
12613
13295
12251
12442
12131
12134
12312
12642
13328
12031
12127
12389
12007
12663
13387
12038
12741
13299
12192
12458
13266
12130
12347
13312
12604
13004
12050
12109
12600
12171
12316
12989
12634
12061
12569
12062
12570
12186
12286
12754
12317
12609
13267
13283
12076
12097
12174
12405
12285
12337
12588
12157
12253
12468
12636
13316
12137
13320
12269
12558
12826
13267
12564
12726
13334
12029
12252
13042
12722
12872
12879
12093
12388
12528
12231
12278
13016
12258
12335
12378
12281
12068
12635
12060
12851
12916
12137
12896
12208
13145
12104
12166
12345
12167
12346
12754
12163
12237
12532
12434
13044
12098
12720
12105
12271
12291
12551
12470
13410
12384
12602
12094
12466
12153
12185
12853
12209
12347
12724
13018
12179
12568
13055
12095
12126
12465
12253
12567
12092
12410
13106
12486
12566
13326
13505
12095
13368
13370
12492
12555
12493
12556
12283
12407
13014
12799
13317
12101
12136
12508
12824
13063
12315
12876
12274
12333
12600
12764
12873
12875
12882
12282
12356
12788
13398
12597
12681
12596
12680
13316
12221
12629
12886
12186
12561
12881
12209
12210
12919
12673
12922
13026
12113
12364
12652
12480
12550
13129
12205
13282
13336
12786
12917
12785
12918
12139
12130
12168
12142
12141
12447
12781
13214
12251
12613
13574
12139
12293
12811
12223
12636
13578
12137
12453
12810
12494
13309
12260
12436
12580
12527
12329
12352
12523
13439
12133
12146
12356
13503
12930
12972
12684
12967
13284
12931
12971
12218
12915
12122
12141
12511
12142
12512
12631
12681
12632
12680
12136
12205
12725
12424
12485
12925
13047
12163
12496
12884
12923
12239
12176
12464
13127
13403
12465
12389
13361
13406
12870
13097
12452
12839
12247
12218
12364
12282
12379
12866
12937
12858
12943
13056
13316
12880
12948
12892
12940
12999
13357
12611
12781
12400
12865
12454
12855
12164
12411
12535
12651
12165
12412
12536
12618
12245
12288
12246
12287
12215
12234
13279
12173
12740
12300
12242
12340
12790
12243
12341
12791
12268
13010
12441
12498
12589
12280
12534
13348
12185
12275
12676
13034
12932
13355
12611
12292
12562
12172
12557
12242
12625
12243
12626
12254
12255
12184
12467
12197
12483
12513
12867
12950
12373
12233
12912
12597
13391
13404
12424
12729
13115
13346
12606
12334
12189
12468
12572
12194
12360
12778
12193
12359
12777
12239
12768
12275
12454
12459
12741
12265
12466
12443
13063
12373
13362
12267
12325
12555
12266
12326
12556
13265
12325
12326
12301
12355
12544
12598
13276
13269
12209
12249
13072
12248
13073
12723
13211
12392
12748
12761
12475
12529
12623
12924
12639
12781
12840
12366
12898
12672
13103
13262
12302
12302
12985
12595
12973
13139
12756
12782
13303
12277
12993
12232
12433
12729
13006
12293
12314
12313
12431
12303
12576
12671
12756
12564
12835
12431
13361
13406
12401
12756
12271
12335
12551
12588
12921
12715
12977
12611
13354
12386
12451
12656
12654
13117
12427
12735
13436
12416
12444
12276
12867
12351
12719
12674
12478
12506
12760
12318
12808
12411
12581
12412
12582
12305
12992
12312
12545
12634
12353
12690
12354
12691
12941
13229
12558
12804
12281
12807
12338
12498
12296
13059
12295
13060
12551
12567
12608
12461
12491
13227
12429
12587
12920
13289
13326
13508
12914
13136
12357
12380
12790
12358
12381
12791
12401
12370
12369
12687
12558
12981
12728
13101
13237
12720
13133
13075
12368
12609
12300
12351
12532
12670
12345
12451
12400
13094
13126
12750
13102
12933
12905
12346
12574
12463
12500
12575
12652
13069
12459
12485
12779
12290
12383
12585
12289
12382
12584
12713
12714
12329
12567
12621
13357
12574
12457
12729
12789
12403
12688
12404
12689
12428
12959
12390
12944
13305
12343
12741
12586
13352
12849
12422
12576
12699
12657
12414
12501
12579
12309
12988
13085
12395
12745
12330
12614
12694
12716
12376
12668
12714
12375
12667
12713
12348
12483
12483
12927
12826
13468
12440
12628
12417
12678
12418
12679
12645
12783
12935
12991
12936
12990
12448
12646
12669
13138
12555
12556
12336
13342
13446
12995
13263
13393
12469
12619
12398
12860
12727
12913
12334
12342
12421
12560
12367
12899
12396
13275
13123
12364
12431
12406
12657
13400
12382
12581
12584
12383
12582
12585
12386
12545
12676
12881
12409
12894
13269
12376
12473
12520
12668
12375
12472
12519
12667
12367
13489
12731
13341
12537
12538
12365
12603
13087
12454
12699
12359
12456
12777
12360
12455
12778
13347
12952
13009
12953
13008
12724
13039
12600
12541
12899
13364
13366
12505
12697
12504
12698
13361
12809
13414
13435
12683
12871
13224
12440
12608
12628
12405
12572
12411
12456
12535
12412
12455
12536
12667
12668
12413
12602
12630
12591
12737
13046
12421
12634
13119
13120
12467
12579
12744
12863
13306
12550
12573
13026
12543
12544
13125
12542
13022
12463
12765
12560
12589
12808
12509
13012
12614
12751
13375
12517
12977
13077
12646
12669
12913
12961
12546
12547
12695
12715
12574
12945
12469
12905
12947
13270
12447
12946
12535
12630
12536
12579
12722
12771
12823
12822
12653
12897
13003
13098
12477
12869
13243
12439
12490
12761
13090
12457
12471
12439
12732
12793
12865
12497
13001
12941
13323
12868
12623
12612
13362
13002
13354
12866
12460
12955
12534
12448
12587
13138
12642
12762
13091
12635
12643
12717
12580
13302
12560
12571
12558
12705
12824
13011
13027
12736
12805
13303
12530
12948
13226
12939
12580
12732
12510
13294
13036
13074
12706
12521
12522
12616
12615
12795
12622
12829
13293
12471
13360
12961
12564
12704
12711
12685
13226
12630
12787
12694
12857
12571
12502
12562
12561
13054
12519
12581
12520
12582
12832
12892
12940
12576
13303
12629
12747
13078
12516
13268
12975
13078
12806
12908
13041
13070
12539
13315
12876
12523
13296
12753
12541
12705
12524
13046
12828
12872
12973
13212
12671
12793
12913
13053
12569
12790
12819
12570
12791
12820
12495
12599
12858
12608
12850
13057
13153
12618
13141
12594
12949
13385
12800
12801
12941
12747
13078
12788
13000
12856
12552
13586
12519
12521
12520
12522
12557
12566
12593
12586
12598
12733
12775
13184
13399
12594
13061
13147
12853
13293
12702
12703
12702
12839
12703
12810
13031
13411
12694
12779
12860
12969
13013
13006
13280
12771
12994
12736
12890
12961
12649
12665
12998
13507
12880
13071
12690
12700
13366
12691
12701
13364
12559
13589
12934
12566
12609
12859
12720
13151
12720
13353
12571
12688
12707
13370
12689
12708
13368
12614
13114
13356
12728
12970
13093
12786
13039
13278
13104
13327
12819
12820
13314
13517
12795
12844
12909
13020
13116
13285
13333
12844
13030
13498
13154
13322
12584
12585
12716
12716
13130
12811
12711
13107
12623
12606
13055
12595
12607
12744
12784
12887
12605
13069
12628
13107
13327
12592
13426
12704
12660
12970
12988
12834
13369
13367
13311
13397
13516
12854
13291
12651
13087
12663
12915
12825
13101
13477
13247
13422
12758
12804
12893
12787
12744
12850
13053
13227
12639
13013
13118
12840
13064
13504
13143
13359
12674
12702
12639
12703
12816
12817
12845
12776
12787
12850
13363
12728
13365
12895
12955
13015
12806
13376
12835
12897
12996
13081
12725
12762
13140
13081
13151
12874
12886
13215
12658
12776
12886
13038
12818
13343
12734
12735
12774
12656
12924
12929
12712
13359
12674
13004
13045
13067
12852
13094
12864
12925
13178
13334
12783
13210
13230
12729
13110
12809
12869
12781
13011
12745
12890
12948
13448
13102
13343
12896
12928
12929
12748
13230
12732
13076
12756
12984
13052
13261
12908
13124
12768
12765
12831
13105
13207
13034
12784
13017
13019
12978
12979
12910
13380
13031
13386
12910
13378
12880
13071
12935
12957
13018
13052
13080
13067
13050
12889
12943
13170
12758
12780
13266
12907
12780
12848
12964
12965
13365
13363
13267
13369
13367
12738
13409
12739
13162
12982
13084
12971
13124
13035
13128
13425
13529
13057
13065
12929
13114
13146
12810
13032
13313
13467
12753
12779
12793
13152
12926
13150
13318
12951
13439
13350
13401
13237
13007
13318
12834
13427
13141
13099
12937
13159
12995
13263
13002
12862
12991
13338
13207
13336
13349
13356
12944
12965
13060
12865
12860
12893
13132
12907
13055
13324
13002
13143
13137
12897
13008
13349
12830
12832
13029
13086
13145
12839
12979
13012
13059
12959
12964
13073
13413
12974
13041
12825
13020
13297
13428
12954
13035
13049
13280
13324
12819
12820
13075
12805
12878
12857
13214
13379
12786
13402
12824
13396
12898
12978
13022
13072
13030
12982
13445
12946
12992
13014
12947
12989
12993
13025
13097
12933
13001
13016
12950
12985
13010
13418
13007
13215
12908
13377
12949
12883
13144
12885
13089
13112
13159
13337
13384
13065
13281
12921
13069
12967
13285
13109
13462
12828
12879
13430
13576
13092
13122
13162
13050
13246
13161
13221
13003
12906
13021
13068
13258
13291
13572
12909
12882
12975
13148
12963
13102
12987
13137
12912
12938
13358
13382
13137
13158
13024
13086
12866
13271
12878
12957
13112
13047
13175
12899
12963
13157
12904
12916
13057
12922
13130
12926
13007
12914
13024
13052
13220
13210
13065
12938
13444
13415
13119
13380
13037
13036
13389
13056
13177
12926
13058
13029
13420
13630
12932
13441
13631
13030
12962
12994
13034
13412
13094
13120
13386
13079
13113
13142
12911
13026
13048
13118
13085
12994
13083
13058
13123
13220
12935
13146
12936
13351
12926
13179
13204
13145
12953
13119
13130
13099
13198
13020
12998
12999
13088
12942
12952
12953
13124
12986
13107
13133
13070
12994
13141
13324
13149
13337
13196
12960
13144
13040
13062
13427
13159
13131
13332
13400
13090
12986
13005
13025
13110
12990
12991
12996
12962
13087
13412
13228
13433
13034
13194
13412
12976
13019
13116
13129
12973
13101
12972
13081
13008
13009
13019
13096
13378
13084
13147
13043
13074
13121
13109
13383
13418
13148
13360
13050
13203
13420
13643
13052
13204
13641
13074
13091
13061
13077
13051
13149
13272
13199
13114
13356
13048
13210
13045
13331
13132
13015
13157
13310
13205
13214
13372
13116
13044
13038
13138
13110
13146
13138
13129
13202
13206
13042
13344
13103
13157
13130
13087
13100
13222
13095
13160
13332
13111
13182
13038
13094
13117
13146
13108
13152
13154
13120
13205
13091
13104
13443
13185
13221
13194
13063
13111
13331
13421
13395
13057
13083
13115
13085
13199
13150
13139
13108
13161
13180
13134
13183
13264
13417
13084
13208
13399
13098
13422
13182
13184
13132
13205
13127
13137
13264
13096
13126
13085
13131
13106
13298
13392
13640
13149
13108
13452
13125
13400
13103
13440
13143
13455
13131
13135
13423
13131
13135
13154
13201
13155
13160
13642
13179
13387
13448
13433
13127
13140
13122
13158
13228
13328
13557
13181
13203
13216
13218
13338
13202
13212
13211
13126
13216
13125
13278
13284
13201
13217
13127
13403
13548
13450
13216
13217
13182
13206
13387
13353
13140
13162
13403
13152
13160
13150
13155
13209
13328
13410
13208
13213
13360
13385
13415
13213
13215
13445
13338
13218
13376
13645
13158
13181
13203
13317
13161
13179
13204
13222
13443
13646
13205
13636
13647
13188
13190
13242
13185
13186
13189
13187
13192
13196
13195
13242
13191
13193
13200
13194
13197
13199
13198
13180
13341
13207
13417
13393
13404
13637
13208
13187
13190
13419
13193
13195
13200
13198
13217
13377
13638
13639
13425
13212
13213
13215
13214
13396
13218
13218
13220
13223
13224
13222
13223
13224
13224
13226
13227
13228
13228
13230
13231
13372
13371
13233
13286
13235
13237
13429
13429
13239
13241
13243
13245
13364
13366
13249
13251
13253
13255
13257
13261
13626
13260
13298
13430
13262
13264
13265
13266
13266
13268
13282
13270
13272
13274
13275
13301
13302
13277
13401
13278
13402
13280
13323
13416
13434
13283
13285
13287
13289
13290
13291
13325
13291
13293
13295
13297
13437
13426
13437
13430
13629
13300
13340
13374
13302
13319
13304
13306
13308
13310
13311
13312
13312
13398
13314
13509
13316
13318
13320
13345
13322
13324
13326
13328
13330
13332
13333
13334
13334
13336
13338
13340
13342
13446
13432
13345
13346
13347
13347
13349
13351
13352
13353
13402
13353
13355
13357
13419
13360
13362
13364
13366
13368
13390
13370
13372
13375
13440
13375
13441
13377
13379
13380
13381
13381
13383
13384
13385
13385
13387
13389
13390
13394
13391
13395
13391
13393
13394
13431
13395
13395
13398
13408
13398
13407
13400
13402
13404
13644
13406
13408
13409
13410
13410
13449
13413
13415
13416
13417
13417
13435
13419
13420
13421
13421
13423
13424
13425
13425
13427
13428
13429
13429
13431
13433
13434
13435
13435
13437
13438
13439
13439
13441
13443
13444
13445
13445
13447
13450
13451
13449
13450
13451
13451
13457
13461
13482
13454
13459
13479
13455
13463
13483
13466
13468
13457
13470
13487
13472
13473
13461
13499
13525
13460
13466
13469
13526
13473
13509
13463
13500
13531
13468
13502
13500
13501
13536
13471
13508
13510
13535
13475
13503
13499
13506
13537
13477
13504
13511
13534
13471
13472
13539
13474
13505
13478
13478
13494
13507
13477
13512
13516
13510
13544
13562
13563
13518
13513
13517
13483
13514
13526
13501
13549
13564
13565
13492
13519
13520
13533
13487
13525
13557
13524
13548
13496
13521
13522
13540
13511
13545
13566
13567
13506
13550
13568
13569
13523
13538
13490
13494
13512
13490
13495
13507
13496
13516
13492
13498
13528
13532
13497
13527
13497
13513
13515
13513
13496
13529
13541
13530
13498
13517
13518
13509
13533
13502
13532
13532
13575
13518
13504
13516
13540
13507
13508
13533
13578
13541
13517
13541
13573
13540
13577
13515
13542
13620
13518
13527
13588
13528
13589
13530
13590
13529
13591
13543
13621
13531
13542
13570
13537
13584
13534
13587
13585
13586
13594
13593
13536
13638
13574
13579
13554
13637
13539
13551
13639
13555
13592
13556
13636
13539
13543
13571
13595
13576
13572
13627
13628
13546
13551
13609
13547
13554
13606
13558
13597
13601
13559
13596
13600
13570
13644
13553
13555
13612
13552
13556
13611
13558
13635
13560
13598
13603
13561
13599
13602
13559
13634
13561
13633
13560
13632
13571
13645
13583
13582
13580
13581
13573
13604
13572
13626
13574
13630
13575
13608
13576
13629
13577
13605
13578
13631
13579
13613
13646
13647
13594
13593
13586
13585
13591
13590
13589
13588
13584
13614
13592
13617
13587
13607
13595
13610
13621
13620
13627
13628
13605
13607
13616
13604
13610
13615
13613
13614
13618
13608
13617
13619
13616
13622
13615
13623
13619
13625
13618
13624
13622
13629
13640
13623
13626
13641
13624
13631
13642
13625
13630
13643
13636
13642
13638
13643
13637
13640
13639
13641
13645
13644
13646
13647
)


// ************************************************************************* //
