$MeshFormat
2.2 0 8
$EndMeshFormat
$PhysicalNames
12
3 136 "outer_box"
3 137 "inner_box"
3 138 "brick_heater"
3 139 "steel_cylinder"
3 140 "heater_1"
3 141 "heater_2"
3 142 "heater_3"
3 143 "heater_4"
3 144 "heater_5"
3 145 "heater_6"
3 146 "heater_7"
3 147 "heater_8"
$EndPhysicalNames
$Nodes
2499
1 0.05 0.0275 0
2 0.097 0.0275 0
3 0.144 0.0275 0
4 0.191 0.0275 0
5 0.191 0.3325 0
6 0.144 0.3325 0
7 0.097 0.3325 0
8 0.05 0.3325 0
9 0.191 0.0275 0.39
10 0.144 0.0275 0.39
11 0.097 0.0275 0.39
12 0.05 0.0275 0.39
13 0.191 0.3325 0.39
14 0.144 0.3325 0.39
15 0.097 0.3325 0.39
16 0.05 0.3325 0.39
17 0 0.18 0.145
18 0.1 0.18 0.145
19 0 0 0.39
20 0 0.065 0.39
21 0 0.065 0
22 0 0 0
23 0 0.295 0.39
24 0 0.295 0
25 0 0.36 0.39
26 0 0.36 0
27 0.206 0 0
28 0.206 0 0.39
29 0.206 0.36 0.39
30 0.206 0.36 0
31 -0.04 0.065 0.39
32 -0.04 0.065 0
33 -0.04 0.295 0.39
34 -0.04 0.295 0
35 -0.057 0 -0.08
36 -0.057 0 -0.19
37 -0.057 0.36 -0.08
38 -0.057 0.36 -0.19
39 0.263 0 -0.08
40 0.263 0 -0.19
41 0.263 0.36 -0.08
42 0.263 0.36 -0.19
43 -0.14 -0.1 0.47
44 -0.14 -0.1 -0.08
45 -0.14 0.4600000000000001 0.47
46 -0.14 0.4600000000000001 -0.08
47 0.346 -0.1 -0.08
48 0.346 -0.1 0.47
49 0.346 0.4600000000000001 0.47
50 0.346 0.4600000000000001 -0.08
51 0.04590577775458211 0.03874878316951445 0
52 0.03553884310917125 0.04473413567771364 0
53 0.02374999999999996 0.04265544456622765 0
54 0.01605537913624658 0.03348535250819914 0
55 0.01605537913624663 0.02151464749180072 0
56 0.02375000000000008 0.01234455543377228 0
57 0.03553884310917132 0.01026586432228636 0
58 0.04590577775458213 0.01625121683048557 0
59 0.09290577775458211 0.03874878316951445 0
60 0.08253884310917126 0.04473413567771364 0
61 0.07074999999999995 0.04265544456622765 0
62 0.06305537913624658 0.03348535250819914 0
63 0.06305537913624663 0.02151464749180072 0
64 0.07075000000000008 0.01234455543377228 0
65 0.08253884310917133 0.01026586432228636 0
66 0.09290577775458213 0.01625121683048557 0
67 0.1399057777545821 0.03874878316951445 0
68 0.1295388431091712 0.04473413567771364 0
69 0.11775 0.04265544456622765 0
70 0.1100553791362466 0.03348535250819914 0
71 0.1100553791362466 0.02151464749180072 0
72 0.1177500000000001 0.01234455543377228 0
73 0.1295388431091713 0.01026586432228636 0
74 0.1399057777545821 0.01625121683048557 0
75 0.1869057777545821 0.03874878316951445 0
76 0.1765388431091712 0.04473413567771364 0
77 0.16475 0.04265544456622765 0
78 0.1570553791362466 0.03348535250819914 0
79 0.1570553791362466 0.02151464749180072 0
80 0.1647500000000001 0.01234455543377228 0
81 0.1765388431091713 0.01026586432228636 0
82 0.1869057777545821 0.01625121683048557 0
83 0.1869057777545821 0.3437487831695145 0
84 0.1765388431091712 0.3497341356777137 0
85 0.16475 0.3476554445662277 0
86 0.1570553791362466 0.3384853525081992 0
87 0.1570553791362466 0.3265146474918008 0
88 0.1647500000000001 0.3173445554337723 0
89 0.1765388431091713 0.3152658643222864 0
90 0.1869057777545821 0.3212512168304856 0
91 0.1399057777545821 0.3437487831695145 0
92 0.1295388431091712 0.3497341356777137 0
93 0.11775 0.3476554445662277 0
94 0.1100553791362466 0.3384853525081992 0
95 0.1100553791362466 0.3265146474918008 0
96 0.1177500000000001 0.3173445554337723 0
97 0.1295388431091713 0.3152658643222864 0
98 0.1399057777545821 0.3212512168304856 0
99 0.09290577775458211 0.3437487831695145 0
100 0.08253884310917126 0.3497341356777137 0
101 0.07074999999999995 0.3476554445662277 0
102 0.06305537913624658 0.3384853525081992 0
103 0.06305537913624663 0.3265146474918008 0
104 0.07075000000000008 0.3173445554337723 0
105 0.08253884310917133 0.3152658643222864 0
106 0.09290577775458213 0.3212512168304856 0
107 0.04590577775458211 0.3437487831695145 0
108 0.03553884310917125 0.3497341356777137 0
109 0.02374999999999996 0.3476554445662277 0
110 0.01605537913624658 0.3384853525081992 0
111 0.01605537913624663 0.3265146474918008 0
112 0.02375000000000008 0.3173445554337723 0
113 0.03553884310917132 0.3152658643222864 0
114 0.04590577775458213 0.3212512168304856 0
115 0.191 0.0275 0.03900000000000001
116 0.191 0.0275 0.07800000000000001
117 0.191 0.0275 0.117
118 0.191 0.0275 0.156
119 0.191 0.0275 0.195
120 0.191 0.0275 0.234
121 0.191 0.0275 0.273
122 0.191 0.0275 0.3120000000000001
123 0.191 0.0275 0.351
124 0.1869057777545821 0.03874878316951445 0.39
125 0.1765388431091712 0.04473413567771364 0.39
126 0.16475 0.04265544456622765 0.39
127 0.1570553791362466 0.03348535250819914 0.39
128 0.1570553791362466 0.02151464749180072 0.39
129 0.1647500000000001 0.01234455543377228 0.39
130 0.1765388431091713 0.01026586432228636 0.39
131 0.1869057777545821 0.01625121683048557 0.39
132 0.144 0.0275 0.03900000000000001
133 0.144 0.0275 0.07800000000000001
134 0.144 0.0275 0.117
135 0.144 0.0275 0.156
136 0.144 0.0275 0.195
137 0.144 0.0275 0.234
138 0.144 0.0275 0.273
139 0.144 0.0275 0.3120000000000001
140 0.144 0.0275 0.351
141 0.1399057777545821 0.03874878316951445 0.39
142 0.1295388431091712 0.04473413567771364 0.39
143 0.11775 0.04265544456622765 0.39
144 0.1100553791362466 0.03348535250819914 0.39
145 0.1100553791362466 0.02151464749180072 0.39
146 0.1177500000000001 0.01234455543377228 0.39
147 0.1295388431091713 0.01026586432228636 0.39
148 0.1399057777545821 0.01625121683048557 0.39
149 0.097 0.0275 0.03900000000000001
150 0.097 0.0275 0.07800000000000001
151 0.097 0.0275 0.117
152 0.097 0.0275 0.156
153 0.097 0.0275 0.195
154 0.097 0.0275 0.234
155 0.097 0.0275 0.273
156 0.097 0.0275 0.3120000000000001
157 0.097 0.0275 0.351
158 0.09290577775458211 0.03874878316951445 0.39
159 0.08253884310917126 0.04473413567771364 0.39
160 0.07074999999999995 0.04265544456622765 0.39
161 0.06305537913624658 0.03348535250819914 0.39
162 0.06305537913624663 0.02151464749180072 0.39
163 0.07075000000000008 0.01234455543377228 0.39
164 0.08253884310917133 0.01026586432228636 0.39
165 0.09290577775458213 0.01625121683048557 0.39
166 0.05 0.0275 0.03900000000000001
167 0.05 0.0275 0.07800000000000001
168 0.05 0.0275 0.117
169 0.05 0.0275 0.156
170 0.05 0.0275 0.195
171 0.05 0.0275 0.234
172 0.05 0.0275 0.273
173 0.05 0.0275 0.3120000000000001
174 0.05 0.0275 0.351
175 0.04590577775458211 0.03874878316951445 0.39
176 0.03553884310917125 0.04473413567771364 0.39
177 0.02374999999999996 0.04265544456622765 0.39
178 0.01605537913624658 0.03348535250819914 0.39
179 0.01605537913624663 0.02151464749180072 0.39
180 0.02375000000000008 0.01234455543377228 0.39
181 0.03553884310917132 0.01026586432228636 0.39
182 0.04590577775458213 0.01625121683048557 0.39
183 0.191 0.3325 0.03900000000000001
184 0.191 0.3325 0.07800000000000001
185 0.191 0.3325 0.117
186 0.191 0.3325 0.156
187 0.191 0.3325 0.195
188 0.191 0.3325 0.234
189 0.191 0.3325 0.273
190 0.191 0.3325 0.3120000000000001
191 0.191 0.3325 0.351
192 0.1869057777545821 0.3437487831695145 0.39
193 0.1765388431091712 0.3497341356777137 0.39
194 0.16475 0.3476554445662277 0.39
195 0.1570553791362466 0.3384853525081992 0.39
196 0.1570553791362466 0.3265146474918008 0.39
197 0.1647500000000001 0.3173445554337723 0.39
198 0.1765388431091713 0.3152658643222864 0.39
199 0.1869057777545821 0.3212512168304856 0.39
200 0.144 0.3325 0.03900000000000001
201 0.144 0.3325 0.07800000000000001
202 0.144 0.3325 0.117
203 0.144 0.3325 0.156
204 0.144 0.3325 0.195
205 0.144 0.3325 0.234
206 0.144 0.3325 0.273
207 0.144 0.3325 0.3120000000000001
208 0.144 0.3325 0.351
209 0.1399057777545821 0.3437487831695145 0.39
210 0.1295388431091712 0.3497341356777137 0.39
211 0.11775 0.3476554445662277 0.39
212 0.1100553791362466 0.3384853525081992 0.39
213 0.1100553791362466 0.3265146474918008 0.39
214 0.1177500000000001 0.3173445554337723 0.39
215 0.1295388431091713 0.3152658643222864 0.39
216 0.1399057777545821 0.3212512168304856 0.39
217 0.097 0.3325 0.03900000000000001
218 0.097 0.3325 0.07800000000000001
219 0.097 0.3325 0.117
220 0.097 0.3325 0.156
221 0.097 0.3325 0.195
222 0.097 0.3325 0.234
223 0.097 0.3325 0.273
224 0.097 0.3325 0.3120000000000001
225 0.097 0.3325 0.351
226 0.09290577775458211 0.3437487831695145 0.39
227 0.08253884310917126 0.3497341356777137 0.39
228 0.07074999999999995 0.3476554445662277 0.39
229 0.06305537913624658 0.3384853525081992 0.39
230 0.06305537913624663 0.3265146474918008 0.39
231 0.07075000000000008 0.3173445554337723 0.39
232 0.08253884310917133 0.3152658643222864 0.39
233 0.09290577775458213 0.3212512168304856 0.39
234 0.05 0.3325 0.03900000000000001
235 0.05 0.3325 0.07800000000000001
236 0.05 0.3325 0.117
237 0.05 0.3325 0.156
238 0.05 0.3325 0.195
239 0.05 0.3325 0.234
240 0.05 0.3325 0.273
241 0.05 0.3325 0.3120000000000001
242 0.05 0.3325 0.351
243 0.04590577775458211 0.3437487831695145 0.39
244 0.03553884310917125 0.3497341356777137 0.39
245 0.02374999999999996 0.3476554445662277 0.39
246 0.01605537913624658 0.3384853525081992 0.39
247 0.01605537913624663 0.3265146474918008 0.39
248 0.02375000000000008 0.3173445554337723 0.39
249 0.03553884310917132 0.3152658643222864 0.39
250 0.04590577775458213 0.3212512168304856 0.39
251 5.250340394117507e-18 0.1962349734602342 0.1477091379149683
252 4.380609815981502e-18 0.2107106356344834 0.1555429745301803
253 3.036172192119192e-18 0.2218583239131264 0.1676525920938787
254 1.362718200175185e-18 0.2284700132969665 0.1827257256429601
255 -4.584074535092997e-19 0.2298292246503335 0.1991289672736167
256 -2.229857546681543e-18 0.2257886663327528 0.2150847712326486
257 -3.759667974866061e-18 0.2167861955336565 0.2288640785812872
258 -4.882060040714513e-18 0.2037973696518535 0.2389736875603246
259 -5.475405148184915e-18 0.1882297295140365 0.2443180651701362
260 -5.475405148184906e-18 0.1717702704859631 0.2443180651701361
261 -4.882060040714491e-18 0.1562026303481461 0.2389736875603243
262 -3.759667974866028e-18 0.1432138044663432 0.2288640785812869
263 -2.229857546681507e-18 0.134211333667247 0.2150847712326482
264 -4.584074535092704e-19 0.1301707753496665 0.1991289672736164
265 1.362718200175207e-18 0.1315299867030335 0.1827257256429599
266 3.036172192119207e-18 0.1381416760868736 0.1676525920938786
267 4.380609815981509e-18 0.1492893643655167 0.1555429745301803
268 5.250340394117508e-18 0.1637650265397659 0.1477091379149683
269 0.01 0.18 0.145
270 0.02 0.18 0.145
271 0.03 0.18 0.145
272 0.04000000000000001 0.18 0.145
273 0.05 0.18 0.145
274 0.06 0.18 0.145
275 0.06999999999999999 0.18 0.145
276 0.08000000000000002 0.18 0.145
277 0.09000000000000001 0.18 0.145
278 0.1 0.1962349734602342 0.1477091379149683
279 0.1 0.2107106356344834 0.1555429745301803
280 0.1 0.2218583239131264 0.1676525920938787
281 0.1 0.2284700132969665 0.1827257256429601
282 0.1 0.2298292246503335 0.1991289672736167
283 0.1 0.2257886663327528 0.2150847712326486
284 0.1 0.2167861955336565 0.2288640785812872
285 0.1 0.2037973696518535 0.2389736875603246
286 0.1 0.1882297295140365 0.2443180651701362
287 0.1 0.1717702704859631 0.2443180651701361
288 0.1 0.1562026303481461 0.2389736875603243
289 0.1 0.1432138044663432 0.2288640785812869
290 0.1 0.134211333667247 0.2150847712326482
291 0.1 0.1301707753496665 0.1991289672736164
292 0.1 0.1315299867030335 0.1827257256429599
293 0.1 0.1381416760868736 0.1676525920938786
294 0.1 0.1492893643655167 0.1555429745301803
295 0.1 0.1637650265397659 0.1477091379149683
296 0 0.065 0.09749999999999986
297 0 0.065 0.1949999999999996
298 0 0.065 0.2924999999999997
299 0 0 0.09749999999999986
300 0 0 0.1949999999999996
301 0 0 0.2924999999999997
302 0 0.1416666666666668 0.39
303 0 0.2183333333333336 0.39
304 0 0.295 0.09749999999999986
305 0 0.295 0.1949999999999996
306 0 0.295 0.2924999999999997
307 0 0.1416666666666668 0
308 0 0.2183333333333336 0
309 0 0.36 0.09749999999999986
310 0 0.36 0.1949999999999996
311 0 0.36 0.2924999999999997
312 0.06866666666666679 0 0
313 0.1373333333333335 0 0
314 0.206 0 0.09749999999999986
315 0.206 0 0.1949999999999996
316 0.206 0 0.2924999999999997
317 0.06866666666666679 0 0.39
318 0.1373333333333335 0 0.39
319 0.06866666666666679 0.36 0.39
320 0.1373333333333335 0.36 0.39
321 0.206 0.08999999999999976 0.39
322 0.206 0.1799999999999995 0.39
323 0.206 0.2699999999999997 0.39
324 0.06866666666666679 0.36 0
325 0.1373333333333335 0.36 0
326 0.206 0.08999999999999976 0
327 0.206 0.1799999999999995 0
328 0.206 0.2699999999999997 0
329 0.206 0.36 0.09749999999999986
330 0.206 0.36 0.1949999999999996
331 0.206 0.36 0.2924999999999997
332 -0.04 0.065 0.09749999999999986
333 -0.04 0.065 0.1949999999999996
334 -0.04 0.065 0.2924999999999997
335 -0.04 0.1416666666666668 0.39
336 -0.04 0.2183333333333336 0.39
337 -0.04 0.295 0.09749999999999986
338 -0.04 0.295 0.1949999999999996
339 -0.04 0.295 0.2924999999999997
340 -0.04 0.1416666666666668 0
341 -0.04 0.2183333333333336 0
342 -0.057 0 -0.135
343 -0.057 0.08999999999999976 -0.08
344 -0.057 0.1799999999999995 -0.08
345 -0.057 0.2699999999999997 -0.08
346 -0.057 0.36 -0.135
347 -0.057 0.08999999999999976 -0.19
348 -0.057 0.1799999999999995 -0.19
349 -0.057 0.2699999999999997 -0.19
350 0.263 0 -0.135
351 0.263 0.08999999999999976 -0.08
352 0.263 0.1799999999999995 -0.08
353 0.263 0.2699999999999997 -0.08
354 0.263 0.36 -0.135
355 0.263 0.08999999999999976 -0.19
356 0.263 0.1799999999999995 -0.19
357 0.263 0.2699999999999997 -0.19
358 0.02300000000000017 0 -0.19
359 0.1030000000000004 0 -0.19
360 0.1830000000000004 0 -0.19
361 0.02300000000000017 0 -0.08
362 0.1030000000000004 0 -0.08
363 0.1830000000000004 0 -0.08
364 0.02300000000000017 0.36 -0.19
365 0.1030000000000004 0.36 -0.19
366 0.1830000000000004 0.36 -0.19
367 0.02300000000000017 0.36 -0.08
368 0.1030000000000004 0.36 -0.08
369 0.1830000000000004 0.36 -0.08
370 -0.14 -0.1 0.01166666666666652
371 -0.14 -0.1 0.1033333333333331
372 -0.14 -0.1 0.1949999999999998
373 -0.14 -0.1 0.2866666666666666
374 -0.14 -0.1 0.3783333333333333
375 -0.14 -0.006666666666666543 0.47
376 -0.14 0.08666666666666689 0.47
377 -0.14 0.1800000000000002 0.47
378 -0.14 0.2733333333333335 0.47
379 -0.14 0.3666666666666669 0.47
380 -0.14 0.4600000000000001 0.01166666666666652
381 -0.14 0.4600000000000001 0.1033333333333331
382 -0.14 0.4600000000000001 0.1949999999999998
383 -0.14 0.4600000000000001 0.2866666666666666
384 -0.14 0.4600000000000001 0.3783333333333333
385 -0.14 -0.006666666666666543 -0.08
386 -0.14 0.08666666666666689 -0.08
387 -0.14 0.1800000000000002 -0.08
388 -0.14 0.2733333333333335 -0.08
389 -0.14 0.3666666666666669 -0.08
390 -0.04280000000000014 -0.1 -0.08
391 0.05439999999999975 -0.1 -0.08
392 0.1515999999999995 -0.1 -0.08
393 0.2487999999999994 -0.1 -0.08
394 0.346 -0.1 0.01166666666666652
395 0.346 -0.1 0.1033333333333331
396 0.346 -0.1 0.1949999999999998
397 0.346 -0.1 0.2866666666666666
398 0.346 -0.1 0.3783333333333333
399 -0.04280000000000014 -0.1 0.47
400 0.05439999999999975 -0.1 0.47
401 0.1515999999999995 -0.1 0.47
402 0.2487999999999994 -0.1 0.47
403 -0.04280000000000014 0.4600000000000001 0.47
404 0.05439999999999975 0.4600000000000001 0.47
405 0.1515999999999995 0.4600000000000001 0.47
406 0.2487999999999994 0.4600000000000001 0.47
407 0.346 -0.006666666666666543 0.47
408 0.346 0.08666666666666689 0.47
409 0.346 0.1800000000000002 0.47
410 0.346 0.2733333333333335 0.47
411 0.346 0.3666666666666669 0.47
412 -0.04280000000000014 0.4600000000000001 -0.08
413 0.05439999999999975 0.4600000000000001 -0.08
414 0.1515999999999995 0.4600000000000001 -0.08
415 0.2487999999999994 0.4600000000000001 -0.08
416 0.346 0.4600000000000001 0.01166666666666652
417 0.346 0.4600000000000001 0.1033333333333331
418 0.346 0.4600000000000001 0.1949999999999998
419 0.346 0.4600000000000001 0.2866666666666666
420 0.346 0.4600000000000001 0.3783333333333333
421 0.346 -0.006666666666666543 -0.08
422 0.346 0.08666666666666689 -0.08
423 0.346 0.1800000000000002 -0.08
424 0.346 0.2733333333333335 -0.08
425 0.346 0.3666666666666669 -0.08
426 0.03144462086375342 0.02151464749180074 0
427 0.0335185920265639 0.03327672244185947 0
428 0.02375000000000001 0.02749999999999996 0
429 0.0407223104318767 0.0245073237459004 0
430 0.0779508304141871 0.02161399703695627 0
431 0.08207529407164005 0.03300903712737829 0
432 0.08756275385069379 0.02456481641443682 0
433 0.07174974812254029 0.03032036283915067 0
434 0.1320275708767848 0.02495227209288603 0
435 0.1215218526478225 0.03099280382590619 0
436 0.1307906740647268 0.03493057322204134 0
437 0.1223766676947163 0.02035724273065829 0
438 0.17799349237198 0.02372951220797362 0
439 0.1688442222454179 0.03140666139671323 0
440 0.166797111122709 0.02187560841524275 0
441 0.177875 0.03507772228311384 0
442 0.1745185920265639 0.3382767224418595 0
443 0.1724446208637534 0.3265146474918008 0
444 0.16475 0.3325 0
445 0.1817223104318767 0.3295073237459004 0
446 0.1275185920265639 0.3382767224418595 0
447 0.1254446208637534 0.3265146474918008 0
448 0.11775 0.3325 0
449 0.1347223104318767 0.3295073237459004 0
450 0.07484422224541787 0.3364066613967133 0
451 0.08399349237198005 0.3287295122079736 0
452 0.08387499999999999 0.3400777222831138 0
453 0.07279711112270897 0.3268756084152428 0
454 0.02817715670016014 0.336784621697606 0
455 0.03598331906688125 0.3275152113480551 0
456 0.02592667952478434 0.32698504213362 0
457 0.03881763180532397 0.3378017335920328 0
458 0.1869057777545821 0.03874878316951445 0.03900000000000001
459 0.1869057777545821 0.03874878316951445 0.07800000000000001
460 0.1869057777545821 0.03874878316951445 0.117
461 0.1869057777545821 0.03874878316951445 0.156
462 0.1869057777545821 0.03874878316951445 0.195
463 0.1869057777545821 0.03874878316951445 0.234
464 0.1869057777545821 0.03874878316951445 0.273
465 0.1869057777545821 0.03874878316951445 0.3120000000000001
466 0.1869057777545821 0.03874878316951445 0.351
467 0.1765388431091712 0.04473413567771364 0.03900000000000001
468 0.1765388431091712 0.04473413567771364 0.07800000000000001
469 0.1765388431091712 0.04473413567771364 0.117
470 0.1765388431091712 0.04473413567771364 0.156
471 0.1765388431091712 0.04473413567771364 0.195
472 0.1765388431091712 0.04473413567771364 0.234
473 0.1765388431091712 0.04473413567771364 0.273
474 0.1765388431091712 0.04473413567771364 0.3120000000000001
475 0.1765388431091712 0.04473413567771364 0.351
476 0.16475 0.04265544456622765 0.03900000000000001
477 0.16475 0.04265544456622765 0.07800000000000001
478 0.16475 0.04265544456622765 0.117
479 0.16475 0.04265544456622765 0.156
480 0.16475 0.04265544456622765 0.195
481 0.16475 0.04265544456622765 0.234
482 0.16475 0.04265544456622765 0.273
483 0.16475 0.04265544456622765 0.3120000000000001
484 0.16475 0.04265544456622765 0.351
485 0.1570553791362466 0.03348535250819914 0.03900000000000001
486 0.1570553791362466 0.03348535250819914 0.07800000000000001
487 0.1570553791362466 0.03348535250819914 0.117
488 0.1570553791362466 0.03348535250819914 0.156
489 0.1570553791362466 0.03348535250819914 0.195
490 0.1570553791362466 0.03348535250819914 0.234
491 0.1570553791362466 0.03348535250819914 0.273
492 0.1570553791362466 0.03348535250819914 0.3120000000000001
493 0.1570553791362466 0.03348535250819914 0.351
494 0.1570553791362466 0.02151464749180072 0.03900000000000001
495 0.1570553791362466 0.02151464749180072 0.07800000000000001
496 0.1570553791362466 0.02151464749180072 0.117
497 0.1570553791362466 0.02151464749180072 0.156
498 0.1570553791362466 0.02151464749180072 0.195
499 0.1570553791362466 0.02151464749180072 0.234
500 0.1570553791362466 0.02151464749180072 0.273
501 0.1570553791362466 0.02151464749180072 0.3120000000000001
502 0.1570553791362466 0.02151464749180072 0.351
503 0.1647500000000001 0.01234455543377228 0.03900000000000001
504 0.1647500000000001 0.01234455543377228 0.07800000000000001
505 0.1647500000000001 0.01234455543377228 0.117
506 0.1647500000000001 0.01234455543377228 0.156
507 0.1647500000000001 0.01234455543377228 0.195
508 0.1647500000000001 0.01234455543377228 0.234
509 0.1647500000000001 0.01234455543377228 0.273
510 0.1647500000000001 0.01234455543377228 0.3120000000000001
511 0.1647500000000001 0.01234455543377228 0.351
512 0.1765388431091713 0.01026586432228636 0.03900000000000001
513 0.1765388431091713 0.01026586432228636 0.07800000000000001
514 0.1765388431091713 0.01026586432228636 0.117
515 0.1765388431091713 0.01026586432228636 0.156
516 0.1765388431091713 0.01026586432228636 0.195
517 0.1765388431091713 0.01026586432228636 0.234
518 0.1765388431091713 0.01026586432228636 0.273
519 0.1765388431091713 0.01026586432228636 0.3120000000000001
520 0.1765388431091713 0.01026586432228636 0.351
521 0.1869057777545821 0.01625121683048557 0.03900000000000001
522 0.1869057777545821 0.01625121683048557 0.07800000000000001
523 0.1869057777545821 0.01625121683048557 0.117
524 0.1869057777545821 0.01625121683048557 0.156
525 0.1869057777545821 0.01625121683048557 0.195
526 0.1869057777545821 0.01625121683048557 0.234
527 0.1869057777545821 0.01625121683048557 0.273
528 0.1869057777545821 0.01625121683048557 0.3120000000000001
529 0.1869057777545821 0.01625121683048557 0.351
530 0.17799349237198 0.02372951220797362 0.39
531 0.1688442222454179 0.03140666139671323 0.39
532 0.166797111122709 0.02187560841524275 0.39
533 0.177875 0.03507772228311384 0.39
534 0.1399057777545821 0.03874878316951445 0.03900000000000001
535 0.1399057777545821 0.03874878316951445 0.07800000000000001
536 0.1399057777545821 0.03874878316951445 0.117
537 0.1399057777545821 0.03874878316951445 0.156
538 0.1399057777545821 0.03874878316951445 0.195
539 0.1399057777545821 0.03874878316951445 0.234
540 0.1399057777545821 0.03874878316951445 0.273
541 0.1399057777545821 0.03874878316951445 0.3120000000000001
542 0.1399057777545821 0.03874878316951445 0.351
543 0.1295388431091712 0.04473413567771364 0.03900000000000001
544 0.1295388431091712 0.04473413567771364 0.07800000000000001
545 0.1295388431091712 0.04473413567771364 0.117
546 0.1295388431091712 0.04473413567771364 0.156
547 0.1295388431091712 0.04473413567771364 0.195
548 0.1295388431091712 0.04473413567771364 0.234
549 0.1295388431091712 0.04473413567771364 0.273
550 0.1295388431091712 0.04473413567771364 0.3120000000000001
551 0.1295388431091712 0.04473413567771364 0.351
552 0.11775 0.04265544456622765 0.03900000000000001
553 0.11775 0.04265544456622765 0.07800000000000001
554 0.11775 0.04265544456622765 0.117
555 0.11775 0.04265544456622765 0.156
556 0.11775 0.04265544456622765 0.195
557 0.11775 0.04265544456622765 0.234
558 0.11775 0.04265544456622765 0.273
559 0.11775 0.04265544456622765 0.3120000000000001
560 0.11775 0.04265544456622765 0.351
561 0.1100553791362466 0.03348535250819914 0.03900000000000001
562 0.1100553791362466 0.03348535250819914 0.07800000000000001
563 0.1100553791362466 0.03348535250819914 0.117
564 0.1100553791362466 0.03348535250819914 0.156
565 0.1100553791362466 0.03348535250819914 0.195
566 0.1100553791362466 0.03348535250819914 0.234
567 0.1100553791362466 0.03348535250819914 0.273
568 0.1100553791362466 0.03348535250819914 0.3120000000000001
569 0.1100553791362466 0.03348535250819914 0.351
570 0.1100553791362466 0.02151464749180072 0.03900000000000001
571 0.1100553791362466 0.02151464749180072 0.07800000000000001
572 0.1100553791362466 0.02151464749180072 0.117
573 0.1100553791362466 0.02151464749180072 0.156
574 0.1100553791362466 0.02151464749180072 0.195
575 0.1100553791362466 0.02151464749180072 0.234
576 0.1100553791362466 0.02151464749180072 0.273
577 0.1100553791362466 0.02151464749180072 0.3120000000000001
578 0.1100553791362466 0.02151464749180072 0.351
579 0.1177500000000001 0.01234455543377228 0.03900000000000001
580 0.1177500000000001 0.01234455543377228 0.07800000000000001
581 0.1177500000000001 0.01234455543377228 0.117
582 0.1177500000000001 0.01234455543377228 0.156
583 0.1177500000000001 0.01234455543377228 0.195
584 0.1177500000000001 0.01234455543377228 0.234
585 0.1177500000000001 0.01234455543377228 0.273
586 0.1177500000000001 0.01234455543377228 0.3120000000000001
587 0.1177500000000001 0.01234455543377228 0.351
588 0.1295388431091713 0.01026586432228636 0.03900000000000001
589 0.1295388431091713 0.01026586432228636 0.07800000000000001
590 0.1295388431091713 0.01026586432228636 0.117
591 0.1295388431091713 0.01026586432228636 0.156
592 0.1295388431091713 0.01026586432228636 0.195
593 0.1295388431091713 0.01026586432228636 0.234
594 0.1295388431091713 0.01026586432228636 0.273
595 0.1295388431091713 0.01026586432228636 0.3120000000000001
596 0.1295388431091713 0.01026586432228636 0.351
597 0.1399057777545821 0.01625121683048557 0.03900000000000001
598 0.1399057777545821 0.01625121683048557 0.07800000000000001
599 0.1399057777545821 0.01625121683048557 0.117
600 0.1399057777545821 0.01625121683048557 0.156
601 0.1399057777545821 0.01625121683048557 0.195
602 0.1399057777545821 0.01625121683048557 0.234
603 0.1399057777545821 0.01625121683048557 0.273
604 0.1399057777545821 0.01625121683048557 0.3120000000000001
605 0.1399057777545821 0.01625121683048557 0.351
606 0.1320275708767848 0.02495227209288603 0.39
607 0.1215218526478225 0.03099280382590619 0.39
608 0.1307906740647268 0.03493057322204134 0.39
609 0.1223766676947163 0.02035724273065829 0.39
610 0.09290577775458211 0.03874878316951445 0.03900000000000001
611 0.09290577775458211 0.03874878316951445 0.07800000000000001
612 0.09290577775458211 0.03874878316951445 0.117
613 0.09290577775458211 0.03874878316951445 0.156
614 0.09290577775458211 0.03874878316951445 0.195
615 0.09290577775458211 0.03874878316951445 0.234
616 0.09290577775458211 0.03874878316951445 0.273
617 0.09290577775458211 0.03874878316951445 0.3120000000000001
618 0.09290577775458211 0.03874878316951445 0.351
619 0.08253884310917126 0.04473413567771364 0.03900000000000001
620 0.08253884310917126 0.04473413567771364 0.07800000000000001
621 0.08253884310917126 0.04473413567771364 0.117
622 0.08253884310917126 0.04473413567771364 0.156
623 0.08253884310917126 0.04473413567771364 0.195
624 0.08253884310917126 0.04473413567771364 0.234
625 0.08253884310917126 0.04473413567771364 0.273
626 0.08253884310917126 0.04473413567771364 0.3120000000000001
627 0.08253884310917126 0.04473413567771364 0.351
628 0.07074999999999995 0.04265544456622765 0.03900000000000001
629 0.07074999999999995 0.04265544456622765 0.07800000000000001
630 0.07074999999999995 0.04265544456622765 0.117
631 0.07074999999999995 0.04265544456622765 0.156
632 0.07074999999999995 0.04265544456622765 0.195
633 0.07074999999999995 0.04265544456622765 0.234
634 0.07074999999999995 0.04265544456622765 0.273
635 0.07074999999999995 0.04265544456622765 0.3120000000000001
636 0.07074999999999995 0.04265544456622765 0.351
637 0.06305537913624658 0.03348535250819914 0.03900000000000001
638 0.06305537913624658 0.03348535250819914 0.07800000000000001
639 0.06305537913624658 0.03348535250819914 0.117
640 0.06305537913624658 0.03348535250819914 0.156
641 0.06305537913624658 0.03348535250819914 0.195
642 0.06305537913624658 0.03348535250819914 0.234
643 0.06305537913624658 0.03348535250819914 0.273
644 0.06305537913624658 0.03348535250819914 0.3120000000000001
645 0.06305537913624658 0.03348535250819914 0.351
646 0.06305537913624663 0.02151464749180072 0.03900000000000001
647 0.06305537913624663 0.02151464749180072 0.07800000000000001
648 0.06305537913624663 0.02151464749180072 0.117
649 0.06305537913624663 0.02151464749180072 0.156
650 0.06305537913624663 0.02151464749180072 0.195
651 0.06305537913624663 0.02151464749180072 0.234
652 0.06305537913624663 0.02151464749180072 0.273
653 0.06305537913624663 0.02151464749180072 0.3120000000000001
654 0.06305537913624663 0.02151464749180072 0.351
655 0.07075000000000008 0.01234455543377228 0.03900000000000001
656 0.07075000000000008 0.01234455543377228 0.07800000000000001
657 0.07075000000000008 0.01234455543377228 0.117
658 0.07075000000000008 0.01234455543377228 0.156
659 0.07075000000000008 0.01234455543377228 0.195
660 0.07075000000000008 0.01234455543377228 0.234
661 0.07075000000000008 0.01234455543377228 0.273
662 0.07075000000000008 0.01234455543377228 0.3120000000000001
663 0.07075000000000008 0.01234455543377228 0.351
664 0.08253884310917133 0.01026586432228636 0.03900000000000001
665 0.08253884310917133 0.01026586432228636 0.07800000000000001
666 0.08253884310917133 0.01026586432228636 0.117
667 0.08253884310917133 0.01026586432228636 0.156
668 0.08253884310917133 0.01026586432228636 0.195
669 0.08253884310917133 0.01026586432228636 0.234
670 0.08253884310917133 0.01026586432228636 0.273
671 0.08253884310917133 0.01026586432228636 0.3120000000000001
672 0.08253884310917133 0.01026586432228636 0.351
673 0.09290577775458213 0.01625121683048557 0.03900000000000001
674 0.09290577775458213 0.01625121683048557 0.07800000000000001
675 0.09290577775458213 0.01625121683048557 0.117
676 0.09290577775458213 0.01625121683048557 0.156
677 0.09290577775458213 0.01625121683048557 0.195
678 0.09290577775458213 0.01625121683048557 0.234
679 0.09290577775458213 0.01625121683048557 0.273
680 0.09290577775458213 0.01625121683048557 0.3120000000000001
681 0.09290577775458213 0.01625121683048557 0.351
682 0.0779508304141871 0.02161399703695627 0.39
683 0.08207529407164005 0.03300903712737829 0.39
684 0.08756275385069379 0.02456481641443682 0.39
685 0.07174974812254029 0.03032036283915067 0.39
686 0.04590577775458211 0.03874878316951445 0.03900000000000001
687 0.04590577775458211 0.03874878316951445 0.07800000000000001
688 0.04590577775458211 0.03874878316951445 0.117
689 0.04590577775458211 0.03874878316951445 0.156
690 0.04590577775458211 0.03874878316951445 0.195
691 0.04590577775458211 0.03874878316951445 0.234
692 0.04590577775458211 0.03874878316951445 0.273
693 0.04590577775458211 0.03874878316951445 0.3120000000000001
694 0.04590577775458211 0.03874878316951445 0.351
695 0.03553884310917125 0.04473413567771364 0.03900000000000001
696 0.03553884310917125 0.04473413567771364 0.07800000000000001
697 0.03553884310917125 0.04473413567771364 0.117
698 0.03553884310917125 0.04473413567771364 0.156
699 0.03553884310917125 0.04473413567771364 0.195
700 0.03553884310917125 0.04473413567771364 0.234
701 0.03553884310917125 0.04473413567771364 0.273
702 0.03553884310917125 0.04473413567771364 0.3120000000000001
703 0.03553884310917125 0.04473413567771364 0.351
704 0.02374999999999996 0.04265544456622765 0.03900000000000001
705 0.02374999999999996 0.04265544456622765 0.07800000000000001
706 0.02374999999999996 0.04265544456622765 0.117
707 0.02374999999999996 0.04265544456622765 0.156
708 0.02374999999999996 0.04265544456622765 0.195
709 0.02374999999999996 0.04265544456622765 0.234
710 0.02374999999999996 0.04265544456622765 0.273
711 0.02374999999999996 0.04265544456622765 0.3120000000000001
712 0.02374999999999996 0.04265544456622765 0.351
713 0.01605537913624658 0.03348535250819914 0.03900000000000001
714 0.01605537913624658 0.03348535250819914 0.07800000000000001
715 0.01605537913624658 0.03348535250819914 0.117
716 0.01605537913624658 0.03348535250819914 0.156
717 0.01605537913624658 0.03348535250819914 0.195
718 0.01605537913624658 0.03348535250819914 0.234
719 0.01605537913624658 0.03348535250819914 0.273
720 0.01605537913624658 0.03348535250819914 0.3120000000000001
721 0.01605537913624658 0.03348535250819914 0.351
722 0.01605537913624663 0.02151464749180072 0.03900000000000001
723 0.01605537913624663 0.02151464749180072 0.07800000000000001
724 0.01605537913624663 0.02151464749180072 0.117
725 0.01605537913624663 0.02151464749180072 0.156
726 0.01605537913624663 0.02151464749180072 0.195
727 0.01605537913624663 0.02151464749180072 0.234
728 0.01605537913624663 0.02151464749180072 0.273
729 0.01605537913624663 0.02151464749180072 0.3120000000000001
730 0.01605537913624663 0.02151464749180072 0.351
731 0.02375000000000008 0.01234455543377228 0.03900000000000001
732 0.02375000000000008 0.01234455543377228 0.07800000000000001
733 0.02375000000000008 0.01234455543377228 0.117
734 0.02375000000000008 0.01234455543377228 0.156
735 0.02375000000000008 0.01234455543377228 0.195
736 0.02375000000000008 0.01234455543377228 0.234
737 0.02375000000000008 0.01234455543377228 0.273
738 0.02375000000000008 0.01234455543377228 0.3120000000000001
739 0.02375000000000008 0.01234455543377228 0.351
740 0.03553884310917132 0.01026586432228636 0.03900000000000001
741 0.03553884310917132 0.01026586432228636 0.07800000000000001
742 0.03553884310917132 0.01026586432228636 0.117
743 0.03553884310917132 0.01026586432228636 0.156
744 0.03553884310917132 0.01026586432228636 0.195
745 0.03553884310917132 0.01026586432228636 0.234
746 0.03553884310917132 0.01026586432228636 0.273
747 0.03553884310917132 0.01026586432228636 0.3120000000000001
748 0.03553884310917132 0.01026586432228636 0.351
749 0.04590577775458213 0.01625121683048557 0.03900000000000001
750 0.04590577775458213 0.01625121683048557 0.07800000000000001
751 0.04590577775458213 0.01625121683048557 0.117
752 0.04590577775458213 0.01625121683048557 0.156
753 0.04590577775458213 0.01625121683048557 0.195
754 0.04590577775458213 0.01625121683048557 0.234
755 0.04590577775458213 0.01625121683048557 0.273
756 0.04590577775458213 0.01625121683048557 0.3120000000000001
757 0.04590577775458213 0.01625121683048557 0.351
758 0.03144462086375342 0.02151464749180074 0.39
759 0.0335185920265639 0.03327672244185947 0.39
760 0.02375000000000001 0.02749999999999996 0.39
761 0.0407223104318767 0.0245073237459004 0.39
762 0.1869057777545821 0.3437487831695145 0.03900000000000001
763 0.1869057777545821 0.3437487831695145 0.07800000000000001
764 0.1869057777545821 0.3437487831695145 0.117
765 0.1869057777545821 0.3437487831695145 0.156
766 0.1869057777545821 0.3437487831695145 0.195
767 0.1869057777545821 0.3437487831695145 0.234
768 0.1869057777545821 0.3437487831695145 0.273
769 0.1869057777545821 0.3437487831695145 0.3120000000000001
770 0.1869057777545821 0.3437487831695145 0.351
771 0.1765388431091712 0.3497341356777137 0.03900000000000001
772 0.1765388431091712 0.3497341356777137 0.07800000000000001
773 0.1765388431091712 0.3497341356777137 0.117
774 0.1765388431091712 0.3497341356777137 0.156
775 0.1765388431091712 0.3497341356777137 0.195
776 0.1765388431091712 0.3497341356777137 0.234
777 0.1765388431091712 0.3497341356777137 0.273
778 0.1765388431091712 0.3497341356777137 0.3120000000000001
779 0.1765388431091712 0.3497341356777137 0.351
780 0.16475 0.3476554445662277 0.03900000000000001
781 0.16475 0.3476554445662277 0.07800000000000001
782 0.16475 0.3476554445662277 0.117
783 0.16475 0.3476554445662277 0.156
784 0.16475 0.3476554445662277 0.195
785 0.16475 0.3476554445662277 0.234
786 0.16475 0.3476554445662277 0.273
787 0.16475 0.3476554445662277 0.3120000000000001
788 0.16475 0.3476554445662277 0.351
789 0.1570553791362466 0.3384853525081992 0.03900000000000001
790 0.1570553791362466 0.3384853525081992 0.07800000000000001
791 0.1570553791362466 0.3384853525081992 0.117
792 0.1570553791362466 0.3384853525081992 0.156
793 0.1570553791362466 0.3384853525081992 0.195
794 0.1570553791362466 0.3384853525081992 0.234
795 0.1570553791362466 0.3384853525081992 0.273
796 0.1570553791362466 0.3384853525081992 0.3120000000000001
797 0.1570553791362466 0.3384853525081992 0.351
798 0.1570553791362466 0.3265146474918008 0.03900000000000001
799 0.1570553791362466 0.3265146474918008 0.07800000000000001
800 0.1570553791362466 0.3265146474918008 0.117
801 0.1570553791362466 0.3265146474918008 0.156
802 0.1570553791362466 0.3265146474918008 0.195
803 0.1570553791362466 0.3265146474918008 0.234
804 0.1570553791362466 0.3265146474918008 0.273
805 0.1570553791362466 0.3265146474918008 0.3120000000000001
806 0.1570553791362466 0.3265146474918008 0.351
807 0.1647500000000001 0.3173445554337723 0.03900000000000001
808 0.1647500000000001 0.3173445554337723 0.07800000000000001
809 0.1647500000000001 0.3173445554337723 0.117
810 0.1647500000000001 0.3173445554337723 0.156
811 0.1647500000000001 0.3173445554337723 0.195
812 0.1647500000000001 0.3173445554337723 0.234
813 0.1647500000000001 0.3173445554337723 0.273
814 0.1647500000000001 0.3173445554337723 0.3120000000000001
815 0.1647500000000001 0.3173445554337723 0.351
816 0.1765388431091713 0.3152658643222864 0.03900000000000001
817 0.1765388431091713 0.3152658643222864 0.07800000000000001
818 0.1765388431091713 0.3152658643222864 0.117
819 0.1765388431091713 0.3152658643222864 0.156
820 0.1765388431091713 0.3152658643222864 0.195
821 0.1765388431091713 0.3152658643222864 0.234
822 0.1765388431091713 0.3152658643222864 0.273
823 0.1765388431091713 0.3152658643222864 0.3120000000000001
824 0.1765388431091713 0.3152658643222864 0.351
825 0.1869057777545821 0.3212512168304856 0.03900000000000001
826 0.1869057777545821 0.3212512168304856 0.07800000000000001
827 0.1869057777545821 0.3212512168304856 0.117
828 0.1869057777545821 0.3212512168304856 0.156
829 0.1869057777545821 0.3212512168304856 0.195
830 0.1869057777545821 0.3212512168304856 0.234
831 0.1869057777545821 0.3212512168304856 0.273
832 0.1869057777545821 0.3212512168304856 0.3120000000000001
833 0.1869057777545821 0.3212512168304856 0.351
834 0.1745185920265639 0.3382767224418595 0.39
835 0.1724446208637534 0.3265146474918008 0.39
836 0.16475 0.3325 0.39
837 0.1817223104318767 0.3295073237459004 0.39
838 0.1399057777545821 0.3437487831695145 0.03900000000000001
839 0.1399057777545821 0.3437487831695145 0.07800000000000001
840 0.1399057777545821 0.3437487831695145 0.117
841 0.1399057777545821 0.3437487831695145 0.156
842 0.1399057777545821 0.3437487831695145 0.195
843 0.1399057777545821 0.3437487831695145 0.234
844 0.1399057777545821 0.3437487831695145 0.273
845 0.1399057777545821 0.3437487831695145 0.3120000000000001
846 0.1399057777545821 0.3437487831695145 0.351
847 0.1295388431091712 0.3497341356777137 0.03900000000000001
848 0.1295388431091712 0.3497341356777137 0.07800000000000001
849 0.1295388431091712 0.3497341356777137 0.117
850 0.1295388431091712 0.3497341356777137 0.156
851 0.1295388431091712 0.3497341356777137 0.195
852 0.1295388431091712 0.3497341356777137 0.234
853 0.1295388431091712 0.3497341356777137 0.273
854 0.1295388431091712 0.3497341356777137 0.3120000000000001
855 0.1295388431091712 0.3497341356777137 0.351
856 0.11775 0.3476554445662277 0.03900000000000001
857 0.11775 0.3476554445662277 0.07800000000000001
858 0.11775 0.3476554445662277 0.117
859 0.11775 0.3476554445662277 0.156
860 0.11775 0.3476554445662277 0.195
861 0.11775 0.3476554445662277 0.234
862 0.11775 0.3476554445662277 0.273
863 0.11775 0.3476554445662277 0.3120000000000001
864 0.11775 0.3476554445662277 0.351
865 0.1100553791362466 0.3384853525081992 0.03900000000000001
866 0.1100553791362466 0.3384853525081992 0.07800000000000001
867 0.1100553791362466 0.3384853525081992 0.117
868 0.1100553791362466 0.3384853525081992 0.156
869 0.1100553791362466 0.3384853525081992 0.195
870 0.1100553791362466 0.3384853525081992 0.234
871 0.1100553791362466 0.3384853525081992 0.273
872 0.1100553791362466 0.3384853525081992 0.3120000000000001
873 0.1100553791362466 0.3384853525081992 0.351
874 0.1100553791362466 0.3265146474918008 0.03900000000000001
875 0.1100553791362466 0.3265146474918008 0.07800000000000001
876 0.1100553791362466 0.3265146474918008 0.117
877 0.1100553791362466 0.3265146474918008 0.156
878 0.1100553791362466 0.3265146474918008 0.195
879 0.1100553791362466 0.3265146474918008 0.234
880 0.1100553791362466 0.3265146474918008 0.273
881 0.1100553791362466 0.3265146474918008 0.3120000000000001
882 0.1100553791362466 0.3265146474918008 0.351
883 0.1177500000000001 0.3173445554337723 0.03900000000000001
884 0.1177500000000001 0.3173445554337723 0.07800000000000001
885 0.1177500000000001 0.3173445554337723 0.117
886 0.1177500000000001 0.3173445554337723 0.156
887 0.1177500000000001 0.3173445554337723 0.195
888 0.1177500000000001 0.3173445554337723 0.234
889 0.1177500000000001 0.3173445554337723 0.273
890 0.1177500000000001 0.3173445554337723 0.3120000000000001
891 0.1177500000000001 0.3173445554337723 0.351
892 0.1295388431091713 0.3152658643222864 0.03900000000000001
893 0.1295388431091713 0.3152658643222864 0.07800000000000001
894 0.1295388431091713 0.3152658643222864 0.117
895 0.1295388431091713 0.3152658643222864 0.156
896 0.1295388431091713 0.3152658643222864 0.195
897 0.1295388431091713 0.3152658643222864 0.234
898 0.1295388431091713 0.3152658643222864 0.273
899 0.1295388431091713 0.3152658643222864 0.3120000000000001
900 0.1295388431091713 0.3152658643222864 0.351
901 0.1399057777545821 0.3212512168304856 0.03900000000000001
902 0.1399057777545821 0.3212512168304856 0.07800000000000001
903 0.1399057777545821 0.3212512168304856 0.117
904 0.1399057777545821 0.3212512168304856 0.156
905 0.1399057777545821 0.3212512168304856 0.195
906 0.1399057777545821 0.3212512168304856 0.234
907 0.1399057777545821 0.3212512168304856 0.273
908 0.1399057777545821 0.3212512168304856 0.3120000000000001
909 0.1399057777545821 0.3212512168304856 0.351
910 0.1275185920265639 0.3382767224418595 0.39
911 0.1254446208637534 0.3265146474918008 0.39
912 0.11775 0.3325 0.39
913 0.1347223104318767 0.3295073237459004 0.39
914 0.09290577775458211 0.3437487831695145 0.03900000000000001
915 0.09290577775458211 0.3437487831695145 0.07800000000000001
916 0.09290577775458211 0.3437487831695145 0.117
917 0.09290577775458211 0.3437487831695145 0.156
918 0.09290577775458211 0.3437487831695145 0.195
919 0.09290577775458211 0.3437487831695145 0.234
920 0.09290577775458211 0.3437487831695145 0.273
921 0.09290577775458211 0.3437487831695145 0.3120000000000001
922 0.09290577775458211 0.3437487831695145 0.351
923 0.08253884310917126 0.3497341356777137 0.03900000000000001
924 0.08253884310917126 0.3497341356777137 0.07800000000000001
925 0.08253884310917126 0.3497341356777137 0.117
926 0.08253884310917126 0.3497341356777137 0.156
927 0.08253884310917126 0.3497341356777137 0.195
928 0.08253884310917126 0.3497341356777137 0.234
929 0.08253884310917126 0.3497341356777137 0.273
930 0.08253884310917126 0.3497341356777137 0.3120000000000001
931 0.08253884310917126 0.3497341356777137 0.351
932 0.07074999999999995 0.3476554445662277 0.03900000000000001
933 0.07074999999999995 0.3476554445662277 0.07800000000000001
934 0.07074999999999995 0.3476554445662277 0.117
935 0.07074999999999995 0.3476554445662277 0.156
936 0.07074999999999995 0.3476554445662277 0.195
937 0.07074999999999995 0.3476554445662277 0.234
938 0.07074999999999995 0.3476554445662277 0.273
939 0.07074999999999995 0.3476554445662277 0.3120000000000001
940 0.07074999999999995 0.3476554445662277 0.351
941 0.06305537913624658 0.3384853525081992 0.03900000000000001
942 0.06305537913624658 0.3384853525081992 0.07800000000000001
943 0.06305537913624658 0.3384853525081992 0.117
944 0.06305537913624658 0.3384853525081992 0.156
945 0.06305537913624658 0.3384853525081992 0.195
946 0.06305537913624658 0.3384853525081992 0.234
947 0.06305537913624658 0.3384853525081992 0.273
948 0.06305537913624658 0.3384853525081992 0.3120000000000001
949 0.06305537913624658 0.3384853525081992 0.351
950 0.06305537913624663 0.3265146474918008 0.03900000000000001
951 0.06305537913624663 0.3265146474918008 0.07800000000000001
952 0.06305537913624663 0.3265146474918008 0.117
953 0.06305537913624663 0.3265146474918008 0.156
954 0.06305537913624663 0.3265146474918008 0.195
955 0.06305537913624663 0.3265146474918008 0.234
956 0.06305537913624663 0.3265146474918008 0.273
957 0.06305537913624663 0.3265146474918008 0.3120000000000001
958 0.06305537913624663 0.3265146474918008 0.351
959 0.07075000000000008 0.3173445554337723 0.03900000000000001
960 0.07075000000000008 0.3173445554337723 0.07800000000000001
961 0.07075000000000008 0.3173445554337723 0.117
962 0.07075000000000008 0.3173445554337723 0.156
963 0.07075000000000008 0.3173445554337723 0.195
964 0.07075000000000008 0.3173445554337723 0.234
965 0.07075000000000008 0.3173445554337723 0.273
966 0.07075000000000008 0.3173445554337723 0.3120000000000001
967 0.07075000000000008 0.3173445554337723 0.351
968 0.08253884310917133 0.3152658643222864 0.03900000000000001
969 0.08253884310917133 0.3152658643222864 0.07800000000000001
970 0.08253884310917133 0.3152658643222864 0.117
971 0.08253884310917133 0.3152658643222864 0.156
972 0.08253884310917133 0.3152658643222864 0.195
973 0.08253884310917133 0.3152658643222864 0.234
974 0.08253884310917133 0.3152658643222864 0.273
975 0.08253884310917133 0.3152658643222864 0.3120000000000001
976 0.08253884310917133 0.3152658643222864 0.351
977 0.09290577775458213 0.3212512168304856 0.03900000000000001
978 0.09290577775458213 0.3212512168304856 0.07800000000000001
979 0.09290577775458213 0.3212512168304856 0.117
980 0.09290577775458213 0.3212512168304856 0.156
981 0.09290577775458213 0.3212512168304856 0.195
982 0.09290577775458213 0.3212512168304856 0.234
983 0.09290577775458213 0.3212512168304856 0.273
984 0.09290577775458213 0.3212512168304856 0.3120000000000001
985 0.09290577775458213 0.3212512168304856 0.351
986 0.07484422224541787 0.3364066613967133 0.39
987 0.08399349237198005 0.3287295122079736 0.39
988 0.08387499999999999 0.3400777222831138 0.39
989 0.07279711112270897 0.3268756084152428 0.39
990 0.04590577775458211 0.3437487831695145 0.03900000000000001
991 0.04590577775458211 0.3437487831695145 0.07800000000000001
992 0.04590577775458211 0.3437487831695145 0.117
993 0.04590577775458211 0.3437487831695145 0.156
994 0.04590577775458211 0.3437487831695145 0.195
995 0.04590577775458211 0.3437487831695145 0.234
996 0.04590577775458211 0.3437487831695145 0.273
997 0.04590577775458211 0.3437487831695145 0.3120000000000001
998 0.04590577775458211 0.3437487831695145 0.351
999 0.03553884310917125 0.3497341356777137 0.03900000000000001
1000 0.03553884310917125 0.3497341356777137 0.07800000000000001
1001 0.03553884310917125 0.3497341356777137 0.117
1002 0.03553884310917125 0.3497341356777137 0.156
1003 0.03553884310917125 0.3497341356777137 0.195
1004 0.03553884310917125 0.3497341356777137 0.234
1005 0.03553884310917125 0.3497341356777137 0.273
1006 0.03553884310917125 0.3497341356777137 0.3120000000000001
1007 0.03553884310917125 0.3497341356777137 0.351
1008 0.02374999999999996 0.3476554445662277 0.03900000000000001
1009 0.02374999999999996 0.3476554445662277 0.07800000000000001
1010 0.02374999999999996 0.3476554445662277 0.117
1011 0.02374999999999996 0.3476554445662277 0.156
1012 0.02374999999999996 0.3476554445662277 0.195
1013 0.02374999999999996 0.3476554445662277 0.234
1014 0.02374999999999996 0.3476554445662277 0.273
1015 0.02374999999999996 0.3476554445662277 0.3120000000000001
1016 0.02374999999999996 0.3476554445662277 0.351
1017 0.01605537913624658 0.3384853525081992 0.03900000000000001
1018 0.01605537913624658 0.3384853525081992 0.07800000000000001
1019 0.01605537913624658 0.3384853525081992 0.117
1020 0.01605537913624658 0.3384853525081992 0.156
1021 0.01605537913624658 0.3384853525081992 0.195
1022 0.01605537913624658 0.3384853525081992 0.234
1023 0.01605537913624658 0.3384853525081992 0.273
1024 0.01605537913624658 0.3384853525081992 0.3120000000000001
1025 0.01605537913624658 0.3384853525081992 0.351
1026 0.01605537913624663 0.3265146474918008 0.03900000000000001
1027 0.01605537913624663 0.3265146474918008 0.07800000000000001
1028 0.01605537913624663 0.3265146474918008 0.117
1029 0.01605537913624663 0.3265146474918008 0.156
1030 0.01605537913624663 0.3265146474918008 0.195
1031 0.01605537913624663 0.3265146474918008 0.234
1032 0.01605537913624663 0.3265146474918008 0.273
1033 0.01605537913624663 0.3265146474918008 0.3120000000000001
1034 0.01605537913624663 0.3265146474918008 0.351
1035 0.02375000000000008 0.3173445554337723 0.03900000000000001
1036 0.02375000000000008 0.3173445554337723 0.07800000000000001
1037 0.02375000000000008 0.3173445554337723 0.117
1038 0.02375000000000008 0.3173445554337723 0.156
1039 0.02375000000000008 0.3173445554337723 0.195
1040 0.02375000000000008 0.3173445554337723 0.234
1041 0.02375000000000008 0.3173445554337723 0.273
1042 0.02375000000000008 0.3173445554337723 0.3120000000000001
1043 0.02375000000000008 0.3173445554337723 0.351
1044 0.03553884310917132 0.3152658643222864 0.03900000000000001
1045 0.03553884310917132 0.3152658643222864 0.07800000000000001
1046 0.03553884310917132 0.3152658643222864 0.117
1047 0.03553884310917132 0.3152658643222864 0.156
1048 0.03553884310917132 0.3152658643222864 0.195
1049 0.03553884310917132 0.3152658643222864 0.234
1050 0.03553884310917132 0.3152658643222864 0.273
1051 0.03553884310917132 0.3152658643222864 0.3120000000000001
1052 0.03553884310917132 0.3152658643222864 0.351
1053 0.04590577775458213 0.3212512168304856 0.03900000000000001
1054 0.04590577775458213 0.3212512168304856 0.07800000000000001
1055 0.04590577775458213 0.3212512168304856 0.117
1056 0.04590577775458213 0.3212512168304856 0.156
1057 0.04590577775458213 0.3212512168304856 0.195
1058 0.04590577775458213 0.3212512168304856 0.234
1059 0.04590577775458213 0.3212512168304856 0.273
1060 0.04590577775458213 0.3212512168304856 0.3120000000000001
1061 0.04590577775458213 0.3212512168304856 0.351
1062 0.02817715670016014 0.336784621697606 0.39
1063 0.03598331906688125 0.3275152113480551 0.39
1064 0.02592667952478434 0.32698504213362 0.39
1065 0.03881763180532397 0.3378017335920328 0.39
1066 3.423667193960749e-18 0.1633114969705116 0.1641623474020756
1067 -3.787833347932544e-18 0.1916888043265645 0.2291177697085811
1068 1.46377261891067e-18 0.2121464654683145 0.1818155083578376
1069 -9.556403562521827e-19 0.1460091860747826 0.2036076431046351
1070 3.839765349698755e-18 0.185771304473399 0.1604144684038131
1071 -3.388762632979298e-18 0.1554276338496535 0.2255232602622653
1072 -1.934005535848803e-18 0.2072573940798281 0.2124199732211623
1073 1.563743597193063e-18 0.1478895479630935 0.1809150498367567
1074 2.956998213022785e-18 0.2089325321236126 0.1683657278993907
1075 2.135558472866651e-18 0.1962273221864961 0.1757645993147397
1076 5.930706650193039e-20 0.2012532855485759 0.1944658094348029
1077 5.268737418035216e-19 0.185581470154275 0.1902543432254847
1078 -1.216377832722912e-18 0.1910750705195251 0.2059561575083853
1079 -7.57100225618102e-19 0.1753462107252667 0.2018193525879516
1080 6.952069482614979e-19 0.1725165229034926 0.1887381324937283
1081 2.414968213668803e-18 0.176839410377642 0.1732479001056192
1082 -2.590534414204483e-18 0.1803208090770322 0.2183334596450035
1083 1.536053131232219e-19 0.1583553972019262 0.1936164463381123
1084 -6.054652315447687e-19 0.215034753905873 0.2004535459823416
1085 -4.286902819992802e-18 0.1795352722421998 0.2336129878853862
1086 -2.004533344784286e-18 0.1611720282194358 0.2130552312492445
1087 3.712654449137439e-18 0.199575353575645 0.1615593816126184
1088 -2.444913138252471e-18 0.1477414874110623 0.2170218197967741
1089 2.956998213022796e-18 0.1510674678763875 0.1683657278993906
1090 1.868031579871688e-18 0.1616633072155089 0.1781742673459471
1091 3.332038601460077e-19 0.1427909786585005 0.1919987664392161
1092 -3.385134687132362e-18 0.203417299970697 0.2254905826311365
1093 4.095971254914319e-18 0.1739374476722637 0.1581067707652952
1094 -2.513644631147172e-18 0.1954039480633936 0.2176408980483525
1095 -3.771366400143377e-18 0.1674047740370717 0.2289694486287266
1096 0.01000000000000001 0.1962349734602342 0.1477091379149683
1097 0.02000000000000001 0.1962349734602342 0.1477091379149683
1098 0.03000000000000001 0.1962349734602342 0.1477091379149683
1099 0.04000000000000001 0.1962349734602342 0.1477091379149683
1100 0.05000000000000001 0.1962349734602342 0.1477091379149683
1101 0.06 0.1962349734602342 0.1477091379149683
1102 0.06999999999999999 0.1962349734602342 0.1477091379149683
1103 0.08000000000000002 0.1962349734602342 0.1477091379149683
1104 0.09000000000000001 0.1962349734602342 0.1477091379149683
1105 0.01000000000000001 0.2107106356344834 0.1555429745301803
1106 0.02000000000000001 0.2107106356344834 0.1555429745301803
1107 0.03 0.2107106356344834 0.1555429745301803
1108 0.04000000000000001 0.2107106356344834 0.1555429745301803
1109 0.05000000000000001 0.2107106356344834 0.1555429745301803
1110 0.06 0.2107106356344834 0.1555429745301803
1111 0.06999999999999999 0.2107106356344834 0.1555429745301803
1112 0.08000000000000002 0.2107106356344834 0.1555429745301803
1113 0.09000000000000001 0.2107106356344834 0.1555429745301803
1114 0.01000000000000001 0.2218583239131264 0.1676525920938787
1115 0.02000000000000001 0.2218583239131264 0.1676525920938787
1116 0.03 0.2218583239131264 0.1676525920938787
1117 0.04000000000000001 0.2218583239131264 0.1676525920938787
1118 0.05 0.2218583239131264 0.1676525920938787
1119 0.06 0.2218583239131264 0.1676525920938787
1120 0.06999999999999999 0.2218583239131264 0.1676525920938787
1121 0.08000000000000002 0.2218583239131264 0.1676525920938787
1122 0.09000000000000001 0.2218583239131264 0.1676525920938787
1123 0.01 0.2284700132969665 0.1827257256429601
1124 0.02 0.2284700132969665 0.1827257256429601
1125 0.03 0.2284700132969665 0.1827257256429601
1126 0.04000000000000001 0.2284700132969665 0.1827257256429601
1127 0.05 0.2284700132969665 0.1827257256429601
1128 0.06 0.2284700132969665 0.1827257256429601
1129 0.06999999999999999 0.2284700132969665 0.1827257256429601
1130 0.08000000000000002 0.2284700132969665 0.1827257256429601
1131 0.09000000000000001 0.2284700132969665 0.1827257256429601
1132 0.01 0.2298292246503335 0.1991289672736167
1133 0.02 0.2298292246503335 0.1991289672736167
1134 0.03 0.2298292246503335 0.1991289672736167
1135 0.04000000000000001 0.2298292246503335 0.1991289672736167
1136 0.05 0.2298292246503335 0.1991289672736167
1137 0.06 0.2298292246503335 0.1991289672736167
1138 0.06999999999999999 0.2298292246503335 0.1991289672736167
1139 0.08000000000000002 0.2298292246503335 0.1991289672736167
1140 0.09000000000000001 0.2298292246503335 0.1991289672736167
1141 0.01 0.2257886663327528 0.2150847712326486
1142 0.02 0.2257886663327528 0.2150847712326486
1143 0.03 0.2257886663327528 0.2150847712326486
1144 0.04000000000000001 0.2257886663327528 0.2150847712326486
1145 0.05 0.2257886663327528 0.2150847712326486
1146 0.06 0.2257886663327528 0.2150847712326486
1147 0.06999999999999999 0.2257886663327528 0.2150847712326486
1148 0.08000000000000002 0.2257886663327528 0.2150847712326486
1149 0.09000000000000001 0.2257886663327528 0.2150847712326486
1150 0.009999999999999998 0.2167861955336565 0.2288640785812872
1151 0.02 0.2167861955336565 0.2288640785812872
1152 0.03 0.2167861955336565 0.2288640785812872
1153 0.04 0.2167861955336565 0.2288640785812872
1154 0.05 0.2167861955336565 0.2288640785812872
1155 0.05999999999999999 0.2167861955336565 0.2288640785812872
1156 0.06999999999999999 0.2167861955336565 0.2288640785812872
1157 0.08000000000000002 0.2167861955336565 0.2288640785812872
1158 0.09000000000000001 0.2167861955336565 0.2288640785812872
1159 0.009999999999999997 0.2037973696518535 0.2389736875603246
1160 0.02 0.2037973696518535 0.2389736875603246
1161 0.03 0.2037973696518535 0.2389736875603246
1162 0.04 0.2037973696518535 0.2389736875603246
1163 0.05 0.2037973696518535 0.2389736875603246
1164 0.05999999999999999 0.2037973696518535 0.2389736875603246
1165 0.06999999999999999 0.2037973696518535 0.2389736875603246
1166 0.08000000000000002 0.2037973696518535 0.2389736875603246
1167 0.09000000000000001 0.2037973696518535 0.2389736875603246
1168 0.009999999999999997 0.1882297295140365 0.2443180651701362
1169 0.02 0.1882297295140365 0.2443180651701362
1170 0.02999999999999999 0.1882297295140365 0.2443180651701362
1171 0.04 0.1882297295140365 0.2443180651701362
1172 0.05 0.1882297295140365 0.2443180651701362
1173 0.05999999999999999 0.1882297295140365 0.2443180651701362
1174 0.06999999999999999 0.1882297295140365 0.2443180651701362
1175 0.08000000000000002 0.1882297295140365 0.2443180651701362
1176 0.09000000000000001 0.1882297295140365 0.2443180651701362
1177 0.009999999999999997 0.1717702704859631 0.2443180651701361
1178 0.02 0.1717702704859631 0.2443180651701361
1179 0.02999999999999999 0.1717702704859631 0.2443180651701361
1180 0.04 0.1717702704859631 0.2443180651701361
1181 0.05 0.1717702704859631 0.2443180651701361
1182 0.05999999999999999 0.1717702704859631 0.2443180651701361
1183 0.06999999999999999 0.1717702704859631 0.2443180651701361
1184 0.08000000000000002 0.1717702704859631 0.2443180651701361
1185 0.09000000000000001 0.1717702704859631 0.2443180651701361
1186 0.009999999999999997 0.1562026303481461 0.2389736875603243
1187 0.02 0.1562026303481461 0.2389736875603243
1188 0.03 0.1562026303481461 0.2389736875603243
1189 0.04 0.1562026303481461 0.2389736875603243
1190 0.05 0.1562026303481461 0.2389736875603243
1191 0.05999999999999999 0.1562026303481461 0.2389736875603243
1192 0.06999999999999999 0.1562026303481461 0.2389736875603243
1193 0.08000000000000002 0.1562026303481461 0.2389736875603243
1194 0.09000000000000001 0.1562026303481461 0.2389736875603243
1195 0.009999999999999998 0.1432138044663432 0.2288640785812869
1196 0.02 0.1432138044663432 0.2288640785812869
1197 0.03 0.1432138044663432 0.2288640785812869
1198 0.04 0.1432138044663432 0.2288640785812869
1199 0.05 0.1432138044663432 0.2288640785812869
1200 0.05999999999999999 0.1432138044663432 0.2288640785812869
1201 0.06999999999999999 0.1432138044663432 0.2288640785812869
1202 0.08000000000000002 0.1432138044663432 0.2288640785812869
1203 0.09000000000000001 0.1432138044663432 0.2288640785812869
1204 0.01 0.134211333667247 0.2150847712326482
1205 0.02 0.134211333667247 0.2150847712326482
1206 0.03 0.134211333667247 0.2150847712326482
1207 0.04000000000000001 0.134211333667247 0.2150847712326482
1208 0.05 0.134211333667247 0.2150847712326482
1209 0.06 0.134211333667247 0.2150847712326482
1210 0.06999999999999999 0.134211333667247 0.2150847712326482
1211 0.08000000000000002 0.134211333667247 0.2150847712326482
1212 0.09000000000000001 0.134211333667247 0.2150847712326482
1213 0.01 0.1301707753496665 0.1991289672736164
1214 0.02 0.1301707753496665 0.1991289672736164
1215 0.03 0.1301707753496665 0.1991289672736164
1216 0.04000000000000001 0.1301707753496665 0.1991289672736164
1217 0.05 0.1301707753496665 0.1991289672736164
1218 0.06 0.1301707753496665 0.1991289672736164
1219 0.06999999999999999 0.1301707753496665 0.1991289672736164
1220 0.08000000000000002 0.1301707753496665 0.1991289672736164
1221 0.09000000000000001 0.1301707753496665 0.1991289672736164
1222 0.01 0.1315299867030335 0.1827257256429599
1223 0.02 0.1315299867030335 0.1827257256429599
1224 0.03 0.1315299867030335 0.1827257256429599
1225 0.04000000000000001 0.1315299867030335 0.1827257256429599
1226 0.05 0.1315299867030335 0.1827257256429599
1227 0.06 0.1315299867030335 0.1827257256429599
1228 0.06999999999999999 0.1315299867030335 0.1827257256429599
1229 0.08000000000000002 0.1315299867030335 0.1827257256429599
1230 0.09000000000000001 0.1315299867030335 0.1827257256429599
1231 0.01000000000000001 0.1381416760868736 0.1676525920938786
1232 0.02000000000000001 0.1381416760868736 0.1676525920938786
1233 0.03 0.1381416760868736 0.1676525920938786
1234 0.04000000000000001 0.1381416760868736 0.1676525920938786
1235 0.05 0.1381416760868736 0.1676525920938786
1236 0.06 0.1381416760868736 0.1676525920938786
1237 0.06999999999999999 0.1381416760868736 0.1676525920938786
1238 0.08000000000000002 0.1381416760868736 0.1676525920938786
1239 0.09000000000000001 0.1381416760868736 0.1676525920938786
1240 0.01000000000000001 0.1492893643655167 0.1555429745301803
1241 0.02000000000000001 0.1492893643655167 0.1555429745301803
1242 0.03 0.1492893643655167 0.1555429745301803
1243 0.04000000000000001 0.1492893643655167 0.1555429745301803
1244 0.05000000000000001 0.1492893643655167 0.1555429745301803
1245 0.06 0.1492893643655167 0.1555429745301803
1246 0.06999999999999999 0.1492893643655167 0.1555429745301803
1247 0.08000000000000002 0.1492893643655167 0.1555429745301803
1248 0.09000000000000001 0.1492893643655167 0.1555429745301803
1249 0.01000000000000001 0.1637650265397659 0.1477091379149683
1250 0.02000000000000001 0.1637650265397659 0.1477091379149683
1251 0.03000000000000001 0.1637650265397659 0.1477091379149683
1252 0.04000000000000001 0.1637650265397659 0.1477091379149683
1253 0.05000000000000001 0.1637650265397659 0.1477091379149683
1254 0.06 0.1637650265397659 0.1477091379149683
1255 0.06999999999999999 0.1637650265397659 0.1477091379149683
1256 0.08000000000000002 0.1637650265397659 0.1477091379149683
1257 0.09000000000000001 0.1637650265397659 0.1477091379149683
1258 0.1 0.1633114969705116 0.1641623474020756
1259 0.1 0.1916888043265645 0.2291177697085811
1260 0.1 0.2121464654683145 0.1818155083578376
1261 0.1 0.1460091860747826 0.2036076431046351
1262 0.1 0.185771304473399 0.1604144684038131
1263 0.1 0.1554276338496535 0.2255232602622653
1264 0.1 0.2072573940798281 0.2124199732211623
1265 0.1 0.1478895479630935 0.1809150498367567
1266 0.1 0.2089325321236126 0.1683657278993907
1267 0.1 0.1962273221864961 0.1757645993147397
1268 0.1 0.2012532855485759 0.1944658094348029
1269 0.1 0.185581470154275 0.1902543432254847
1270 0.1 0.1910750705195251 0.2059561575083853
1271 0.1 0.1753462107252667 0.2018193525879516
1272 0.1 0.1725165229034926 0.1887381324937283
1273 0.1 0.176839410377642 0.1732479001056192
1274 0.1 0.1803208090770322 0.2183334596450035
1275 0.1 0.1583553972019262 0.1936164463381123
1276 0.1 0.215034753905873 0.2004535459823416
1277 0.1 0.1795352722421998 0.2336129878853862
1278 0.1 0.1611720282194358 0.2130552312492445
1279 0.1 0.199575353575645 0.1615593816126184
1280 0.1 0.1477414874110623 0.2170218197967741
1281 0.1 0.1510674678763875 0.1683657278993906
1282 0.1 0.1616633072155089 0.1781742673459471
1283 0.1 0.1427909786585005 0.1919987664392161
1284 0.1 0.203417299970697 0.2254905826311365
1285 0.1 0.1739374476722637 0.1581067707652952
1286 0.1 0.1954039480633936 0.2176408980483525
1287 0.1 0.1674047740370717 0.2289694486287266
1288 0 0.0325 0.3412499999999998
1289 0 0.0325 0.2437499999999996
1290 0 0.0325 0.04874999999999993
1291 0 0.03250000000000001 0.1462499999999997
1292 0 0.1841885277828377 0.2638738926254698
1293 0 0.1891909923023234 0.1271778495096769
1294 0 0.1266099745128452 0.1630454622266853
1295 0 0.2382178851731864 0.169463267900082
1296 0 0.1434873563546085 0.1328254807815358
1297 0 0.2212500012979642 0.2431469810920946
1298 0 0.1351134854746446 0.2467551708853493
1299 0 0.1708800032964858 0.05415076126943358
1300 0 0.1698128316303266 0.3350111694428071
1301 0 0.2446131187092293 0.2197124508934639
1302 0 0.2498394558251477 0.1880677403565029
1303 0 0.1183729229421309 0.2106060954016296
1304 0 0.1159746395933591 0.05869017244378085
1305 0 0.1473627718533487 0.09491662165837854
1306 0 0.1834730224785082 0.09773659667691227
1307 0 0.2274801523279279 0.07613978132873271
1308 0 0.1678798615880924 0.1242276144235786
1309 0 0.1186923743273326 0.3286429007769717
1310 0 0.1499593930804516 0.2993740894294378
1311 0 0.1819128701355684 0.2942244401290126
1312 0 0.2093324450238733 0.2743093147290556
1313 0 0.2147898120609237 0.3111169233009836
1314 0 0.2480931491083796 0.2692203661893139
1315 0 0.2482740928315872 0.1190146485767997
1316 0 0.2160560267363122 0.1257465398427772
1317 0 0.2324926196202945 0.1476557798839061
1318 0 0.2598040089083693 0.152783572786215
1319 0 0.1084911327407508 0.1328596518194547
1320 0 0.1576575562172412 0.2654949973311573
1321 0 0.1223771940886052 0.2791519011936717
1322 0 0.1048841854977912 0.2368993840009128
1323 0 0.2557835005711349 0.3421280903170564
1324 0 0.0986813697207506 0.1880283374259042
1325 0 0.2013705481306046 0.2541831059857285
1326 0 0.2589533714153154 0.04340994533218315
1327 0 0.1271591464096314 0.2276419000203653
1328 0 0.1191641324453424 0.1889516731083277
1329 0 0.3275 0.3412499999999999
1330 0 0.3275 0.2437499999999996
1331 0 0.3275 0.04874999999999993
1332 0 0.3275 0.1462499999999997
1333 0.1065377239954972 0 0.06392657992544382
1334 0.1039094238983002 0 0.3290926572085299
1335 0.06180219286945288 0 0.2586841570064303
1336 0.07238538395882105 0 0.1505515338474104
1337 0.150438977968186 0 0.2437499999999997
1338 0.1638592955047362 0 0.3325489510297899
1339 0.04687565668688398 0 0.332055362842992
1340 0.1646842643153489 0 0.05788236856077762
1341 0.04517949161252169 0 0.058496873396122
1342 0.151744220612681 0 0.1380488669444798
1343 0.121844222245418 0.3060957722642579 0.39
1344 0.1218442222454178 0.05390422773574212 0.39
1345 0.1376593719253155 0.05203014968389664 0.39
1346 0.1355665603876075 0.06828180677233413 0.39
1347 0.04500241350825232 0.0511321548827666 0.39
1348 0.07300902757586204 0.05793477029968603 0.39
1349 0.1397404260230799 0.3094278227810497 0.39
1350 0.1379944568349994 0.2934191611034367 0.39
1351 0.04500241350825226 0.3088678451172334 0.39
1352 0.07300902757586199 0.3020652297003139 0.39
1353 0.09098903101246286 0.3078390716530702 0.39
1354 0.09126716167043808 0.2895115165731458 0.39
1355 0.09092385010419236 0.05201875435320921 0.39
1356 0.0911911172774558 0.07032261376751353 0.39
1357 0.07043895033292785 0.1792377034846312 0.39
1358 0.1494812681191993 0.2225536521277746 0.39
1359 0.1494803564003022 0.1374120367477746 0.39
1360 0.03237284640360309 0.2979829597855024 0.39
1361 0.05311662973987544 0.2929535262293331 0.39
1362 0.03237284640360325 0.06201704021449757 0.39
1363 0.05311662973987559 0.06704647377066664 0.39
1364 0.1136686436164885 0.2872724098520814 0.39
1365 0.09803698322290545 0.2638817402069016 0.39
1366 0.1131861392348223 0.07284126585693652 0.39
1367 0.0987980378379153 0.09522021486678096 0.39
1368 0.1057023026994426 0.3147895050895278 0.39
1369 0.105637121791172 0.04506832091675157 0.39
1370 0.1520976967958697 0.3167929546348917 0.39
1371 0.1607948218852167 0.3053072138140663 0.39
1372 0.1763839856523172 0.2991577097742913 0.39
1373 0.1645164159506165 0.2812408751993146 0.39
1374 0.1515339345961736 0.04548279885495443 0.39
1375 0.1619033839704243 0.0550748747537604 0.39
1376 0.1764416992136042 0.06086218238355062 0.39
1377 0.1613352823628772 0.07597036099229719 0.39
1378 0.05840566135345329 0.3142974429487705 0.39
1379 0.05840566135345319 0.04570255705122943 0.39
1380 0.1345600084142354 0.2635939762261151 0.39
1381 0.132390747185439 0.09422553579733531 0.39
1382 0.06945039189391385 0.2730686528112685 0.39
1383 0.0380998292050635 0.2660564008285627 0.39
1384 0.06932923608483864 0.232405841265942 0.39
1385 0.06945039189391407 0.08693134718873097 0.39
1386 0.03823308986357074 0.09084852776488168 0.39
1387 0.07202791654963223 0.1218199959663063 0.39
1388 0.1074681538566277 0.1346525811438046 0.39
1389 0.1216729148335497 0.1799999999999994 0.39
1390 0.1072532268346094 0.2236121522185606 0.39
1391 0.1047131515495745 0.05924297229279649 0.39
1392 0.1048114050346635 0.3007594632745491 0.39
1393 0.1495997066484796 0.05936799821144856 0.39
1394 0.1013734668548887 0.3239962554545177 0.39
1395 0.05430534563231308 0.32409950178462 0.39
1396 0.1481237728717505 0.036304233633167 0.39
1397 0.05430534563231301 0.03590049821537999 0.39
1398 0.1013618274069832 0.03597835633231789 0.39
1399 0.1482647134216746 0.3242647047392945 0.39
1400 0.1730016588379196 0.2458372833361439 0.39
1401 0.172237186475715 0.1134479219625144 0.39
1402 0.121844222245418 0.3060957722642579 0
1403 0.1218442222454178 0.05390422773574212 0
1404 0.1376593719253155 0.05203014968389664 0
1405 0.1355665603876075 0.06828180677233413 0
1406 0.04500241350825232 0.0511321548827666 0
1407 0.07300902757586204 0.05793477029968603 0
1408 0.1397404260230799 0.3094278227810497 0
1409 0.1379944568349994 0.2934191611034367 0
1410 0.04500241350825226 0.3088678451172334 0
1411 0.07300902757586199 0.3020652297003139 0
1412 0.09098903101246286 0.3078390716530702 0
1413 0.09126716167043808 0.2895115165731458 0
1414 0.09092385010419236 0.05201875435320921 0
1415 0.0911911172774558 0.07032261376751353 0
1416 0.07043895033292785 0.1792377034846312 0
1417 0.1494812681191993 0.2225536521277746 0
1418 0.1494803564003022 0.1374120367477746 0
1419 0.03237284640360309 0.2979829597855024 0
1420 0.05311662973987544 0.2929535262293331 0
1421 0.03237284640360325 0.06201704021449757 0
1422 0.05311662973987559 0.06704647377066664 0
1423 0.1136686436164885 0.2872724098520814 0
1424 0.09803698322290545 0.2638817402069016 0
1425 0.1131861392348223 0.07284126585693652 0
1426 0.0987980378379153 0.09522021486678096 0
1427 0.1057023026994426 0.3147895050895278 0
1428 0.105637121791172 0.04506832091675157 0
1429 0.1520976967958697 0.3167929546348917 0
1430 0.1607948218852167 0.3053072138140663 0
1431 0.1763839856523172 0.2991577097742913 0
1432 0.1645164159506165 0.2812408751993146 0
1433 0.1515339345961736 0.04548279885495442 0
1434 0.1619033839704243 0.0550748747537604 0
1435 0.1764416992136042 0.06086218238355062 0
1436 0.1613352823628772 0.07597036099229719 0
1437 0.05840566135345329 0.3142974429487705 0
1438 0.05840566135345319 0.04570255705122943 0
1439 0.1345600084142354 0.2635939762261151 0
1440 0.132390747185439 0.09422553579733531 0
1441 0.06945039189391385 0.2730686528112685 0
1442 0.0380998292050635 0.2660564008285627 0
1443 0.06932923608483864 0.232405841265942 0
1444 0.06945039189391407 0.08693134718873097 0
1445 0.03823308986357074 0.09084852776488168 0
1446 0.07202791654963223 0.1218199959663063 0
1447 0.1074681538566277 0.1346525811438046 0
1448 0.1216729148335497 0.1799999999999994 0
1449 0.1072532268346094 0.2236121522185606 0
1450 0.1047131515495745 0.05924297229279649 0
1451 0.1048114050346635 0.3007594632745491 0
1452 0.1495997066484796 0.05936799821144856 0
1453 0.1013734668548887 0.3239962554545177 0
1454 0.1482647134216746 0.3242647047392945 0
1455 0.05430534563231308 0.32409950178462 0
1456 0.1481237728717506 0.03630423363316701 0
1457 0.05430534563231302 0.03590049821537999 0
1458 0.1013618274069832 0.03597835633231789 0
1459 0.1730016588379196 0.2458372833361439 0
1460 0.172237186475715 0.1134479219625144 0
1461 0.1065377239954972 0.36 0.06392657992544382
1462 0.1039094238983003 0.36 0.3290926572085299
1463 0.06180219286945288 0.36 0.2586841570064303
1464 0.07238538395882105 0.36 0.1505515338474104
1465 0.1504389779681859 0.36 0.2437499999999997
1466 0.1638592955047362 0.36 0.3325489510297899
1467 0.04687565668688399 0.36 0.332055362842992
1468 0.1646842643153489 0.36 0.05788236856077762
1469 0.04517949161252169 0.36 0.058496873396122
1470 0.151744220612681 0.36 0.1380488669444798
1471 0.206 0.2665996385619223 0.2478517487858807
1472 0.206 0.08903767887069948 0.1421278442808262
1473 0.206 0.1370403367507667 0.3196530606162213
1474 0.206 0.2229615273447944 0.0702910157208806
1475 0.206 0.09099834134787882 0.2470490973662524
1476 0.206 0.1809316963225771 0.1964664809431296
1477 0.206 0.2663312416737812 0.1431153247897073
1478 0.206 0.1374135456940817 0.06781347190075207
1479 0.206 0.2218615153228434 0.322117882670318
1480 0.206 0.06385009208933233 0.3265404885214502
1481 0.206 0.2958585538037151 0.06218126810211756
1482 0.206 0.06373596423647843 0.06392992001407385
1483 0.206 0.2957229490696862 0.3270747152106267
1484 0.206 0.1794863056611976 0.2666276540763604
1485 0.206 0.1793351379811868 0.1239628275270591
1486 -0.04 0.1824743427780603 0.06595648835228821
1487 -0.04 0.180303653674619 0.3241132033568982
1488 -0.04 0.1308423662640225 0.2581003555784377
1489 -0.04 0.1428990185876504 0.1507581205615321
1490 -0.04 0.2251071208229791 0.2437499999999997
1491 -0.04 0.2328578581425594 0.1336191014856365
1492 -0.04 0.2427488215661864 0.3280726406713795
1493 -0.04 0.2447331068507907 0.05941511796758491
1494 -0.04 0.1165625373210617 0.3309427117870671
1495 -0.04 0.1194080056064755 0.06284292178276403
1496 -0.02 0.065 0.04874999999999993
1497 -0.02 0.065 0.3412499999999998
1498 -0.02 0.065 0.2437499999999996
1499 -0.02 0.065 0.1462499999999997
1500 -0.02 0.295 0.04874999999999993
1501 -0.02 0.295 0.2437499999999996
1502 -0.02 0.295 0.3412499999999998
1503 -0.02 0.295 0.1462499999999997
1504 -0.02 0.1800000000000002 0
1505 -0.02 0.1033333333333334 0
1506 -0.02 0.2566666666666669 0
1507 -0.02 0.1800000000000002 0.39
1508 -0.02 0.1033333333333334 0.39
1509 -0.02 0.2566666666666669 0.39
1510 -0.057 0.1349999999999996 -0.135
1511 -0.057 0.2249999999999995 -0.135
1512 -0.057 0.05515873015873003 -0.135
1513 -0.057 0.3048412698412696 -0.135
1514 0.263 0.1349999999999996 -0.135
1515 0.263 0.2249999999999995 -0.135
1516 0.263 0.05515873015873003 -0.135
1517 0.263 0.3048412698412696 -0.135
1518 0.1544285714285718 0 -0.135
1519 0.05320408163265327 0 -0.135
1520 -0.01268513119533519 0 -0.1153571428571429
1521 -0.01448404151331494 0 -0.159063931695127
1522 0.218918367346939 0 -0.1153571428571429
1523 0.2206200392693523 0 -0.159063931695127
1524 0.1544285714285718 0.36 -0.135
1525 0.05320408163265327 0.36 -0.135
1526 -0.01268513119533519 0.36 -0.1153571428571429
1527 -0.01448404151331494 0.36 -0.159063931695127
1528 0.218918367346939 0.36 -0.1153571428571429
1529 0.2206200392693523 0.36 -0.159063931695127
1530 0.02579124426184386 0.2293335957566299 -0.19
1531 0.1828008099318241 0.1306754980619707 -0.19
1532 0.1410029731514105 0.2956677743697297 -0.19
1533 0.0649969043492212 0.06432375298208576 -0.19
1534 0.1815156059969361 0.2284460364550266 -0.19
1535 0.1023036646675508 0.1814990015842199 -0.19
1536 0.02605116808043272 0.1317691111414283 -0.19
1537 0.1406743149064639 0.06202247186405711 -0.19
1538 0.06575755120988427 0.2979691590161611 -0.19
1539 0.2063037158296694 0.3028227621649512 -0.19
1540 9.614485930814487e-06 0.05721857282470275 -0.19
1541 0.2064950249676577 0.05653959398520551 -0.19
1542 0.0001097590943456572 0.3034605509545581 -0.19
1543 0.1032742078575251 0.2465831134363534 -0.19
1544 0.1033653723870985 0.1140579671267523 -0.19
1545 0.02579124426184386 0.2293335957566299 -0.08
1546 0.1828008099318241 0.1306754980619707 -0.08
1547 0.1410029731514105 0.2956677743697297 -0.08
1548 0.0649969043492212 0.06432375298208576 -0.08
1549 0.1815156059969361 0.2284460364550266 -0.08
1550 0.1023036646675508 0.1814990015842199 -0.08
1551 0.02605116808043272 0.1317691111414283 -0.08
1552 0.1406743149064639 0.06202247186405711 -0.08
1553 0.06575755120988427 0.2979691590161611 -0.08
1554 0.2063037158296694 0.3028227621649512 -0.08
1555 9.614485930814487e-06 0.05721857282470275 -0.08
1556 0.2064950249676577 0.05653959398520551 -0.08
1557 0.0001097590943456572 0.3034605509545581 -0.08
1558 0.1032742078575251 0.2465831134363534 -0.08
1559 0.1033653723870985 0.1140579671267523 -0.08
1560 -0.14 0.1438557267105362 0.3841884016473907
1561 -0.14 0.2257138563265902 0.000270107549649054
1562 -0.14 -0.01697169876770654 0.1420000111036438
1563 -0.14 0.3704160727651451 0.2395917810923529
1564 -0.14 0.3756547887723604 0.066700756079152
1565 -0.14 -0.0298295347723349 0.3312800090041748
1566 -0.14 0.04064524320626761 -0.00312871589369472
1567 -0.14 0.3099018261110655 0.3870896283937614
1568 -0.14 0.1332526450138451 -5.99184263866126e-05
1569 -0.14 0.179634512121293 0.08107280513414473
1570 -0.14 0.27349606488345 0.07832504305823089
1571 -0.14 0.2261487217029018 0.1612172851027589
1572 -0.14 0.1356556280717436 0.1628761929540503
1573 -0.14 0.1837903901275855 0.2398645674978723
1574 -0.14 0.08685599118447532 0.241848249523215
1575 -0.14 0.2712279858727096 0.2397789502760811
1576 -0.14 0.2277587685458552 0.3252459304824193
1577 -0.14 0.07204772682151839 0.08777069059279445
1578 -0.14 0.3188623194940409 0.1557967470458737
1579 -0.14 -0.01076418338595668 0.2362083666169156
1580 -0.14 0.3179320272886681 -0.004648371339973589
1581 -0.14 0.03967458961684819 0.381161860655315
1582 -0.14 -0.02272452288886033 0.05687353153759793
1583 -0.14 0.3830031223717808 0.3283625040762391
1584 -0.14 0.08805941466036515 0.3222123440298736
1585 -0.14 0.2269699309401581 0.4073047921047143
1586 -0.14 0.3969866362063093 0.1520845235101423
1587 -0.14 0.05512088047696678 0.1699969633540432
1588 -0.14 0.3124615551333112 0.3040137588641708
1589 -0.14 -0.03139976983423248 -0.01183431110394588
1590 -0.14 0.3913997698342327 0.4018343111039461
1591 -0.14 0.3927274537496078 -0.01318613472687342
1592 -0.14 -0.03272745374960763 0.4031861347268734
1593 -0.14 0.1562222490952501 0.308679293035062
1594 -0.14 0.03141537602084463 0.2924521984812555
1595 0.1030327044464433 -0.1 0.4039045460817968
1596 -0.0662958123599741 -0.1 0.1488559859335392
1597 0.2722354200170192 -0.1 0.1497184848730284
1598 0.1036331687156851 -0.1 0.00386633450324346
1599 0.2666143379864264 -0.1 0.3324999999999999
1600 -0.06061433798642642 -0.1 0.3324999999999999
1601 0.2025020679625941 -0.1 0.01177671808437
1602 0.1455947679702292 -0.1 0.09499235318461173
1603 0.06138995249873228 -0.1 0.0948598827223217
1604 0.1089591957783022 -0.1 0.1629929201617382
1605 0.004179257636182543 -0.1 0.01192762949169876
1606 -0.06154697641618581 -0.1 0.2407815532111453
1607 0.02341536726800164 -0.1 0.2823061277088544
1608 0.2678246459018909 -0.1 0.2409253030343935
1609 0.1920559437324133 -0.1 0.2823300860127291
1610 0.0264964080280258 -0.1 0.1809111547962751
1611 0.1905528035168757 -0.1 0.1814125778120697
1612 0.1938760006412681 -0.1 0.3868656634236922
1613 0.014319485989569 -0.1 0.3830016210330083
1614 0.2767291502286977 -0.1 0.0613226510845087
1615 -0.07092454051674023 -0.1 0.06050846744026063
1616 0.1077028391743832 -0.1 0.3210466103873037
1617 0.2794577417494913 -0.1 -0.01334921229978067
1618 0.2783045785205653 -0.1 0.4039185761088371
1619 -0.07230457852056531 -0.1 0.403918576108837
1620 -0.07529495090984689 -0.1 -0.01470072684172855
1621 0.1081970929163336 -0.1 0.2351665794798284
1622 -0.01085876420249524 -0.1 0.1014692489345692
1623 0.2175228419390832 -0.1 0.09984455700771773
1624 0.1030231482272818 -0.03416198329364085 0.47
1625 -0.06583485112038776 0.2270558422579396 0.47
1626 0.26890561753735 0.2215921038058614 0.47
1627 0.1034318922073892 0.3760341979966331 0.47
1628 0.2651709623134523 0.04000000000000017 0.47
1629 -0.05917096231345235 0.04000000000000017 0.47
1630 0.1996808717517873 0.3826273915271406 0.47
1631 0.1551180382743432 0.3040563914699069 0.47
1632 0.06290136876052527 0.2868355850891876 0.47
1633 0.1252529886157625 0.222637650375132 0.47
1634 0.004567670432138182 0.3673239770698183 0.47
1635 0.2656081820706531 0.1330251115852283 0.47
1636 0.1905036552746274 0.08995738783441912 0.47
1637 -0.06066147696740545 0.133398195931879 0.47
1638 0.02284914843410513 0.08837733089737812 0.47
1639 0.193882433273296 -0.01660534915433325 0.47
1640 0.01444726533522953 -0.01266652213420064 0.47
1641 0.02850856255932507 0.1960779748385108 0.47
1642 0.255974250595162 0.312162785071699 0.47
1643 0.1961359864481744 0.175357696548723 0.47
1644 -0.07062300561766732 0.317129645955111 0.47
1645 0.1058299295940278 0.05442050573312243 0.47
1646 0.1115133784876703 0.1378047577045476 0.47
1647 0.2754774039475021 0.3905025154443751 0.47
1648 0.2772728156499467 -0.03237230848877791 0.47
1649 -0.07127281564994679 -0.03237230848877785 0.47
1650 -0.07385907523840411 0.3932742717144962 0.47
1651 -0.01085489234282602 0.2756683868809704 0.47
1652 0.2006378226551516 0.2463610932546087 0.47
1653 0.1030327044464434 0.4600000000000001 0.4039045460817969
1654 -0.06629581235997409 0.4600000000000001 0.1488559859335392
1655 0.2722354200170191 0.4600000000000001 0.1497184848730284
1656 0.1036331687156851 0.4600000000000001 0.00386633450324346
1657 0.2666143379864264 0.4600000000000001 0.3324999999999999
1658 -0.06061433798642642 0.4600000000000001 0.3324999999999999
1659 0.2025020679625941 0.4600000000000001 0.01177671808437
1660 0.1455947679702292 0.4600000000000001 0.0949923531846117
1661 0.06138995249873228 0.4600000000000001 0.0948598827223217
1662 0.1089591957783022 0.4600000000000001 0.1629929201617382
1663 0.004179257636182543 0.4600000000000001 0.01192762949169876
1664 -0.06154697641618581 0.4600000000000001 0.2407815532111453
1665 0.02341536726800164 0.4600000000000001 0.2823061277088544
1666 0.2678246459018909 0.4600000000000001 0.2409253030343935
1667 0.1920559437324133 0.4600000000000001 0.2823300860127291
1668 0.02649640802802583 0.4600000000000001 0.1809111547962751
1669 0.1905528035168757 0.4600000000000001 0.1814125778120697
1670 0.1938760006412682 0.4600000000000001 0.3868656634236923
1671 0.01431948598956903 0.4600000000000001 0.3830016210330083
1672 0.2767291502286977 0.4600000000000001 0.0613226510845087
1673 -0.07092454051674023 0.4600000000000001 0.06050846744026063
1674 0.1077028391743832 0.4600000000000001 0.3210466103873037
1675 0.2794577417494913 0.4600000000000001 -0.01334921229978067
1676 0.2783045785205651 0.4600000000000001 0.403918576108837
1677 -0.07230457852056531 0.4600000000000001 0.403918576108837
1678 -0.07529495090984689 0.4600000000000001 -0.01470072684172855
1679 0.1081970929163336 0.4600000000000001 0.2351665794798284
1680 -0.01085876420249524 0.4600000000000001 0.1014692489345692
1681 0.2175228419390832 0.4600000000000001 0.09984455700771773
1682 0.3004839357429718 0.4133333333333336 -0.08
1683 0.3004839357429719 -0.05333333333333325 -0.08
1684 -0.09448393574297174 0.4133333333333334 -0.08
1685 -0.09448393574297195 -0.05333333333333328 -0.08
1686 0.3045 0.1341666666666666 -0.08
1687 -0.0985 0.1341666666666666 -0.08
1688 0.3044999999999999 0.2258333333333332 -0.08
1689 -0.0985 0.2258333333333332 -0.08
1690 0.3045 0.04250000000000004 -0.08
1691 -0.0985 0.04250000000000001 -0.08
1692 0.3045 0.3175 -0.08
1693 -0.0985 0.3175 -0.08
1694 0.346 0.1438557267105362 0.3841884016473907
1695 0.346 0.2257138563265902 0.000270107549649054
1696 0.346 -0.01697169876770654 0.1420000111036438
1697 0.346 0.3704160727651451 0.2395917810923529
1698 0.346 0.3756547887723604 0.066700756079152
1699 0.346 -0.0298295347723349 0.3312800090041748
1700 0.346 0.04064524320626761 -0.00312871589369472
1701 0.346 0.3099018261110655 0.3870896283937614
1702 0.346 0.1332526450138451 -5.99184263866126e-05
1703 0.346 0.179634512121293 0.08107280513414473
1704 0.346 0.27349606488345 0.07832504305823089
1705 0.346 0.2261487217029018 0.1612172851027589
1706 0.346 0.1356556280717436 0.1628761929540503
1707 0.346 0.1837903901275855 0.2398645674978723
1708 0.346 0.08685599118447532 0.241848249523215
1709 0.346 0.2712279858727096 0.2397789502760811
1710 0.346 0.2277587685458552 0.3252459304824193
1711 0.346 0.07204772682151839 0.08777069059279445
1712 0.346 0.3188623194940409 0.1557967470458737
1713 0.346 -0.01076418338595668 0.2362083666169156
1714 0.346 0.3179320272886681 -0.004648371339973589
1715 0.346 0.03967458961684819 0.381161860655315
1716 0.346 -0.02272452288886033 0.05687353153759793
1717 0.346 0.3830031223717808 0.3283625040762391
1718 0.346 0.08805941466036515 0.3222123440298736
1719 0.346 0.2269699309401581 0.4073047921047143
1720 0.346 0.3969866362063093 0.1520845235101423
1721 0.346 0.05512088047696678 0.1699969633540432
1722 0.346 0.3124615551333112 0.3040137588641708
1723 0.346 -0.03139976983423248 -0.01183431110394588
1724 0.346 0.3913997698342327 0.4018343111039461
1725 0.346 0.3927274537496078 -0.01318613472687342
1726 0.346 -0.03272745374960763 0.4031861347268734
1727 0.346 0.1562222490952501 0.308679293035062
1728 0.346 0.03141537602084463 0.2924521984812555
1729 0.17799349237198 0.02372951220797362 0.03900000000000001
1730 0.17799349237198 0.02372951220797362 0.07800000000000001
1731 0.17799349237198 0.02372951220797362 0.117
1732 0.17799349237198 0.02372951220797362 0.156
1733 0.17799349237198 0.02372951220797362 0.195
1734 0.17799349237198 0.02372951220797362 0.234
1735 0.17799349237198 0.02372951220797362 0.273
1736 0.17799349237198 0.02372951220797362 0.3120000000000001
1737 0.17799349237198 0.02372951220797362 0.351
1738 0.1688442222454179 0.03140666139671323 0.03900000000000001
1739 0.1688442222454179 0.03140666139671323 0.07800000000000001
1740 0.1688442222454179 0.03140666139671323 0.117
1741 0.1688442222454179 0.03140666139671323 0.156
1742 0.1688442222454179 0.03140666139671323 0.195
1743 0.1688442222454179 0.03140666139671323 0.234
1744 0.1688442222454179 0.03140666139671323 0.273
1745 0.1688442222454179 0.03140666139671323 0.3120000000000001
1746 0.1688442222454179 0.03140666139671323 0.351
1747 0.166797111122709 0.02187560841524275 0.03900000000000001
1748 0.166797111122709 0.02187560841524275 0.07800000000000001
1749 0.166797111122709 0.02187560841524275 0.117
1750 0.166797111122709 0.02187560841524275 0.156
1751 0.166797111122709 0.02187560841524275 0.195
1752 0.166797111122709 0.02187560841524275 0.234
1753 0.166797111122709 0.02187560841524275 0.273
1754 0.166797111122709 0.02187560841524275 0.3120000000000001
1755 0.166797111122709 0.02187560841524275 0.351
1756 0.177875 0.03507772228311384 0.03900000000000001
1757 0.177875 0.03507772228311384 0.07800000000000001
1758 0.177875 0.03507772228311384 0.117
1759 0.177875 0.03507772228311384 0.156
1760 0.177875 0.03507772228311384 0.195
1761 0.177875 0.03507772228311384 0.234
1762 0.177875 0.03507772228311384 0.273
1763 0.177875 0.03507772228311384 0.3120000000000001
1764 0.177875 0.03507772228311384 0.351
1765 0.1320275708767848 0.02495227209288603 0.03900000000000001
1766 0.1320275708767848 0.02495227209288603 0.07800000000000001
1767 0.1320275708767848 0.02495227209288603 0.117
1768 0.1320275708767848 0.02495227209288603 0.156
1769 0.1320275708767848 0.02495227209288603 0.195
1770 0.1320275708767848 0.02495227209288603 0.234
1771 0.1320275708767848 0.02495227209288603 0.273
1772 0.1320275708767848 0.02495227209288603 0.3120000000000001
1773 0.1320275708767848 0.02495227209288603 0.351
1774 0.1215218526478225 0.03099280382590619 0.03900000000000001
1775 0.1215218526478225 0.03099280382590619 0.07800000000000001
1776 0.1215218526478225 0.03099280382590619 0.117
1777 0.1215218526478225 0.03099280382590619 0.156
1778 0.1215218526478225 0.03099280382590619 0.195
1779 0.1215218526478225 0.03099280382590619 0.234
1780 0.1215218526478225 0.03099280382590619 0.273
1781 0.1215218526478225 0.03099280382590619 0.3120000000000001
1782 0.1215218526478225 0.03099280382590619 0.351
1783 0.1307906740647268 0.03493057322204134 0.03900000000000001
1784 0.1307906740647268 0.03493057322204134 0.07800000000000001
1785 0.1307906740647268 0.03493057322204134 0.117
1786 0.1307906740647268 0.03493057322204134 0.156
1787 0.1307906740647268 0.03493057322204134 0.195
1788 0.1307906740647268 0.03493057322204134 0.234
1789 0.1307906740647268 0.03493057322204134 0.273
1790 0.1307906740647268 0.03493057322204134 0.3120000000000001
1791 0.1307906740647268 0.03493057322204134 0.351
1792 0.1223766676947163 0.02035724273065829 0.03900000000000001
1793 0.1223766676947163 0.02035724273065829 0.07800000000000001
1794 0.1223766676947163 0.02035724273065829 0.117
1795 0.1223766676947163 0.02035724273065829 0.156
1796 0.1223766676947163 0.02035724273065829 0.195
1797 0.1223766676947163 0.02035724273065829 0.234
1798 0.1223766676947163 0.02035724273065829 0.273
1799 0.1223766676947163 0.02035724273065829 0.3120000000000001
1800 0.1223766676947163 0.02035724273065829 0.351
1801 0.0779508304141871 0.02161399703695627 0.03900000000000001
1802 0.0779508304141871 0.02161399703695627 0.07800000000000001
1803 0.0779508304141871 0.02161399703695627 0.117
1804 0.0779508304141871 0.02161399703695627 0.156
1805 0.0779508304141871 0.02161399703695627 0.195
1806 0.0779508304141871 0.02161399703695627 0.234
1807 0.0779508304141871 0.02161399703695627 0.273
1808 0.0779508304141871 0.02161399703695627 0.3120000000000001
1809 0.0779508304141871 0.02161399703695627 0.351
1810 0.08207529407164005 0.03300903712737829 0.03900000000000001
1811 0.08207529407164005 0.03300903712737829 0.07800000000000001
1812 0.08207529407164005 0.03300903712737829 0.117
1813 0.08207529407164005 0.03300903712737829 0.156
1814 0.08207529407164005 0.03300903712737829 0.195
1815 0.08207529407164005 0.03300903712737829 0.234
1816 0.08207529407164005 0.03300903712737829 0.273
1817 0.08207529407164005 0.03300903712737829 0.3120000000000001
1818 0.08207529407164005 0.03300903712737829 0.351
1819 0.08756275385069379 0.02456481641443682 0.03900000000000001
1820 0.08756275385069379 0.02456481641443682 0.07800000000000001
1821 0.08756275385069379 0.02456481641443682 0.117
1822 0.08756275385069379 0.02456481641443682 0.156
1823 0.08756275385069379 0.02456481641443682 0.195
1824 0.08756275385069379 0.02456481641443682 0.234
1825 0.08756275385069379 0.02456481641443682 0.273
1826 0.08756275385069379 0.02456481641443682 0.3120000000000001
1827 0.08756275385069379 0.02456481641443682 0.351
1828 0.07174974812254029 0.03032036283915067 0.03900000000000001
1829 0.07174974812254029 0.03032036283915067 0.07800000000000001
1830 0.07174974812254029 0.03032036283915067 0.117
1831 0.07174974812254029 0.03032036283915067 0.156
1832 0.07174974812254029 0.03032036283915067 0.195
1833 0.07174974812254029 0.03032036283915067 0.234
1834 0.07174974812254029 0.03032036283915067 0.273
1835 0.07174974812254029 0.03032036283915067 0.3120000000000001
1836 0.07174974812254029 0.03032036283915067 0.351
1837 0.03144462086375342 0.02151464749180074 0.03900000000000001
1838 0.03144462086375342 0.02151464749180074 0.07800000000000001
1839 0.03144462086375342 0.02151464749180074 0.117
1840 0.03144462086375342 0.02151464749180074 0.156
1841 0.03144462086375342 0.02151464749180074 0.195
1842 0.03144462086375342 0.02151464749180074 0.234
1843 0.03144462086375342 0.02151464749180074 0.273
1844 0.03144462086375342 0.02151464749180074 0.3120000000000001
1845 0.03144462086375342 0.02151464749180074 0.351
1846 0.0335185920265639 0.03327672244185947 0.03900000000000001
1847 0.0335185920265639 0.03327672244185947 0.07800000000000001
1848 0.0335185920265639 0.03327672244185947 0.117
1849 0.0335185920265639 0.03327672244185947 0.156
1850 0.0335185920265639 0.03327672244185947 0.195
1851 0.0335185920265639 0.03327672244185947 0.234
1852 0.0335185920265639 0.03327672244185947 0.273
1853 0.0335185920265639 0.03327672244185947 0.3120000000000001
1854 0.0335185920265639 0.03327672244185947 0.351
1855 0.02375000000000001 0.02749999999999996 0.03900000000000001
1856 0.02375000000000001 0.02749999999999996 0.07800000000000001
1857 0.02375000000000001 0.02749999999999996 0.117
1858 0.02375000000000001 0.02749999999999996 0.156
1859 0.02375000000000001 0.02749999999999996 0.195
1860 0.02375000000000001 0.02749999999999996 0.234
1861 0.02375000000000001 0.02749999999999996 0.273
1862 0.02375000000000001 0.02749999999999996 0.3120000000000001
1863 0.02375000000000001 0.02749999999999996 0.351
1864 0.0407223104318767 0.0245073237459004 0.03900000000000001
1865 0.0407223104318767 0.0245073237459004 0.07800000000000001
1866 0.0407223104318767 0.0245073237459004 0.117
1867 0.0407223104318767 0.0245073237459004 0.156
1868 0.0407223104318767 0.0245073237459004 0.195
1869 0.0407223104318767 0.0245073237459004 0.234
1870 0.0407223104318767 0.0245073237459004 0.273
1871 0.0407223104318767 0.0245073237459004 0.3120000000000001
1872 0.0407223104318767 0.0245073237459004 0.351
1873 0.1745185920265639 0.3382767224418595 0.03900000000000001
1874 0.1745185920265639 0.3382767224418595 0.07800000000000001
1875 0.1745185920265639 0.3382767224418595 0.117
1876 0.1745185920265639 0.3382767224418595 0.156
1877 0.1745185920265639 0.3382767224418595 0.195
1878 0.1745185920265639 0.3382767224418595 0.234
1879 0.1745185920265639 0.3382767224418595 0.273
1880 0.1745185920265639 0.3382767224418595 0.3120000000000001
1881 0.1745185920265639 0.3382767224418595 0.351
1882 0.1724446208637534 0.3265146474918008 0.03900000000000001
1883 0.1724446208637534 0.3265146474918008 0.07800000000000001
1884 0.1724446208637534 0.3265146474918008 0.117
1885 0.1724446208637534 0.3265146474918008 0.156
1886 0.1724446208637534 0.3265146474918008 0.195
1887 0.1724446208637534 0.3265146474918008 0.234
1888 0.1724446208637534 0.3265146474918008 0.273
1889 0.1724446208637534 0.3265146474918008 0.3120000000000001
1890 0.1724446208637534 0.3265146474918008 0.351
1891 0.16475 0.3325 0.03900000000000001
1892 0.16475 0.3325 0.07800000000000001
1893 0.16475 0.3325 0.117
1894 0.16475 0.3325 0.156
1895 0.16475 0.3325 0.195
1896 0.16475 0.3325 0.234
1897 0.16475 0.3325 0.273
1898 0.16475 0.3325 0.3120000000000001
1899 0.16475 0.3325 0.351
1900 0.1817223104318767 0.3295073237459004 0.03900000000000001
1901 0.1817223104318767 0.3295073237459004 0.07800000000000001
1902 0.1817223104318767 0.3295073237459004 0.117
1903 0.1817223104318767 0.3295073237459004 0.156
1904 0.1817223104318767 0.3295073237459004 0.195
1905 0.1817223104318767 0.3295073237459004 0.234
1906 0.1817223104318767 0.3295073237459004 0.273
1907 0.1817223104318767 0.3295073237459004 0.3120000000000001
1908 0.1817223104318767 0.3295073237459004 0.351
1909 0.1275185920265639 0.3382767224418595 0.03900000000000001
1910 0.1275185920265639 0.3382767224418595 0.07800000000000001
1911 0.1275185920265639 0.3382767224418595 0.117
1912 0.1275185920265639 0.3382767224418595 0.156
1913 0.1275185920265639 0.3382767224418595 0.195
1914 0.1275185920265639 0.3382767224418595 0.234
1915 0.1275185920265639 0.3382767224418595 0.273
1916 0.1275185920265639 0.3382767224418595 0.3120000000000001
1917 0.1275185920265639 0.3382767224418595 0.351
1918 0.1254446208637534 0.3265146474918008 0.03900000000000001
1919 0.1254446208637534 0.3265146474918008 0.07800000000000001
1920 0.1254446208637534 0.3265146474918008 0.117
1921 0.1254446208637534 0.3265146474918008 0.156
1922 0.1254446208637534 0.3265146474918008 0.195
1923 0.1254446208637534 0.3265146474918008 0.234
1924 0.1254446208637534 0.3265146474918008 0.273
1925 0.1254446208637534 0.3265146474918008 0.3120000000000001
1926 0.1254446208637534 0.3265146474918008 0.351
1927 0.11775 0.3325 0.03900000000000001
1928 0.11775 0.3325 0.07800000000000001
1929 0.11775 0.3325 0.117
1930 0.11775 0.3325 0.156
1931 0.11775 0.3325 0.195
1932 0.11775 0.3325 0.234
1933 0.11775 0.3325 0.273
1934 0.11775 0.3325 0.3120000000000001
1935 0.11775 0.3325 0.351
1936 0.1347223104318767 0.3295073237459004 0.03900000000000001
1937 0.1347223104318767 0.3295073237459004 0.07800000000000001
1938 0.1347223104318767 0.3295073237459004 0.117
1939 0.1347223104318767 0.3295073237459004 0.156
1940 0.1347223104318767 0.3295073237459004 0.195
1941 0.1347223104318767 0.3295073237459004 0.234
1942 0.1347223104318767 0.3295073237459004 0.273
1943 0.1347223104318767 0.3295073237459004 0.3120000000000001
1944 0.1347223104318767 0.3295073237459004 0.351
1945 0.07484422224541787 0.3364066613967133 0.03900000000000001
1946 0.07484422224541787 0.3364066613967133 0.07800000000000001
1947 0.07484422224541787 0.3364066613967133 0.117
1948 0.07484422224541787 0.3364066613967133 0.156
1949 0.07484422224541787 0.3364066613967133 0.195
1950 0.07484422224541787 0.3364066613967133 0.234
1951 0.07484422224541787 0.3364066613967133 0.273
1952 0.07484422224541787 0.3364066613967133 0.3120000000000001
1953 0.07484422224541787 0.3364066613967133 0.351
1954 0.08399349237198005 0.3287295122079736 0.03900000000000001
1955 0.08399349237198005 0.3287295122079736 0.07800000000000001
1956 0.08399349237198005 0.3287295122079736 0.117
1957 0.08399349237198005 0.3287295122079736 0.156
1958 0.08399349237198005 0.3287295122079736 0.195
1959 0.08399349237198005 0.3287295122079736 0.234
1960 0.08399349237198005 0.3287295122079736 0.273
1961 0.08399349237198005 0.3287295122079736 0.3120000000000001
1962 0.08399349237198005 0.3287295122079736 0.351
1963 0.08387499999999999 0.3400777222831138 0.03900000000000001
1964 0.08387499999999999 0.3400777222831138 0.07800000000000001
1965 0.08387499999999999 0.3400777222831138 0.117
1966 0.08387499999999999 0.3400777222831138 0.156
1967 0.08387499999999999 0.3400777222831138 0.195
1968 0.08387499999999999 0.3400777222831138 0.234
1969 0.08387499999999999 0.3400777222831138 0.273
1970 0.08387499999999999 0.3400777222831138 0.3120000000000001
1971 0.08387499999999999 0.3400777222831138 0.351
1972 0.07279711112270897 0.3268756084152428 0.03900000000000001
1973 0.07279711112270897 0.3268756084152428 0.07800000000000001
1974 0.07279711112270897 0.3268756084152428 0.117
1975 0.07279711112270897 0.3268756084152428 0.156
1976 0.07279711112270897 0.3268756084152428 0.195
1977 0.07279711112270897 0.3268756084152428 0.234
1978 0.07279711112270897 0.3268756084152428 0.273
1979 0.07279711112270897 0.3268756084152428 0.3120000000000001
1980 0.07279711112270897 0.3268756084152428 0.351
1981 0.02817715670016014 0.336784621697606 0.03900000000000001
1982 0.02817715670016014 0.336784621697606 0.07800000000000001
1983 0.02817715670016014 0.336784621697606 0.117
1984 0.02817715670016014 0.336784621697606 0.156
1985 0.02817715670016014 0.336784621697606 0.195
1986 0.02817715670016014 0.336784621697606 0.234
1987 0.02817715670016014 0.336784621697606 0.273
1988 0.02817715670016014 0.336784621697606 0.3120000000000001
1989 0.02817715670016014 0.336784621697606 0.351
1990 0.03598331906688125 0.3275152113480551 0.03900000000000001
1991 0.03598331906688125 0.3275152113480551 0.07800000000000001
1992 0.03598331906688125 0.3275152113480551 0.117
1993 0.03598331906688125 0.3275152113480551 0.156
1994 0.03598331906688125 0.3275152113480551 0.195
1995 0.03598331906688125 0.3275152113480551 0.234
1996 0.03598331906688125 0.3275152113480551 0.273
1997 0.03598331906688125 0.3275152113480551 0.3120000000000001
1998 0.03598331906688125 0.3275152113480551 0.351
1999 0.02592667952478434 0.32698504213362 0.03900000000000001
2000 0.02592667952478434 0.32698504213362 0.07800000000000001
2001 0.02592667952478434 0.32698504213362 0.117
2002 0.02592667952478434 0.32698504213362 0.156
2003 0.02592667952478434 0.32698504213362 0.195
2004 0.02592667952478434 0.32698504213362 0.234
2005 0.02592667952478434 0.32698504213362 0.273
2006 0.02592667952478434 0.32698504213362 0.3120000000000001
2007 0.02592667952478434 0.32698504213362 0.351
2008 0.03881763180532397 0.3378017335920328 0.03900000000000001
2009 0.03881763180532397 0.3378017335920328 0.07800000000000001
2010 0.03881763180532397 0.3378017335920328 0.117
2011 0.03881763180532397 0.3378017335920328 0.156
2012 0.03881763180532397 0.3378017335920328 0.195
2013 0.03881763180532397 0.3378017335920328 0.234
2014 0.03881763180532397 0.3378017335920328 0.273
2015 0.03881763180532397 0.3378017335920328 0.3120000000000001
2016 0.03881763180532397 0.3378017335920328 0.351
2017 0.01000000000000001 0.1633114969705116 0.1641623474020756
2018 0.02000000000000001 0.1633114969705116 0.1641623474020756
2019 0.03 0.1633114969705116 0.1641623474020756
2020 0.04000000000000001 0.1633114969705116 0.1641623474020756
2021 0.05 0.1633114969705116 0.1641623474020756
2022 0.06 0.1633114969705116 0.1641623474020756
2023 0.06999999999999999 0.1633114969705116 0.1641623474020756
2024 0.08000000000000002 0.1633114969705116 0.1641623474020756
2025 0.09000000000000001 0.1633114969705116 0.1641623474020756
2026 0.009999999999999998 0.1916888043265645 0.2291177697085811
2027 0.02 0.1916888043265645 0.2291177697085811
2028 0.03 0.1916888043265645 0.2291177697085811
2029 0.04 0.1916888043265645 0.2291177697085811
2030 0.05 0.1916888043265645 0.2291177697085811
2031 0.05999999999999999 0.1916888043265645 0.2291177697085811
2032 0.06999999999999999 0.1916888043265645 0.2291177697085811
2033 0.08000000000000002 0.1916888043265645 0.2291177697085811
2034 0.09000000000000001 0.1916888043265645 0.2291177697085811
2035 0.01 0.2121464654683145 0.1818155083578376
2036 0.02 0.2121464654683145 0.1818155083578376
2037 0.03 0.2121464654683145 0.1818155083578376
2038 0.04000000000000001 0.2121464654683145 0.1818155083578376
2039 0.05 0.2121464654683145 0.1818155083578376
2040 0.06 0.2121464654683145 0.1818155083578376
2041 0.06999999999999999 0.2121464654683145 0.1818155083578376
2042 0.08000000000000002 0.2121464654683145 0.1818155083578376
2043 0.09000000000000001 0.2121464654683145 0.1818155083578376
2044 0.01 0.1460091860747826 0.2036076431046351
2045 0.02 0.1460091860747826 0.2036076431046351
2046 0.03 0.1460091860747826 0.2036076431046351
2047 0.04000000000000001 0.1460091860747826 0.2036076431046351
2048 0.05 0.1460091860747826 0.2036076431046351
2049 0.06 0.1460091860747826 0.2036076431046351
2050 0.06999999999999999 0.1460091860747826 0.2036076431046351
2051 0.08000000000000002 0.1460091860747826 0.2036076431046351
2052 0.09000000000000001 0.1460091860747826 0.2036076431046351
2053 0.01000000000000001 0.185771304473399 0.1604144684038131
2054 0.02000000000000001 0.185771304473399 0.1604144684038131
2055 0.03 0.185771304473399 0.1604144684038131
2056 0.04000000000000001 0.185771304473399 0.1604144684038131
2057 0.05000000000000001 0.185771304473399 0.1604144684038131
2058 0.06 0.185771304473399 0.1604144684038131
2059 0.06999999999999999 0.185771304473399 0.1604144684038131
2060 0.08000000000000002 0.185771304473399 0.1604144684038131
2061 0.09000000000000001 0.185771304473399 0.1604144684038131
2062 0.009999999999999998 0.1554276338496535 0.2255232602622653
2063 0.02 0.1554276338496535 0.2255232602622653
2064 0.03 0.1554276338496535 0.2255232602622653
2065 0.04000000000000001 0.1554276338496535 0.2255232602622653
2066 0.05 0.1554276338496535 0.2255232602622653
2067 0.06 0.1554276338496535 0.2255232602622653
2068 0.06999999999999999 0.1554276338496535 0.2255232602622653
2069 0.08000000000000002 0.1554276338496535 0.2255232602622653
2070 0.09000000000000001 0.1554276338496535 0.2255232602622653
2071 0.01 0.2072573940798281 0.2124199732211623
2072 0.02 0.2072573940798281 0.2124199732211623
2073 0.03 0.2072573940798281 0.2124199732211623
2074 0.04000000000000001 0.2072573940798281 0.2124199732211623
2075 0.05 0.2072573940798281 0.2124199732211623
2076 0.06 0.2072573940798281 0.2124199732211623
2077 0.06999999999999999 0.2072573940798281 0.2124199732211623
2078 0.08000000000000002 0.2072573940798281 0.2124199732211623
2079 0.09000000000000001 0.2072573940798281 0.2124199732211623
2080 0.01 0.1478895479630935 0.1809150498367567
2081 0.02 0.1478895479630935 0.1809150498367567
2082 0.03 0.1478895479630935 0.1809150498367567
2083 0.04000000000000001 0.1478895479630935 0.1809150498367567
2084 0.05 0.1478895479630935 0.1809150498367567
2085 0.06 0.1478895479630935 0.1809150498367567
2086 0.06999999999999999 0.1478895479630935 0.1809150498367567
2087 0.08000000000000002 0.1478895479630935 0.1809150498367567
2088 0.09000000000000001 0.1478895479630935 0.1809150498367567
2089 0.01000000000000001 0.2089325321236126 0.1683657278993907
2090 0.02000000000000001 0.2089325321236126 0.1683657278993907
2091 0.03 0.2089325321236126 0.1683657278993907
2092 0.04000000000000001 0.2089325321236126 0.1683657278993907
2093 0.05 0.2089325321236126 0.1683657278993907
2094 0.06 0.2089325321236126 0.1683657278993907
2095 0.06999999999999999 0.2089325321236126 0.1683657278993907
2096 0.08000000000000002 0.2089325321236126 0.1683657278993907
2097 0.09000000000000001 0.2089325321236126 0.1683657278993907
2098 0.01 0.1962273221864961 0.1757645993147397
2099 0.02000000000000001 0.1962273221864961 0.1757645993147397
2100 0.03 0.1962273221864961 0.1757645993147397
2101 0.04000000000000001 0.1962273221864961 0.1757645993147397
2102 0.05 0.1962273221864961 0.1757645993147397
2103 0.06 0.1962273221864961 0.1757645993147397
2104 0.06999999999999999 0.1962273221864961 0.1757645993147397
2105 0.08000000000000002 0.1962273221864961 0.1757645993147397
2106 0.09000000000000001 0.1962273221864961 0.1757645993147397
2107 0.01 0.2012532855485759 0.1944658094348029
2108 0.02 0.2012532855485759 0.1944658094348029
2109 0.03 0.2012532855485759 0.1944658094348029
2110 0.04000000000000001 0.2012532855485759 0.1944658094348029
2111 0.05 0.2012532855485759 0.1944658094348029
2112 0.06 0.2012532855485759 0.1944658094348029
2113 0.06999999999999999 0.2012532855485759 0.1944658094348029
2114 0.08000000000000002 0.2012532855485759 0.1944658094348029
2115 0.09000000000000001 0.2012532855485759 0.1944658094348029
2116 0.01 0.185581470154275 0.1902543432254847
2117 0.02 0.185581470154275 0.1902543432254847
2118 0.03 0.185581470154275 0.1902543432254847
2119 0.04000000000000001 0.185581470154275 0.1902543432254847
2120 0.05 0.185581470154275 0.1902543432254847
2121 0.06 0.185581470154275 0.1902543432254847
2122 0.06999999999999999 0.185581470154275 0.1902543432254847
2123 0.08000000000000002 0.185581470154275 0.1902543432254847
2124 0.09000000000000001 0.185581470154275 0.1902543432254847
2125 0.01 0.1910750705195251 0.2059561575083853
2126 0.02 0.1910750705195251 0.2059561575083853
2127 0.03 0.1910750705195251 0.2059561575083853
2128 0.04000000000000001 0.1910750705195251 0.2059561575083853
2129 0.05 0.1910750705195251 0.2059561575083853
2130 0.06 0.1910750705195251 0.2059561575083853
2131 0.06999999999999999 0.1910750705195251 0.2059561575083853
2132 0.08000000000000002 0.1910750705195251 0.2059561575083853
2133 0.09000000000000001 0.1910750705195251 0.2059561575083853
2134 0.01 0.1753462107252667 0.2018193525879516
2135 0.02 0.1753462107252667 0.2018193525879516
2136 0.03 0.1753462107252667 0.2018193525879516
2137 0.04000000000000001 0.1753462107252667 0.2018193525879516
2138 0.05 0.1753462107252667 0.2018193525879516
2139 0.06 0.1753462107252667 0.2018193525879516
2140 0.06999999999999999 0.1753462107252667 0.2018193525879516
2141 0.08000000000000002 0.1753462107252667 0.2018193525879516
2142 0.09000000000000001 0.1753462107252667 0.2018193525879516
2143 0.01 0.1725165229034926 0.1887381324937283
2144 0.02 0.1725165229034926 0.1887381324937283
2145 0.03 0.1725165229034926 0.1887381324937283
2146 0.04000000000000001 0.1725165229034926 0.1887381324937283
2147 0.05 0.1725165229034926 0.1887381324937283
2148 0.06 0.1725165229034926 0.1887381324937283
2149 0.06999999999999999 0.1725165229034926 0.1887381324937283
2150 0.08000000000000002 0.1725165229034926 0.1887381324937283
2151 0.09000000000000001 0.1725165229034926 0.1887381324937283
2152 0.01 0.176839410377642 0.1732479001056192
2153 0.02000000000000001 0.176839410377642 0.1732479001056192
2154 0.03 0.176839410377642 0.1732479001056192
2155 0.04000000000000001 0.176839410377642 0.1732479001056192
2156 0.05 0.176839410377642 0.1732479001056192
2157 0.06 0.176839410377642 0.1732479001056192
2158 0.06999999999999999 0.176839410377642 0.1732479001056192
2159 0.08000000000000002 0.176839410377642 0.1732479001056192
2160 0.09000000000000001 0.176839410377642 0.1732479001056192
2161 0.01 0.1803208090770322 0.2183334596450035
2162 0.02 0.1803208090770322 0.2183334596450035
2163 0.03 0.1803208090770322 0.2183334596450035
2164 0.04000000000000001 0.1803208090770322 0.2183334596450035
2165 0.05 0.1803208090770322 0.2183334596450035
2166 0.06 0.1803208090770322 0.2183334596450035
2167 0.06999999999999999 0.1803208090770322 0.2183334596450035
2168 0.08000000000000002 0.1803208090770322 0.2183334596450035
2169 0.09000000000000001 0.1803208090770322 0.2183334596450035
2170 0.01 0.1583553972019262 0.1936164463381123
2171 0.02 0.1583553972019262 0.1936164463381123
2172 0.03 0.1583553972019262 0.1936164463381123
2173 0.04000000000000001 0.1583553972019262 0.1936164463381123
2174 0.05 0.1583553972019262 0.1936164463381123
2175 0.06 0.1583553972019262 0.1936164463381123
2176 0.06999999999999999 0.1583553972019262 0.1936164463381123
2177 0.08000000000000002 0.1583553972019262 0.1936164463381123
2178 0.09000000000000001 0.1583553972019262 0.1936164463381123
2179 0.01 0.215034753905873 0.2004535459823416
2180 0.02 0.215034753905873 0.2004535459823416
2181 0.03 0.215034753905873 0.2004535459823416
2182 0.04000000000000001 0.215034753905873 0.2004535459823416
2183 0.05 0.215034753905873 0.2004535459823416
2184 0.06 0.215034753905873 0.2004535459823416
2185 0.06999999999999999 0.215034753905873 0.2004535459823416
2186 0.08000000000000002 0.215034753905873 0.2004535459823416
2187 0.09000000000000001 0.215034753905873 0.2004535459823416
2188 0.009999999999999998 0.1795352722421998 0.2336129878853862
2189 0.02 0.1795352722421998 0.2336129878853862
2190 0.03 0.1795352722421998 0.2336129878853862
2191 0.04 0.1795352722421998 0.2336129878853862
2192 0.05 0.1795352722421998 0.2336129878853862
2193 0.05999999999999999 0.1795352722421998 0.2336129878853862
2194 0.06999999999999999 0.1795352722421998 0.2336129878853862
2195 0.08000000000000002 0.1795352722421998 0.2336129878853862
2196 0.09000000000000001 0.1795352722421998 0.2336129878853862
2197 0.01 0.1611720282194358 0.2130552312492445
2198 0.02 0.1611720282194358 0.2130552312492445
2199 0.03 0.1611720282194358 0.2130552312492445
2200 0.04000000000000001 0.1611720282194358 0.2130552312492445
2201 0.05 0.1611720282194358 0.2130552312492445
2202 0.06 0.1611720282194358 0.2130552312492445
2203 0.06999999999999999 0.1611720282194358 0.2130552312492445
2204 0.08000000000000002 0.1611720282194358 0.2130552312492445
2205 0.09000000000000001 0.1611720282194358 0.2130552312492445
2206 0.01000000000000001 0.199575353575645 0.1615593816126184
2207 0.02000000000000001 0.199575353575645 0.1615593816126184
2208 0.03 0.199575353575645 0.1615593816126184
2209 0.04000000000000001 0.199575353575645 0.1615593816126184
2210 0.05000000000000001 0.199575353575645 0.1615593816126184
2211 0.06 0.199575353575645 0.1615593816126184
2212 0.06999999999999999 0.199575353575645 0.1615593816126184
2213 0.08000000000000002 0.199575353575645 0.1615593816126184
2214 0.09000000000000001 0.199575353575645 0.1615593816126184
2215 0.01 0.1477414874110623 0.2170218197967741
2216 0.02 0.1477414874110623 0.2170218197967741
2217 0.03 0.1477414874110623 0.2170218197967741
2218 0.04000000000000001 0.1477414874110623 0.2170218197967741
2219 0.05 0.1477414874110623 0.2170218197967741
2220 0.06 0.1477414874110623 0.2170218197967741
2221 0.06999999999999999 0.1477414874110623 0.2170218197967741
2222 0.08000000000000002 0.1477414874110623 0.2170218197967741
2223 0.09000000000000001 0.1477414874110623 0.2170218197967741
2224 0.01000000000000001 0.1510674678763875 0.1683657278993906
2225 0.02000000000000001 0.1510674678763875 0.1683657278993906
2226 0.03 0.1510674678763875 0.1683657278993906
2227 0.04000000000000001 0.1510674678763875 0.1683657278993906
2228 0.05 0.1510674678763875 0.1683657278993906
2229 0.06 0.1510674678763875 0.1683657278993906
2230 0.06999999999999999 0.1510674678763875 0.1683657278993906
2231 0.08000000000000002 0.1510674678763875 0.1683657278993906
2232 0.09000000000000001 0.1510674678763875 0.1683657278993906
2233 0.01 0.1616633072155089 0.1781742673459471
2234 0.02000000000000001 0.1616633072155089 0.1781742673459471
2235 0.03 0.1616633072155089 0.1781742673459471
2236 0.04000000000000001 0.1616633072155089 0.1781742673459471
2237 0.05 0.1616633072155089 0.1781742673459471
2238 0.06 0.1616633072155089 0.1781742673459471
2239 0.06999999999999999 0.1616633072155089 0.1781742673459471
2240 0.08000000000000002 0.1616633072155089 0.1781742673459471
2241 0.09000000000000001 0.1616633072155089 0.1781742673459471
2242 0.01 0.1427909786585005 0.1919987664392161
2243 0.02 0.1427909786585005 0.1919987664392161
2244 0.03 0.1427909786585005 0.1919987664392161
2245 0.04000000000000001 0.1427909786585005 0.1919987664392161
2246 0.05 0.1427909786585005 0.1919987664392161
2247 0.06 0.1427909786585005 0.1919987664392161
2248 0.06999999999999999 0.1427909786585005 0.1919987664392161
2249 0.08000000000000002 0.1427909786585005 0.1919987664392161
2250 0.09000000000000001 0.1427909786585005 0.1919987664392161
2251 0.009999999999999998 0.203417299970697 0.2254905826311365
2252 0.02 0.203417299970697 0.2254905826311365
2253 0.03 0.203417299970697 0.2254905826311365
2254 0.04000000000000001 0.203417299970697 0.2254905826311365
2255 0.05 0.203417299970697 0.2254905826311365
2256 0.06 0.203417299970697 0.2254905826311365
2257 0.06999999999999999 0.203417299970697 0.2254905826311365
2258 0.08000000000000002 0.203417299970697 0.2254905826311365
2259 0.09000000000000001 0.203417299970697 0.2254905826311365
2260 0.01000000000000001 0.1739374476722637 0.1581067707652952
2261 0.02000000000000001 0.1739374476722637 0.1581067707652952
2262 0.03 0.1739374476722637 0.1581067707652952
2263 0.04000000000000001 0.1739374476722637 0.1581067707652952
2264 0.05000000000000001 0.1739374476722637 0.1581067707652952
2265 0.06 0.1739374476722637 0.1581067707652952
2266 0.06999999999999999 0.1739374476722637 0.1581067707652952
2267 0.08000000000000002 0.1739374476722637 0.1581067707652952
2268 0.09000000000000001 0.1739374476722637 0.1581067707652952
2269 0.01 0.1954039480633936 0.2176408980483525
2270 0.02 0.1954039480633936 0.2176408980483525
2271 0.03 0.1954039480633936 0.2176408980483525
2272 0.04000000000000001 0.1954039480633936 0.2176408980483525
2273 0.05 0.1954039480633936 0.2176408980483525
2274 0.06 0.1954039480633936 0.2176408980483525
2275 0.06999999999999999 0.1954039480633936 0.2176408980483525
2276 0.08000000000000002 0.1954039480633936 0.2176408980483525
2277 0.09000000000000001 0.1954039480633936 0.2176408980483525
2278 0.009999999999999998 0.1674047740370717 0.2289694486287266
2279 0.02 0.1674047740370717 0.2289694486287266
2280 0.03 0.1674047740370717 0.2289694486287266
2281 0.04 0.1674047740370717 0.2289694486287266
2282 0.05 0.1674047740370717 0.2289694486287266
2283 0.05999999999999999 0.1674047740370717 0.2289694486287266
2284 0.06999999999999999 0.1674047740370717 0.2289694486287266
2285 0.08000000000000002 0.1674047740370717 0.2289694486287266
2286 0.09000000000000001 0.1674047740370717 0.2289694486287266
2287 0.1497887892833787 0.3445120483384321 0.3725850581125467
2288 0.09385086017669662 0.05608659460334622 0.2918545558052218
2289 0.09756066565065105 0.3056638003347621 0.132162030228888
2290 0.1035269822312063 0.3375839995417015 0.2158988024718066
2291 0.05645654372372082 0.3160195340618871 0.2539023455752646
2292 0.05770749592666138 0.3406028308041816 0.1386328500158972
2293 0.05977794338976839 0.3118131782622149 0.175433067917646
2294 0.0579973516262819 0.3117306926373115 0.3352327478383825
2295 0.0544272590110459 0.01340253009279148 0.2190721221902627
2296 0.05298705229694289 0.03324471189257119 0.2534999999999999
2297 0.09998705229694291 0.02175528810742876 0.2145
2298 0.05391947868628713 0.05533677848281537 0.1824969967876305
2299 0.09773154028791783 0.01295387886218141 0.2535
2300 0.05870358609083109 0.02749999999999996 0.2925
2301 0.05870358609083107 0.02749999999999996 0.3315
2302 0.1482833535633619 0.05327068890388664 0.3418924575199284
2303 0.1514688347872497 0.01814703995210938 0.2168042325856293
2304 0.1501095383419671 0.021574561373501 0.1751690795061134
2305 0.1443670489987893 0.05212635514840552 0.254160283766717
2306 0.1076650597175381 0.3098585566819199 0.2927892603364727
2307 0.1486322284879172 0.3459375831168723 0.1704775882588456
2308 0.1513011415816332 0.04119348867616736 0.05510451296622388
2309 0.1044124062949568 0.04410127636281314 0.1327810471239983
2310 0.1539037189636096 0.01670347325201953 0.0975
2311 0.1502939289379261 0.3402767444575029 0.2180882332242441
2312 0.1028345951393276 0.3325 0.1755
2313 0.05742753631689913 0.0140203731675237 0.1735504815204622
2314 0.103323823972291 0.0201446753002723 0.09369500294566106
2315 0.09998705229694288 0.03324471189257119 0.1755
2316 0.1065236421934656 0.1517530473183671 0.2925
2317 0.08500000000000001 0.2196756002455744 0.3105710752438321
2318 0.095 0.1202520091902065 0.08459538307535826
2319 0.095 0.2397479908097936 0.08459538307535848
2320 0.06499999999999999 0.1151042853659387 0.2783780158663706
2321 0.065 0.1800000000000001 0.07800561642732495
2322 0.065 0.2549025944865442 0.126047304326051
2323 0.065 0.1050974055134561 0.1260473043260507
2324 0.04847070984578948 0.276212809474328 0.2562531702525968
2325 0.1541154751188126 0.2484802703296967 0.1217857084514707
2326 0.1410822023086092 0.10742481216552 0.1281898330820888
2327 0.1610460743407998 0.1443109150390547 0.1733317766258114
2328 0.15899771963522 0.2067517327428648 0.1615286615890141
2329 0.1393915238293068 0.1800000000000001 0.08178086395745933
2330 0.05499999999999999 0.1799999999999996 0.29541677104981
2331 0.1504281737009787 0.09931859655398317 0.2154313061632562
2332 0.1536745202223305 0.1507826605314019 0.2325384385166674
2333 0.1575824656130431 0.2088636109423326 0.2320839680968313
2334 0.08500000000000002 0.2707206248303259 0.2179735822886438
2335 0.1425990617598901 0.2671411871449221 0.2474826704703238
2336 0.08500000000000002 0.2374806537936552 0.2688511455038564
2337 0.055 0.08626859823200883 0.2187360145564938
2338 0.08500000000000001 0.088651460771903 0.187430644233133
2339 0.095 0.2651938411273804 0.1576305165335188
2340 0.055 0.2706818846523281 0.1874858848062203
2341 0.1504813135099327 0.2597812629008983 0.188389136076726
2342 0.03369900775543978 0.08712859197837262 0.1566556666428587
2343 0.09761107880595039 0.08808894312744253 0.2490216541366355
2344 0.04500000000000001 0.2217440476986254 0.1178637560429018
2345 0.1233690402702142 0.2097568110911489 0.2816786294938351
2346 0.045 0.2324366570306995 0.262370618330327
2347 0.1573240238228652 0.0985380470843147 0.2936350856863055
2348 0.08500000000000002 0.2216331018354899 0.118068766041612
2349 0.04500000000000001 0.1382559523013747 0.1178637560429018
2350 0.08500000000000002 0.1383668981645102 0.1180687660416118
2351 0.035 0.2566958151256635 0.1613580963440601
2352 0.035 0.261187059521397 0.2155593556721664
2353 0.1251099768881584 0.1286543181172536 0.2609689334315806
2354 0.065 0.1936110838306025 0.1134332464087779
2355 0.09877359142506231 0.102081442737788 0.3285307459333475
2356 0.07500000000000001 0.1526473871595717 0.2746754392404952
2357 0.04500000000000001 0.1112118012664445 0.2399415732411574
2358 0.035 0.1525014256199685 0.2751006106801651
2359 0.1516695761689559 0.1035159339001484 0.06814952013928313
2360 0.1526961502204912 0.2589935193761101 0.06424868464097272
2361 0.095 0.1799999999999997 0.2768802877324327
2362 0.095 0.1023023423223608 0.1516768042178266
2363 0.095 0.1726856552113271 0.1092688335215911
2364 0.055 0.1002510749148471 0.1883918156645347
2365 0.1424723080889146 0.1843669686166677 0.1994911926653886
2366 0.05614621188620524 0.0945424171387968 0.05373844818662617
2367 0.08500000000000001 0.2592402053047403 0.1884339693873655
2368 0.05726119512781122 0.2655870644713884 0.3055056267403232
2369 0.07500000000000001 0.2062316366305852 0.2714101470938776
2370 0.095 0.2476325308165082 0.2391865377075543
2371 0.1503636807953789 0.2617738552320817 0.3315000000000001
2372 0.095 0.2375378778246698 0.1420326521188523
2373 0.1178623896458111 0.2168759801945652 0.1268591569034938
2374 0.08500000000000001 0.103789889157103 0.21429902109857
2375 0.05614621188620526 0.2654575828612032 0.05373844818662631
2376 0.1351672925382702 0.1716244546511362 0.1663987422084464
2377 0.1353119036816962 0.1680747294217086 0.1235357713703034
2378 0.1070687690736579 0.08933119778505015 0.2885622732068032
2379 0.06858101590234364 0.1407378174608795 0.3222404805499183
2380 0.0344922458703474 0.1713755250537358 0.1021860134056245
2381 0.1342331441541209 0.1502217095921755 0.1961893359668712
2382 0.12231841185412 0.1000209858369341 0.1883727499399647
2383 0.1369254756051659 0.2216936998063608 0.1915451615347319
2384 0.1349684131894588 0.1799999999999998 0.2421188188482899
2385 0.08500000000000001 0.1327429966447321 0.2557157991520845
2386 0.065 0.2440825885028378 0.236867244639427
2387 0.035 0.1223926675464694 0.1419687146288383
2388 0.1154347034912212 0.2697455850810829 0.2939450822791849
2389 0.065 0.1109122819889302 0.1646953171521943
2390 0.1192838477730315 0.2559367414823595 0.2142297945747095
2391 0.025 0.1071827542894987 0.2134398309589613
2392 0.06176904083340672 0.16451228345356 0.1154750952500887
2393 0.1290993710716615 0.2010271172827623 0.169398706209391
2394 0.1354795354006139 0.08544239888326742 0.2545853769119553
2395 0.05069132167366189 0.08395216798168842 0.345735573705667
2396 0.065 0.2516654104613437 0.1635646364113396
2397 0.07500000000000001 0.1176268373676629 0.2357504209781902
2398 0.05499999999999999 0.1332105507373214 0.255115085641645
2399 0.055 0.2350950021783333 0.1442814775723071
2400 0.0943191585421411 0.2674607003597649 0.3397630979865238
2401 0.035 0.2535897165654858 0.1889021822333016
2402 0.1025360337788446 0.275793450923037 0.1153020564430915
2403 0.025 0.2442568515043586 0.2369810963405945
2404 0.1045196000405613 0.2710203704433821 0.04806396455965205
2405 0.065 0.2500219492119171 0.2127319657491322
2406 0.1011216838163399 0.08089941024778935 0.03799697792190498
2407 0.035 0.1799999999999997 0.2704856258192714
2408 0.045 0.2040689674610604 0.2651105070185759
2409 0.125467603884981 0.2473992065696842 0.1654359669404519
2410 0.07500000000000001 0.1254708695030081 0.1448023991518797
2411 0.1406212676482926 0.1386173647139664 0.3348127797429787
2412 0.1020124187620514 0.08469569723245333 0.1110234136193727
2413 0.1286827158048328 0.2027207999924553 0.2181865466044652
2414 0.065 0.2144693582540518 0.1313062047426535
2415 0.02500000000000001 0.1920020673594566 0.1230755534917083
2416 0.1100269308923553 0.2270642428739328 0.2554681404806031
2417 0.1625432265609457 0.2703610499934209 0.2836461406102776
2418 0.09330179976027343 0.283678829642555 0.2565847299811596
2419 0.126598278181434 0.163072952786654 0.2214883658965942
2420 0.06266372497108259 0.07946284577747853 0.2579858205029473
2421 0.1573213380627784 0.08891170684107932 0.3432471008512853
2422 0.1023522687063193 0.07015289158839762 0.3593641075013676
2423 0.06499999999999999 0.1799999999999997 0.2699385701284108
2424 0.1212354689216001 0.186637002198078 0.328408039730373
2425 0.1269355023286995 0.1448982289242063 0.1626865433674578
2426 0.02711673119510501 0.09868383663717106 0.189022332638327
2427 0.055 0.1101786033842526 0.2126811789343372
2428 0.02727547683391698 0.235667750641328 0.1437542254692616
2429 0.025 0.1350710050242111 0.2527247739249831
2430 0.1165087214952799 0.2805019927047465 0.1851720918952613
2431 0.095 0.2493444062079405 0.2125603885583329
2432 0.0536294827564973 0.224031235975735 0.07299198669804116
2433 0.05480053618143757 0.2747854497996957 0.3476586800643792
2434 0.1038169504029062 0.1584061276414532 0.04794760455049164
2435 0.09274443101053745 0.2073295367548597 0.04635136565013143
2436 0.1150421471482145 0.1436517022702944 0.1278342286942109
2437 0.05362948275649716 0.1359687640242651 0.07299198669804106
2438 0.1073525748676786 0.2045352169913608 0.09236151013873581
2439 0.05506203033091592 0.2838226427926647 0.0975
2440 0.1049353700824858 0.07202035474398637 0.2145
2441 0.095 0.109665350405431 0.1891719047724469
2442 0.102593767424066 0.289651196452276 0.3605761903497514
2443 0.095 0.1568884250607676 0.2623217178762997
2444 0.05499999999999999 0.1568884250607676 0.2623217178762997
2445 0.1633229393246546 0.08521697918523202 0.1735302390978521
2446 0.05506203033091586 0.07617735720733526 0.0975
2447 0.05354836504134323 0.08277271368439068 0.3022688706080995
2448 0.07500000000000001 0.2239366661464263 0.2514498298189548
2449 0.02500000000000001 0.14548680552744 0.1312252025056537
2450 0.0772549532305284 0.2867091809947367 0.1366967500786206
2451 0.025 0.2138150654764328 0.1325152318997264
2452 0.065 0.2492658694982791 0.1892604664161662
2453 0.095 0.1968191922749194 0.1212428633427199
2454 0.1179122156537869 0.1062797754587522 0.2220771577407812
2455 0.045 0.2374086130472049 0.2325069188528657
2456 0.1276662221708355 0.1338834944797942 0.2251294167985178
2457 0.1262610154374129 0.2306127942703787 0.2280669888515675
2458 0.1482607895368826 0.07276332390705506 0.03174255411942106
2459 0.1527713109445306 0.1497314657080247 0.2915379320972808
2460 0.095 0.2442076521984013 0.1668359124850096
2461 0.05358656994331249 0.2915204425041942 0.2142262104229628
2462 0.1108851713285024 0.2521795905360328 0.1890190286074554
2463 0.065 0.1466406610449748 0.1333573407528687
2464 0.1222292172368066 0.159103872642383 0.255868339538761
2465 0.0815618649958165 0.2887845669707554 0.1779794385923654
2466 0.04235780235896548 0.2891517506812743 0.1765586569172445
2467 0.03060845856589203 0.0963901285231898 0.2735497753277073
2468 0.09500000000000001 0.2027077998743368 0.2611455612934699
2469 0.07541089086927771 0.3311948092605643 -0.04319700031487646
2470 0.1241621840531279 0.3328046617142045 -0.0458798063790543
2471 0.0237443417198 0.3314657985216214 -0.04215854964250717
2472 0.08093275275749771 0.3343722771422614 0.4437544875135644
2473 0.03075550390459553 0.3310343020293258 0.4400305137891539
2474 0.1288010288371895 0.3319867082194558 0.4378601790909393
2475 0.1758010288371895 0.3319867082194558 0.4365772162182479
2476 0.1316790591843212 0.02715457166787701 -0.04476563706178509
2477 0.1817609105068986 0.02758270875392736 -0.04553261361101035
2478 0.08164157972458141 0.02672207104991405 -0.0456794435537692
2479 0.1749327527574977 0.02937227714226139 0.4451988974276803
2480 0.102593767424066 0.289651196452276 0.4384891764904985
2481 0.1014760944401072 0.06672391588218043 -0.04245179693862122
2482 0.02460042436578198 0.03677420077352273 0.4354404690675567
2483 0.07862177028768458 0.02083459624740346 0.4347789084907652
2484 0.1276379918778393 0.02947395837192474 0.4356583057620327
2485 0.102593767424066 0.289651196452276 -0.04660568041055251
2486 0.1668612108836914 0.3400777222831138 -0.04271140354124885
2487 0.006395138322312647 0.03236936316331385 -0.04343789844888152
2488 0.150038789335936 0.3061982797997033 -0.03668246363466349
2489 0.05483442109411907 0.0561448726986466 -0.03582163510579457
2490 0.150038789335936 0.3061982797997033 0.4243730015399226
2491 0.1460297565358741 0.0517933790762831 -0.03179488442494774
2492 0.1482607895368826 0.07276332390705507 0.4360236348799316
2493 0.06740177101471834 0.07196327090097336 0.4349924768158762
2494 0.05483442109411905 0.3038551273013533 -0.03566434722095156
2495 0.06083754493672853 0.3023675506676387 0.4287821429165997
2496 0.115045723278917 0.06224370182355126 0.4249419557472388
2497 -0.07429193925855 0.009185729687046201 0.3474539479964923
2498 -0.07672248807744891 0.3576444117687537 0.3477130412129978
2499 0.03480102883718947 0.02698670821945572 -0.02453871753384215
$EndNodes
$Elements
13648
1 4 2 147 2 438 440 81 512
2 4 2 147 2 1747 1729 512 440
3 4 2 147 2 440 1729 512 438
4 4 2 147 2 1729 1747 512 513
5 4 2 147 2 1748 1730 513 1747
6 4 2 147 2 1747 1730 513 1729
7 4 2 147 2 1730 1748 513 514
8 4 2 147 2 1749 1731 514 1748
9 4 2 147 2 1748 1731 514 1730
10 4 2 147 2 1731 1749 514 515
11 4 2 147 2 1750 1732 515 1749
12 4 2 147 2 1749 1732 515 1731
13 4 2 147 2 1732 1750 515 516
14 4 2 147 2 1751 1733 516 1750
15 4 2 147 2 1750 1733 516 1732
16 4 2 147 2 1733 1751 516 517
17 4 2 147 2 1752 1734 517 1751
18 4 2 147 2 1751 1734 517 1733
19 4 2 147 2 1734 1752 517 518
20 4 2 147 2 1753 1735 518 1752
21 4 2 147 2 1752 1735 518 1734
22 4 2 147 2 1735 1753 518 519
23 4 2 147 2 1754 1736 519 1753
24 4 2 147 2 1753 1736 519 1735
25 4 2 147 2 1736 1754 519 520
26 4 2 147 2 1755 1737 520 1754
27 4 2 147 2 1754 1737 520 1736
28 4 2 147 2 1737 1755 520 130
29 4 2 147 2 532 530 130 1755
30 4 2 147 2 1755 530 130 1737
31 4 2 147 2 82 438 81 512
32 4 2 147 2 1729 521 512 438
33 4 2 147 2 438 521 512 82
34 4 2 147 2 521 1729 512 513
35 4 2 147 2 1730 522 513 1729
36 4 2 147 2 1729 522 513 521
37 4 2 147 2 522 1730 513 514
38 4 2 147 2 1731 523 514 1730
39 4 2 147 2 1730 523 514 522
40 4 2 147 2 523 1731 514 515
41 4 2 147 2 1732 524 515 1731
42 4 2 147 2 1731 524 515 523
43 4 2 147 2 524 1732 515 516
44 4 2 147 2 1733 525 516 1732
45 4 2 147 2 1732 525 516 524
46 4 2 147 2 525 1733 516 517
47 4 2 147 2 1734 526 517 1733
48 4 2 147 2 1733 526 517 525
49 4 2 147 2 526 1734 517 518
50 4 2 147 2 1735 527 518 1734
51 4 2 147 2 1734 527 518 526
52 4 2 147 2 527 1735 518 519
53 4 2 147 2 1736 528 519 1735
54 4 2 147 2 1735 528 519 527
55 4 2 147 2 528 1736 519 520
56 4 2 147 2 1737 529 520 1736
57 4 2 147 2 1736 529 520 528
58 4 2 147 2 529 1737 520 130
59 4 2 147 2 530 131 130 1737
60 4 2 147 2 1737 131 130 529
61 4 2 147 2 4 441 438 1729
62 4 2 147 2 1756 115 1729 441
63 4 2 147 2 441 115 1729 4
64 4 2 147 2 115 1756 1729 1730
65 4 2 147 2 1757 116 1730 1756
66 4 2 147 2 1756 116 1730 115
67 4 2 147 2 116 1757 1730 1731
68 4 2 147 2 1758 117 1731 1757
69 4 2 147 2 1757 117 1731 116
70 4 2 147 2 117 1758 1731 1732
71 4 2 147 2 1759 118 1732 1758
72 4 2 147 2 1758 118 1732 117
73 4 2 147 2 118 1759 1732 1733
74 4 2 147 2 1760 119 1733 1759
75 4 2 147 2 1759 119 1733 118
76 4 2 147 2 119 1760 1733 1734
77 4 2 147 2 1761 120 1734 1760
78 4 2 147 2 1760 120 1734 119
79 4 2 147 2 120 1761 1734 1735
80 4 2 147 2 1762 121 1735 1761
81 4 2 147 2 1761 121 1735 120
82 4 2 147 2 121 1762 1735 1736
83 4 2 147 2 1763 122 1736 1762
84 4 2 147 2 1762 122 1736 121
85 4 2 147 2 122 1763 1736 1737
86 4 2 147 2 1764 123 1737 1763
87 4 2 147 2 1763 123 1737 122
88 4 2 147 2 123 1764 1737 530
89 4 2 147 2 533 9 530 1764
90 4 2 147 2 1764 9 530 123
91 4 2 147 2 79 440 78 485
92 4 2 147 2 1747 494 485 440
93 4 2 147 2 440 494 485 79
94 4 2 147 2 494 1747 485 486
95 4 2 147 2 1748 495 486 1747
96 4 2 147 2 1747 495 486 494
97 4 2 147 2 495 1748 486 487
98 4 2 147 2 1749 496 487 1748
99 4 2 147 2 1748 496 487 495
100 4 2 147 2 496 1749 487 488
101 4 2 147 2 1750 497 488 1749
102 4 2 147 2 1749 497 488 496
103 4 2 147 2 497 1750 488 489
104 4 2 147 2 1751 498 489 1750
105 4 2 147 2 1750 498 489 497
106 4 2 147 2 498 1751 489 490
107 4 2 147 2 1752 499 490 1751
108 4 2 147 2 1751 499 490 498
109 4 2 147 2 499 1752 490 491
110 4 2 147 2 1753 500 491 1752
111 4 2 147 2 1752 500 491 499
112 4 2 147 2 500 1753 491 492
113 4 2 147 2 1754 501 492 1753
114 4 2 147 2 1753 501 492 500
115 4 2 147 2 501 1754 492 493
116 4 2 147 2 1755 502 493 1754
117 4 2 147 2 1754 502 493 501
118 4 2 147 2 502 1755 493 127
119 4 2 147 2 532 128 127 1755
120 4 2 147 2 1755 128 127 502
121 4 2 147 2 81 440 80 503
122 4 2 147 2 1747 512 503 440
123 4 2 147 2 440 512 503 81
124 4 2 147 2 512 1747 503 504
125 4 2 147 2 1748 513 504 1747
126 4 2 147 2 1747 513 504 512
127 4 2 147 2 513 1748 504 505
128 4 2 147 2 1749 514 505 1748
129 4 2 147 2 1748 514 505 513
130 4 2 147 2 514 1749 505 506
131 4 2 147 2 1750 515 506 1749
132 4 2 147 2 1749 515 506 514
133 4 2 147 2 515 1750 506 507
134 4 2 147 2 1751 516 507 1750
135 4 2 147 2 1750 516 507 515
136 4 2 147 2 516 1751 507 508
137 4 2 147 2 1752 517 508 1751
138 4 2 147 2 1751 517 508 516
139 4 2 147 2 517 1752 508 509
140 4 2 147 2 1753 518 509 1752
141 4 2 147 2 1752 518 509 517
142 4 2 147 2 518 1753 509 510
143 4 2 147 2 1754 519 510 1753
144 4 2 147 2 1753 519 510 518
145 4 2 147 2 519 1754 510 511
146 4 2 147 2 1755 520 511 1754
147 4 2 147 2 1754 520 511 519
148 4 2 147 2 520 1755 511 129
149 4 2 147 2 532 130 129 1755
150 4 2 147 2 1755 130 129 520
151 4 2 147 2 75 441 4 115
152 4 2 147 2 1756 458 115 441
153 4 2 147 2 441 458 115 75
154 4 2 147 2 458 1756 115 116
155 4 2 147 2 1757 459 116 1756
156 4 2 147 2 1756 459 116 458
157 4 2 147 2 459 1757 116 117
158 4 2 147 2 1758 460 117 1757
159 4 2 147 2 1757 460 117 459
160 4 2 147 2 460 1758 117 118
161 4 2 147 2 1759 461 118 1758
162 4 2 147 2 1758 461 118 460
163 4 2 147 2 461 1759 118 119
164 4 2 147 2 1760 462 119 1759
165 4 2 147 2 1759 462 119 461
166 4 2 147 2 462 1760 119 120
167 4 2 147 2 1761 463 120 1760
168 4 2 147 2 1760 463 120 462
169 4 2 147 2 463 1761 120 121
170 4 2 147 2 1762 464 121 1761
171 4 2 147 2 1761 464 121 463
172 4 2 147 2 464 1762 121 122
173 4 2 147 2 1763 465 122 1762
174 4 2 147 2 1762 465 122 464
175 4 2 147 2 465 1763 122 123
176 4 2 147 2 1764 466 123 1763
177 4 2 147 2 1763 466 123 465
178 4 2 147 2 466 1764 123 9
179 4 2 147 2 533 124 9 1764
180 4 2 147 2 1764 124 9 466
181 4 2 147 2 439 441 77 476
182 4 2 147 2 1756 1738 476 441
183 4 2 147 2 441 1738 476 439
184 4 2 147 2 1738 1756 476 477
185 4 2 147 2 1757 1739 477 1756
186 4 2 147 2 1756 1739 477 1738
187 4 2 147 2 1739 1757 477 478
188 4 2 147 2 1758 1740 478 1757
189 4 2 147 2 1757 1740 478 1739
190 4 2 147 2 1740 1758 478 479
191 4 2 147 2 1759 1741 479 1758
192 4 2 147 2 1758 1741 479 1740
193 4 2 147 2 1741 1759 479 480
194 4 2 147 2 1760 1742 480 1759
195 4 2 147 2 1759 1742 480 1741
196 4 2 147 2 1742 1760 480 481
197 4 2 147 2 1761 1743 481 1760
198 4 2 147 2 1760 1743 481 1742
199 4 2 147 2 1743 1761 481 482
200 4 2 147 2 1762 1744 482 1761
201 4 2 147 2 1761 1744 482 1743
202 4 2 147 2 1744 1762 482 483
203 4 2 147 2 1763 1745 483 1762
204 4 2 147 2 1762 1745 483 1744
205 4 2 147 2 1745 1763 483 484
206 4 2 147 2 1764 1746 484 1763
207 4 2 147 2 1763 1746 484 1745
208 4 2 147 2 1746 1764 484 126
209 4 2 147 2 533 531 126 1764
210 4 2 147 2 1764 531 126 1746
211 4 2 147 2 77 441 76 467
212 4 2 147 2 1756 476 467 441
213 4 2 147 2 441 476 467 77
214 4 2 147 2 476 1756 467 468
215 4 2 147 2 1757 477 468 1756
216 4 2 147 2 1756 477 468 476
217 4 2 147 2 477 1757 468 469
218 4 2 147 2 1758 478 469 1757
219 4 2 147 2 1757 478 469 477
220 4 2 147 2 478 1758 469 470
221 4 2 147 2 1759 479 470 1758
222 4 2 147 2 1758 479 470 478
223 4 2 147 2 479 1759 470 471
224 4 2 147 2 1760 480 471 1759
225 4 2 147 2 1759 480 471 479
226 4 2 147 2 480 1760 471 472
227 4 2 147 2 1761 481 472 1760
228 4 2 147 2 1760 481 472 480
229 4 2 147 2 481 1761 472 473
230 4 2 147 2 1762 482 473 1761
231 4 2 147 2 1761 482 473 481
232 4 2 147 2 482 1762 473 474
233 4 2 147 2 1763 483 474 1762
234 4 2 147 2 1762 483 474 482
235 4 2 147 2 483 1763 474 475
236 4 2 147 2 1764 484 475 1763
237 4 2 147 2 1763 484 475 483
238 4 2 147 2 484 1764 475 125
239 4 2 147 2 533 126 125 1764
240 4 2 147 2 1764 126 125 484
241 4 2 147 2 78 440 439 1738
242 4 2 147 2 1747 485 1738 440
243 4 2 147 2 440 485 1738 78
244 4 2 147 2 485 1747 1738 1739
245 4 2 147 2 1748 486 1739 1747
246 4 2 147 2 1747 486 1739 485
247 4 2 147 2 486 1748 1739 1740
248 4 2 147 2 1749 487 1740 1748
249 4 2 147 2 1748 487 1740 486
250 4 2 147 2 487 1749 1740 1741
251 4 2 147 2 1750 488 1741 1749
252 4 2 147 2 1749 488 1741 487
253 4 2 147 2 488 1750 1741 1742
254 4 2 147 2 1751 489 1742 1750
255 4 2 147 2 1750 489 1742 488
256 4 2 147 2 489 1751 1742 1743
257 4 2 147 2 1752 490 1743 1751
258 4 2 147 2 1751 490 1743 489
259 4 2 147 2 490 1752 1743 1744
260 4 2 147 2 1753 491 1744 1752
261 4 2 147 2 1752 491 1744 490
262 4 2 147 2 491 1753 1744 1745
263 4 2 147 2 1754 492 1745 1753
264 4 2 147 2 1753 492 1745 491
265 4 2 147 2 492 1754 1745 1746
266 4 2 147 2 1755 493 1746 1754
267 4 2 147 2 1754 493 1746 492
268 4 2 147 2 493 1755 1746 531
269 4 2 147 2 532 127 531 1755
270 4 2 147 2 1755 127 531 493
271 4 2 147 2 4 438 82 521
272 4 2 147 2 1729 115 521 4
273 4 2 147 2 438 4 1729 521
274 4 2 147 2 115 1729 521 522
275 4 2 147 2 1730 116 522 115
276 4 2 147 2 1729 115 1730 522
277 4 2 147 2 116 1730 522 523
278 4 2 147 2 1731 117 523 116
279 4 2 147 2 1730 116 1731 523
280 4 2 147 2 117 1731 523 524
281 4 2 147 2 1732 118 524 117
282 4 2 147 2 1731 117 1732 524
283 4 2 147 2 118 1732 524 525
284 4 2 147 2 1733 119 525 118
285 4 2 147 2 1732 118 1733 525
286 4 2 147 2 119 1733 525 526
287 4 2 147 2 1734 120 526 119
288 4 2 147 2 1733 119 1734 526
289 4 2 147 2 120 1734 526 527
290 4 2 147 2 1735 121 527 120
291 4 2 147 2 1734 120 1735 527
292 4 2 147 2 121 1735 527 528
293 4 2 147 2 1736 122 528 121
294 4 2 147 2 1735 121 1736 528
295 4 2 147 2 122 1736 528 529
296 4 2 147 2 1737 123 529 122
297 4 2 147 2 1736 122 1737 529
298 4 2 147 2 123 1737 529 131
299 4 2 147 2 530 9 131 123
300 4 2 147 2 1737 123 530 131
301 4 2 147 2 78 439 77 476
302 4 2 147 2 1738 485 476 78
303 4 2 147 2 439 78 1738 476
304 4 2 147 2 485 1738 476 477
305 4 2 147 2 1739 486 477 485
306 4 2 147 2 1738 485 1739 477
307 4 2 147 2 486 1739 477 478
308 4 2 147 2 1740 487 478 486
309 4 2 147 2 1739 486 1740 478
310 4 2 147 2 487 1740 478 479
311 4 2 147 2 1741 488 479 487
312 4 2 147 2 1740 487 1741 479
313 4 2 147 2 488 1741 479 480
314 4 2 147 2 1742 489 480 488
315 4 2 147 2 1741 488 1742 480
316 4 2 147 2 489 1742 480 481
317 4 2 147 2 1743 490 481 489
318 4 2 147 2 1742 489 1743 481
319 4 2 147 2 490 1743 481 482
320 4 2 147 2 1744 491 482 490
321 4 2 147 2 1743 490 1744 482
322 4 2 147 2 491 1744 482 483
323 4 2 147 2 1745 492 483 491
324 4 2 147 2 1744 491 1745 483
325 4 2 147 2 492 1745 483 484
326 4 2 147 2 1746 493 484 492
327 4 2 147 2 1745 492 1746 484
328 4 2 147 2 493 1746 484 126
329 4 2 147 2 531 127 126 493
330 4 2 147 2 1746 493 531 126
331 4 2 147 2 439 440 438 1729
332 4 2 147 2 1747 1738 1729 440
333 4 2 147 2 440 1738 1729 439
334 4 2 147 2 1738 1747 1729 1730
335 4 2 147 2 1748 1739 1730 1747
336 4 2 147 2 1747 1739 1730 1738
337 4 2 147 2 1739 1748 1730 1731
338 4 2 147 2 1749 1740 1731 1748
339 4 2 147 2 1748 1740 1731 1739
340 4 2 147 2 1740 1749 1731 1732
341 4 2 147 2 1750 1741 1732 1749
342 4 2 147 2 1749 1741 1732 1740
343 4 2 147 2 1741 1750 1732 1733
344 4 2 147 2 1751 1742 1733 1750
345 4 2 147 2 1750 1742 1733 1741
346 4 2 147 2 1742 1751 1733 1734
347 4 2 147 2 1752 1743 1734 1751
348 4 2 147 2 1751 1743 1734 1742
349 4 2 147 2 1743 1752 1734 1735
350 4 2 147 2 1753 1744 1735 1752
351 4 2 147 2 1752 1744 1735 1743
352 4 2 147 2 1744 1753 1735 1736
353 4 2 147 2 1754 1745 1736 1753
354 4 2 147 2 1753 1745 1736 1744
355 4 2 147 2 1745 1754 1736 1737
356 4 2 147 2 1755 1746 1737 1754
357 4 2 147 2 1754 1746 1737 1745
358 4 2 147 2 1746 1755 1737 530
359 4 2 147 2 532 531 530 1755
360 4 2 147 2 1755 531 530 1746
361 4 2 147 2 438 441 439 1729
362 4 2 147 2 1756 1729 1738 441
363 4 2 147 2 441 1729 1738 439
364 4 2 147 2 1729 1756 1738 1730
365 4 2 147 2 1757 1730 1739 1756
366 4 2 147 2 1756 1730 1739 1738
367 4 2 147 2 1730 1757 1739 1731
368 4 2 147 2 1758 1731 1740 1757
369 4 2 147 2 1757 1731 1740 1739
370 4 2 147 2 1731 1758 1740 1732
371 4 2 147 2 1759 1732 1741 1758
372 4 2 147 2 1758 1732 1741 1740
373 4 2 147 2 1732 1759 1741 1733
374 4 2 147 2 1760 1733 1742 1759
375 4 2 147 2 1759 1733 1742 1741
376 4 2 147 2 1733 1760 1742 1734
377 4 2 147 2 1761 1734 1743 1760
378 4 2 147 2 1760 1734 1743 1742
379 4 2 147 2 1734 1761 1743 1735
380 4 2 147 2 1762 1735 1744 1761
381 4 2 147 2 1761 1735 1744 1743
382 4 2 147 2 1735 1762 1744 1736
383 4 2 147 2 1763 1736 1745 1762
384 4 2 147 2 1762 1736 1745 1744
385 4 2 147 2 1736 1763 1745 1737
386 4 2 147 2 1764 1737 1746 1763
387 4 2 147 2 1763 1737 1746 1745
388 4 2 147 2 1737 1764 1746 530
389 4 2 147 2 533 530 531 1764
390 4 2 147 2 1764 530 531 1746
391 4 2 147 2 80 440 79 494
392 4 2 147 2 1747 503 494 440
393 4 2 147 2 440 503 494 80
394 4 2 147 2 503 1747 494 495
395 4 2 147 2 1748 504 495 1747
396 4 2 147 2 1747 504 495 503
397 4 2 147 2 504 1748 495 496
398 4 2 147 2 1749 505 496 1748
399 4 2 147 2 1748 505 496 504
400 4 2 147 2 505 1749 496 497
401 4 2 147 2 1750 506 497 1749
402 4 2 147 2 1749 506 497 505
403 4 2 147 2 506 1750 497 498
404 4 2 147 2 1751 507 498 1750
405 4 2 147 2 1750 507 498 506
406 4 2 147 2 507 1751 498 499
407 4 2 147 2 1752 508 499 1751
408 4 2 147 2 1751 508 499 507
409 4 2 147 2 508 1752 499 500
410 4 2 147 2 1753 509 500 1752
411 4 2 147 2 1752 509 500 508
412 4 2 147 2 509 1753 500 501
413 4 2 147 2 1754 510 501 1753
414 4 2 147 2 1753 510 501 509
415 4 2 147 2 510 1754 501 502
416 4 2 147 2 1755 511 502 1754
417 4 2 147 2 1754 511 502 510
418 4 2 147 2 511 1755 502 128
419 4 2 147 2 532 129 128 1755
420 4 2 147 2 1755 129 128 511
421 4 2 147 2 76 441 75 458
422 4 2 147 2 1756 467 458 441
423 4 2 147 2 441 467 458 76
424 4 2 147 2 467 1756 458 459
425 4 2 147 2 1757 468 459 1756
426 4 2 147 2 1756 468 459 467
427 4 2 147 2 468 1757 459 460
428 4 2 147 2 1758 469 460 1757
429 4 2 147 2 1757 469 460 468
430 4 2 147 2 469 1758 460 461
431 4 2 147 2 1759 470 461 1758
432 4 2 147 2 1758 470 461 469
433 4 2 147 2 470 1759 461 462
434 4 2 147 2 1760 471 462 1759
435 4 2 147 2 1759 471 462 470
436 4 2 147 2 471 1760 462 463
437 4 2 147 2 1761 472 463 1760
438 4 2 147 2 1760 472 463 471
439 4 2 147 2 472 1761 463 464
440 4 2 147 2 1762 473 464 1761
441 4 2 147 2 1761 473 464 472
442 4 2 147 2 473 1762 464 465
443 4 2 147 2 1763 474 465 1762
444 4 2 147 2 1762 474 465 473
445 4 2 147 2 474 1763 465 466
446 4 2 147 2 1764 475 466 1763
447 4 2 147 2 1763 475 466 474
448 4 2 147 2 475 1764 466 124
449 4 2 147 2 533 125 124 1764
450 4 2 147 2 1764 125 124 475
451 4 2 146 3 71 435 70 561
452 4 2 146 3 1774 570 561 435
453 4 2 146 3 435 570 561 71
454 4 2 146 3 570 1774 561 562
455 4 2 146 3 1775 571 562 1774
456 4 2 146 3 1774 571 562 570
457 4 2 146 3 571 1775 562 563
458 4 2 146 3 1776 572 563 1775
459 4 2 146 3 1775 572 563 571
460 4 2 146 3 572 1776 563 564
461 4 2 146 3 1777 573 564 1776
462 4 2 146 3 1776 573 564 572
463 4 2 146 3 573 1777 564 565
464 4 2 146 3 1778 574 565 1777
465 4 2 146 3 1777 574 565 573
466 4 2 146 3 574 1778 565 566
467 4 2 146 3 1779 575 566 1778
468 4 2 146 3 1778 575 566 574
469 4 2 146 3 575 1779 566 567
470 4 2 146 3 1780 576 567 1779
471 4 2 146 3 1779 576 567 575
472 4 2 146 3 576 1780 567 568
473 4 2 146 3 1781 577 568 1780
474 4 2 146 3 1780 577 568 576
475 4 2 146 3 577 1781 568 569
476 4 2 146 3 1782 578 569 1781
477 4 2 146 3 1781 578 569 577
478 4 2 146 3 578 1782 569 144
479 4 2 146 3 607 145 144 1782
480 4 2 146 3 1782 145 144 578
481 4 2 146 3 74 434 73 588
482 4 2 146 3 1765 597 588 434
483 4 2 146 3 434 597 588 74
484 4 2 146 3 597 1765 588 589
485 4 2 146 3 1766 598 589 1765
486 4 2 146 3 1765 598 589 597
487 4 2 146 3 598 1766 589 590
488 4 2 146 3 1767 599 590 1766
489 4 2 146 3 1766 599 590 598
490 4 2 146 3 599 1767 590 591
491 4 2 146 3 1768 600 591 1767
492 4 2 146 3 1767 600 591 599
493 4 2 146 3 600 1768 591 592
494 4 2 146 3 1769 601 592 1768
495 4 2 146 3 1768 601 592 600
496 4 2 146 3 601 1769 592 593
497 4 2 146 3 1770 602 593 1769
498 4 2 146 3 1769 602 593 601
499 4 2 146 3 602 1770 593 594
500 4 2 146 3 1771 603 594 1770
501 4 2 146 3 1770 603 594 602
502 4 2 146 3 603 1771 594 595
503 4 2 146 3 1772 604 595 1771
504 4 2 146 3 1771 604 595 603
505 4 2 146 3 604 1772 595 596
506 4 2 146 3 1773 605 596 1772
507 4 2 146 3 1772 605 596 604
508 4 2 146 3 605 1773 596 147
509 4 2 146 3 606 148 147 1773
510 4 2 146 3 1773 148 147 605
511 4 2 146 3 434 437 73 588
512 4 2 146 3 1792 1765 588 437
513 4 2 146 3 437 1765 588 434
514 4 2 146 3 1765 1792 588 589
515 4 2 146 3 1793 1766 589 1792
516 4 2 146 3 1792 1766 589 1765
517 4 2 146 3 1766 1793 589 590
518 4 2 146 3 1794 1767 590 1793
519 4 2 146 3 1793 1767 590 1766
520 4 2 146 3 1767 1794 590 591
521 4 2 146 3 1795 1768 591 1794
522 4 2 146 3 1794 1768 591 1767
523 4 2 146 3 1768 1795 591 592
524 4 2 146 3 1796 1769 592 1795
525 4 2 146 3 1795 1769 592 1768
526 4 2 146 3 1769 1796 592 593
527 4 2 146 3 1797 1770 593 1796
528 4 2 146 3 1796 1770 593 1769
529 4 2 146 3 1770 1797 593 594
530 4 2 146 3 1798 1771 594 1797
531 4 2 146 3 1797 1771 594 1770
532 4 2 146 3 1771 1798 594 595
533 4 2 146 3 1799 1772 595 1798
534 4 2 146 3 1798 1772 595 1771
535 4 2 146 3 1772 1799 595 596
536 4 2 146 3 1800 1773 596 1799
537 4 2 146 3 1799 1773 596 1772
538 4 2 146 3 1773 1800 596 147
539 4 2 146 3 609 606 147 1800
540 4 2 146 3 1800 606 147 1773
541 4 2 146 3 71 437 435 570
542 4 2 146 3 1792 570 1774 437
543 4 2 146 3 437 570 1774 435
544 4 2 146 3 570 1792 1774 571
545 4 2 146 3 1793 571 1775 1792
546 4 2 146 3 1792 571 1775 1774
547 4 2 146 3 571 1793 1775 572
548 4 2 146 3 1794 572 1776 1793
549 4 2 146 3 1793 572 1776 1775
550 4 2 146 3 572 1794 1776 573
551 4 2 146 3 1795 573 1777 1794
552 4 2 146 3 1794 573 1777 1776
553 4 2 146 3 573 1795 1777 574
554 4 2 146 3 1796 574 1778 1795
555 4 2 146 3 1795 574 1778 1777
556 4 2 146 3 574 1796 1778 575
557 4 2 146 3 1797 575 1779 1796
558 4 2 146 3 1796 575 1779 1778
559 4 2 146 3 575 1797 1779 576
560 4 2 146 3 1798 576 1780 1797
561 4 2 146 3 1797 576 1780 1779
562 4 2 146 3 576 1798 1780 577
563 4 2 146 3 1799 577 1781 1798
564 4 2 146 3 1798 577 1781 1780
565 4 2 146 3 577 1799 1781 578
566 4 2 146 3 1800 578 1782 1799
567 4 2 146 3 1799 578 1782 1781
568 4 2 146 3 578 1800 1782 145
569 4 2 146 3 609 145 607 1800
570 4 2 146 3 1800 145 607 1782
571 4 2 146 3 3 436 434 1765
572 4 2 146 3 1783 132 1765 436
573 4 2 146 3 436 132 1765 3
574 4 2 146 3 132 1783 1765 1766
575 4 2 146 3 1784 133 1766 1783
576 4 2 146 3 1783 133 1766 132
577 4 2 146 3 133 1784 1766 1767
578 4 2 146 3 1785 134 1767 1784
579 4 2 146 3 1784 134 1767 133
580 4 2 146 3 134 1785 1767 1768
581 4 2 146 3 1786 135 1768 1785
582 4 2 146 3 1785 135 1768 134
583 4 2 146 3 135 1786 1768 1769
584 4 2 146 3 1787 136 1769 1786
585 4 2 146 3 1786 136 1769 135
586 4 2 146 3 136 1787 1769 1770
587 4 2 146 3 1788 137 1770 1787
588 4 2 146 3 1787 137 1770 136
589 4 2 146 3 137 1788 1770 1771
590 4 2 146 3 1789 138 1771 1788
591 4 2 146 3 1788 138 1771 137
592 4 2 146 3 138 1789 1771 1772
593 4 2 146 3 1790 139 1772 1789
594 4 2 146 3 1789 139 1772 138
595 4 2 146 3 139 1790 1772 1773
596 4 2 146 3 1791 140 1773 1790
597 4 2 146 3 1790 140 1773 139
598 4 2 146 3 140 1791 1773 606
599 4 2 146 3 608 10 606 1791
600 4 2 146 3 1791 10 606 140
601 4 2 146 3 435 436 69 552
602 4 2 146 3 1783 1774 552 436
603 4 2 146 3 436 1774 552 435
604 4 2 146 3 1774 1783 552 553
605 4 2 146 3 1784 1775 553 1783
606 4 2 146 3 1783 1775 553 1774
607 4 2 146 3 1775 1784 553 554
608 4 2 146 3 1785 1776 554 1784
609 4 2 146 3 1784 1776 554 1775
610 4 2 146 3 1776 1785 554 555
611 4 2 146 3 1786 1777 555 1785
612 4 2 146 3 1785 1777 555 1776
613 4 2 146 3 1777 1786 555 556
614 4 2 146 3 1787 1778 556 1786
615 4 2 146 3 1786 1778 556 1777
616 4 2 146 3 1778 1787 556 557
617 4 2 146 3 1788 1779 557 1787
618 4 2 146 3 1787 1779 557 1778
619 4 2 146 3 1779 1788 557 558
620 4 2 146 3 1789 1780 558 1788
621 4 2 146 3 1788 1780 558 1779
622 4 2 146 3 1780 1789 558 559
623 4 2 146 3 1790 1781 559 1789
624 4 2 146 3 1789 1781 559 1780
625 4 2 146 3 1781 1790 559 560
626 4 2 146 3 1791 1782 560 1790
627 4 2 146 3 1790 1782 560 1781
628 4 2 146 3 1782 1791 560 143
629 4 2 146 3 608 607 143 1791
630 4 2 146 3 1791 607 143 1782
631 4 2 146 3 67 436 3 132
632 4 2 146 3 1783 534 132 436
633 4 2 146 3 436 534 132 67
634 4 2 146 3 534 1783 132 133
635 4 2 146 3 1784 535 133 1783
636 4 2 146 3 1783 535 133 534
637 4 2 146 3 535 1784 133 134
638 4 2 146 3 1785 536 134 1784
639 4 2 146 3 1784 536 134 535
640 4 2 146 3 536 1785 134 135
641 4 2 146 3 1786 537 135 1785
642 4 2 146 3 1785 537 135 536
643 4 2 146 3 537 1786 135 136
644 4 2 146 3 1787 538 136 1786
645 4 2 146 3 1786 538 136 537
646 4 2 146 3 538 1787 136 137
647 4 2 146 3 1788 539 137 1787
648 4 2 146 3 1787 539 137 538
649 4 2 146 3 539 1788 137 138
650 4 2 146 3 1789 540 138 1788
651 4 2 146 3 1788 540 138 539
652 4 2 146 3 540 1789 138 139
653 4 2 146 3 1790 541 139 1789
654 4 2 146 3 1789 541 139 540
655 4 2 146 3 541 1790 139 140
656 4 2 146 3 1791 542 140 1790
657 4 2 146 3 1790 542 140 541
658 4 2 146 3 542 1791 140 10
659 4 2 146 3 608 141 10 1791
660 4 2 146 3 1791 141 10 542
661 4 2 146 3 69 436 68 543
662 4 2 146 3 1783 552 543 436
663 4 2 146 3 436 552 543 69
664 4 2 146 3 552 1783 543 544
665 4 2 146 3 1784 553 544 1783
666 4 2 146 3 1783 553 544 552
667 4 2 146 3 553 1784 544 545
668 4 2 146 3 1785 554 545 1784
669 4 2 146 3 1784 554 545 553
670 4 2 146 3 554 1785 545 546
671 4 2 146 3 1786 555 546 1785
672 4 2 146 3 1785 555 546 554
673 4 2 146 3 555 1786 546 547
674 4 2 146 3 1787 556 547 1786
675 4 2 146 3 1786 556 547 555
676 4 2 146 3 556 1787 547 548
677 4 2 146 3 1788 557 548 1787
678 4 2 146 3 1787 557 548 556
679 4 2 146 3 557 1788 548 549
680 4 2 146 3 1789 558 549 1788
681 4 2 146 3 1788 558 549 557
682 4 2 146 3 558 1789 549 550
683 4 2 146 3 1790 559 550 1789
684 4 2 146 3 1789 559 550 558
685 4 2 146 3 559 1790 550 551
686 4 2 146 3 1791 560 551 1790
687 4 2 146 3 1790 560 551 559
688 4 2 146 3 560 1791 551 142
689 4 2 146 3 608 143 142 1791
690 4 2 146 3 1791 143 142 560
691 4 2 146 3 3 434 74 597
692 4 2 146 3 1765 132 597 3
693 4 2 146 3 434 3 1765 597
694 4 2 146 3 132 1765 597 598
695 4 2 146 3 1766 133 598 132
696 4 2 146 3 1765 132 1766 598
697 4 2 146 3 133 1766 598 599
698 4 2 146 3 1767 134 599 133
699 4 2 146 3 1766 133 1767 599
700 4 2 146 3 134 1767 599 600
701 4 2 146 3 1768 135 600 134
702 4 2 146 3 1767 134 1768 600
703 4 2 146 3 135 1768 600 601
704 4 2 146 3 1769 136 601 135
705 4 2 146 3 1768 135 1769 601
706 4 2 146 3 136 1769 601 602
707 4 2 146 3 1770 137 602 136
708 4 2 146 3 1769 136 1770 602
709 4 2 146 3 137 1770 602 603
710 4 2 146 3 1771 138 603 137
711 4 2 146 3 1770 137 1771 603
712 4 2 146 3 138 1771 603 604
713 4 2 146 3 1772 139 604 138
714 4 2 146 3 1771 138 1772 604
715 4 2 146 3 139 1772 604 605
716 4 2 146 3 1773 140 605 139
717 4 2 146 3 1772 139 1773 605
718 4 2 146 3 140 1773 605 148
719 4 2 146 3 606 10 148 140
720 4 2 146 3 1773 140 606 148
721 4 2 146 3 70 435 69 552
722 4 2 146 3 1774 561 552 435
723 4 2 146 3 435 561 552 70
724 4 2 146 3 561 1774 552 553
725 4 2 146 3 1775 562 553 1774
726 4 2 146 3 1774 562 553 561
727 4 2 146 3 562 1775 553 554
728 4 2 146 3 1776 563 554 1775
729 4 2 146 3 1775 563 554 562
730 4 2 146 3 563 1776 554 555
731 4 2 146 3 1777 564 555 1776
732 4 2 146 3 1776 564 555 563
733 4 2 146 3 564 1777 555 556
734 4 2 146 3 1778 565 556 1777
735 4 2 146 3 1777 565 556 564
736 4 2 146 3 565 1778 556 557
737 4 2 146 3 1779 566 557 1778
738 4 2 146 3 1778 566 557 565
739 4 2 146 3 566 1779 557 558
740 4 2 146 3 1780 567 558 1779
741 4 2 146 3 1779 567 558 566
742 4 2 146 3 567 1780 558 559
743 4 2 146 3 1781 568 559 1780
744 4 2 146 3 1780 568 559 567
745 4 2 146 3 568 1781 559 560
746 4 2 146 3 1782 569 560 1781
747 4 2 146 3 1781 569 560 568
748 4 2 146 3 569 1782 560 143
749 4 2 146 3 607 144 143 1782
750 4 2 146 3 1782 144 143 569
751 4 2 146 3 72 437 71 570
752 4 2 146 3 1792 579 570 437
753 4 2 146 3 437 579 570 72
754 4 2 146 3 579 1792 570 571
755 4 2 146 3 1793 580 571 1792
756 4 2 146 3 1792 580 571 579
757 4 2 146 3 580 1793 571 572
758 4 2 146 3 1794 581 572 1793
759 4 2 146 3 1793 581 572 580
760 4 2 146 3 581 1794 572 573
761 4 2 146 3 1795 582 573 1794
762 4 2 146 3 1794 582 573 581
763 4 2 146 3 582 1795 573 574
764 4 2 146 3 1796 583 574 1795
765 4 2 146 3 1795 583 574 582
766 4 2 146 3 583 1796 574 575
767 4 2 146 3 1797 584 575 1796
768 4 2 146 3 1796 584 575 583
769 4 2 146 3 584 1797 575 576
770 4 2 146 3 1798 585 576 1797
771 4 2 146 3 1797 585 576 584
772 4 2 146 3 585 1798 576 577
773 4 2 146 3 1799 586 577 1798
774 4 2 146 3 1798 586 577 585
775 4 2 146 3 586 1799 577 578
776 4 2 146 3 1800 587 578 1799
777 4 2 146 3 1799 587 578 586
778 4 2 146 3 587 1800 578 145
779 4 2 146 3 609 146 145 1800
780 4 2 146 3 1800 146 145 587
781 4 2 146 3 73 437 72 579
782 4 2 146 3 1792 588 579 437
783 4 2 146 3 437 588 579 73
784 4 2 146 3 588 1792 579 580
785 4 2 146 3 1793 589 580 1792
786 4 2 146 3 1792 589 580 588
787 4 2 146 3 589 1793 580 581
788 4 2 146 3 1794 590 581 1793
789 4 2 146 3 1793 590 581 589
790 4 2 146 3 590 1794 581 582
791 4 2 146 3 1795 591 582 1794
792 4 2 146 3 1794 591 582 590
793 4 2 146 3 591 1795 582 583
794 4 2 146 3 1796 592 583 1795
795 4 2 146 3 1795 592 583 591
796 4 2 146 3 592 1796 583 584
797 4 2 146 3 1797 593 584 1796
798 4 2 146 3 1796 593 584 592
799 4 2 146 3 593 1797 584 585
800 4 2 146 3 1798 594 585 1797
801 4 2 146 3 1797 594 585 593
802 4 2 146 3 594 1798 585 586
803 4 2 146 3 1799 595 586 1798
804 4 2 146 3 1798 595 586 594
805 4 2 146 3 595 1799 586 587
806 4 2 146 3 1800 596 587 1799
807 4 2 146 3 1799 596 587 595
808 4 2 146 3 596 1800 587 146
809 4 2 146 3 609 147 146 1800
810 4 2 146 3 1800 147 146 596
811 4 2 146 3 435 437 434 1765
812 4 2 146 3 1792 1774 1765 437
813 4 2 146 3 437 1774 1765 435
814 4 2 146 3 1774 1792 1765 1766
815 4 2 146 3 1793 1775 1766 1792
816 4 2 146 3 1792 1775 1766 1774
817 4 2 146 3 1775 1793 1766 1767
818 4 2 146 3 1794 1776 1767 1793
819 4 2 146 3 1793 1776 1767 1775
820 4 2 146 3 1776 1794 1767 1768
821 4 2 146 3 1795 1777 1768 1794
822 4 2 146 3 1794 1777 1768 1776
823 4 2 146 3 1777 1795 1768 1769
824 4 2 146 3 1796 1778 1769 1795
825 4 2 146 3 1795 1778 1769 1777
826 4 2 146 3 1778 1796 1769 1770
827 4 2 146 3 1797 1779 1770 1796
828 4 2 146 3 1796 1779 1770 1778
829 4 2 146 3 1779 1797 1770 1771
830 4 2 146 3 1798 1780 1771 1797
831 4 2 146 3 1797 1780 1771 1779
832 4 2 146 3 1780 1798 1771 1772
833 4 2 146 3 1799 1781 1772 1798
834 4 2 146 3 1798 1781 1772 1780
835 4 2 146 3 1781 1799 1772 1773
836 4 2 146 3 1800 1782 1773 1799
837 4 2 146 3 1799 1782 1773 1781
838 4 2 146 3 1782 1800 1773 606
839 4 2 146 3 609 607 606 1800
840 4 2 146 3 1800 607 606 1782
841 4 2 146 3 434 436 435 1765
842 4 2 146 3 1783 1765 1774 436
843 4 2 146 3 436 1765 1774 435
844 4 2 146 3 1765 1783 1774 1766
845 4 2 146 3 1784 1766 1775 1783
846 4 2 146 3 1783 1766 1775 1774
847 4 2 146 3 1766 1784 1775 1767
848 4 2 146 3 1785 1767 1776 1784
849 4 2 146 3 1784 1767 1776 1775
850 4 2 146 3 1767 1785 1776 1768
851 4 2 146 3 1786 1768 1777 1785
852 4 2 146 3 1785 1768 1777 1776
853 4 2 146 3 1768 1786 1777 1769
854 4 2 146 3 1787 1769 1778 1786
855 4 2 146 3 1786 1769 1778 1777
856 4 2 146 3 1769 1787 1778 1770
857 4 2 146 3 1788 1770 1779 1787
858 4 2 146 3 1787 1770 1779 1778
859 4 2 146 3 1770 1788 1779 1771
860 4 2 146 3 1789 1771 1780 1788
861 4 2 146 3 1788 1771 1780 1779
862 4 2 146 3 1771 1789 1780 1772
863 4 2 146 3 1790 1772 1781 1789
864 4 2 146 3 1789 1772 1781 1780
865 4 2 146 3 1772 1790 1781 1773
866 4 2 146 3 1791 1773 1782 1790
867 4 2 146 3 1790 1773 1782 1781
868 4 2 146 3 1773 1791 1782 606
869 4 2 146 3 608 606 607 1791
870 4 2 146 3 1791 606 607 1782
871 4 2 146 3 68 436 67 534
872 4 2 146 3 1783 543 534 436
873 4 2 146 3 436 543 534 68
874 4 2 146 3 543 1783 534 535
875 4 2 146 3 1784 544 535 1783
876 4 2 146 3 1783 544 535 543
877 4 2 146 3 544 1784 535 536
878 4 2 146 3 1785 545 536 1784
879 4 2 146 3 1784 545 536 544
880 4 2 146 3 545 1785 536 537
881 4 2 146 3 1786 546 537 1785
882 4 2 146 3 1785 546 537 545
883 4 2 146 3 546 1786 537 538
884 4 2 146 3 1787 547 538 1786
885 4 2 146 3 1786 547 538 546
886 4 2 146 3 547 1787 538 539
887 4 2 146 3 1788 548 539 1787
888 4 2 146 3 1787 548 539 547
889 4 2 146 3 548 1788 539 540
890 4 2 146 3 1789 549 540 1788
891 4 2 146 3 1788 549 540 548
892 4 2 146 3 549 1789 540 541
893 4 2 146 3 1790 550 541 1789
894 4 2 146 3 1789 550 541 549
895 4 2 146 3 550 1790 541 542
896 4 2 146 3 1791 551 542 1790
897 4 2 146 3 1790 551 542 550
898 4 2 146 3 551 1791 542 141
899 4 2 146 3 608 142 141 1791
900 4 2 146 3 1791 142 141 551
901 4 2 145 4 61 431 60 619
902 4 2 145 4 1810 628 619 431
903 4 2 145 4 431 628 619 61
904 4 2 145 4 628 1810 619 620
905 4 2 145 4 1811 629 620 1810
906 4 2 145 4 1810 629 620 628
907 4 2 145 4 629 1811 620 621
908 4 2 145 4 1812 630 621 1811
909 4 2 145 4 1811 630 621 629
910 4 2 145 4 630 1812 621 622
911 4 2 145 4 1813 631 622 1812
912 4 2 145 4 1812 631 622 630
913 4 2 145 4 631 1813 622 623
914 4 2 145 4 1814 632 623 1813
915 4 2 145 4 1813 632 623 631
916 4 2 145 4 632 1814 623 624
917 4 2 145 4 1815 633 624 1814
918 4 2 145 4 1814 633 624 632
919 4 2 145 4 633 1815 624 625
920 4 2 145 4 1816 634 625 1815
921 4 2 145 4 1815 634 625 633
922 4 2 145 4 634 1816 625 626
923 4 2 145 4 1817 635 626 1816
924 4 2 145 4 1816 635 626 634
925 4 2 145 4 635 1817 626 627
926 4 2 145 4 1818 636 627 1817
927 4 2 145 4 1817 636 627 635
928 4 2 145 4 636 1818 627 159
929 4 2 145 4 683 160 159 1818
930 4 2 145 4 1818 160 159 636
931 4 2 145 4 64 430 63 646
932 4 2 145 4 1801 655 646 430
933 4 2 145 4 430 655 646 64
934 4 2 145 4 655 1801 646 647
935 4 2 145 4 1802 656 647 1801
936 4 2 145 4 1801 656 647 655
937 4 2 145 4 656 1802 647 648
938 4 2 145 4 1803 657 648 1802
939 4 2 145 4 1802 657 648 656
940 4 2 145 4 657 1803 648 649
941 4 2 145 4 1804 658 649 1803
942 4 2 145 4 1803 658 649 657
943 4 2 145 4 658 1804 649 650
944 4 2 145 4 1805 659 650 1804
945 4 2 145 4 1804 659 650 658
946 4 2 145 4 659 1805 650 651
947 4 2 145 4 1806 660 651 1805
948 4 2 145 4 1805 660 651 659
949 4 2 145 4 660 1806 651 652
950 4 2 145 4 1807 661 652 1806
951 4 2 145 4 1806 661 652 660
952 4 2 145 4 661 1807 652 653
953 4 2 145 4 1808 662 653 1807
954 4 2 145 4 1807 662 653 661
955 4 2 145 4 662 1808 653 654
956 4 2 145 4 1809 663 654 1808
957 4 2 145 4 1808 663 654 662
958 4 2 145 4 663 1809 654 162
959 4 2 145 4 682 163 162 1809
960 4 2 145 4 1809 163 162 663
961 4 2 145 4 61 433 431 628
962 4 2 145 4 1828 628 1810 433
963 4 2 145 4 433 628 1810 431
964 4 2 145 4 628 1828 1810 629
965 4 2 145 4 1829 629 1811 1828
966 4 2 145 4 1828 629 1811 1810
967 4 2 145 4 629 1829 1811 630
968 4 2 145 4 1830 630 1812 1829
969 4 2 145 4 1829 630 1812 1811
970 4 2 145 4 630 1830 1812 631
971 4 2 145 4 1831 631 1813 1830
972 4 2 145 4 1830 631 1813 1812
973 4 2 145 4 631 1831 1813 632
974 4 2 145 4 1832 632 1814 1831
975 4 2 145 4 1831 632 1814 1813
976 4 2 145 4 632 1832 1814 633
977 4 2 145 4 1833 633 1815 1832
978 4 2 145 4 1832 633 1815 1814
979 4 2 145 4 633 1833 1815 634
980 4 2 145 4 1834 634 1816 1833
981 4 2 145 4 1833 634 1816 1815
982 4 2 145 4 634 1834 1816 635
983 4 2 145 4 1835 635 1817 1834
984 4 2 145 4 1834 635 1817 1816
985 4 2 145 4 635 1835 1817 636
986 4 2 145 4 1836 636 1818 1835
987 4 2 145 4 1835 636 1818 1817
988 4 2 145 4 636 1836 1818 160
989 4 2 145 4 685 160 683 1836
990 4 2 145 4 1836 160 683 1818
991 4 2 145 4 430 433 63 646
992 4 2 145 4 1828 1801 646 433
993 4 2 145 4 433 1801 646 430
994 4 2 145 4 1801 1828 646 647
995 4 2 145 4 1829 1802 647 1828
996 4 2 145 4 1828 1802 647 1801
997 4 2 145 4 1802 1829 647 648
998 4 2 145 4 1830 1803 648 1829
999 4 2 145 4 1829 1803 648 1802
1000 4 2 145 4 1803 1830 648 649
1001 4 2 145 4 1831 1804 649 1830
1002 4 2 145 4 1830 1804 649 1803
1003 4 2 145 4 1804 1831 649 650
1004 4 2 145 4 1832 1805 650 1831
1005 4 2 145 4 1831 1805 650 1804
1006 4 2 145 4 1805 1832 650 651
1007 4 2 145 4 1833 1806 651 1832
1008 4 2 145 4 1832 1806 651 1805
1009 4 2 145 4 1806 1833 651 652
1010 4 2 145 4 1834 1807 652 1833
1011 4 2 145 4 1833 1807 652 1806
1012 4 2 145 4 1807 1834 652 653
1013 4 2 145 4 1835 1808 653 1834
1014 4 2 145 4 1834 1808 653 1807
1015 4 2 145 4 1808 1835 653 654
1016 4 2 145 4 1836 1809 654 1835
1017 4 2 145 4 1835 1809 654 1808
1018 4 2 145 4 1809 1836 654 162
1019 4 2 145 4 685 682 162 1836
1020 4 2 145 4 1836 682 162 1809
1021 4 2 145 4 431 432 59 610
1022 4 2 145 4 1819 1810 610 432
1023 4 2 145 4 432 1810 610 431
1024 4 2 145 4 1810 1819 610 611
1025 4 2 145 4 1820 1811 611 1819
1026 4 2 145 4 1819 1811 611 1810
1027 4 2 145 4 1811 1820 611 612
1028 4 2 145 4 1821 1812 612 1820
1029 4 2 145 4 1820 1812 612 1811
1030 4 2 145 4 1812 1821 612 613
1031 4 2 145 4 1822 1813 613 1821
1032 4 2 145 4 1821 1813 613 1812
1033 4 2 145 4 1813 1822 613 614
1034 4 2 145 4 1823 1814 614 1822
1035 4 2 145 4 1822 1814 614 1813
1036 4 2 145 4 1814 1823 614 615
1037 4 2 145 4 1824 1815 615 1823
1038 4 2 145 4 1823 1815 615 1814
1039 4 2 145 4 1815 1824 615 616
1040 4 2 145 4 1825 1816 616 1824
1041 4 2 145 4 1824 1816 616 1815
1042 4 2 145 4 1816 1825 616 617
1043 4 2 145 4 1826 1817 617 1825
1044 4 2 145 4 1825 1817 617 1816
1045 4 2 145 4 1817 1826 617 618
1046 4 2 145 4 1827 1818 618 1826
1047 4 2 145 4 1826 1818 618 1817
1048 4 2 145 4 1818 1827 618 158
1049 4 2 145 4 684 683 158 1827
1050 4 2 145 4 1827 683 158 1818
1051 4 2 145 4 65 432 430 1801
1052 4 2 145 4 1819 664 1801 432
1053 4 2 145 4 432 664 1801 65
1054 4 2 145 4 664 1819 1801 1802
1055 4 2 145 4 1820 665 1802 1819
1056 4 2 145 4 1819 665 1802 664
1057 4 2 145 4 665 1820 1802 1803
1058 4 2 145 4 1821 666 1803 1820
1059 4 2 145 4 1820 666 1803 665
1060 4 2 145 4 666 1821 1803 1804
1061 4 2 145 4 1822 667 1804 1821
1062 4 2 145 4 1821 667 1804 666
1063 4 2 145 4 667 1822 1804 1805
1064 4 2 145 4 1823 668 1805 1822
1065 4 2 145 4 1822 668 1805 667
1066 4 2 145 4 668 1823 1805 1806
1067 4 2 145 4 1824 669 1806 1823
1068 4 2 145 4 1823 669 1806 668
1069 4 2 145 4 669 1824 1806 1807
1070 4 2 145 4 1825 670 1807 1824
1071 4 2 145 4 1824 670 1807 669
1072 4 2 145 4 670 1825 1807 1808
1073 4 2 145 4 1826 671 1808 1825
1074 4 2 145 4 1825 671 1808 670
1075 4 2 145 4 671 1826 1808 1809
1076 4 2 145 4 1827 672 1809 1826
1077 4 2 145 4 1826 672 1809 671
1078 4 2 145 4 672 1827 1809 682
1079 4 2 145 4 684 164 682 1827
1080 4 2 145 4 1827 164 682 672
1081 4 2 145 4 59 432 2 149
1082 4 2 145 4 1819 610 149 432
1083 4 2 145 4 432 610 149 59
1084 4 2 145 4 610 1819 149 150
1085 4 2 145 4 1820 611 150 1819
1086 4 2 145 4 1819 611 150 610
1087 4 2 145 4 611 1820 150 151
1088 4 2 145 4 1821 612 151 1820
1089 4 2 145 4 1820 612 151 611
1090 4 2 145 4 612 1821 151 152
1091 4 2 145 4 1822 613 152 1821
1092 4 2 145 4 1821 613 152 612
1093 4 2 145 4 613 1822 152 153
1094 4 2 145 4 1823 614 153 1822
1095 4 2 145 4 1822 614 153 613
1096 4 2 145 4 614 1823 153 154
1097 4 2 145 4 1824 615 154 1823
1098 4 2 145 4 1823 615 154 614
1099 4 2 145 4 615 1824 154 155
1100 4 2 145 4 1825 616 155 1824
1101 4 2 145 4 1824 616 155 615
1102 4 2 145 4 616 1825 155 156
1103 4 2 145 4 1826 617 156 1825
1104 4 2 145 4 1825 617 156 616
1105 4 2 145 4 617 1826 156 157
1106 4 2 145 4 1827 618 157 1826
1107 4 2 145 4 1826 618 157 617
1108 4 2 145 4 618 1827 157 11
1109 4 2 145 4 684 158 11 1827
1110 4 2 145 4 1827 158 11 618
1111 4 2 145 4 66 432 65 664
1112 4 2 145 4 1819 673 664 432
1113 4 2 145 4 432 673 664 66
1114 4 2 145 4 673 1819 664 665
1115 4 2 145 4 1820 674 665 1819
1116 4 2 145 4 1819 674 665 673
1117 4 2 145 4 674 1820 665 666
1118 4 2 145 4 1821 675 666 1820
1119 4 2 145 4 1820 675 666 674
1120 4 2 145 4 675 1821 666 667
1121 4 2 145 4 1822 676 667 1821
1122 4 2 145 4 1821 676 667 675
1123 4 2 145 4 676 1822 667 668
1124 4 2 145 4 1823 677 668 1822
1125 4 2 145 4 1822 677 668 676
1126 4 2 145 4 677 1823 668 669
1127 4 2 145 4 1824 678 669 1823
1128 4 2 145 4 1823 678 669 677
1129 4 2 145 4 678 1824 669 670
1130 4 2 145 4 1825 679 670 1824
1131 4 2 145 4 1824 679 670 678
1132 4 2 145 4 679 1825 670 671
1133 4 2 145 4 1826 680 671 1825
1134 4 2 145 4 1825 680 671 679
1135 4 2 145 4 680 1826 671 672
1136 4 2 145 4 1827 681 672 1826
1137 4 2 145 4 1826 681 672 680
1138 4 2 145 4 681 1827 672 164
1139 4 2 145 4 684 165 164 1827
1140 4 2 145 4 1827 165 164 681
1141 4 2 145 4 60 431 59 610
1142 4 2 145 4 1810 619 610 431
1143 4 2 145 4 431 619 610 60
1144 4 2 145 4 619 1810 610 611
1145 4 2 145 4 1811 620 611 1810
1146 4 2 145 4 1810 620 611 619
1147 4 2 145 4 620 1811 611 612
1148 4 2 145 4 1812 621 612 1811
1149 4 2 145 4 1811 621 612 620
1150 4 2 145 4 621 1812 612 613
1151 4 2 145 4 1813 622 613 1812
1152 4 2 145 4 1812 622 613 621
1153 4 2 145 4 622 1813 613 614
1154 4 2 145 4 1814 623 614 1813
1155 4 2 145 4 1813 623 614 622
1156 4 2 145 4 623 1814 614 615
1157 4 2 145 4 1815 624 615 1814
1158 4 2 145 4 1814 624 615 623
1159 4 2 145 4 624 1815 615 616
1160 4 2 145 4 1816 625 616 1815
1161 4 2 145 4 1815 625 616 624
1162 4 2 145 4 625 1816 616 617
1163 4 2 145 4 1817 626 617 1816
1164 4 2 145 4 1816 626 617 625
1165 4 2 145 4 626 1817 617 618
1166 4 2 145 4 1818 627 618 1817
1167 4 2 145 4 1817 627 618 626
1168 4 2 145 4 627 1818 618 158
1169 4 2 145 4 683 159 158 1818
1170 4 2 145 4 1818 159 158 627
1171 4 2 145 4 65 430 64 655
1172 4 2 145 4 1801 664 655 65
1173 4 2 145 4 430 65 1801 655
1174 4 2 145 4 664 1801 655 656
1175 4 2 145 4 1802 665 656 664
1176 4 2 145 4 1801 664 1802 656
1177 4 2 145 4 665 1802 656 657
1178 4 2 145 4 1803 666 657 665
1179 4 2 145 4 1802 665 1803 657
1180 4 2 145 4 666 1803 657 658
1181 4 2 145 4 1804 667 658 666
1182 4 2 145 4 1803 666 1804 658
1183 4 2 145 4 667 1804 658 659
1184 4 2 145 4 1805 668 659 667
1185 4 2 145 4 1804 667 1805 659
1186 4 2 145 4 668 1805 659 660
1187 4 2 145 4 1806 669 660 668
1188 4 2 145 4 1805 668 1806 660
1189 4 2 145 4 669 1806 660 661
1190 4 2 145 4 1807 670 661 669
1191 4 2 145 4 1806 669 1807 661
1192 4 2 145 4 670 1807 661 662
1193 4 2 145 4 1808 671 662 670
1194 4 2 145 4 1807 670 1808 662
1195 4 2 145 4 671 1808 662 663
1196 4 2 145 4 1809 672 663 671
1197 4 2 145 4 1808 671 1809 663
1198 4 2 145 4 672 1809 663 163
1199 4 2 145 4 682 164 163 672
1200 4 2 145 4 1809 672 682 163
1201 4 2 145 4 63 433 62 637
1202 4 2 145 4 1828 646 637 433
1203 4 2 145 4 433 646 637 63
1204 4 2 145 4 646 1828 637 638
1205 4 2 145 4 1829 647 638 1828
1206 4 2 145 4 1828 647 638 646
1207 4 2 145 4 647 1829 638 639
1208 4 2 145 4 1830 648 639 1829
1209 4 2 145 4 1829 648 639 647
1210 4 2 145 4 648 1830 639 640
1211 4 2 145 4 1831 649 640 1830
1212 4 2 145 4 1830 649 640 648
1213 4 2 145 4 649 1831 640 641
1214 4 2 145 4 1832 650 641 1831
1215 4 2 145 4 1831 650 641 649
1216 4 2 145 4 650 1832 641 642
1217 4 2 145 4 1833 651 642 1832
1218 4 2 145 4 1832 651 642 650
1219 4 2 145 4 651 1833 642 643
1220 4 2 145 4 1834 652 643 1833
1221 4 2 145 4 1833 652 643 651
1222 4 2 145 4 652 1834 643 644
1223 4 2 145 4 1835 653 644 1834
1224 4 2 145 4 1834 653 644 652
1225 4 2 145 4 653 1835 644 645
1226 4 2 145 4 1836 654 645 1835
1227 4 2 145 4 1835 654 645 653
1228 4 2 145 4 654 1836 645 161
1229 4 2 145 4 685 162 161 1836
1230 4 2 145 4 1836 162 161 654
1231 4 2 145 4 62 433 61 628
1232 4 2 145 4 1828 637 628 433
1233 4 2 145 4 433 637 628 62
1234 4 2 145 4 637 1828 628 629
1235 4 2 145 4 1829 638 629 1828
1236 4 2 145 4 1828 638 629 637
1237 4 2 145 4 638 1829 629 630
1238 4 2 145 4 1830 639 630 1829
1239 4 2 145 4 1829 639 630 638
1240 4 2 145 4 639 1830 630 631
1241 4 2 145 4 1831 640 631 1830
1242 4 2 145 4 1830 640 631 639
1243 4 2 145 4 640 1831 631 632
1244 4 2 145 4 1832 641 632 1831
1245 4 2 145 4 1831 641 632 640
1246 4 2 145 4 641 1832 632 633
1247 4 2 145 4 1833 642 633 1832
1248 4 2 145 4 1832 642 633 641
1249 4 2 145 4 642 1833 633 634
1250 4 2 145 4 1834 643 634 1833
1251 4 2 145 4 1833 643 634 642
1252 4 2 145 4 643 1834 634 635
1253 4 2 145 4 1835 644 635 1834
1254 4 2 145 4 1834 644 635 643
1255 4 2 145 4 644 1835 635 636
1256 4 2 145 4 1836 645 636 1835
1257 4 2 145 4 1835 645 636 644
1258 4 2 145 4 645 1836 636 160
1259 4 2 145 4 685 161 160 1836
1260 4 2 145 4 1836 161 160 645
1261 4 2 145 4 431 433 430 1801
1262 4 2 145 4 1828 1810 1801 433
1263 4 2 145 4 433 1810 1801 431
1264 4 2 145 4 1810 1828 1801 1802
1265 4 2 145 4 1829 1811 1802 1828
1266 4 2 145 4 1828 1811 1802 1810
1267 4 2 145 4 1811 1829 1802 1803
1268 4 2 145 4 1830 1812 1803 1829
1269 4 2 145 4 1829 1812 1803 1811
1270 4 2 145 4 1812 1830 1803 1804
1271 4 2 145 4 1831 1813 1804 1830
1272 4 2 145 4 1830 1813 1804 1812
1273 4 2 145 4 1813 1831 1804 1805
1274 4 2 145 4 1832 1814 1805 1831
1275 4 2 145 4 1831 1814 1805 1813
1276 4 2 145 4 1814 1832 1805 1806
1277 4 2 145 4 1833 1815 1806 1832
1278 4 2 145 4 1832 1815 1806 1814
1279 4 2 145 4 1815 1833 1806 1807
1280 4 2 145 4 1834 1816 1807 1833
1281 4 2 145 4 1833 1816 1807 1815
1282 4 2 145 4 1816 1834 1807 1808
1283 4 2 145 4 1835 1817 1808 1834
1284 4 2 145 4 1834 1817 1808 1816
1285 4 2 145 4 1817 1835 1808 1809
1286 4 2 145 4 1836 1818 1809 1835
1287 4 2 145 4 1835 1818 1809 1817
1288 4 2 145 4 1818 1836 1809 682
1289 4 2 145 4 685 683 682 1836
1290 4 2 145 4 1836 683 682 1818
1291 4 2 145 4 430 432 431 1801
1292 4 2 145 4 1819 1801 1810 432
1293 4 2 145 4 432 1801 1810 431
1294 4 2 145 4 1801 1819 1810 1802
1295 4 2 145 4 1820 1802 1811 1819
1296 4 2 145 4 1819 1802 1811 1810
1297 4 2 145 4 1802 1820 1811 1803
1298 4 2 145 4 1821 1803 1812 1820
1299 4 2 145 4 1820 1803 1812 1811
1300 4 2 145 4 1803 1821 1812 1804
1301 4 2 145 4 1822 1804 1813 1821
1302 4 2 145 4 1821 1804 1813 1812
1303 4 2 145 4 1804 1822 1813 1805
1304 4 2 145 4 1823 1805 1814 1822
1305 4 2 145 4 1822 1805 1814 1813
1306 4 2 145 4 1805 1823 1814 1806
1307 4 2 145 4 1824 1806 1815 1823
1308 4 2 145 4 1823 1806 1815 1814
1309 4 2 145 4 1806 1824 1815 1807
1310 4 2 145 4 1825 1807 1816 1824
1311 4 2 145 4 1824 1807 1816 1815
1312 4 2 145 4 1807 1825 1816 1808
1313 4 2 145 4 1826 1808 1817 1825
1314 4 2 145 4 1825 1808 1817 1816
1315 4 2 145 4 1808 1826 1817 1809
1316 4 2 145 4 1827 1809 1818 1826
1317 4 2 145 4 1826 1809 1818 1817
1318 4 2 145 4 1809 1827 1818 682
1319 4 2 145 4 684 682 683 1827
1320 4 2 145 4 1827 682 683 1818
1321 4 2 145 4 2 432 66 673
1322 4 2 145 4 1819 149 673 432
1323 4 2 145 4 432 149 673 2
1324 4 2 145 4 149 1819 673 674
1325 4 2 145 4 1820 150 674 1819
1326 4 2 145 4 1819 150 674 149
1327 4 2 145 4 150 1820 674 675
1328 4 2 145 4 1821 151 675 1820
1329 4 2 145 4 1820 151 675 150
1330 4 2 145 4 151 1821 675 676
1331 4 2 145 4 1822 152 676 1821
1332 4 2 145 4 1821 152 676 151
1333 4 2 145 4 152 1822 676 677
1334 4 2 145 4 1823 153 677 1822
1335 4 2 145 4 1822 153 677 152
1336 4 2 145 4 153 1823 677 678
1337 4 2 145 4 1824 154 678 1823
1338 4 2 145 4 1823 154 678 153
1339 4 2 145 4 154 1824 678 679
1340 4 2 145 4 1825 155 679 1824
1341 4 2 145 4 1824 155 679 154
1342 4 2 145 4 155 1825 679 680
1343 4 2 145 4 1826 156 680 1825
1344 4 2 145 4 1825 156 680 155
1345 4 2 145 4 156 1826 680 681
1346 4 2 145 4 1827 157 681 1826
1347 4 2 145 4 1826 157 681 156
1348 4 2 145 4 157 1827 681 165
1349 4 2 145 4 684 11 165 1827
1350 4 2 145 4 1827 11 165 157
1351 4 2 144 5 53 428 427 1846
1352 4 2 144 5 1855 704 1846 428
1353 4 2 144 5 428 704 1846 53
1354 4 2 144 5 704 1855 1846 1847
1355 4 2 144 5 1856 705 1847 1855
1356 4 2 144 5 1855 705 1847 704
1357 4 2 144 5 705 1856 1847 1848
1358 4 2 144 5 1857 706 1848 1856
1359 4 2 144 5 1856 706 1848 705
1360 4 2 144 5 706 1857 1848 1849
1361 4 2 144 5 1858 707 1849 1857
1362 4 2 144 5 1857 707 1849 706
1363 4 2 144 5 707 1858 1849 1850
1364 4 2 144 5 1859 708 1850 1858
1365 4 2 144 5 1858 708 1850 707
1366 4 2 144 5 708 1859 1850 1851
1367 4 2 144 5 1860 709 1851 1859
1368 4 2 144 5 1859 709 1851 708
1369 4 2 144 5 709 1860 1851 1852
1370 4 2 144 5 1861 710 1852 1860
1371 4 2 144 5 1860 710 1852 709
1372 4 2 144 5 710 1861 1852 1853
1373 4 2 144 5 1862 711 1853 1861
1374 4 2 144 5 1861 711 1853 710
1375 4 2 144 5 711 1862 1853 1854
1376 4 2 144 5 1863 712 1854 1862
1377 4 2 144 5 1862 712 1854 711
1378 4 2 144 5 712 1863 1854 759
1379 4 2 144 5 760 177 759 1863
1380 4 2 144 5 1863 177 759 712
1381 4 2 144 5 53 427 52 695
1382 4 2 144 5 1846 704 695 53
1383 4 2 144 5 427 53 1846 695
1384 4 2 144 5 704 1846 695 696
1385 4 2 144 5 1847 705 696 704
1386 4 2 144 5 1846 704 1847 696
1387 4 2 144 5 705 1847 696 697
1388 4 2 144 5 1848 706 697 705
1389 4 2 144 5 1847 705 1848 697
1390 4 2 144 5 706 1848 697 698
1391 4 2 144 5 1849 707 698 706
1392 4 2 144 5 1848 706 1849 698
1393 4 2 144 5 707 1849 698 699
1394 4 2 144 5 1850 708 699 707
1395 4 2 144 5 1849 707 1850 699
1396 4 2 144 5 708 1850 699 700
1397 4 2 144 5 1851 709 700 708
1398 4 2 144 5 1850 708 1851 700
1399 4 2 144 5 709 1851 700 701
1400 4 2 144 5 1852 710 701 709
1401 4 2 144 5 1851 709 1852 701
1402 4 2 144 5 710 1852 701 702
1403 4 2 144 5 1853 711 702 710
1404 4 2 144 5 1852 710 1853 702
1405 4 2 144 5 711 1853 702 703
1406 4 2 144 5 1854 712 703 711
1407 4 2 144 5 1853 711 1854 703
1408 4 2 144 5 712 1854 703 176
1409 4 2 144 5 759 177 176 712
1410 4 2 144 5 1854 712 759 176
1411 4 2 144 5 426 428 56 731
1412 4 2 144 5 1855 1837 731 428
1413 4 2 144 5 428 1837 731 426
1414 4 2 144 5 1837 1855 731 732
1415 4 2 144 5 1856 1838 732 1855
1416 4 2 144 5 1855 1838 732 1837
1417 4 2 144 5 1838 1856 732 733
1418 4 2 144 5 1857 1839 733 1856
1419 4 2 144 5 1856 1839 733 1838
1420 4 2 144 5 1839 1857 733 734
1421 4 2 144 5 1858 1840 734 1857
1422 4 2 144 5 1857 1840 734 1839
1423 4 2 144 5 1840 1858 734 735
1424 4 2 144 5 1859 1841 735 1858
1425 4 2 144 5 1858 1841 735 1840
1426 4 2 144 5 1841 1859 735 736
1427 4 2 144 5 1860 1842 736 1859
1428 4 2 144 5 1859 1842 736 1841
1429 4 2 144 5 1842 1860 736 737
1430 4 2 144 5 1861 1843 737 1860
1431 4 2 144 5 1860 1843 737 1842
1432 4 2 144 5 1843 1861 737 738
1433 4 2 144 5 1862 1844 738 1861
1434 4 2 144 5 1861 1844 738 1843
1435 4 2 144 5 1844 1862 738 739
1436 4 2 144 5 1863 1845 739 1862
1437 4 2 144 5 1862 1845 739 1844
1438 4 2 144 5 1845 1863 739 180
1439 4 2 144 5 760 758 180 1863
1440 4 2 144 5 1863 758 180 1845
1441 4 2 144 5 56 428 55 722
1442 4 2 144 5 1855 731 722 428
1443 4 2 144 5 428 731 722 56
1444 4 2 144 5 731 1855 722 723
1445 4 2 144 5 1856 732 723 1855
1446 4 2 144 5 1855 732 723 731
1447 4 2 144 5 732 1856 723 724
1448 4 2 144 5 1857 733 724 1856
1449 4 2 144 5 1856 733 724 732
1450 4 2 144 5 733 1857 724 725
1451 4 2 144 5 1858 734 725 1857
1452 4 2 144 5 1857 734 725 733
1453 4 2 144 5 734 1858 725 726
1454 4 2 144 5 1859 735 726 1858
1455 4 2 144 5 1858 735 726 734
1456 4 2 144 5 735 1859 726 727
1457 4 2 144 5 1860 736 727 1859
1458 4 2 144 5 1859 736 727 735
1459 4 2 144 5 736 1860 727 728
1460 4 2 144 5 1861 737 728 1860
1461 4 2 144 5 1860 737 728 736
1462 4 2 144 5 737 1861 728 729
1463 4 2 144 5 1862 738 729 1861
1464 4 2 144 5 1861 738 729 737
1465 4 2 144 5 738 1862 729 730
1466 4 2 144 5 1863 739 730 1862
1467 4 2 144 5 1862 739 730 738
1468 4 2 144 5 739 1863 730 179
1469 4 2 144 5 760 180 179 1863
1470 4 2 144 5 1863 180 179 739
1471 4 2 144 5 51 429 1 166
1472 4 2 144 5 1864 686 166 429
1473 4 2 144 5 429 686 166 51
1474 4 2 144 5 686 1864 166 167
1475 4 2 144 5 1865 687 167 1864
1476 4 2 144 5 1864 687 167 686
1477 4 2 144 5 687 1865 167 168
1478 4 2 144 5 1866 688 168 1865
1479 4 2 144 5 1865 688 168 687
1480 4 2 144 5 688 1866 168 169
1481 4 2 144 5 1867 689 169 1866
1482 4 2 144 5 1866 689 169 688
1483 4 2 144 5 689 1867 169 170
1484 4 2 144 5 1868 690 170 1867
1485 4 2 144 5 1867 690 170 689
1486 4 2 144 5 690 1868 170 171
1487 4 2 144 5 1869 691 171 1868
1488 4 2 144 5 1868 691 171 690
1489 4 2 144 5 691 1869 171 172
1490 4 2 144 5 1870 692 172 1869
1491 4 2 144 5 1869 692 172 691
1492 4 2 144 5 692 1870 172 173
1493 4 2 144 5 1871 693 173 1870
1494 4 2 144 5 1870 693 173 692
1495 4 2 144 5 693 1871 173 174
1496 4 2 144 5 1872 694 174 1871
1497 4 2 144 5 1871 694 174 693
1498 4 2 144 5 694 1872 174 12
1499 4 2 144 5 761 175 12 1872
1500 4 2 144 5 1872 175 12 694
1501 4 2 144 5 57 429 426 1837
1502 4 2 144 5 1864 740 1837 429
1503 4 2 144 5 429 740 1837 57
1504 4 2 144 5 740 1864 1837 1838
1505 4 2 144 5 1865 741 1838 1864
1506 4 2 144 5 1864 741 1838 740
1507 4 2 144 5 741 1865 1838 1839
1508 4 2 144 5 1866 742 1839 1865
1509 4 2 144 5 1865 742 1839 741
1510 4 2 144 5 742 1866 1839 1840
1511 4 2 144 5 1867 743 1840 1866
1512 4 2 144 5 1866 743 1840 742
1513 4 2 144 5 743 1867 1840 1841
1514 4 2 144 5 1868 744 1841 1867
1515 4 2 144 5 1867 744 1841 743
1516 4 2 144 5 744 1868 1841 1842
1517 4 2 144 5 1869 745 1842 1868
1518 4 2 144 5 1868 745 1842 744
1519 4 2 144 5 745 1869 1842 1843
1520 4 2 144 5 1870 746 1843 1869
1521 4 2 144 5 1869 746 1843 745
1522 4 2 144 5 746 1870 1843 1844
1523 4 2 144 5 1871 747 1844 1870
1524 4 2 144 5 1870 747 1844 746
1525 4 2 144 5 747 1871 1844 1845
1526 4 2 144 5 1872 748 1845 1871
1527 4 2 144 5 1871 748 1845 747
1528 4 2 144 5 748 1872 1845 758
1529 4 2 144 5 761 181 758 1872
1530 4 2 144 5 1872 181 758 748
1531 4 2 144 5 427 429 51 686
1532 4 2 144 5 1864 1846 686 429
1533 4 2 144 5 429 1846 686 427
1534 4 2 144 5 1846 1864 686 687
1535 4 2 144 5 1865 1847 687 1864
1536 4 2 144 5 1864 1847 687 1846
1537 4 2 144 5 1847 1865 687 688
1538 4 2 144 5 1866 1848 688 1865
1539 4 2 144 5 1865 1848 688 1847
1540 4 2 144 5 1848 1866 688 689
1541 4 2 144 5 1867 1849 689 1866
1542 4 2 144 5 1866 1849 689 1848
1543 4 2 144 5 1849 1867 689 690
1544 4 2 144 5 1868 1850 690 1867
1545 4 2 144 5 1867 1850 690 1849
1546 4 2 144 5 1850 1868 690 691
1547 4 2 144 5 1869 1851 691 1868
1548 4 2 144 5 1868 1851 691 1850
1549 4 2 144 5 1851 1869 691 692
1550 4 2 144 5 1870 1852 692 1869
1551 4 2 144 5 1869 1852 692 1851
1552 4 2 144 5 1852 1870 692 693
1553 4 2 144 5 1871 1853 693 1870
1554 4 2 144 5 1870 1853 693 1852
1555 4 2 144 5 1853 1871 693 694
1556 4 2 144 5 1872 1854 694 1871
1557 4 2 144 5 1871 1854 694 1853
1558 4 2 144 5 1854 1872 694 175
1559 4 2 144 5 761 759 175 1872
1560 4 2 144 5 1872 759 175 1854
1561 4 2 144 5 54 428 53 704
1562 4 2 144 5 1855 713 704 428
1563 4 2 144 5 428 713 704 54
1564 4 2 144 5 713 1855 704 705
1565 4 2 144 5 1856 714 705 1855
1566 4 2 144 5 1855 714 705 713
1567 4 2 144 5 714 1856 705 706
1568 4 2 144 5 1857 715 706 1856
1569 4 2 144 5 1856 715 706 714
1570 4 2 144 5 715 1857 706 707
1571 4 2 144 5 1858 716 707 1857
1572 4 2 144 5 1857 716 707 715
1573 4 2 144 5 716 1858 707 708
1574 4 2 144 5 1859 717 708 1858
1575 4 2 144 5 1858 717 708 716
1576 4 2 144 5 717 1859 708 709
1577 4 2 144 5 1860 718 709 1859
1578 4 2 144 5 1859 718 709 717
1579 4 2 144 5 718 1860 709 710
1580 4 2 144 5 1861 719 710 1860
1581 4 2 144 5 1860 719 710 718
1582 4 2 144 5 719 1861 710 711
1583 4 2 144 5 1862 720 711 1861
1584 4 2 144 5 1861 720 711 719
1585 4 2 144 5 720 1862 711 712
1586 4 2 144 5 1863 721 712 1862
1587 4 2 144 5 1862 721 712 720
1588 4 2 144 5 721 1863 712 177
1589 4 2 144 5 760 178 177 1863
1590 4 2 144 5 1863 178 177 721
1591 4 2 144 5 58 429 57 740
1592 4 2 144 5 1864 749 740 429
1593 4 2 144 5 429 749 740 58
1594 4 2 144 5 749 1864 740 741
1595 4 2 144 5 1865 750 741 1864
1596 4 2 144 5 1864 750 741 749
1597 4 2 144 5 750 1865 741 742
1598 4 2 144 5 1866 751 742 1865
1599 4 2 144 5 1865 751 742 750
1600 4 2 144 5 751 1866 742 743
1601 4 2 144 5 1867 752 743 1866
1602 4 2 144 5 1866 752 743 751
1603 4 2 144 5 752 1867 743 744
1604 4 2 144 5 1868 753 744 1867
1605 4 2 144 5 1867 753 744 752
1606 4 2 144 5 753 1868 744 745
1607 4 2 144 5 1869 754 745 1868
1608 4 2 144 5 1868 754 745 753
1609 4 2 144 5 754 1869 745 746
1610 4 2 144 5 1870 755 746 1869
1611 4 2 144 5 1869 755 746 754
1612 4 2 144 5 755 1870 746 747
1613 4 2 144 5 1871 756 747 1870
1614 4 2 144 5 1870 756 747 755
1615 4 2 144 5 756 1871 747 748
1616 4 2 144 5 1872 757 748 1871
1617 4 2 144 5 1871 757 748 756
1618 4 2 144 5 757 1872 748 181
1619 4 2 144 5 761 182 181 1872
1620 4 2 144 5 1872 182 181 757
1621 4 2 144 5 52 427 51 686
1622 4 2 144 5 1846 695 686 427
1623 4 2 144 5 427 695 686 52
1624 4 2 144 5 695 1846 686 687
1625 4 2 144 5 1847 696 687 1846
1626 4 2 144 5 1846 696 687 695
1627 4 2 144 5 696 1847 687 688
1628 4 2 144 5 1848 697 688 1847
1629 4 2 144 5 1847 697 688 696
1630 4 2 144 5 697 1848 688 689
1631 4 2 144 5 1849 698 689 1848
1632 4 2 144 5 1848 698 689 697
1633 4 2 144 5 698 1849 689 690
1634 4 2 144 5 1850 699 690 1849
1635 4 2 144 5 1849 699 690 698
1636 4 2 144 5 699 1850 690 691
1637 4 2 144 5 1851 700 691 1850
1638 4 2 144 5 1850 700 691 699
1639 4 2 144 5 700 1851 691 692
1640 4 2 144 5 1852 701 692 1851
1641 4 2 144 5 1851 701 692 700
1642 4 2 144 5 701 1852 692 693
1643 4 2 144 5 1853 702 693 1852
1644 4 2 144 5 1852 702 693 701
1645 4 2 144 5 702 1853 693 694
1646 4 2 144 5 1854 703 694 1853
1647 4 2 144 5 1853 703 694 702
1648 4 2 144 5 703 1854 694 175
1649 4 2 144 5 759 176 175 1854
1650 4 2 144 5 1854 176 175 703
1651 4 2 144 5 57 426 56 731
1652 4 2 144 5 1837 740 731 57
1653 4 2 144 5 426 57 1837 731
1654 4 2 144 5 740 1837 731 732
1655 4 2 144 5 1838 741 732 740
1656 4 2 144 5 1837 740 1838 732
1657 4 2 144 5 741 1838 732 733
1658 4 2 144 5 1839 742 733 741
1659 4 2 144 5 1838 741 1839 733
1660 4 2 144 5 742 1839 733 734
1661 4 2 144 5 1840 743 734 742
1662 4 2 144 5 1839 742 1840 734
1663 4 2 144 5 743 1840 734 735
1664 4 2 144 5 1841 744 735 743
1665 4 2 144 5 1840 743 1841 735
1666 4 2 144 5 744 1841 735 736
1667 4 2 144 5 1842 745 736 744
1668 4 2 144 5 1841 744 1842 736
1669 4 2 144 5 745 1842 736 737
1670 4 2 144 5 1843 746 737 745
1671 4 2 144 5 1842 745 1843 737
1672 4 2 144 5 746 1843 737 738
1673 4 2 144 5 1844 747 738 746
1674 4 2 144 5 1843 746 1844 738
1675 4 2 144 5 747 1844 738 739
1676 4 2 144 5 1845 748 739 747
1677 4 2 144 5 1844 747 1845 739
1678 4 2 144 5 748 1845 739 180
1679 4 2 144 5 758 181 180 748
1680 4 2 144 5 1845 748 758 180
1681 4 2 144 5 427 428 426 1837
1682 4 2 144 5 1855 1846 1837 428
1683 4 2 144 5 428 1846 1837 427
1684 4 2 144 5 1846 1855 1837 1838
1685 4 2 144 5 1856 1847 1838 1855
1686 4 2 144 5 1855 1847 1838 1846
1687 4 2 144 5 1847 1856 1838 1839
1688 4 2 144 5 1857 1848 1839 1856
1689 4 2 144 5 1856 1848 1839 1847
1690 4 2 144 5 1848 1857 1839 1840
1691 4 2 144 5 1858 1849 1840 1857
1692 4 2 144 5 1857 1849 1840 1848
1693 4 2 144 5 1849 1858 1840 1841
1694 4 2 144 5 1859 1850 1841 1858
1695 4 2 144 5 1858 1850 1841 1849
1696 4 2 144 5 1850 1859 1841 1842
1697 4 2 144 5 1860 1851 1842 1859
1698 4 2 144 5 1859 1851 1842 1850
1699 4 2 144 5 1851 1860 1842 1843
1700 4 2 144 5 1861 1852 1843 1860
1701 4 2 144 5 1860 1852 1843 1851
1702 4 2 144 5 1852 1861 1843 1844
1703 4 2 144 5 1862 1853 1844 1861
1704 4 2 144 5 1861 1853 1844 1852
1705 4 2 144 5 1853 1862 1844 1845
1706 4 2 144 5 1863 1854 1845 1862
1707 4 2 144 5 1862 1854 1845 1853
1708 4 2 144 5 1854 1863 1845 758
1709 4 2 144 5 760 759 758 1863
1710 4 2 144 5 1863 759 758 1854
1711 4 2 144 5 426 429 427 1837
1712 4 2 144 5 1864 1837 1846 429
1713 4 2 144 5 429 1837 1846 427
1714 4 2 144 5 1837 1864 1846 1838
1715 4 2 144 5 1865 1838 1847 1864
1716 4 2 144 5 1864 1838 1847 1846
1717 4 2 144 5 1838 1865 1847 1839
1718 4 2 144 5 1866 1839 1848 1865
1719 4 2 144 5 1865 1839 1848 1847
1720 4 2 144 5 1839 1866 1848 1840
1721 4 2 144 5 1867 1840 1849 1866
1722 4 2 144 5 1866 1840 1849 1848
1723 4 2 144 5 1840 1867 1849 1841
1724 4 2 144 5 1868 1841 1850 1867
1725 4 2 144 5 1867 1841 1850 1849
1726 4 2 144 5 1841 1868 1850 1842
1727 4 2 144 5 1869 1842 1851 1868
1728 4 2 144 5 1868 1842 1851 1850
1729 4 2 144 5 1842 1869 1851 1843
1730 4 2 144 5 1870 1843 1852 1869
1731 4 2 144 5 1869 1843 1852 1851
1732 4 2 144 5 1843 1870 1852 1844
1733 4 2 144 5 1871 1844 1853 1870
1734 4 2 144 5 1870 1844 1853 1852
1735 4 2 144 5 1844 1871 1853 1845
1736 4 2 144 5 1872 1845 1854 1871
1737 4 2 144 5 1871 1845 1854 1853
1738 4 2 144 5 1845 1872 1854 758
1739 4 2 144 5 761 758 759 1872
1740 4 2 144 5 1872 758 759 1854
1741 4 2 144 5 1 429 58 749
1742 4 2 144 5 1864 166 749 429
1743 4 2 144 5 429 166 749 1
1744 4 2 144 5 166 1864 749 750
1745 4 2 144 5 1865 167 750 1864
1746 4 2 144 5 1864 167 750 166
1747 4 2 144 5 167 1865 750 751
1748 4 2 144 5 1866 168 751 1865
1749 4 2 144 5 1865 168 751 167
1750 4 2 144 5 168 1866 751 752
1751 4 2 144 5 1867 169 752 1866
1752 4 2 144 5 1866 169 752 168
1753 4 2 144 5 169 1867 752 753
1754 4 2 144 5 1868 170 753 1867
1755 4 2 144 5 1867 170 753 169
1756 4 2 144 5 170 1868 753 754
1757 4 2 144 5 1869 171 754 1868
1758 4 2 144 5 1868 171 754 170
1759 4 2 144 5 171 1869 754 755
1760 4 2 144 5 1870 172 755 1869
1761 4 2 144 5 1869 172 755 171
1762 4 2 144 5 172 1870 755 756
1763 4 2 144 5 1871 173 756 1870
1764 4 2 144 5 1870 173 756 172
1765 4 2 144 5 173 1871 756 757
1766 4 2 144 5 1872 174 757 1871
1767 4 2 144 5 1871 174 757 173
1768 4 2 144 5 174 1872 757 182
1769 4 2 144 5 761 12 182 1872
1770 4 2 144 5 1872 12 182 174
1771 4 2 144 5 55 428 54 713
1772 4 2 144 5 1855 722 713 428
1773 4 2 144 5 428 722 713 55
1774 4 2 144 5 722 1855 713 714
1775 4 2 144 5 1856 723 714 1855
1776 4 2 144 5 1855 723 714 722
1777 4 2 144 5 723 1856 714 715
1778 4 2 144 5 1857 724 715 1856
1779 4 2 144 5 1856 724 715 723
1780 4 2 144 5 724 1857 715 716
1781 4 2 144 5 1858 725 716 1857
1782 4 2 144 5 1857 725 716 724
1783 4 2 144 5 725 1858 716 717
1784 4 2 144 5 1859 726 717 1858
1785 4 2 144 5 1858 726 717 725
1786 4 2 144 5 726 1859 717 718
1787 4 2 144 5 1860 727 718 1859
1788 4 2 144 5 1859 727 718 726
1789 4 2 144 5 727 1860 718 719
1790 4 2 144 5 1861 728 719 1860
1791 4 2 144 5 1860 728 719 727
1792 4 2 144 5 728 1861 719 720
1793 4 2 144 5 1862 729 720 1861
1794 4 2 144 5 1861 729 720 728
1795 4 2 144 5 729 1862 720 721
1796 4 2 144 5 1863 730 721 1862
1797 4 2 144 5 1862 730 721 729
1798 4 2 144 5 730 1863 721 178
1799 4 2 144 5 760 179 178 1863
1800 4 2 144 5 1863 179 178 730
1801 4 2 143 6 85 444 442 1873
1802 4 2 143 6 1891 780 1873 444
1803 4 2 143 6 444 780 1873 85
1804 4 2 143 6 780 1891 1873 1874
1805 4 2 143 6 1892 781 1874 1891
1806 4 2 143 6 1891 781 1874 780
1807 4 2 143 6 781 1892 1874 1875
1808 4 2 143 6 1893 782 1875 1892
1809 4 2 143 6 1892 782 1875 781
1810 4 2 143 6 782 1893 1875 1876
1811 4 2 143 6 1894 783 1876 1893
1812 4 2 143 6 1893 783 1876 782
1813 4 2 143 6 783 1894 1876 1877
1814 4 2 143 6 1895 784 1877 1894
1815 4 2 143 6 1894 784 1877 783
1816 4 2 143 6 784 1895 1877 1878
1817 4 2 143 6 1896 785 1878 1895
1818 4 2 143 6 1895 785 1878 784
1819 4 2 143 6 785 1896 1878 1879
1820 4 2 143 6 1897 786 1879 1896
1821 4 2 143 6 1896 786 1879 785
1822 4 2 143 6 786 1897 1879 1880
1823 4 2 143 6 1898 787 1880 1897
1824 4 2 143 6 1897 787 1880 786
1825 4 2 143 6 787 1898 1880 1881
1826 4 2 143 6 1899 788 1881 1898
1827 4 2 143 6 1898 788 1881 787
1828 4 2 143 6 788 1899 1881 834
1829 4 2 143 6 836 194 834 1899
1830 4 2 143 6 1899 194 834 788
1831 4 2 143 6 85 442 84 771
1832 4 2 143 6 1873 780 771 85
1833 4 2 143 6 442 85 1873 771
1834 4 2 143 6 780 1873 771 772
1835 4 2 143 6 1874 781 772 780
1836 4 2 143 6 1873 780 1874 772
1837 4 2 143 6 781 1874 772 773
1838 4 2 143 6 1875 782 773 781
1839 4 2 143 6 1874 781 1875 773
1840 4 2 143 6 782 1875 773 774
1841 4 2 143 6 1876 783 774 782
1842 4 2 143 6 1875 782 1876 774
1843 4 2 143 6 783 1876 774 775
1844 4 2 143 6 1877 784 775 783
1845 4 2 143 6 1876 783 1877 775
1846 4 2 143 6 784 1877 775 776
1847 4 2 143 6 1878 785 776 784
1848 4 2 143 6 1877 784 1878 776
1849 4 2 143 6 785 1878 776 777
1850 4 2 143 6 1879 786 777 785
1851 4 2 143 6 1878 785 1879 777
1852 4 2 143 6 786 1879 777 778
1853 4 2 143 6 1880 787 778 786
1854 4 2 143 6 1879 786 1880 778
1855 4 2 143 6 787 1880 778 779
1856 4 2 143 6 1881 788 779 787
1857 4 2 143 6 1880 787 1881 779
1858 4 2 143 6 788 1881 779 193
1859 4 2 143 6 834 194 193 788
1860 4 2 143 6 1881 788 834 193
1861 4 2 143 6 89 445 443 1882
1862 4 2 143 6 1900 816 1882 445
1863 4 2 143 6 445 816 1882 89
1864 4 2 143 6 816 1900 1882 1883
1865 4 2 143 6 1901 817 1883 1900
1866 4 2 143 6 1900 817 1883 816
1867 4 2 143 6 817 1901 1883 1884
1868 4 2 143 6 1902 818 1884 1901
1869 4 2 143 6 1901 818 1884 817
1870 4 2 143 6 818 1902 1884 1885
1871 4 2 143 6 1903 819 1885 1902
1872 4 2 143 6 1902 819 1885 818
1873 4 2 143 6 819 1903 1885 1886
1874 4 2 143 6 1904 820 1886 1903
1875 4 2 143 6 1903 820 1886 819
1876 4 2 143 6 820 1904 1886 1887
1877 4 2 143 6 1905 821 1887 1904
1878 4 2 143 6 1904 821 1887 820
1879 4 2 143 6 821 1905 1887 1888
1880 4 2 143 6 1906 822 1888 1905
1881 4 2 143 6 1905 822 1888 821
1882 4 2 143 6 822 1906 1888 1889
1883 4 2 143 6 1907 823 1889 1906
1884 4 2 143 6 1906 823 1889 822
1885 4 2 143 6 823 1907 1889 1890
1886 4 2 143 6 1908 824 1890 1907
1887 4 2 143 6 1907 824 1890 823
1888 4 2 143 6 824 1908 1890 835
1889 4 2 143 6 837 198 835 1908
1890 4 2 143 6 1908 198 835 824
1891 4 2 143 6 86 444 85 780
1892 4 2 143 6 1891 789 780 444
1893 4 2 143 6 444 789 780 86
1894 4 2 143 6 789 1891 780 781
1895 4 2 143 6 1892 790 781 1891
1896 4 2 143 6 1891 790 781 789
1897 4 2 143 6 790 1892 781 782
1898 4 2 143 6 1893 791 782 1892
1899 4 2 143 6 1892 791 782 790
1900 4 2 143 6 791 1893 782 783
1901 4 2 143 6 1894 792 783 1893
1902 4 2 143 6 1893 792 783 791
1903 4 2 143 6 792 1894 783 784
1904 4 2 143 6 1895 793 784 1894
1905 4 2 143 6 1894 793 784 792
1906 4 2 143 6 793 1895 784 785
1907 4 2 143 6 1896 794 785 1895
1908 4 2 143 6 1895 794 785 793
1909 4 2 143 6 794 1896 785 786
1910 4 2 143 6 1897 795 786 1896
1911 4 2 143 6 1896 795 786 794
1912 4 2 143 6 795 1897 786 787
1913 4 2 143 6 1898 796 787 1897
1914 4 2 143 6 1897 796 787 795
1915 4 2 143 6 796 1898 787 788
1916 4 2 143 6 1899 797 788 1898
1917 4 2 143 6 1898 797 788 796
1918 4 2 143 6 797 1899 788 194
1919 4 2 143 6 836 195 194 1899
1920 4 2 143 6 1899 195 194 797
1921 4 2 143 6 90 445 89 816
1922 4 2 143 6 1900 825 816 445
1923 4 2 143 6 445 825 816 90
1924 4 2 143 6 825 1900 816 817
1925 4 2 143 6 1901 826 817 1900
1926 4 2 143 6 1900 826 817 825
1927 4 2 143 6 826 1901 817 818
1928 4 2 143 6 1902 827 818 1901
1929 4 2 143 6 1901 827 818 826
1930 4 2 143 6 827 1902 818 819
1931 4 2 143 6 1903 828 819 1902
1932 4 2 143 6 1902 828 819 827
1933 4 2 143 6 828 1903 819 820
1934 4 2 143 6 1904 829 820 1903
1935 4 2 143 6 1903 829 820 828
1936 4 2 143 6 829 1904 820 821
1937 4 2 143 6 1905 830 821 1904
1938 4 2 143 6 1904 830 821 829
1939 4 2 143 6 830 1905 821 822
1940 4 2 143 6 1906 831 822 1905
1941 4 2 143 6 1905 831 822 830
1942 4 2 143 6 831 1906 822 823
1943 4 2 143 6 1907 832 823 1906
1944 4 2 143 6 1906 832 823 831
1945 4 2 143 6 832 1907 823 824
1946 4 2 143 6 1908 833 824 1907
1947 4 2 143 6 1907 833 824 832
1948 4 2 143 6 833 1908 824 198
1949 4 2 143 6 837 199 198 1908
1950 4 2 143 6 1908 199 198 833
1951 4 2 143 6 88 444 87 798
1952 4 2 143 6 1891 807 798 444
1953 4 2 143 6 444 807 798 88
1954 4 2 143 6 807 1891 798 799
1955 4 2 143 6 1892 808 799 1891
1956 4 2 143 6 1891 808 799 807
1957 4 2 143 6 808 1892 799 800
1958 4 2 143 6 1893 809 800 1892
1959 4 2 143 6 1892 809 800 808
1960 4 2 143 6 809 1893 800 801
1961 4 2 143 6 1894 810 801 1893
1962 4 2 143 6 1893 810 801 809
1963 4 2 143 6 810 1894 801 802
1964 4 2 143 6 1895 811 802 1894
1965 4 2 143 6 1894 811 802 810
1966 4 2 143 6 811 1895 802 803
1967 4 2 143 6 1896 812 803 1895
1968 4 2 143 6 1895 812 803 811
1969 4 2 143 6 812 1896 803 804
1970 4 2 143 6 1897 813 804 1896
1971 4 2 143 6 1896 813 804 812
1972 4 2 143 6 813 1897 804 805
1973 4 2 143 6 1898 814 805 1897
1974 4 2 143 6 1897 814 805 813
1975 4 2 143 6 814 1898 805 806
1976 4 2 143 6 1899 815 806 1898
1977 4 2 143 6 1898 815 806 814
1978 4 2 143 6 815 1899 806 196
1979 4 2 143 6 836 197 196 1899
1980 4 2 143 6 1899 197 196 815
1981 4 2 143 6 443 444 88 807
1982 4 2 143 6 1891 1882 807 444
1983 4 2 143 6 444 1882 807 443
1984 4 2 143 6 1882 1891 807 808
1985 4 2 143 6 1892 1883 808 1891
1986 4 2 143 6 1891 1883 808 1882
1987 4 2 143 6 1883 1892 808 809
1988 4 2 143 6 1893 1884 809 1892
1989 4 2 143 6 1892 1884 809 1883
1990 4 2 143 6 1884 1893 809 810
1991 4 2 143 6 1894 1885 810 1893
1992 4 2 143 6 1893 1885 810 1884
1993 4 2 143 6 1885 1894 810 811
1994 4 2 143 6 1895 1886 811 1894
1995 4 2 143 6 1894 1886 811 1885
1996 4 2 143 6 1886 1895 811 812
1997 4 2 143 6 1896 1887 812 1895
1998 4 2 143 6 1895 1887 812 1886
1999 4 2 143 6 1887 1896 812 813
2000 4 2 143 6 1897 1888 813 1896
2001 4 2 143 6 1896 1888 813 1887
2002 4 2 143 6 1888 1897 813 814
2003 4 2 143 6 1898 1889 814 1897
2004 4 2 143 6 1897 1889 814 1888
2005 4 2 143 6 1889 1898 814 815
2006 4 2 143 6 1899 1890 815 1898
2007 4 2 143 6 1898 1890 815 1889
2008 4 2 143 6 1890 1899 815 197
2009 4 2 143 6 836 835 197 1899
2010 4 2 143 6 1899 835 197 1890
2011 4 2 143 6 442 445 83 762
2012 4 2 143 6 1900 1873 762 445
2013 4 2 143 6 445 1873 762 442
2014 4 2 143 6 1873 1900 762 763
2015 4 2 143 6 1901 1874 763 1900
2016 4 2 143 6 1900 1874 763 1873
2017 4 2 143 6 1874 1901 763 764
2018 4 2 143 6 1902 1875 764 1901
2019 4 2 143 6 1901 1875 764 1874
2020 4 2 143 6 1875 1902 764 765
2021 4 2 143 6 1903 1876 765 1902
2022 4 2 143 6 1902 1876 765 1875
2023 4 2 143 6 1876 1903 765 766
2024 4 2 143 6 1904 1877 766 1903
2025 4 2 143 6 1903 1877 766 1876
2026 4 2 143 6 1877 1904 766 767
2027 4 2 143 6 1905 1878 767 1904
2028 4 2 143 6 1904 1878 767 1877
2029 4 2 143 6 1878 1905 767 768
2030 4 2 143 6 1906 1879 768 1905
2031 4 2 143 6 1905 1879 768 1878
2032 4 2 143 6 1879 1906 768 769
2033 4 2 143 6 1907 1880 769 1906
2034 4 2 143 6 1906 1880 769 1879
2035 4 2 143 6 1880 1907 769 770
2036 4 2 143 6 1908 1881 770 1907
2037 4 2 143 6 1907 1881 770 1880
2038 4 2 143 6 1881 1908 770 192
2039 4 2 143 6 837 834 192 1908
2040 4 2 143 6 1908 834 192 1881
2041 4 2 143 6 83 445 5 183
2042 4 2 143 6 1900 762 183 445
2043 4 2 143 6 445 762 183 83
2044 4 2 143 6 762 1900 183 184
2045 4 2 143 6 1901 763 184 1900
2046 4 2 143 6 1900 763 184 762
2047 4 2 143 6 763 1901 184 185
2048 4 2 143 6 1902 764 185 1901
2049 4 2 143 6 1901 764 185 763
2050 4 2 143 6 764 1902 185 186
2051 4 2 143 6 1903 765 186 1902
2052 4 2 143 6 1902 765 186 764
2053 4 2 143 6 765 1903 186 187
2054 4 2 143 6 1904 766 187 1903
2055 4 2 143 6 1903 766 187 765
2056 4 2 143 6 766 1904 187 188
2057 4 2 143 6 1905 767 188 1904
2058 4 2 143 6 1904 767 188 766
2059 4 2 143 6 767 1905 188 189
2060 4 2 143 6 1906 768 189 1905
2061 4 2 143 6 1905 768 189 767
2062 4 2 143 6 768 1906 189 190
2063 4 2 143 6 1907 769 190 1906
2064 4 2 143 6 1906 769 190 768
2065 4 2 143 6 769 1907 190 191
2066 4 2 143 6 1908 770 191 1907
2067 4 2 143 6 1907 770 191 769
2068 4 2 143 6 770 1908 191 13
2069 4 2 143 6 837 192 13 1908
2070 4 2 143 6 1908 192 13 770
2071 4 2 143 6 84 442 83 762
2072 4 2 143 6 1873 771 762 442
2073 4 2 143 6 442 771 762 84
2074 4 2 143 6 771 1873 762 763
2075 4 2 143 6 1874 772 763 1873
2076 4 2 143 6 1873 772 763 771
2077 4 2 143 6 772 1874 763 764
2078 4 2 143 6 1875 773 764 1874
2079 4 2 143 6 1874 773 764 772
2080 4 2 143 6 773 1875 764 765
2081 4 2 143 6 1876 774 765 1875
2082 4 2 143 6 1875 774 765 773
2083 4 2 143 6 774 1876 765 766
2084 4 2 143 6 1877 775 766 1876
2085 4 2 143 6 1876 775 766 774
2086 4 2 143 6 775 1877 766 767
2087 4 2 143 6 1878 776 767 1877
2088 4 2 143 6 1877 776 767 775
2089 4 2 143 6 776 1878 767 768
2090 4 2 143 6 1879 777 768 1878
2091 4 2 143 6 1878 777 768 776
2092 4 2 143 6 777 1879 768 769
2093 4 2 143 6 1880 778 769 1879
2094 4 2 143 6 1879 778 769 777
2095 4 2 143 6 778 1880 769 770
2096 4 2 143 6 1881 779 770 1880
2097 4 2 143 6 1880 779 770 778
2098 4 2 143 6 779 1881 770 192
2099 4 2 143 6 834 193 192 1881
2100 4 2 143 6 1881 193 192 779
2101 4 2 143 6 89 443 88 807
2102 4 2 143 6 1882 816 807 89
2103 4 2 143 6 443 89 1882 807
2104 4 2 143 6 816 1882 807 808
2105 4 2 143 6 1883 817 808 816
2106 4 2 143 6 1882 816 1883 808
2107 4 2 143 6 817 1883 808 809
2108 4 2 143 6 1884 818 809 817
2109 4 2 143 6 1883 817 1884 809
2110 4 2 143 6 818 1884 809 810
2111 4 2 143 6 1885 819 810 818
2112 4 2 143 6 1884 818 1885 810
2113 4 2 143 6 819 1885 810 811
2114 4 2 143 6 1886 820 811 819
2115 4 2 143 6 1885 819 1886 811
2116 4 2 143 6 820 1886 811 812
2117 4 2 143 6 1887 821 812 820
2118 4 2 143 6 1886 820 1887 812
2119 4 2 143 6 821 1887 812 813
2120 4 2 143 6 1888 822 813 821
2121 4 2 143 6 1887 821 1888 813
2122 4 2 143 6 822 1888 813 814
2123 4 2 143 6 1889 823 814 822
2124 4 2 143 6 1888 822 1889 814
2125 4 2 143 6 823 1889 814 815
2126 4 2 143 6 1890 824 815 823
2127 4 2 143 6 1889 823 1890 815
2128 4 2 143 6 824 1890 815 197
2129 4 2 143 6 835 198 197 824
2130 4 2 143 6 1890 824 835 197
2131 4 2 143 6 442 444 443 1882
2132 4 2 143 6 1891 1873 1882 444
2133 4 2 143 6 444 1873 1882 442
2134 4 2 143 6 1873 1891 1882 1883
2135 4 2 143 6 1892 1874 1883 1891
2136 4 2 143 6 1891 1874 1883 1873
2137 4 2 143 6 1874 1892 1883 1884
2138 4 2 143 6 1893 1875 1884 1892
2139 4 2 143 6 1892 1875 1884 1874
2140 4 2 143 6 1875 1893 1884 1885
2141 4 2 143 6 1894 1876 1885 1893
2142 4 2 143 6 1893 1876 1885 1875
2143 4 2 143 6 1876 1894 1885 1886
2144 4 2 143 6 1895 1877 1886 1894
2145 4 2 143 6 1894 1877 1886 1876
2146 4 2 143 6 1877 1895 1886 1887
2147 4 2 143 6 1896 1878 1887 1895
2148 4 2 143 6 1895 1878 1887 1877
2149 4 2 143 6 1878 1896 1887 1888
2150 4 2 143 6 1897 1879 1888 1896
2151 4 2 143 6 1896 1879 1888 1878
2152 4 2 143 6 1879 1897 1888 1889
2153 4 2 143 6 1898 1880 1889 1897
2154 4 2 143 6 1897 1880 1889 1879
2155 4 2 143 6 1880 1898 1889 1890
2156 4 2 143 6 1899 1881 1890 1898
2157 4 2 143 6 1898 1881 1890 1880
2158 4 2 143 6 1881 1899 1890 835
2159 4 2 143 6 836 834 835 1899
2160 4 2 143 6 1899 834 835 1881
2161 4 2 143 6 443 445 442 1882
2162 4 2 143 6 1900 1882 1873 445
2163 4 2 143 6 445 1882 1873 442
2164 4 2 143 6 1882 1900 1873 1883
2165 4 2 143 6 1901 1883 1874 1900
2166 4 2 143 6 1900 1883 1874 1873
2167 4 2 143 6 1883 1901 1874 1884
2168 4 2 143 6 1902 1884 1875 1901
2169 4 2 143 6 1901 1884 1875 1874
2170 4 2 143 6 1884 1902 1875 1885
2171 4 2 143 6 1903 1885 1876 1902
2172 4 2 143 6 1902 1885 1876 1875
2173 4 2 143 6 1885 1903 1876 1886
2174 4 2 143 6 1904 1886 1877 1903
2175 4 2 143 6 1903 1886 1877 1876
2176 4 2 143 6 1886 1904 1877 1887
2177 4 2 143 6 1905 1887 1878 1904
2178 4 2 143 6 1904 1887 1878 1877
2179 4 2 143 6 1887 1905 1878 1888
2180 4 2 143 6 1906 1888 1879 1905
2181 4 2 143 6 1905 1888 1879 1878
2182 4 2 143 6 1888 1906 1879 1889
2183 4 2 143 6 1907 1889 1880 1906
2184 4 2 143 6 1906 1889 1880 1879
2185 4 2 143 6 1889 1907 1880 1890
2186 4 2 143 6 1908 1890 1881 1907
2187 4 2 143 6 1907 1890 1881 1880
2188 4 2 143 6 1890 1908 1881 835
2189 4 2 143 6 837 835 834 1908
2190 4 2 143 6 1908 835 834 1881
2191 4 2 143 6 5 445 90 825
2192 4 2 143 6 1900 183 825 445
2193 4 2 143 6 445 183 825 5
2194 4 2 143 6 183 1900 825 826
2195 4 2 143 6 1901 184 826 1900
2196 4 2 143 6 1900 184 826 183
2197 4 2 143 6 184 1901 826 827
2198 4 2 143 6 1902 185 827 1901
2199 4 2 143 6 1901 185 827 184
2200 4 2 143 6 185 1902 827 828
2201 4 2 143 6 1903 186 828 1902
2202 4 2 143 6 1902 186 828 185
2203 4 2 143 6 186 1903 828 829
2204 4 2 143 6 1904 187 829 1903
2205 4 2 143 6 1903 187 829 186
2206 4 2 143 6 187 1904 829 830
2207 4 2 143 6 1905 188 830 1904
2208 4 2 143 6 1904 188 830 187
2209 4 2 143 6 188 1905 830 831
2210 4 2 143 6 1906 189 831 1905
2211 4 2 143 6 1905 189 831 188
2212 4 2 143 6 189 1906 831 832
2213 4 2 143 6 1907 190 832 1906
2214 4 2 143 6 1906 190 832 189
2215 4 2 143 6 190 1907 832 833
2216 4 2 143 6 1908 191 833 1907
2217 4 2 143 6 1907 191 833 190
2218 4 2 143 6 191 1908 833 199
2219 4 2 143 6 837 13 199 1908
2220 4 2 143 6 1908 13 199 191
2221 4 2 143 6 87 444 86 789
2222 4 2 143 6 1891 798 789 444
2223 4 2 143 6 444 798 789 87
2224 4 2 143 6 798 1891 789 790
2225 4 2 143 6 1892 799 790 1891
2226 4 2 143 6 1891 799 790 798
2227 4 2 143 6 799 1892 790 791
2228 4 2 143 6 1893 800 791 1892
2229 4 2 143 6 1892 800 791 799
2230 4 2 143 6 800 1893 791 792
2231 4 2 143 6 1894 801 792 1893
2232 4 2 143 6 1893 801 792 800
2233 4 2 143 6 801 1894 792 793
2234 4 2 143 6 1895 802 793 1894
2235 4 2 143 6 1894 802 793 801
2236 4 2 143 6 802 1895 793 794
2237 4 2 143 6 1896 803 794 1895
2238 4 2 143 6 1895 803 794 802
2239 4 2 143 6 803 1896 794 795
2240 4 2 143 6 1897 804 795 1896
2241 4 2 143 6 1896 804 795 803
2242 4 2 143 6 804 1897 795 796
2243 4 2 143 6 1898 805 796 1897
2244 4 2 143 6 1897 805 796 804
2245 4 2 143 6 805 1898 796 797
2246 4 2 143 6 1899 806 797 1898
2247 4 2 143 6 1898 806 797 805
2248 4 2 143 6 806 1899 797 195
2249 4 2 143 6 836 196 195 1899
2250 4 2 143 6 1899 196 195 806
2251 4 2 142 7 93 448 446 1909
2252 4 2 142 7 1927 856 1909 448
2253 4 2 142 7 448 856 1909 93
2254 4 2 142 7 856 1927 1909 1910
2255 4 2 142 7 1928 857 1910 1927
2256 4 2 142 7 1927 857 1910 856
2257 4 2 142 7 857 1928 1910 1911
2258 4 2 142 7 1929 858 1911 1928
2259 4 2 142 7 1928 858 1911 857
2260 4 2 142 7 858 1929 1911 1912
2261 4 2 142 7 1930 859 1912 1929
2262 4 2 142 7 1929 859 1912 858
2263 4 2 142 7 859 1930 1912 1913
2264 4 2 142 7 1931 860 1913 1930
2265 4 2 142 7 1930 860 1913 859
2266 4 2 142 7 860 1931 1913 1914
2267 4 2 142 7 1932 861 1914 1931
2268 4 2 142 7 1931 861 1914 860
2269 4 2 142 7 861 1932 1914 1915
2270 4 2 142 7 1933 862 1915 1932
2271 4 2 142 7 1932 862 1915 861
2272 4 2 142 7 862 1933 1915 1916
2273 4 2 142 7 1934 863 1916 1933
2274 4 2 142 7 1933 863 1916 862
2275 4 2 142 7 863 1934 1916 1917
2276 4 2 142 7 1935 864 1917 1934
2277 4 2 142 7 1934 864 1917 863
2278 4 2 142 7 864 1935 1917 910
2279 4 2 142 7 912 211 910 1935
2280 4 2 142 7 1935 211 910 864
2281 4 2 142 7 93 446 92 847
2282 4 2 142 7 1909 856 847 93
2283 4 2 142 7 446 93 1909 847
2284 4 2 142 7 856 1909 847 848
2285 4 2 142 7 1910 857 848 856
2286 4 2 142 7 1909 856 1910 848
2287 4 2 142 7 857 1910 848 849
2288 4 2 142 7 1911 858 849 857
2289 4 2 142 7 1910 857 1911 849
2290 4 2 142 7 858 1911 849 850
2291 4 2 142 7 1912 859 850 858
2292 4 2 142 7 1911 858 1912 850
2293 4 2 142 7 859 1912 850 851
2294 4 2 142 7 1913 860 851 859
2295 4 2 142 7 1912 859 1913 851
2296 4 2 142 7 860 1913 851 852
2297 4 2 142 7 1914 861 852 860
2298 4 2 142 7 1913 860 1914 852
2299 4 2 142 7 861 1914 852 853
2300 4 2 142 7 1915 862 853 861
2301 4 2 142 7 1914 861 1915 853
2302 4 2 142 7 862 1915 853 854
2303 4 2 142 7 1916 863 854 862
2304 4 2 142 7 1915 862 1916 854
2305 4 2 142 7 863 1916 854 855
2306 4 2 142 7 1917 864 855 863
2307 4 2 142 7 1916 863 1917 855
2308 4 2 142 7 864 1917 855 210
2309 4 2 142 7 910 211 210 864
2310 4 2 142 7 1917 864 910 210
2311 4 2 142 7 97 449 447 1918
2312 4 2 142 7 1936 892 1918 449
2313 4 2 142 7 449 892 1918 97
2314 4 2 142 7 892 1936 1918 1919
2315 4 2 142 7 1937 893 1919 1936
2316 4 2 142 7 1936 893 1919 892
2317 4 2 142 7 893 1937 1919 1920
2318 4 2 142 7 1938 894 1920 1937
2319 4 2 142 7 1937 894 1920 893
2320 4 2 142 7 894 1938 1920 1921
2321 4 2 142 7 1939 895 1921 1938
2322 4 2 142 7 1938 895 1921 894
2323 4 2 142 7 895 1939 1921 1922
2324 4 2 142 7 1940 896 1922 1939
2325 4 2 142 7 1939 896 1922 895
2326 4 2 142 7 896 1940 1922 1923
2327 4 2 142 7 1941 897 1923 1940
2328 4 2 142 7 1940 897 1923 896
2329 4 2 142 7 897 1941 1923 1924
2330 4 2 142 7 1942 898 1924 1941
2331 4 2 142 7 1941 898 1924 897
2332 4 2 142 7 898 1942 1924 1925
2333 4 2 142 7 1943 899 1925 1942
2334 4 2 142 7 1942 899 1925 898
2335 4 2 142 7 899 1943 1925 1926
2336 4 2 142 7 1944 900 1926 1943
2337 4 2 142 7 1943 900 1926 899
2338 4 2 142 7 900 1944 1926 911
2339 4 2 142 7 913 215 911 1944
2340 4 2 142 7 1944 215 911 900
2341 4 2 142 7 94 448 93 856
2342 4 2 142 7 1927 865 856 448
2343 4 2 142 7 448 865 856 94
2344 4 2 142 7 865 1927 856 857
2345 4 2 142 7 1928 866 857 1927
2346 4 2 142 7 1927 866 857 865
2347 4 2 142 7 866 1928 857 858
2348 4 2 142 7 1929 867 858 1928
2349 4 2 142 7 1928 867 858 866
2350 4 2 142 7 867 1929 858 859
2351 4 2 142 7 1930 868 859 1929
2352 4 2 142 7 1929 868 859 867
2353 4 2 142 7 868 1930 859 860
2354 4 2 142 7 1931 869 860 1930
2355 4 2 142 7 1930 869 860 868
2356 4 2 142 7 869 1931 860 861
2357 4 2 142 7 1932 870 861 1931
2358 4 2 142 7 1931 870 861 869
2359 4 2 142 7 870 1932 861 862
2360 4 2 142 7 1933 871 862 1932
2361 4 2 142 7 1932 871 862 870
2362 4 2 142 7 871 1933 862 863
2363 4 2 142 7 1934 872 863 1933
2364 4 2 142 7 1933 872 863 871
2365 4 2 142 7 872 1934 863 864
2366 4 2 142 7 1935 873 864 1934
2367 4 2 142 7 1934 873 864 872
2368 4 2 142 7 873 1935 864 211
2369 4 2 142 7 912 212 211 1935
2370 4 2 142 7 1935 212 211 873
2371 4 2 142 7 98 449 97 892
2372 4 2 142 7 1936 901 892 449
2373 4 2 142 7 449 901 892 98
2374 4 2 142 7 901 1936 892 893
2375 4 2 142 7 1937 902 893 1936
2376 4 2 142 7 1936 902 893 901
2377 4 2 142 7 902 1937 893 894
2378 4 2 142 7 1938 903 894 1937
2379 4 2 142 7 1937 903 894 902
2380 4 2 142 7 903 1938 894 895
2381 4 2 142 7 1939 904 895 1938
2382 4 2 142 7 1938 904 895 903
2383 4 2 142 7 904 1939 895 896
2384 4 2 142 7 1940 905 896 1939
2385 4 2 142 7 1939 905 896 904
2386 4 2 142 7 905 1940 896 897
2387 4 2 142 7 1941 906 897 1940
2388 4 2 142 7 1940 906 897 905
2389 4 2 142 7 906 1941 897 898
2390 4 2 142 7 1942 907 898 1941
2391 4 2 142 7 1941 907 898 906
2392 4 2 142 7 907 1942 898 899
2393 4 2 142 7 1943 908 899 1942
2394 4 2 142 7 1942 908 899 907
2395 4 2 142 7 908 1943 899 900
2396 4 2 142 7 1944 909 900 1943
2397 4 2 142 7 1943 909 900 908
2398 4 2 142 7 909 1944 900 215
2399 4 2 142 7 913 216 215 1944
2400 4 2 142 7 1944 216 215 909
2401 4 2 142 7 96 448 95 874
2402 4 2 142 7 1927 883 874 448
2403 4 2 142 7 448 883 874 96
2404 4 2 142 7 883 1927 874 875
2405 4 2 142 7 1928 884 875 1927
2406 4 2 142 7 1927 884 875 883
2407 4 2 142 7 884 1928 875 876
2408 4 2 142 7 1929 885 876 1928
2409 4 2 142 7 1928 885 876 884
2410 4 2 142 7 885 1929 876 877
2411 4 2 142 7 1930 886 877 1929
2412 4 2 142 7 1929 886 877 885
2413 4 2 142 7 886 1930 877 878
2414 4 2 142 7 1931 887 878 1930
2415 4 2 142 7 1930 887 878 886
2416 4 2 142 7 887 1931 878 879
2417 4 2 142 7 1932 888 879 1931
2418 4 2 142 7 1931 888 879 887
2419 4 2 142 7 888 1932 879 880
2420 4 2 142 7 1933 889 880 1932
2421 4 2 142 7 1932 889 880 888
2422 4 2 142 7 889 1933 880 881
2423 4 2 142 7 1934 890 881 1933
2424 4 2 142 7 1933 890 881 889
2425 4 2 142 7 890 1934 881 882
2426 4 2 142 7 1935 891 882 1934
2427 4 2 142 7 1934 891 882 890
2428 4 2 142 7 891 1935 882 213
2429 4 2 142 7 912 214 213 1935
2430 4 2 142 7 1935 214 213 891
2431 4 2 142 7 447 448 96 883
2432 4 2 142 7 1927 1918 883 448
2433 4 2 142 7 448 1918 883 447
2434 4 2 142 7 1918 1927 883 884
2435 4 2 142 7 1928 1919 884 1927
2436 4 2 142 7 1927 1919 884 1918
2437 4 2 142 7 1919 1928 884 885
2438 4 2 142 7 1929 1920 885 1928
2439 4 2 142 7 1928 1920 885 1919
2440 4 2 142 7 1920 1929 885 886
2441 4 2 142 7 1930 1921 886 1929
2442 4 2 142 7 1929 1921 886 1920
2443 4 2 142 7 1921 1930 886 887
2444 4 2 142 7 1931 1922 887 1930
2445 4 2 142 7 1930 1922 887 1921
2446 4 2 142 7 1922 1931 887 888
2447 4 2 142 7 1932 1923 888 1931
2448 4 2 142 7 1931 1923 888 1922
2449 4 2 142 7 1923 1932 888 889
2450 4 2 142 7 1933 1924 889 1932
2451 4 2 142 7 1932 1924 889 1923
2452 4 2 142 7 1924 1933 889 890
2453 4 2 142 7 1934 1925 890 1933
2454 4 2 142 7 1933 1925 890 1924
2455 4 2 142 7 1925 1934 890 891
2456 4 2 142 7 1935 1926 891 1934
2457 4 2 142 7 1934 1926 891 1925
2458 4 2 142 7 1926 1935 891 214
2459 4 2 142 7 912 911 214 1935
2460 4 2 142 7 1935 911 214 1926
2461 4 2 142 7 446 449 91 838
2462 4 2 142 7 1936 1909 838 449
2463 4 2 142 7 449 1909 838 446
2464 4 2 142 7 1909 1936 838 839
2465 4 2 142 7 1937 1910 839 1936
2466 4 2 142 7 1936 1910 839 1909
2467 4 2 142 7 1910 1937 839 840
2468 4 2 142 7 1938 1911 840 1937
2469 4 2 142 7 1937 1911 840 1910
2470 4 2 142 7 1911 1938 840 841
2471 4 2 142 7 1939 1912 841 1938
2472 4 2 142 7 1938 1912 841 1911
2473 4 2 142 7 1912 1939 841 842
2474 4 2 142 7 1940 1913 842 1939
2475 4 2 142 7 1939 1913 842 1912
2476 4 2 142 7 1913 1940 842 843
2477 4 2 142 7 1941 1914 843 1940
2478 4 2 142 7 1940 1914 843 1913
2479 4 2 142 7 1914 1941 843 844
2480 4 2 142 7 1942 1915 844 1941
2481 4 2 142 7 1941 1915 844 1914
2482 4 2 142 7 1915 1942 844 845
2483 4 2 142 7 1943 1916 845 1942
2484 4 2 142 7 1942 1916 845 1915
2485 4 2 142 7 1916 1943 845 846
2486 4 2 142 7 1944 1917 846 1943
2487 4 2 142 7 1943 1917 846 1916
2488 4 2 142 7 1917 1944 846 209
2489 4 2 142 7 913 910 209 1944
2490 4 2 142 7 1944 910 209 1917
2491 4 2 142 7 91 449 6 200
2492 4 2 142 7 1936 838 200 449
2493 4 2 142 7 449 838 200 91
2494 4 2 142 7 838 1936 200 201
2495 4 2 142 7 1937 839 201 1936
2496 4 2 142 7 1936 839 201 838
2497 4 2 142 7 839 1937 201 202
2498 4 2 142 7 1938 840 202 1937
2499 4 2 142 7 1937 840 202 839
2500 4 2 142 7 840 1938 202 203
2501 4 2 142 7 1939 841 203 1938
2502 4 2 142 7 1938 841 203 840
2503 4 2 142 7 841 1939 203 204
2504 4 2 142 7 1940 842 204 1939
2505 4 2 142 7 1939 842 204 841
2506 4 2 142 7 842 1940 204 205
2507 4 2 142 7 1941 843 205 1940
2508 4 2 142 7 1940 843 205 842
2509 4 2 142 7 843 1941 205 206
2510 4 2 142 7 1942 844 206 1941
2511 4 2 142 7 1941 844 206 843
2512 4 2 142 7 844 1942 206 207
2513 4 2 142 7 1943 845 207 1942
2514 4 2 142 7 1942 845 207 844
2515 4 2 142 7 845 1943 207 208
2516 4 2 142 7 1944 846 208 1943
2517 4 2 142 7 1943 846 208 845
2518 4 2 142 7 846 1944 208 14
2519 4 2 142 7 913 209 14 1944
2520 4 2 142 7 1944 209 14 846
2521 4 2 142 7 92 446 91 838
2522 4 2 142 7 1909 847 838 446
2523 4 2 142 7 446 847 838 92
2524 4 2 142 7 847 1909 838 839
2525 4 2 142 7 1910 848 839 1909
2526 4 2 142 7 1909 848 839 847
2527 4 2 142 7 848 1910 839 840
2528 4 2 142 7 1911 849 840 1910
2529 4 2 142 7 1910 849 840 848
2530 4 2 142 7 849 1911 840 841
2531 4 2 142 7 1912 850 841 1911
2532 4 2 142 7 1911 850 841 849
2533 4 2 142 7 850 1912 841 842
2534 4 2 142 7 1913 851 842 1912
2535 4 2 142 7 1912 851 842 850
2536 4 2 142 7 851 1913 842 843
2537 4 2 142 7 1914 852 843 1913
2538 4 2 142 7 1913 852 843 851
2539 4 2 142 7 852 1914 843 844
2540 4 2 142 7 1915 853 844 1914
2541 4 2 142 7 1914 853 844 852
2542 4 2 142 7 853 1915 844 845
2543 4 2 142 7 1916 854 845 1915
2544 4 2 142 7 1915 854 845 853
2545 4 2 142 7 854 1916 845 846
2546 4 2 142 7 1917 855 846 1916
2547 4 2 142 7 1916 855 846 854
2548 4 2 142 7 855 1917 846 209
2549 4 2 142 7 910 210 209 1917
2550 4 2 142 7 1917 210 209 855
2551 4 2 142 7 97 447 96 883
2552 4 2 142 7 1918 892 883 97
2553 4 2 142 7 447 97 1918 883
2554 4 2 142 7 892 1918 883 884
2555 4 2 142 7 1919 893 884 892
2556 4 2 142 7 1918 892 1919 884
2557 4 2 142 7 893 1919 884 885
2558 4 2 142 7 1920 894 885 893
2559 4 2 142 7 1919 893 1920 885
2560 4 2 142 7 894 1920 885 886
2561 4 2 142 7 1921 895 886 894
2562 4 2 142 7 1920 894 1921 886
2563 4 2 142 7 895 1921 886 887
2564 4 2 142 7 1922 896 887 895
2565 4 2 142 7 1921 895 1922 887
2566 4 2 142 7 896 1922 887 888
2567 4 2 142 7 1923 897 888 896
2568 4 2 142 7 1922 896 1923 888
2569 4 2 142 7 897 1923 888 889
2570 4 2 142 7 1924 898 889 897
2571 4 2 142 7 1923 897 1924 889
2572 4 2 142 7 898 1924 889 890
2573 4 2 142 7 1925 899 890 898
2574 4 2 142 7 1924 898 1925 890
2575 4 2 142 7 899 1925 890 891
2576 4 2 142 7 1926 900 891 899
2577 4 2 142 7 1925 899 1926 891
2578 4 2 142 7 900 1926 891 214
2579 4 2 142 7 911 215 214 900
2580 4 2 142 7 1926 900 911 214
2581 4 2 142 7 446 448 447 1918
2582 4 2 142 7 1927 1909 1918 448
2583 4 2 142 7 448 1909 1918 446
2584 4 2 142 7 1909 1927 1918 1919
2585 4 2 142 7 1928 1910 1919 1927
2586 4 2 142 7 1927 1910 1919 1909
2587 4 2 142 7 1910 1928 1919 1920
2588 4 2 142 7 1929 1911 1920 1928
2589 4 2 142 7 1928 1911 1920 1910
2590 4 2 142 7 1911 1929 1920 1921
2591 4 2 142 7 1930 1912 1921 1929
2592 4 2 142 7 1929 1912 1921 1911
2593 4 2 142 7 1912 1930 1921 1922
2594 4 2 142 7 1931 1913 1922 1930
2595 4 2 142 7 1930 1913 1922 1912
2596 4 2 142 7 1913 1931 1922 1923
2597 4 2 142 7 1932 1914 1923 1931
2598 4 2 142 7 1931 1914 1923 1913
2599 4 2 142 7 1914 1932 1923 1924
2600 4 2 142 7 1933 1915 1924 1932
2601 4 2 142 7 1932 1915 1924 1914
2602 4 2 142 7 1915 1933 1924 1925
2603 4 2 142 7 1934 1916 1925 1933
2604 4 2 142 7 1933 1916 1925 1915
2605 4 2 142 7 1916 1934 1925 1926
2606 4 2 142 7 1935 1917 1926 1934
2607 4 2 142 7 1934 1917 1926 1916
2608 4 2 142 7 1917 1935 1926 911
2609 4 2 142 7 912 910 911 1935
2610 4 2 142 7 1935 910 911 1917
2611 4 2 142 7 447 449 446 1918
2612 4 2 142 7 1936 1918 1909 449
2613 4 2 142 7 449 1918 1909 446
2614 4 2 142 7 1918 1936 1909 1919
2615 4 2 142 7 1937 1919 1910 1936
2616 4 2 142 7 1936 1919 1910 1909
2617 4 2 142 7 1919 1937 1910 1920
2618 4 2 142 7 1938 1920 1911 1937
2619 4 2 142 7 1937 1920 1911 1910
2620 4 2 142 7 1920 1938 1911 1921
2621 4 2 142 7 1939 1921 1912 1938
2622 4 2 142 7 1938 1921 1912 1911
2623 4 2 142 7 1921 1939 1912 1922
2624 4 2 142 7 1940 1922 1913 1939
2625 4 2 142 7 1939 1922 1913 1912
2626 4 2 142 7 1922 1940 1913 1923
2627 4 2 142 7 1941 1923 1914 1940
2628 4 2 142 7 1940 1923 1914 1913
2629 4 2 142 7 1923 1941 1914 1924
2630 4 2 142 7 1942 1924 1915 1941
2631 4 2 142 7 1941 1924 1915 1914
2632 4 2 142 7 1924 1942 1915 1925
2633 4 2 142 7 1943 1925 1916 1942
2634 4 2 142 7 1942 1925 1916 1915
2635 4 2 142 7 1925 1943 1916 1926
2636 4 2 142 7 1944 1926 1917 1943
2637 4 2 142 7 1943 1926 1917 1916
2638 4 2 142 7 1926 1944 1917 911
2639 4 2 142 7 913 911 910 1944
2640 4 2 142 7 1944 911 910 1917
2641 4 2 142 7 6 449 98 901
2642 4 2 142 7 1936 200 901 449
2643 4 2 142 7 449 200 901 6
2644 4 2 142 7 200 1936 901 902
2645 4 2 142 7 1937 201 902 1936
2646 4 2 142 7 1936 201 902 200
2647 4 2 142 7 201 1937 902 903
2648 4 2 142 7 1938 202 903 1937
2649 4 2 142 7 1937 202 903 201
2650 4 2 142 7 202 1938 903 904
2651 4 2 142 7 1939 203 904 1938
2652 4 2 142 7 1938 203 904 202
2653 4 2 142 7 203 1939 904 905
2654 4 2 142 7 1940 204 905 1939
2655 4 2 142 7 1939 204 905 203
2656 4 2 142 7 204 1940 905 906
2657 4 2 142 7 1941 205 906 1940
2658 4 2 142 7 1940 205 906 204
2659 4 2 142 7 205 1941 906 907
2660 4 2 142 7 1942 206 907 1941
2661 4 2 142 7 1941 206 907 205
2662 4 2 142 7 206 1942 907 908
2663 4 2 142 7 1943 207 908 1942
2664 4 2 142 7 1942 207 908 206
2665 4 2 142 7 207 1943 908 909
2666 4 2 142 7 1944 208 909 1943
2667 4 2 142 7 1943 208 909 207
2668 4 2 142 7 208 1944 909 216
2669 4 2 142 7 913 14 216 1944
2670 4 2 142 7 1944 14 216 208
2671 4 2 142 7 95 448 94 865
2672 4 2 142 7 1927 874 865 448
2673 4 2 142 7 448 874 865 95
2674 4 2 142 7 874 1927 865 866
2675 4 2 142 7 1928 875 866 1927
2676 4 2 142 7 1927 875 866 874
2677 4 2 142 7 875 1928 866 867
2678 4 2 142 7 1929 876 867 1928
2679 4 2 142 7 1928 876 867 875
2680 4 2 142 7 876 1929 867 868
2681 4 2 142 7 1930 877 868 1929
2682 4 2 142 7 1929 877 868 876
2683 4 2 142 7 877 1930 868 869
2684 4 2 142 7 1931 878 869 1930
2685 4 2 142 7 1930 878 869 877
2686 4 2 142 7 878 1931 869 870
2687 4 2 142 7 1932 879 870 1931
2688 4 2 142 7 1931 879 870 878
2689 4 2 142 7 879 1932 870 871
2690 4 2 142 7 1933 880 871 1932
2691 4 2 142 7 1932 880 871 879
2692 4 2 142 7 880 1933 871 872
2693 4 2 142 7 1934 881 872 1933
2694 4 2 142 7 1933 881 872 880
2695 4 2 142 7 881 1934 872 873
2696 4 2 142 7 1935 882 873 1934
2697 4 2 142 7 1934 882 873 881
2698 4 2 142 7 882 1935 873 212
2699 4 2 142 7 912 213 212 1935
2700 4 2 142 7 1935 213 212 882
2701 4 2 141 8 7 452 451 1954
2702 4 2 141 8 1963 217 1954 452
2703 4 2 141 8 452 217 1954 7
2704 4 2 141 8 217 1963 1954 1955
2705 4 2 141 8 1964 218 1955 1963
2706 4 2 141 8 1963 218 1955 217
2707 4 2 141 8 218 1964 1955 1956
2708 4 2 141 8 1965 219 1956 1964
2709 4 2 141 8 1964 219 1956 218
2710 4 2 141 8 219 1965 1956 1957
2711 4 2 141 8 1966 220 1957 1965
2712 4 2 141 8 1965 220 1957 219
2713 4 2 141 8 220 1966 1957 1958
2714 4 2 141 8 1967 221 1958 1966
2715 4 2 141 8 1966 221 1958 220
2716 4 2 141 8 221 1967 1958 1959
2717 4 2 141 8 1968 222 1959 1967
2718 4 2 141 8 1967 222 1959 221
2719 4 2 141 8 222 1968 1959 1960
2720 4 2 141 8 1969 223 1960 1968
2721 4 2 141 8 1968 223 1960 222
2722 4 2 141 8 223 1969 1960 1961
2723 4 2 141 8 1970 224 1961 1969
2724 4 2 141 8 1969 224 1961 223
2725 4 2 141 8 224 1970 1961 1962
2726 4 2 141 8 1971 225 1962 1970
2727 4 2 141 8 1970 225 1962 224
2728 4 2 141 8 225 1971 1962 987
2729 4 2 141 8 988 15 987 1971
2730 4 2 141 8 1971 15 987 225
2731 4 2 141 8 7 451 106 977
2732 4 2 141 8 1954 217 977 7
2733 4 2 141 8 451 7 1954 977
2734 4 2 141 8 217 1954 977 978
2735 4 2 141 8 1955 218 978 217
2736 4 2 141 8 1954 217 1955 978
2737 4 2 141 8 218 1955 978 979
2738 4 2 141 8 1956 219 979 218
2739 4 2 141 8 1955 218 1956 979
2740 4 2 141 8 219 1956 979 980
2741 4 2 141 8 1957 220 980 219
2742 4 2 141 8 1956 219 1957 980
2743 4 2 141 8 220 1957 980 981
2744 4 2 141 8 1958 221 981 220
2745 4 2 141 8 1957 220 1958 981
2746 4 2 141 8 221 1958 981 982
2747 4 2 141 8 1959 222 982 221
2748 4 2 141 8 1958 221 1959 982
2749 4 2 141 8 222 1959 982 983
2750 4 2 141 8 1960 223 983 222
2751 4 2 141 8 1959 222 1960 983
2752 4 2 141 8 223 1960 983 984
2753 4 2 141 8 1961 224 984 223
2754 4 2 141 8 1960 223 1961 984
2755 4 2 141 8 224 1961 984 985
2756 4 2 141 8 1962 225 985 224
2757 4 2 141 8 1961 224 1962 985
2758 4 2 141 8 225 1962 985 233
2759 4 2 141 8 987 15 233 225
2760 4 2 141 8 1962 225 987 233
2761 4 2 141 8 102 453 450 1945
2762 4 2 141 8 1972 941 1945 453
2763 4 2 141 8 453 941 1945 102
2764 4 2 141 8 941 1972 1945 1946
2765 4 2 141 8 1973 942 1946 1972
2766 4 2 141 8 1972 942 1946 941
2767 4 2 141 8 942 1973 1946 1947
2768 4 2 141 8 1974 943 1947 1973
2769 4 2 141 8 1973 943 1947 942
2770 4 2 141 8 943 1974 1947 1948
2771 4 2 141 8 1975 944 1948 1974
2772 4 2 141 8 1974 944 1948 943
2773 4 2 141 8 944 1975 1948 1949
2774 4 2 141 8 1976 945 1949 1975
2775 4 2 141 8 1975 945 1949 944
2776 4 2 141 8 945 1976 1949 1950
2777 4 2 141 8 1977 946 1950 1976
2778 4 2 141 8 1976 946 1950 945
2779 4 2 141 8 946 1977 1950 1951
2780 4 2 141 8 1978 947 1951 1977
2781 4 2 141 8 1977 947 1951 946
2782 4 2 141 8 947 1978 1951 1952
2783 4 2 141 8 1979 948 1952 1978
2784 4 2 141 8 1978 948 1952 947
2785 4 2 141 8 948 1979 1952 1953
2786 4 2 141 8 1980 949 1953 1979
2787 4 2 141 8 1979 949 1953 948
2788 4 2 141 8 949 1980 1953 986
2789 4 2 141 8 989 229 986 1980
2790 4 2 141 8 1980 229 986 949
2791 4 2 141 8 105 453 104 959
2792 4 2 141 8 1972 968 959 453
2793 4 2 141 8 453 968 959 105
2794 4 2 141 8 968 1972 959 960
2795 4 2 141 8 1973 969 960 1972
2796 4 2 141 8 1972 969 960 968
2797 4 2 141 8 969 1973 960 961
2798 4 2 141 8 1974 970 961 1973
2799 4 2 141 8 1973 970 961 969
2800 4 2 141 8 970 1974 961 962
2801 4 2 141 8 1975 971 962 1974
2802 4 2 141 8 1974 971 962 970
2803 4 2 141 8 971 1975 962 963
2804 4 2 141 8 1976 972 963 1975
2805 4 2 141 8 1975 972 963 971
2806 4 2 141 8 972 1976 963 964
2807 4 2 141 8 1977 973 964 1976
2808 4 2 141 8 1976 973 964 972
2809 4 2 141 8 973 1977 964 965
2810 4 2 141 8 1978 974 965 1977
2811 4 2 141 8 1977 974 965 973
2812 4 2 141 8 974 1978 965 966
2813 4 2 141 8 1979 975 966 1978
2814 4 2 141 8 1978 975 966 974
2815 4 2 141 8 975 1979 966 967
2816 4 2 141 8 1980 976 967 1979
2817 4 2 141 8 1979 976 967 975
2818 4 2 141 8 976 1980 967 231
2819 4 2 141 8 989 232 231 1980
2820 4 2 141 8 1980 232 231 976
2821 4 2 141 8 450 452 101 932
2822 4 2 141 8 1963 1945 932 452
2823 4 2 141 8 452 1945 932 450
2824 4 2 141 8 1945 1963 932 933
2825 4 2 141 8 1964 1946 933 1963
2826 4 2 141 8 1963 1946 933 1945
2827 4 2 141 8 1946 1964 933 934
2828 4 2 141 8 1965 1947 934 1964
2829 4 2 141 8 1964 1947 934 1946
2830 4 2 141 8 1947 1965 934 935
2831 4 2 141 8 1966 1948 935 1965
2832 4 2 141 8 1965 1948 935 1947
2833 4 2 141 8 1948 1966 935 936
2834 4 2 141 8 1967 1949 936 1966
2835 4 2 141 8 1966 1949 936 1948
2836 4 2 141 8 1949 1967 936 937
2837 4 2 141 8 1968 1950 937 1967
2838 4 2 141 8 1967 1950 937 1949
2839 4 2 141 8 1950 1968 937 938
2840 4 2 141 8 1969 1951 938 1968
2841 4 2 141 8 1968 1951 938 1950
2842 4 2 141 8 1951 1969 938 939
2843 4 2 141 8 1970 1952 939 1969
2844 4 2 141 8 1969 1952 939 1951
2845 4 2 141 8 1952 1970 939 940
2846 4 2 141 8 1971 1953 940 1970
2847 4 2 141 8 1970 1953 940 1952
2848 4 2 141 8 1953 1971 940 228
2849 4 2 141 8 988 986 228 1971
2850 4 2 141 8 1971 986 228 1953
2851 4 2 141 8 451 453 105 968
2852 4 2 141 8 1972 1954 968 453
2853 4 2 141 8 453 1954 968 451
2854 4 2 141 8 1954 1972 968 969
2855 4 2 141 8 1973 1955 969 1972
2856 4 2 141 8 1972 1955 969 1954
2857 4 2 141 8 1955 1973 969 970
2858 4 2 141 8 1974 1956 970 1973
2859 4 2 141 8 1973 1956 970 1955
2860 4 2 141 8 1956 1974 970 971
2861 4 2 141 8 1975 1957 971 1974
2862 4 2 141 8 1974 1957 971 1956
2863 4 2 141 8 1957 1975 971 972
2864 4 2 141 8 1976 1958 972 1975
2865 4 2 141 8 1975 1958 972 1957
2866 4 2 141 8 1958 1976 972 973
2867 4 2 141 8 1977 1959 973 1976
2868 4 2 141 8 1976 1959 973 1958
2869 4 2 141 8 1959 1977 973 974
2870 4 2 141 8 1978 1960 974 1977
2871 4 2 141 8 1977 1960 974 1959
2872 4 2 141 8 1960 1978 974 975
2873 4 2 141 8 1979 1961 975 1978
2874 4 2 141 8 1978 1961 975 1960
2875 4 2 141 8 1961 1979 975 976
2876 4 2 141 8 1980 1962 976 1979
2877 4 2 141 8 1979 1962 976 1961
2878 4 2 141 8 1962 1980 976 232
2879 4 2 141 8 989 987 232 1980
2880 4 2 141 8 1980 987 232 1962
2881 4 2 141 8 101 452 100 923
2882 4 2 141 8 1963 932 923 452
2883 4 2 141 8 452 932 923 101
2884 4 2 141 8 932 1963 923 924
2885 4 2 141 8 1964 933 924 1963
2886 4 2 141 8 1963 933 924 932
2887 4 2 141 8 933 1964 924 925
2888 4 2 141 8 1965 934 925 1964
2889 4 2 141 8 1964 934 925 933
2890 4 2 141 8 934 1965 925 926
2891 4 2 141 8 1966 935 926 1965
2892 4 2 141 8 1965 935 926 934
2893 4 2 141 8 935 1966 926 927
2894 4 2 141 8 1967 936 927 1966
2895 4 2 141 8 1966 936 927 935
2896 4 2 141 8 936 1967 927 928
2897 4 2 141 8 1968 937 928 1967
2898 4 2 141 8 1967 937 928 936
2899 4 2 141 8 937 1968 928 929
2900 4 2 141 8 1969 938 929 1968
2901 4 2 141 8 1968 938 929 937
2902 4 2 141 8 938 1969 929 930
2903 4 2 141 8 1970 939 930 1969
2904 4 2 141 8 1969 939 930 938
2905 4 2 141 8 939 1970 930 931
2906 4 2 141 8 1971 940 931 1970
2907 4 2 141 8 1970 940 931 939
2908 4 2 141 8 940 1971 931 227
2909 4 2 141 8 988 228 227 1971
2910 4 2 141 8 1971 228 227 940
2911 4 2 141 8 103 453 102 941
2912 4 2 141 8 1972 950 941 453
2913 4 2 141 8 453 950 941 103
2914 4 2 141 8 950 1972 941 942
2915 4 2 141 8 1973 951 942 1972
2916 4 2 141 8 1972 951 942 950
2917 4 2 141 8 951 1973 942 943
2918 4 2 141 8 1974 952 943 1973
2919 4 2 141 8 1973 952 943 951
2920 4 2 141 8 952 1974 943 944
2921 4 2 141 8 1975 953 944 1974
2922 4 2 141 8 1974 953 944 952
2923 4 2 141 8 953 1975 944 945
2924 4 2 141 8 1976 954 945 1975
2925 4 2 141 8 1975 954 945 953
2926 4 2 141 8 954 1976 945 946
2927 4 2 141 8 1977 955 946 1976
2928 4 2 141 8 1976 955 946 954
2929 4 2 141 8 955 1977 946 947
2930 4 2 141 8 1978 956 947 1977
2931 4 2 141 8 1977 956 947 955
2932 4 2 141 8 956 1978 947 948
2933 4 2 141 8 1979 957 948 1978
2934 4 2 141 8 1978 957 948 956
2935 4 2 141 8 957 1979 948 949
2936 4 2 141 8 1980 958 949 1979
2937 4 2 141 8 1979 958 949 957
2938 4 2 141 8 958 1980 949 229
2939 4 2 141 8 989 230 229 1980
2940 4 2 141 8 1980 230 229 958
2941 4 2 141 8 99 452 7 217
2942 4 2 141 8 1963 914 217 452
2943 4 2 141 8 452 914 217 99
2944 4 2 141 8 914 1963 217 218
2945 4 2 141 8 1964 915 218 1963
2946 4 2 141 8 1963 915 218 914
2947 4 2 141 8 915 1964 218 219
2948 4 2 141 8 1965 916 219 1964
2949 4 2 141 8 1964 916 219 915
2950 4 2 141 8 916 1965 219 220
2951 4 2 141 8 1966 917 220 1965
2952 4 2 141 8 1965 917 220 916
2953 4 2 141 8 917 1966 220 221
2954 4 2 141 8 1967 918 221 1966
2955 4 2 141 8 1966 918 221 917
2956 4 2 141 8 918 1967 221 222
2957 4 2 141 8 1968 919 222 1967
2958 4 2 141 8 1967 919 222 918
2959 4 2 141 8 919 1968 222 223
2960 4 2 141 8 1969 920 223 1968
2961 4 2 141 8 1968 920 223 919
2962 4 2 141 8 920 1969 223 224
2963 4 2 141 8 1970 921 224 1969
2964 4 2 141 8 1969 921 224 920
2965 4 2 141 8 921 1970 224 225
2966 4 2 141 8 1971 922 225 1970
2967 4 2 141 8 1970 922 225 921
2968 4 2 141 8 922 1971 225 15
2969 4 2 141 8 988 226 15 1971
2970 4 2 141 8 1971 226 15 922
2971 4 2 141 8 106 451 105 968
2972 4 2 141 8 1954 977 968 451
2973 4 2 141 8 451 977 968 106
2974 4 2 141 8 977 1954 968 969
2975 4 2 141 8 1955 978 969 1954
2976 4 2 141 8 1954 978 969 977
2977 4 2 141 8 978 1955 969 970
2978 4 2 141 8 1956 979 970 1955
2979 4 2 141 8 1955 979 970 978
2980 4 2 141 8 979 1956 970 971
2981 4 2 141 8 1957 980 971 1956
2982 4 2 141 8 1956 980 971 979
2983 4 2 141 8 980 1957 971 972
2984 4 2 141 8 1958 981 972 1957
2985 4 2 141 8 1957 981 972 980
2986 4 2 141 8 981 1958 972 973
2987 4 2 141 8 1959 982 973 1958
2988 4 2 141 8 1958 982 973 981
2989 4 2 141 8 982 1959 973 974
2990 4 2 141 8 1960 983 974 1959
2991 4 2 141 8 1959 983 974 982
2992 4 2 141 8 983 1960 974 975
2993 4 2 141 8 1961 984 975 1960
2994 4 2 141 8 1960 984 975 983
2995 4 2 141 8 984 1961 975 976
2996 4 2 141 8 1962 985 976 1961
2997 4 2 141 8 1961 985 976 984
2998 4 2 141 8 985 1962 976 232
2999 4 2 141 8 987 233 232 1962
3000 4 2 141 8 1962 233 232 985
3001 4 2 141 8 102 450 101 932
3002 4 2 141 8 1945 941 932 102
3003 4 2 141 8 450 102 1945 932
3004 4 2 141 8 941 1945 932 933
3005 4 2 141 8 1946 942 933 941
3006 4 2 141 8 1945 941 1946 933
3007 4 2 141 8 942 1946 933 934
3008 4 2 141 8 1947 943 934 942
3009 4 2 141 8 1946 942 1947 934
3010 4 2 141 8 943 1947 934 935
3011 4 2 141 8 1948 944 935 943
3012 4 2 141 8 1947 943 1948 935
3013 4 2 141 8 944 1948 935 936
3014 4 2 141 8 1949 945 936 944
3015 4 2 141 8 1948 944 1949 936
3016 4 2 141 8 945 1949 936 937
3017 4 2 141 8 1950 946 937 945
3018 4 2 141 8 1949 945 1950 937
3019 4 2 141 8 946 1950 937 938
3020 4 2 141 8 1951 947 938 946
3021 4 2 141 8 1950 946 1951 938
3022 4 2 141 8 947 1951 938 939
3023 4 2 141 8 1952 948 939 947
3024 4 2 141 8 1951 947 1952 939
3025 4 2 141 8 948 1952 939 940
3026 4 2 141 8 1953 949 940 948
3027 4 2 141 8 1952 948 1953 940
3028 4 2 141 8 949 1953 940 228
3029 4 2 141 8 986 229 228 949
3030 4 2 141 8 1953 949 986 228
3031 4 2 141 8 451 452 450 1945
3032 4 2 141 8 1963 1954 1945 452
3033 4 2 141 8 452 1954 1945 451
3034 4 2 141 8 1954 1963 1945 1946
3035 4 2 141 8 1964 1955 1946 1963
3036 4 2 141 8 1963 1955 1946 1954
3037 4 2 141 8 1955 1964 1946 1947
3038 4 2 141 8 1965 1956 1947 1964
3039 4 2 141 8 1964 1956 1947 1955
3040 4 2 141 8 1956 1965 1947 1948
3041 4 2 141 8 1966 1957 1948 1965
3042 4 2 141 8 1965 1957 1948 1956
3043 4 2 141 8 1957 1966 1948 1949
3044 4 2 141 8 1967 1958 1949 1966
3045 4 2 141 8 1966 1958 1949 1957
3046 4 2 141 8 1958 1967 1949 1950
3047 4 2 141 8 1968 1959 1950 1967
3048 4 2 141 8 1967 1959 1950 1958
3049 4 2 141 8 1959 1968 1950 1951
3050 4 2 141 8 1969 1960 1951 1968
3051 4 2 141 8 1968 1960 1951 1959
3052 4 2 141 8 1960 1969 1951 1952
3053 4 2 141 8 1970 1961 1952 1969
3054 4 2 141 8 1969 1961 1952 1960
3055 4 2 141 8 1961 1970 1952 1953
3056 4 2 141 8 1971 1962 1953 1970
3057 4 2 141 8 1970 1962 1953 1961
3058 4 2 141 8 1962 1971 1953 986
3059 4 2 141 8 988 987 986 1971
3060 4 2 141 8 1971 987 986 1962
3061 4 2 141 8 450 453 451 1945
3062 4 2 141 8 1972 1945 1954 453
3063 4 2 141 8 453 1945 1954 451
3064 4 2 141 8 1945 1972 1954 1946
3065 4 2 141 8 1973 1946 1955 1972
3066 4 2 141 8 1972 1946 1955 1954
3067 4 2 141 8 1946 1973 1955 1947
3068 4 2 141 8 1974 1947 1956 1973
3069 4 2 141 8 1973 1947 1956 1955
3070 4 2 141 8 1947 1974 1956 1948
3071 4 2 141 8 1975 1948 1957 1974
3072 4 2 141 8 1974 1948 1957 1956
3073 4 2 141 8 1948 1975 1957 1949
3074 4 2 141 8 1976 1949 1958 1975
3075 4 2 141 8 1975 1949 1958 1957
3076 4 2 141 8 1949 1976 1958 1950
3077 4 2 141 8 1977 1950 1959 1976
3078 4 2 141 8 1976 1950 1959 1958
3079 4 2 141 8 1950 1977 1959 1951
3080 4 2 141 8 1978 1951 1960 1977
3081 4 2 141 8 1977 1951 1960 1959
3082 4 2 141 8 1951 1978 1960 1952
3083 4 2 141 8 1979 1952 1961 1978
3084 4 2 141 8 1978 1952 1961 1960
3085 4 2 141 8 1952 1979 1961 1953
3086 4 2 141 8 1980 1953 1962 1979
3087 4 2 141 8 1979 1953 1962 1961
3088 4 2 141 8 1953 1980 1962 986
3089 4 2 141 8 989 986 987 1980
3090 4 2 141 8 1980 986 987 1962
3091 4 2 141 8 100 452 99 914
3092 4 2 141 8 1963 923 914 452
3093 4 2 141 8 452 923 914 100
3094 4 2 141 8 923 1963 914 915
3095 4 2 141 8 1964 924 915 1963
3096 4 2 141 8 1963 924 915 923
3097 4 2 141 8 924 1964 915 916
3098 4 2 141 8 1965 925 916 1964
3099 4 2 141 8 1964 925 916 924
3100 4 2 141 8 925 1965 916 917
3101 4 2 141 8 1966 926 917 1965
3102 4 2 141 8 1965 926 917 925
3103 4 2 141 8 926 1966 917 918
3104 4 2 141 8 1967 927 918 1966
3105 4 2 141 8 1966 927 918 926
3106 4 2 141 8 927 1967 918 919
3107 4 2 141 8 1968 928 919 1967
3108 4 2 141 8 1967 928 919 927
3109 4 2 141 8 928 1968 919 920
3110 4 2 141 8 1969 929 920 1968
3111 4 2 141 8 1968 929 920 928
3112 4 2 141 8 929 1969 920 921
3113 4 2 141 8 1970 930 921 1969
3114 4 2 141 8 1969 930 921 929
3115 4 2 141 8 930 1970 921 922
3116 4 2 141 8 1971 931 922 1970
3117 4 2 141 8 1970 931 922 930
3118 4 2 141 8 931 1971 922 226
3119 4 2 141 8 988 227 226 1971
3120 4 2 141 8 1971 227 226 931
3121 4 2 141 8 104 453 103 950
3122 4 2 141 8 1972 959 950 453
3123 4 2 141 8 453 959 950 104
3124 4 2 141 8 959 1972 950 951
3125 4 2 141 8 1973 960 951 1972
3126 4 2 141 8 1972 960 951 959
3127 4 2 141 8 960 1973 951 952
3128 4 2 141 8 1974 961 952 1973
3129 4 2 141 8 1973 961 952 960
3130 4 2 141 8 961 1974 952 953
3131 4 2 141 8 1975 962 953 1974
3132 4 2 141 8 1974 962 953 961
3133 4 2 141 8 962 1975 953 954
3134 4 2 141 8 1976 963 954 1975
3135 4 2 141 8 1975 963 954 962
3136 4 2 141 8 963 1976 954 955
3137 4 2 141 8 1977 964 955 1976
3138 4 2 141 8 1976 964 955 963
3139 4 2 141 8 964 1977 955 956
3140 4 2 141 8 1978 965 956 1977
3141 4 2 141 8 1977 965 956 964
3142 4 2 141 8 965 1978 956 957
3143 4 2 141 8 1979 966 957 1978
3144 4 2 141 8 1978 966 957 965
3145 4 2 141 8 966 1979 957 958
3146 4 2 141 8 1980 967 958 1979
3147 4 2 141 8 1979 967 958 966
3148 4 2 141 8 967 1980 958 230
3149 4 2 141 8 989 231 230 1980
3150 4 2 141 8 1980 231 230 967
3151 4 2 140 9 8 455 114 1053
3152 4 2 140 9 1990 234 1053 455
3153 4 2 140 9 455 234 1053 8
3154 4 2 140 9 234 1990 1053 1054
3155 4 2 140 9 1991 235 1054 1990
3156 4 2 140 9 1990 235 1054 234
3157 4 2 140 9 235 1991 1054 1055
3158 4 2 140 9 1992 236 1055 1991
3159 4 2 140 9 1991 236 1055 235
3160 4 2 140 9 236 1992 1055 1056
3161 4 2 140 9 1993 237 1056 1992
3162 4 2 140 9 1992 237 1056 236
3163 4 2 140 9 237 1993 1056 1057
3164 4 2 140 9 1994 238 1057 1993
3165 4 2 140 9 1993 238 1057 237
3166 4 2 140 9 238 1994 1057 1058
3167 4 2 140 9 1995 239 1058 1994
3168 4 2 140 9 1994 239 1058 238
3169 4 2 140 9 239 1995 1058 1059
3170 4 2 140 9 1996 240 1059 1995
3171 4 2 140 9 1995 240 1059 239
3172 4 2 140 9 240 1996 1059 1060
3173 4 2 140 9 1997 241 1060 1996
3174 4 2 140 9 1996 241 1060 240
3175 4 2 140 9 241 1997 1060 1061
3176 4 2 140 9 1998 242 1061 1997
3177 4 2 140 9 1997 242 1061 241
3178 4 2 140 9 242 1998 1061 250
3179 4 2 140 9 1063 16 250 1998
3180 4 2 140 9 1998 16 250 242
3181 4 2 140 9 109 454 108 999
3182 4 2 140 9 1981 1008 999 454
3183 4 2 140 9 454 1008 999 109
3184 4 2 140 9 1008 1981 999 1000
3185 4 2 140 9 1982 1009 1000 1981
3186 4 2 140 9 1981 1009 1000 1008
3187 4 2 140 9 1009 1982 1000 1001
3188 4 2 140 9 1983 1010 1001 1982
3189 4 2 140 9 1982 1010 1001 1009
3190 4 2 140 9 1010 1983 1001 1002
3191 4 2 140 9 1984 1011 1002 1983
3192 4 2 140 9 1983 1011 1002 1010
3193 4 2 140 9 1011 1984 1002 1003
3194 4 2 140 9 1985 1012 1003 1984
3195 4 2 140 9 1984 1012 1003 1011
3196 4 2 140 9 1012 1985 1003 1004
3197 4 2 140 9 1986 1013 1004 1985
3198 4 2 140 9 1985 1013 1004 1012
3199 4 2 140 9 1013 1986 1004 1005
3200 4 2 140 9 1987 1014 1005 1986
3201 4 2 140 9 1986 1014 1005 1013
3202 4 2 140 9 1014 1987 1005 1006
3203 4 2 140 9 1988 1015 1006 1987
3204 4 2 140 9 1987 1015 1006 1014
3205 4 2 140 9 1015 1988 1006 1007
3206 4 2 140 9 1989 1016 1007 1988
3207 4 2 140 9 1988 1016 1007 1015
3208 4 2 140 9 1016 1989 1007 244
3209 4 2 140 9 1062 245 244 1989
3210 4 2 140 9 1989 245 244 1016
3211 4 2 140 9 8 457 455 234
3212 4 2 140 9 2008 234 1990 457
3213 4 2 140 9 457 234 1990 455
3214 4 2 140 9 234 2008 1990 235
3215 4 2 140 9 2009 235 1991 2008
3216 4 2 140 9 2008 235 1991 1990
3217 4 2 140 9 235 2009 1991 236
3218 4 2 140 9 2010 236 1992 2009
3219 4 2 140 9 2009 236 1992 1991
3220 4 2 140 9 236 2010 1992 237
3221 4 2 140 9 2011 237 1993 2010
3222 4 2 140 9 2010 237 1993 1992
3223 4 2 140 9 237 2011 1993 238
3224 4 2 140 9 2012 238 1994 2011
3225 4 2 140 9 2011 238 1994 1993
3226 4 2 140 9 238 2012 1994 239
3227 4 2 140 9 2013 239 1995 2012
3228 4 2 140 9 2012 239 1995 1994
3229 4 2 140 9 239 2013 1995 240
3230 4 2 140 9 2014 240 1996 2013
3231 4 2 140 9 2013 240 1996 1995
3232 4 2 140 9 240 2014 1996 241
3233 4 2 140 9 2015 241 1997 2014
3234 4 2 140 9 2014 241 1997 1996
3235 4 2 140 9 241 2015 1997 242
3236 4 2 140 9 2016 242 1998 2015
3237 4 2 140 9 2015 242 1998 1997
3238 4 2 140 9 242 2016 1998 16
3239 4 2 140 9 1065 16 1063 2016
3240 4 2 140 9 2016 16 1063 1998
3241 4 2 140 9 454 457 108 999
3242 4 2 140 9 2008 1981 999 457
3243 4 2 140 9 457 1981 999 454
3244 4 2 140 9 1981 2008 999 1000
3245 4 2 140 9 2009 1982 1000 2008
3246 4 2 140 9 2008 1982 1000 1981
3247 4 2 140 9 1982 2009 1000 1001
3248 4 2 140 9 2010 1983 1001 2009
3249 4 2 140 9 2009 1983 1001 1982
3250 4 2 140 9 1983 2010 1001 1002
3251 4 2 140 9 2011 1984 1002 2010
3252 4 2 140 9 2010 1984 1002 1983
3253 4 2 140 9 1984 2011 1002 1003
3254 4 2 140 9 2012 1985 1003 2011
3255 4 2 140 9 2011 1985 1003 1984
3256 4 2 140 9 1985 2012 1003 1004
3257 4 2 140 9 2013 1986 1004 2012
3258 4 2 140 9 2012 1986 1004 1985
3259 4 2 140 9 1986 2013 1004 1005
3260 4 2 140 9 2014 1987 1005 2013
3261 4 2 140 9 2013 1987 1005 1986
3262 4 2 140 9 1987 2014 1005 1006
3263 4 2 140 9 2015 1988 1006 2014
3264 4 2 140 9 2014 1988 1006 1987
3265 4 2 140 9 1988 2015 1006 1007
3266 4 2 140 9 2016 1989 1007 2015
3267 4 2 140 9 2015 1989 1007 1988
3268 4 2 140 9 1989 2016 1007 244
3269 4 2 140 9 1065 1062 244 2016
3270 4 2 140 9 2016 1062 244 1989
3271 4 2 140 9 110 456 454 1981
3272 4 2 140 9 1999 1017 1981 456
3273 4 2 140 9 456 1017 1981 110
3274 4 2 140 9 1017 1999 1981 1982
3275 4 2 140 9 2000 1018 1982 1999
3276 4 2 140 9 1999 1018 1982 1017
3277 4 2 140 9 1018 2000 1982 1983
3278 4 2 140 9 2001 1019 1983 2000
3279 4 2 140 9 2000 1019 1983 1018
3280 4 2 140 9 1019 2001 1983 1984
3281 4 2 140 9 2002 1020 1984 2001
3282 4 2 140 9 2001 1020 1984 1019
3283 4 2 140 9 1020 2002 1984 1985
3284 4 2 140 9 2003 1021 1985 2002
3285 4 2 140 9 2002 1021 1985 1020
3286 4 2 140 9 1021 2003 1985 1986
3287 4 2 140 9 2004 1022 1986 2003
3288 4 2 140 9 2003 1022 1986 1021
3289 4 2 140 9 1022 2004 1986 1987
3290 4 2 140 9 2005 1023 1987 2004
3291 4 2 140 9 2004 1023 1987 1022
3292 4 2 140 9 1023 2005 1987 1988
3293 4 2 140 9 2006 1024 1988 2005
3294 4 2 140 9 2005 1024 1988 1023
3295 4 2 140 9 1024 2006 1988 1989
3296 4 2 140 9 2007 1025 1989 2006
3297 4 2 140 9 2006 1025 1989 1024
3298 4 2 140 9 1025 2007 1989 1062
3299 4 2 140 9 1064 246 1062 2007
3300 4 2 140 9 2007 246 1062 1025
3301 4 2 140 9 113 456 112 1035
3302 4 2 140 9 1999 1044 1035 456
3303 4 2 140 9 456 1044 1035 113
3304 4 2 140 9 1044 1999 1035 1036
3305 4 2 140 9 2000 1045 1036 1999
3306 4 2 140 9 1999 1045 1036 1044
3307 4 2 140 9 1045 2000 1036 1037
3308 4 2 140 9 2001 1046 1037 2000
3309 4 2 140 9 2000 1046 1037 1045
3310 4 2 140 9 1046 2001 1037 1038
3311 4 2 140 9 2002 1047 1038 2001
3312 4 2 140 9 2001 1047 1038 1046
3313 4 2 140 9 1047 2002 1038 1039
3314 4 2 140 9 2003 1048 1039 2002
3315 4 2 140 9 2002 1048 1039 1047
3316 4 2 140 9 1048 2003 1039 1040
3317 4 2 140 9 2004 1049 1040 2003
3318 4 2 140 9 2003 1049 1040 1048
3319 4 2 140 9 1049 2004 1040 1041
3320 4 2 140 9 2005 1050 1041 2004
3321 4 2 140 9 2004 1050 1041 1049
3322 4 2 140 9 1050 2005 1041 1042
3323 4 2 140 9 2006 1051 1042 2005
3324 4 2 140 9 2005 1051 1042 1050
3325 4 2 140 9 1051 2006 1042 1043
3326 4 2 140 9 2007 1052 1043 2006
3327 4 2 140 9 2006 1052 1043 1051
3328 4 2 140 9 1052 2007 1043 248
3329 4 2 140 9 1064 249 248 2007
3330 4 2 140 9 2007 249 248 1052
3331 4 2 140 9 455 456 113 1044
3332 4 2 140 9 1999 1990 1044 456
3333 4 2 140 9 456 1990 1044 455
3334 4 2 140 9 1990 1999 1044 1045
3335 4 2 140 9 2000 1991 1045 1999
3336 4 2 140 9 1999 1991 1045 1990
3337 4 2 140 9 1991 2000 1045 1046
3338 4 2 140 9 2001 1992 1046 2000
3339 4 2 140 9 2000 1992 1046 1991
3340 4 2 140 9 1992 2001 1046 1047
3341 4 2 140 9 2002 1993 1047 2001
3342 4 2 140 9 2001 1993 1047 1992
3343 4 2 140 9 1993 2002 1047 1048
3344 4 2 140 9 2003 1994 1048 2002
3345 4 2 140 9 2002 1994 1048 1993
3346 4 2 140 9 1994 2003 1048 1049
3347 4 2 140 9 2004 1995 1049 2003
3348 4 2 140 9 2003 1995 1049 1994
3349 4 2 140 9 1995 2004 1049 1050
3350 4 2 140 9 2005 1996 1050 2004
3351 4 2 140 9 2004 1996 1050 1995
3352 4 2 140 9 1996 2005 1050 1051
3353 4 2 140 9 2006 1997 1051 2005
3354 4 2 140 9 2005 1997 1051 1996
3355 4 2 140 9 1997 2006 1051 1052
3356 4 2 140 9 2007 1998 1052 2006
3357 4 2 140 9 2006 1998 1052 1997
3358 4 2 140 9 1998 2007 1052 249
3359 4 2 140 9 1064 1063 249 2007
3360 4 2 140 9 2007 1063 249 1998
3361 4 2 140 9 111 456 110 1017
3362 4 2 140 9 1999 1026 1017 456
3363 4 2 140 9 456 1026 1017 111
3364 4 2 140 9 1026 1999 1017 1018
3365 4 2 140 9 2000 1027 1018 1999
3366 4 2 140 9 1999 1027 1018 1026
3367 4 2 140 9 1027 2000 1018 1019
3368 4 2 140 9 2001 1028 1019 2000
3369 4 2 140 9 2000 1028 1019 1027
3370 4 2 140 9 1028 2001 1019 1020
3371 4 2 140 9 2002 1029 1020 2001
3372 4 2 140 9 2001 1029 1020 1028
3373 4 2 140 9 1029 2002 1020 1021
3374 4 2 140 9 2003 1030 1021 2002
3375 4 2 140 9 2002 1030 1021 1029
3376 4 2 140 9 1030 2003 1021 1022
3377 4 2 140 9 2004 1031 1022 2003
3378 4 2 140 9 2003 1031 1022 1030
3379 4 2 140 9 1031 2004 1022 1023
3380 4 2 140 9 2005 1032 1023 2004
3381 4 2 140 9 2004 1032 1023 1031
3382 4 2 140 9 1032 2005 1023 1024
3383 4 2 140 9 2006 1033 1024 2005
3384 4 2 140 9 2005 1033 1024 1032
3385 4 2 140 9 1033 2006 1024 1025
3386 4 2 140 9 2007 1034 1025 2006
3387 4 2 140 9 2006 1034 1025 1033
3388 4 2 140 9 1034 2007 1025 246
3389 4 2 140 9 1064 247 246 2007
3390 4 2 140 9 2007 247 246 1034
3391 4 2 140 9 114 455 113 1044
3392 4 2 140 9 1990 1053 1044 455
3393 4 2 140 9 455 1053 1044 114
3394 4 2 140 9 1053 1990 1044 1045
3395 4 2 140 9 1991 1054 1045 1990
3396 4 2 140 9 1990 1054 1045 1053
3397 4 2 140 9 1054 1991 1045 1046
3398 4 2 140 9 1992 1055 1046 1991
3399 4 2 140 9 1991 1055 1046 1054
3400 4 2 140 9 1055 1992 1046 1047
3401 4 2 140 9 1993 1056 1047 1992
3402 4 2 140 9 1992 1056 1047 1055
3403 4 2 140 9 1056 1993 1047 1048
3404 4 2 140 9 1994 1057 1048 1993
3405 4 2 140 9 1993 1057 1048 1056
3406 4 2 140 9 1057 1994 1048 1049
3407 4 2 140 9 1995 1058 1049 1994
3408 4 2 140 9 1994 1058 1049 1057
3409 4 2 140 9 1058 1995 1049 1050
3410 4 2 140 9 1996 1059 1050 1995
3411 4 2 140 9 1995 1059 1050 1058
3412 4 2 140 9 1059 1996 1050 1051
3413 4 2 140 9 1997 1060 1051 1996
3414 4 2 140 9 1996 1060 1051 1059
3415 4 2 140 9 1060 1997 1051 1052
3416 4 2 140 9 1998 1061 1052 1997
3417 4 2 140 9 1997 1061 1052 1060
3418 4 2 140 9 1061 1998 1052 249
3419 4 2 140 9 1063 250 249 1998
3420 4 2 140 9 1998 250 249 1061
3421 4 2 140 9 110 454 109 1008
3422 4 2 140 9 1981 1017 1008 110
3423 4 2 140 9 454 110 1981 1008
3424 4 2 140 9 1017 1981 1008 1009
3425 4 2 140 9 1982 1018 1009 1017
3426 4 2 140 9 1981 1017 1982 1009
3427 4 2 140 9 1018 1982 1009 1010
3428 4 2 140 9 1983 1019 1010 1018
3429 4 2 140 9 1982 1018 1983 1010
3430 4 2 140 9 1019 1983 1010 1011
3431 4 2 140 9 1984 1020 1011 1019
3432 4 2 140 9 1983 1019 1984 1011
3433 4 2 140 9 1020 1984 1011 1012
3434 4 2 140 9 1985 1021 1012 1020
3435 4 2 140 9 1984 1020 1985 1012
3436 4 2 140 9 1021 1985 1012 1013
3437 4 2 140 9 1986 1022 1013 1021
3438 4 2 140 9 1985 1021 1986 1013
3439 4 2 140 9 1022 1986 1013 1014
3440 4 2 140 9 1987 1023 1014 1022
3441 4 2 140 9 1986 1022 1987 1014
3442 4 2 140 9 1023 1987 1014 1015
3443 4 2 140 9 1988 1024 1015 1023
3444 4 2 140 9 1987 1023 1988 1015
3445 4 2 140 9 1024 1988 1015 1016
3446 4 2 140 9 1989 1025 1016 1024
3447 4 2 140 9 1988 1024 1989 1016
3448 4 2 140 9 1025 1989 1016 245
3449 4 2 140 9 1062 246 245 1025
3450 4 2 140 9 1989 1025 1062 245
3451 4 2 140 9 108 457 107 990
3452 4 2 140 9 2008 999 990 457
3453 4 2 140 9 457 999 990 108
3454 4 2 140 9 999 2008 990 991
3455 4 2 140 9 2009 1000 991 2008
3456 4 2 140 9 2008 1000 991 999
3457 4 2 140 9 1000 2009 991 992
3458 4 2 140 9 2010 1001 992 2009
3459 4 2 140 9 2009 1001 992 1000
3460 4 2 140 9 1001 2010 992 993
3461 4 2 140 9 2011 1002 993 2010
3462 4 2 140 9 2010 1002 993 1001
3463 4 2 140 9 1002 2011 993 994
3464 4 2 140 9 2012 1003 994 2011
3465 4 2 140 9 2011 1003 994 1002
3466 4 2 140 9 1003 2012 994 995
3467 4 2 140 9 2013 1004 995 2012
3468 4 2 140 9 2012 1004 995 1003
3469 4 2 140 9 1004 2013 995 996
3470 4 2 140 9 2014 1005 996 2013
3471 4 2 140 9 2013 1005 996 1004
3472 4 2 140 9 1005 2014 996 997
3473 4 2 140 9 2015 1006 997 2014
3474 4 2 140 9 2014 1006 997 1005
3475 4 2 140 9 1006 2015 997 998
3476 4 2 140 9 2016 1007 998 2015
3477 4 2 140 9 2015 1007 998 1006
3478 4 2 140 9 1007 2016 998 243
3479 4 2 140 9 1065 244 243 2016
3480 4 2 140 9 2016 244 243 1007
3481 4 2 140 9 107 457 8 234
3482 4 2 140 9 2008 990 234 457
3483 4 2 140 9 457 990 234 107
3484 4 2 140 9 990 2008 234 235
3485 4 2 140 9 2009 991 235 2008
3486 4 2 140 9 2008 991 235 990
3487 4 2 140 9 991 2009 235 236
3488 4 2 140 9 2010 992 236 2009
3489 4 2 140 9 2009 992 236 991
3490 4 2 140 9 992 2010 236 237
3491 4 2 140 9 2011 993 237 2010
3492 4 2 140 9 2010 993 237 992
3493 4 2 140 9 993 2011 237 238
3494 4 2 140 9 2012 994 238 2011
3495 4 2 140 9 2011 994 238 993
3496 4 2 140 9 994 2012 238 239
3497 4 2 140 9 2013 995 239 2012
3498 4 2 140 9 2012 995 239 994
3499 4 2 140 9 995 2013 239 240
3500 4 2 140 9 2014 996 240 2013
3501 4 2 140 9 2013 996 240 995
3502 4 2 140 9 996 2014 240 241
3503 4 2 140 9 2015 997 241 2014
3504 4 2 140 9 2014 997 241 996
3505 4 2 140 9 997 2015 241 242
3506 4 2 140 9 2016 998 242 2015
3507 4 2 140 9 2015 998 242 997
3508 4 2 140 9 998 2016 242 16
3509 4 2 140 9 1065 243 16 2016
3510 4 2 140 9 2016 243 16 998
3511 4 2 140 9 455 457 454 1981
3512 4 2 140 9 2008 1990 1981 457
3513 4 2 140 9 457 1990 1981 455
3514 4 2 140 9 1990 2008 1981 1982
3515 4 2 140 9 2009 1991 1982 2008
3516 4 2 140 9 2008 1991 1982 1990
3517 4 2 140 9 1991 2009 1982 1983
3518 4 2 140 9 2010 1992 1983 2009
3519 4 2 140 9 2009 1992 1983 1991
3520 4 2 140 9 1992 2010 1983 1984
3521 4 2 140 9 2011 1993 1984 2010
3522 4 2 140 9 2010 1993 1984 1992
3523 4 2 140 9 1993 2011 1984 1985
3524 4 2 140 9 2012 1994 1985 2011
3525 4 2 140 9 2011 1994 1985 1993
3526 4 2 140 9 1994 2012 1985 1986
3527 4 2 140 9 2013 1995 1986 2012
3528 4 2 140 9 2012 1995 1986 1994
3529 4 2 140 9 1995 2013 1986 1987
3530 4 2 140 9 2014 1996 1987 2013
3531 4 2 140 9 2013 1996 1987 1995
3532 4 2 140 9 1996 2014 1987 1988
3533 4 2 140 9 2015 1997 1988 2014
3534 4 2 140 9 2014 1997 1988 1996
3535 4 2 140 9 1997 2015 1988 1989
3536 4 2 140 9 2016 1998 1989 2015
3537 4 2 140 9 2015 1998 1989 1997
3538 4 2 140 9 1998 2016 1989 1062
3539 4 2 140 9 1065 1063 1062 2016
3540 4 2 140 9 2016 1063 1062 1998
3541 4 2 140 9 454 456 455 1981
3542 4 2 140 9 1999 1981 1990 456
3543 4 2 140 9 456 1981 1990 455
3544 4 2 140 9 1981 1999 1990 1982
3545 4 2 140 9 2000 1982 1991 1999
3546 4 2 140 9 1999 1982 1991 1990
3547 4 2 140 9 1982 2000 1991 1983
3548 4 2 140 9 2001 1983 1992 2000
3549 4 2 140 9 2000 1983 1992 1991
3550 4 2 140 9 1983 2001 1992 1984
3551 4 2 140 9 2002 1984 1993 2001
3552 4 2 140 9 2001 1984 1993 1992
3553 4 2 140 9 1984 2002 1993 1985
3554 4 2 140 9 2003 1985 1994 2002
3555 4 2 140 9 2002 1985 1994 1993
3556 4 2 140 9 1985 2003 1994 1986
3557 4 2 140 9 2004 1986 1995 2003
3558 4 2 140 9 2003 1986 1995 1994
3559 4 2 140 9 1986 2004 1995 1987
3560 4 2 140 9 2005 1987 1996 2004
3561 4 2 140 9 2004 1987 1996 1995
3562 4 2 140 9 1987 2005 1996 1988
3563 4 2 140 9 2006 1988 1997 2005
3564 4 2 140 9 2005 1988 1997 1996
3565 4 2 140 9 1988 2006 1997 1989
3566 4 2 140 9 2007 1989 1998 2006
3567 4 2 140 9 2006 1989 1998 1997
3568 4 2 140 9 1989 2007 1998 1062
3569 4 2 140 9 1064 1062 1063 2007
3570 4 2 140 9 2007 1062 1063 1998
3571 4 2 140 9 112 456 111 1026
3572 4 2 140 9 1999 1035 1026 456
3573 4 2 140 9 456 1035 1026 112
3574 4 2 140 9 1035 1999 1026 1027
3575 4 2 140 9 2000 1036 1027 1999
3576 4 2 140 9 1999 1036 1027 1035
3577 4 2 140 9 1036 2000 1027 1028
3578 4 2 140 9 2001 1037 1028 2000
3579 4 2 140 9 2000 1037 1028 1036
3580 4 2 140 9 1037 2001 1028 1029
3581 4 2 140 9 2002 1038 1029 2001
3582 4 2 140 9 2001 1038 1029 1037
3583 4 2 140 9 1038 2002 1029 1030
3584 4 2 140 9 2003 1039 1030 2002
3585 4 2 140 9 2002 1039 1030 1038
3586 4 2 140 9 1039 2003 1030 1031
3587 4 2 140 9 2004 1040 1031 2003
3588 4 2 140 9 2003 1040 1031 1039
3589 4 2 140 9 1040 2004 1031 1032
3590 4 2 140 9 2005 1041 1032 2004
3591 4 2 140 9 2004 1041 1032 1040
3592 4 2 140 9 1041 2005 1032 1033
3593 4 2 140 9 2006 1042 1033 2005
3594 4 2 140 9 2005 1042 1033 1041
3595 4 2 140 9 1042 2006 1033 1034
3596 4 2 140 9 2007 1043 1034 2006
3597 4 2 140 9 2006 1043 1034 1042
3598 4 2 140 9 1043 2007 1034 247
3599 4 2 140 9 1064 248 247 2007
3600 4 2 140 9 2007 248 247 1043
3601 4 2 139 11 1073 1090 1083 2170
3602 4 2 139 11 2233 2080 2170 1090
3603 4 2 139 11 1090 2080 2170 1073
3604 4 2 139 11 2080 2233 2170 2171
3605 4 2 139 11 2234 2081 2171 2233
3606 4 2 139 11 2233 2081 2171 2080
3607 4 2 139 11 2081 2234 2171 2172
3608 4 2 139 11 2235 2082 2172 2234
3609 4 2 139 11 2234 2082 2172 2081
3610 4 2 139 11 2082 2235 2172 2173
3611 4 2 139 11 2236 2083 2173 2235
3612 4 2 139 11 2235 2083 2173 2082
3613 4 2 139 11 2083 2236 2173 2174
3614 4 2 139 11 2237 2084 2174 2236
3615 4 2 139 11 2236 2084 2174 2083
3616 4 2 139 11 2084 2237 2174 2175
3617 4 2 139 11 2238 2085 2175 2237
3618 4 2 139 11 2237 2085 2175 2084
3619 4 2 139 11 2085 2238 2175 2176
3620 4 2 139 11 2239 2086 2176 2238
3621 4 2 139 11 2238 2086 2176 2085
3622 4 2 139 11 2086 2239 2176 2177
3623 4 2 139 11 2240 2087 2177 2239
3624 4 2 139 11 2239 2087 2177 2086
3625 4 2 139 11 2087 2240 2177 2178
3626 4 2 139 11 2241 2088 2178 2240
3627 4 2 139 11 2240 2088 2178 2087
3628 4 2 139 11 2088 2241 2178 1275
3629 4 2 139 11 1282 1265 1275 2241
3630 4 2 139 11 2241 1265 1275 2088
3631 4 2 139 11 254 1084 1068 2035
3632 4 2 139 11 2179 1123 2035 1084
3633 4 2 139 11 1084 1123 2035 254
3634 4 2 139 11 1123 2179 2035 2036
3635 4 2 139 11 2180 1124 2036 2179
3636 4 2 139 11 2179 1124 2036 1123
3637 4 2 139 11 1124 2180 2036 2037
3638 4 2 139 11 2181 1125 2037 2180
3639 4 2 139 11 2180 1125 2037 1124
3640 4 2 139 11 1125 2181 2037 2038
3641 4 2 139 11 2182 1126 2038 2181
3642 4 2 139 11 2181 1126 2038 1125
3643 4 2 139 11 1126 2182 2038 2039
3644 4 2 139 11 2183 1127 2039 2182
3645 4 2 139 11 2182 1127 2039 1126
3646 4 2 139 11 1127 2183 2039 2040
3647 4 2 139 11 2184 1128 2040 2183
3648 4 2 139 11 2183 1128 2040 1127
3649 4 2 139 11 1128 2184 2040 2041
3650 4 2 139 11 2185 1129 2041 2184
3651 4 2 139 11 2184 1129 2041 1128
3652 4 2 139 11 1129 2185 2041 2042
3653 4 2 139 11 2186 1130 2042 2185
3654 4 2 139 11 2185 1130 2042 1129
3655 4 2 139 11 1130 2186 2042 2043
3656 4 2 139 11 2187 1131 2043 2186
3657 4 2 139 11 2186 1131 2043 1130
3658 4 2 139 11 1131 2187 2043 1260
3659 4 2 139 11 1276 281 1260 2187
3660 4 2 139 11 2187 281 1260 1131
3661 4 2 139 11 1072 1078 1076 2107
3662 4 2 139 11 2125 2071 2107 1078
3663 4 2 139 11 1078 2071 2107 1072
3664 4 2 139 11 2071 2125 2107 2108
3665 4 2 139 11 2126 2072 2108 2125
3666 4 2 139 11 2125 2072 2108 2071
3667 4 2 139 11 2072 2126 2108 2109
3668 4 2 139 11 2127 2073 2109 2126
3669 4 2 139 11 2126 2073 2109 2072
3670 4 2 139 11 2073 2127 2109 2110
3671 4 2 139 11 2128 2074 2110 2127
3672 4 2 139 11 2127 2074 2110 2073
3673 4 2 139 11 2074 2128 2110 2111
3674 4 2 139 11 2129 2075 2111 2128
3675 4 2 139 11 2128 2075 2111 2074
3676 4 2 139 11 2075 2129 2111 2112
3677 4 2 139 11 2130 2076 2112 2129
3678 4 2 139 11 2129 2076 2112 2075
3679 4 2 139 11 2076 2130 2112 2113
3680 4 2 139 11 2131 2077 2113 2130
3681 4 2 139 11 2130 2077 2113 2076
3682 4 2 139 11 2077 2131 2113 2114
3683 4 2 139 11 2132 2078 2114 2131
3684 4 2 139 11 2131 2078 2114 2077
3685 4 2 139 11 2078 2132 2114 2115
3686 4 2 139 11 2133 2079 2115 2132
3687 4 2 139 11 2132 2079 2115 2078
3688 4 2 139 11 2079 2133 2115 1268
3689 4 2 139 11 1270 1264 1268 2133
3690 4 2 139 11 2133 1264 1268 2079
3691 4 2 139 11 1082 1095 1086 2197
3692 4 2 139 11 2278 2161 2197 1095
3693 4 2 139 11 1095 2161 2197 1082
3694 4 2 139 11 2161 2278 2197 2198
3695 4 2 139 11 2279 2162 2198 2278
3696 4 2 139 11 2278 2162 2198 2161
3697 4 2 139 11 2162 2279 2198 2199
3698 4 2 139 11 2280 2163 2199 2279
3699 4 2 139 11 2279 2163 2199 2162
3700 4 2 139 11 2163 2280 2199 2200
3701 4 2 139 11 2281 2164 2200 2280
3702 4 2 139 11 2280 2164 2200 2163
3703 4 2 139 11 2164 2281 2200 2201
3704 4 2 139 11 2282 2165 2201 2281
3705 4 2 139 11 2281 2165 2201 2164
3706 4 2 139 11 2165 2282 2201 2202
3707 4 2 139 11 2283 2166 2202 2282
3708 4 2 139 11 2282 2166 2202 2165
3709 4 2 139 11 2166 2283 2202 2203
3710 4 2 139 11 2284 2167 2203 2283
3711 4 2 139 11 2283 2167 2203 2166
3712 4 2 139 11 2167 2284 2203 2204
3713 4 2 139 11 2285 2168 2204 2284
3714 4 2 139 11 2284 2168 2204 2167
3715 4 2 139 11 2168 2285 2204 2205
3716 4 2 139 11 2286 2169 2205 2285
3717 4 2 139 11 2285 2169 2205 2168
3718 4 2 139 11 2169 2286 2205 1278
3719 4 2 139 11 1287 1274 1278 2286
3720 4 2 139 11 2286 1274 1278 2169
3721 4 2 139 11 1083 1091 1073 2170
3722 4 2 139 11 2242 2170 2080 1091
3723 4 2 139 11 1091 2170 2080 1073
3724 4 2 139 11 2170 2242 2080 2171
3725 4 2 139 11 2243 2171 2081 2242
3726 4 2 139 11 2242 2171 2081 2080
3727 4 2 139 11 2171 2243 2081 2172
3728 4 2 139 11 2244 2172 2082 2243
3729 4 2 139 11 2243 2172 2082 2081
3730 4 2 139 11 2172 2244 2082 2173
3731 4 2 139 11 2245 2173 2083 2244
3732 4 2 139 11 2244 2173 2083 2082
3733 4 2 139 11 2173 2245 2083 2174
3734 4 2 139 11 2246 2174 2084 2245
3735 4 2 139 11 2245 2174 2084 2083
3736 4 2 139 11 2174 2246 2084 2175
3737 4 2 139 11 2247 2175 2085 2246
3738 4 2 139 11 2246 2175 2085 2084
3739 4 2 139 11 2175 2247 2085 2176
3740 4 2 139 11 2248 2176 2086 2247
3741 4 2 139 11 2247 2176 2086 2085
3742 4 2 139 11 2176 2248 2086 2177
3743 4 2 139 11 2249 2177 2087 2248
3744 4 2 139 11 2248 2177 2087 2086
3745 4 2 139 11 2177 2249 2087 2178
3746 4 2 139 11 2250 2178 2088 2249
3747 4 2 139 11 2249 2178 2088 2087
3748 4 2 139 11 2178 2250 2088 1275
3749 4 2 139 11 1283 1275 1265 2250
3750 4 2 139 11 2250 1275 1265 2088
3751 4 2 139 11 1086 1095 1071 2062
3752 4 2 139 11 2278 2197 2062 1095
3753 4 2 139 11 1095 2197 2062 1086
3754 4 2 139 11 2197 2278 2062 2063
3755 4 2 139 11 2279 2198 2063 2278
3756 4 2 139 11 2278 2198 2063 2197
3757 4 2 139 11 2198 2279 2063 2064
3758 4 2 139 11 2280 2199 2064 2279
3759 4 2 139 11 2279 2199 2064 2198
3760 4 2 139 11 2199 2280 2064 2065
3761 4 2 139 11 2281 2200 2065 2280
3762 4 2 139 11 2280 2200 2065 2199
3763 4 2 139 11 2200 2281 2065 2066
3764 4 2 139 11 2282 2201 2066 2281
3765 4 2 139 11 2281 2201 2066 2200
3766 4 2 139 11 2201 2282 2066 2067
3767 4 2 139 11 2283 2202 2067 2282
3768 4 2 139 11 2282 2202 2067 2201
3769 4 2 139 11 2202 2283 2067 2068
3770 4 2 139 11 2284 2203 2068 2283
3771 4 2 139 11 2283 2203 2068 2202
3772 4 2 139 11 2203 2284 2068 2069
3773 4 2 139 11 2285 2204 2069 2284
3774 4 2 139 11 2284 2204 2069 2203
3775 4 2 139 11 2204 2285 2069 2070
3776 4 2 139 11 2286 2205 2070 2285
3777 4 2 139 11 2285 2205 2070 2204
3778 4 2 139 11 2205 2286 2070 1263
3779 4 2 139 11 1287 1278 1263 2286
3780 4 2 139 11 2286 1278 1263 2205
3781 4 2 139 11 255 1084 254 1123
3782 4 2 139 11 2179 1132 1123 1084
3783 4 2 139 11 1084 1132 1123 255
3784 4 2 139 11 1132 2179 1123 1124
3785 4 2 139 11 2180 1133 1124 2179
3786 4 2 139 11 2179 1133 1124 1132
3787 4 2 139 11 1133 2180 1124 1125
3788 4 2 139 11 2181 1134 1125 2180
3789 4 2 139 11 2180 1134 1125 1133
3790 4 2 139 11 1134 2181 1125 1126
3791 4 2 139 11 2182 1135 1126 2181
3792 4 2 139 11 2181 1135 1126 1134
3793 4 2 139 11 1135 2182 1126 1127
3794 4 2 139 11 2183 1136 1127 2182
3795 4 2 139 11 2182 1136 1127 1135
3796 4 2 139 11 1136 2183 1127 1128
3797 4 2 139 11 2184 1137 1128 2183
3798 4 2 139 11 2183 1137 1128 1136
3799 4 2 139 11 1137 2184 1128 1129
3800 4 2 139 11 2185 1138 1129 2184
3801 4 2 139 11 2184 1138 1129 1137
3802 4 2 139 11 1138 2185 1129 1130
3803 4 2 139 11 2186 1139 1130 2185
3804 4 2 139 11 2185 1139 1130 1138
3805 4 2 139 11 1139 2186 1130 1131
3806 4 2 139 11 2187 1140 1131 2186
3807 4 2 139 11 2186 1140 1131 1139
3808 4 2 139 11 1140 2187 1131 281
3809 4 2 139 11 1276 282 281 2187
3810 4 2 139 11 2187 282 281 1140
3811 4 2 139 11 1083 1090 1080 2143
3812 4 2 139 11 2233 2170 2143 1090
3813 4 2 139 11 1090 2170 2143 1083
3814 4 2 139 11 2170 2233 2143 2144
3815 4 2 139 11 2234 2171 2144 2233
3816 4 2 139 11 2233 2171 2144 2170
3817 4 2 139 11 2171 2234 2144 2145
3818 4 2 139 11 2235 2172 2145 2234
3819 4 2 139 11 2234 2172 2145 2171
3820 4 2 139 11 2172 2235 2145 2146
3821 4 2 139 11 2236 2173 2146 2235
3822 4 2 139 11 2235 2173 2146 2172
3823 4 2 139 11 2173 2236 2146 2147
3824 4 2 139 11 2237 2174 2147 2236
3825 4 2 139 11 2236 2174 2147 2173
3826 4 2 139 11 2174 2237 2147 2148
3827 4 2 139 11 2238 2175 2148 2237
3828 4 2 139 11 2237 2175 2148 2174
3829 4 2 139 11 2175 2238 2148 2149
3830 4 2 139 11 2239 2176 2149 2238
3831 4 2 139 11 2238 2176 2149 2175
3832 4 2 139 11 2176 2239 2149 2150
3833 4 2 139 11 2240 2177 2150 2239
3834 4 2 139 11 2239 2177 2150 2176
3835 4 2 139 11 2177 2240 2150 2151
3836 4 2 139 11 2241 2178 2151 2240
3837 4 2 139 11 2240 2178 2151 2177
3838 4 2 139 11 2178 2241 2151 1272
3839 4 2 139 11 1282 1275 1272 2241
3840 4 2 139 11 2241 1275 1272 2178
3841 4 2 139 11 1076 1084 1072 2107
3842 4 2 139 11 2179 2107 2071 1084
3843 4 2 139 11 1084 2107 2071 1072
3844 4 2 139 11 2107 2179 2071 2108
3845 4 2 139 11 2180 2108 2072 2179
3846 4 2 139 11 2179 2108 2072 2071
3847 4 2 139 11 2108 2180 2072 2109
3848 4 2 139 11 2181 2109 2073 2180
3849 4 2 139 11 2180 2109 2073 2072
3850 4 2 139 11 2109 2181 2073 2110
3851 4 2 139 11 2182 2110 2074 2181
3852 4 2 139 11 2181 2110 2074 2073
3853 4 2 139 11 2110 2182 2074 2111
3854 4 2 139 11 2183 2111 2075 2182
3855 4 2 139 11 2182 2111 2075 2074
3856 4 2 139 11 2111 2183 2075 2112
3857 4 2 139 11 2184 2112 2076 2183
3858 4 2 139 11 2183 2112 2076 2075
3859 4 2 139 11 2112 2184 2076 2113
3860 4 2 139 11 2185 2113 2077 2184
3861 4 2 139 11 2184 2113 2077 2076
3862 4 2 139 11 2113 2185 2077 2114
3863 4 2 139 11 2186 2114 2078 2185
3864 4 2 139 11 2185 2114 2078 2077
3865 4 2 139 11 2114 2186 2078 2115
3866 4 2 139 11 2187 2115 2079 2186
3867 4 2 139 11 2186 2115 2079 2078
3868 4 2 139 11 2115 2187 2079 1268
3869 4 2 139 11 1276 1268 1264 2187
3870 4 2 139 11 2187 1268 1264 2079
3871 4 2 139 11 1085 1095 1082 2161
3872 4 2 139 11 2278 2188 2161 1095
3873 4 2 139 11 1095 2188 2161 1085
3874 4 2 139 11 2188 2278 2161 2162
3875 4 2 139 11 2279 2189 2162 2278
3876 4 2 139 11 2278 2189 2162 2188
3877 4 2 139 11 2189 2279 2162 2163
3878 4 2 139 11 2280 2190 2163 2279
3879 4 2 139 11 2279 2190 2163 2189
3880 4 2 139 11 2190 2280 2163 2164
3881 4 2 139 11 2281 2191 2164 2280
3882 4 2 139 11 2280 2191 2164 2190
3883 4 2 139 11 2191 2281 2164 2165
3884 4 2 139 11 2282 2192 2165 2281
3885 4 2 139 11 2281 2192 2165 2191
3886 4 2 139 11 2192 2282 2165 2166
3887 4 2 139 11 2283 2193 2166 2282
3888 4 2 139 11 2282 2193 2166 2192
3889 4 2 139 11 2193 2283 2166 2167
3890 4 2 139 11 2284 2194 2167 2283
3891 4 2 139 11 2283 2194 2167 2193
3892 4 2 139 11 2194 2284 2167 2168
3893 4 2 139 11 2285 2195 2168 2284
3894 4 2 139 11 2284 2195 2168 2194
3895 4 2 139 11 2195 2285 2168 2169
3896 4 2 139 11 2286 2196 2169 2285
3897 4 2 139 11 2285 2196 2169 2195
3898 4 2 139 11 2196 2286 2169 1274
3899 4 2 139 11 1287 1277 1274 2286
3900 4 2 139 11 2286 1277 1274 2196
3901 4 2 139 11 1066 1093 1081 2152
3902 4 2 139 11 2260 2017 2152 1093
3903 4 2 139 11 1093 2017 2152 1066
3904 4 2 139 11 2017 2260 2152 2153
3905 4 2 139 11 2261 2018 2153 2260
3906 4 2 139 11 2260 2018 2153 2017
3907 4 2 139 11 2018 2261 2153 2154
3908 4 2 139 11 2262 2019 2154 2261
3909 4 2 139 11 2261 2019 2154 2018
3910 4 2 139 11 2019 2262 2154 2155
3911 4 2 139 11 2263 2020 2155 2262
3912 4 2 139 11 2262 2020 2155 2019
3913 4 2 139 11 2020 2263 2155 2156
3914 4 2 139 11 2264 2021 2156 2263
3915 4 2 139 11 2263 2021 2156 2020
3916 4 2 139 11 2021 2264 2156 2157
3917 4 2 139 11 2265 2022 2157 2264
3918 4 2 139 11 2264 2022 2157 2021
3919 4 2 139 11 2022 2265 2157 2158
3920 4 2 139 11 2266 2023 2158 2265
3921 4 2 139 11 2265 2023 2158 2022
3922 4 2 139 11 2023 2266 2158 2159
3923 4 2 139 11 2267 2024 2159 2266
3924 4 2 139 11 2266 2024 2159 2023
3925 4 2 139 11 2024 2267 2159 2160
3926 4 2 139 11 2268 2025 2160 2267
3927 4 2 139 11 2267 2025 2160 2024
3928 4 2 139 11 2025 2268 2160 1273
3929 4 2 139 11 1285 1258 1273 2268
3930 4 2 139 11 2268 1258 1273 2025
3931 4 2 139 11 1081 1090 1066 2152
3932 4 2 139 11 2233 2152 2017 1090
3933 4 2 139 11 1090 2152 2017 1066
3934 4 2 139 11 2152 2233 2017 2153
3935 4 2 139 11 2234 2153 2018 2233
3936 4 2 139 11 2233 2153 2018 2017
3937 4 2 139 11 2153 2234 2018 2154
3938 4 2 139 11 2235 2154 2019 2234
3939 4 2 139 11 2234 2154 2019 2018
3940 4 2 139 11 2154 2235 2019 2155
3941 4 2 139 11 2236 2155 2020 2235
3942 4 2 139 11 2235 2155 2020 2019
3943 4 2 139 11 2155 2236 2020 2156
3944 4 2 139 11 2237 2156 2021 2236
3945 4 2 139 11 2236 2156 2021 2020
3946 4 2 139 11 2156 2237 2021 2157
3947 4 2 139 11 2238 2157 2022 2237
3948 4 2 139 11 2237 2157 2022 2021
3949 4 2 139 11 2157 2238 2022 2158
3950 4 2 139 11 2239 2158 2023 2238
3951 4 2 139 11 2238 2158 2023 2022
3952 4 2 139 11 2158 2239 2023 2159
3953 4 2 139 11 2240 2159 2024 2239
3954 4 2 139 11 2239 2159 2024 2023
3955 4 2 139 11 2159 2240 2024 2160
3956 4 2 139 11 2241 2160 2025 2240
3957 4 2 139 11 2240 2160 2025 2024
3958 4 2 139 11 2160 2241 2025 1273
3959 4 2 139 11 1282 1273 1258 2241
3960 4 2 139 11 2241 1273 1258 2025
3961 4 2 139 11 1075 1081 1070 2053
3962 4 2 139 11 2152 2098 2053 1081
3963 4 2 139 11 1081 2098 2053 1075
3964 4 2 139 11 2098 2152 2053 2054
3965 4 2 139 11 2153 2099 2054 2152
3966 4 2 139 11 2152 2099 2054 2098
3967 4 2 139 11 2099 2153 2054 2055
3968 4 2 139 11 2154 2100 2055 2153
3969 4 2 139 11 2153 2100 2055 2099
3970 4 2 139 11 2100 2154 2055 2056
3971 4 2 139 11 2155 2101 2056 2154
3972 4 2 139 11 2154 2101 2056 2100
3973 4 2 139 11 2101 2155 2056 2057
3974 4 2 139 11 2156 2102 2057 2155
3975 4 2 139 11 2155 2102 2057 2101
3976 4 2 139 11 2102 2156 2057 2058
3977 4 2 139 11 2157 2103 2058 2156
3978 4 2 139 11 2156 2103 2058 2102
3979 4 2 139 11 2103 2157 2058 2059
3980 4 2 139 11 2158 2104 2059 2157
3981 4 2 139 11 2157 2104 2059 2103
3982 4 2 139 11 2104 2158 2059 2060
3983 4 2 139 11 2159 2105 2060 2158
3984 4 2 139 11 2158 2105 2060 2104
3985 4 2 139 11 2105 2159 2060 2061
3986 4 2 139 11 2160 2106 2061 2159
3987 4 2 139 11 2159 2106 2061 2105
3988 4 2 139 11 2106 2160 2061 1262
3989 4 2 139 11 1273 1267 1262 2160
3990 4 2 139 11 2160 1267 1262 2106
3991 4 2 139 11 1069 1091 1083 2170
3992 4 2 139 11 2242 2044 2170 1091
3993 4 2 139 11 1091 2044 2170 1069
3994 4 2 139 11 2044 2242 2170 2171
3995 4 2 139 11 2243 2045 2171 2242
3996 4 2 139 11 2242 2045 2171 2044
3997 4 2 139 11 2045 2243 2171 2172
3998 4 2 139 11 2244 2046 2172 2243
3999 4 2 139 11 2243 2046 2172 2045
4000 4 2 139 11 2046 2244 2172 2173
4001 4 2 139 11 2245 2047 2173 2244
4002 4 2 139 11 2244 2047 2173 2046
4003 4 2 139 11 2047 2245 2173 2174
4004 4 2 139 11 2246 2048 2174 2245
4005 4 2 139 11 2245 2048 2174 2047
4006 4 2 139 11 2048 2246 2174 2175
4007 4 2 139 11 2247 2049 2175 2246
4008 4 2 139 11 2246 2049 2175 2048
4009 4 2 139 11 2049 2247 2175 2176
4010 4 2 139 11 2248 2050 2176 2247
4011 4 2 139 11 2247 2050 2176 2049
4012 4 2 139 11 2050 2248 2176 2177
4013 4 2 139 11 2249 2051 2177 2248
4014 4 2 139 11 2248 2051 2177 2050
4015 4 2 139 11 2051 2249 2177 2178
4016 4 2 139 11 2250 2052 2178 2249
4017 4 2 139 11 2249 2052 2178 2051
4018 4 2 139 11 2052 2250 2178 1275
4019 4 2 139 11 1283 1261 1275 2250
4020 4 2 139 11 2250 1261 1275 2052
4021 4 2 139 11 1070 1087 1075 2053
4022 4 2 139 11 2206 2053 2098 1087
4023 4 2 139 11 1087 2053 2098 1075
4024 4 2 139 11 2053 2206 2098 2054
4025 4 2 139 11 2207 2054 2099 2206
4026 4 2 139 11 2206 2054 2099 2098
4027 4 2 139 11 2054 2207 2099 2055
4028 4 2 139 11 2208 2055 2100 2207
4029 4 2 139 11 2207 2055 2100 2099
4030 4 2 139 11 2055 2208 2100 2056
4031 4 2 139 11 2209 2056 2101 2208
4032 4 2 139 11 2208 2056 2101 2100
4033 4 2 139 11 2056 2209 2101 2057
4034 4 2 139 11 2210 2057 2102 2209
4035 4 2 139 11 2209 2057 2102 2101
4036 4 2 139 11 2057 2210 2102 2058
4037 4 2 139 11 2211 2058 2103 2210
4038 4 2 139 11 2210 2058 2103 2102
4039 4 2 139 11 2058 2211 2103 2059
4040 4 2 139 11 2212 2059 2104 2211
4041 4 2 139 11 2211 2059 2104 2103
4042 4 2 139 11 2059 2212 2104 2060
4043 4 2 139 11 2213 2060 2105 2212
4044 4 2 139 11 2212 2060 2105 2104
4045 4 2 139 11 2060 2213 2105 2061
4046 4 2 139 11 2214 2061 2106 2213
4047 4 2 139 11 2213 2061 2106 2105
4048 4 2 139 11 2061 2214 2106 1262
4049 4 2 139 11 1279 1262 1267 2214
4050 4 2 139 11 2214 1262 1267 2106
4051 4 2 139 11 1086 1088 1069 2044
4052 4 2 139 11 2215 2197 2044 1088
4053 4 2 139 11 1088 2197 2044 1086
4054 4 2 139 11 2197 2215 2044 2045
4055 4 2 139 11 2216 2198 2045 2215
4056 4 2 139 11 2215 2198 2045 2197
4057 4 2 139 11 2198 2216 2045 2046
4058 4 2 139 11 2217 2199 2046 2216
4059 4 2 139 11 2216 2199 2046 2198
4060 4 2 139 11 2199 2217 2046 2047
4061 4 2 139 11 2218 2200 2047 2217
4062 4 2 139 11 2217 2200 2047 2199
4063 4 2 139 11 2200 2218 2047 2048
4064 4 2 139 11 2219 2201 2048 2218
4065 4 2 139 11 2218 2201 2048 2200
4066 4 2 139 11 2201 2219 2048 2049
4067 4 2 139 11 2220 2202 2049 2219
4068 4 2 139 11 2219 2202 2049 2201
4069 4 2 139 11 2202 2220 2049 2050
4070 4 2 139 11 2221 2203 2050 2220
4071 4 2 139 11 2220 2203 2050 2202
4072 4 2 139 11 2203 2221 2050 2051
4073 4 2 139 11 2222 2204 2051 2221
4074 4 2 139 11 2221 2204 2051 2203
4075 4 2 139 11 2204 2222 2051 2052
4076 4 2 139 11 2223 2205 2052 2222
4077 4 2 139 11 2222 2205 2052 2204
4078 4 2 139 11 2205 2223 2052 1261
4079 4 2 139 11 1280 1278 1261 2223
4080 4 2 139 11 2223 1278 1261 2205
4081 4 2 139 11 1072 1094 1078 2071
4082 4 2 139 11 2269 2071 2125 1094
4083 4 2 139 11 1094 2071 2125 1078
4084 4 2 139 11 2071 2269 2125 2072
4085 4 2 139 11 2270 2072 2126 2269
4086 4 2 139 11 2269 2072 2126 2125
4087 4 2 139 11 2072 2270 2126 2073
4088 4 2 139 11 2271 2073 2127 2270
4089 4 2 139 11 2270 2073 2127 2126
4090 4 2 139 11 2073 2271 2127 2074
4091 4 2 139 11 2272 2074 2128 2271
4092 4 2 139 11 2271 2074 2128 2127
4093 4 2 139 11 2074 2272 2128 2075
4094 4 2 139 11 2273 2075 2129 2272
4095 4 2 139 11 2272 2075 2129 2128
4096 4 2 139 11 2075 2273 2129 2076
4097 4 2 139 11 2274 2076 2130 2273
4098 4 2 139 11 2273 2076 2130 2129
4099 4 2 139 11 2076 2274 2130 2077
4100 4 2 139 11 2275 2077 2131 2274
4101 4 2 139 11 2274 2077 2131 2130
4102 4 2 139 11 2077 2275 2131 2078
4103 4 2 139 11 2276 2078 2132 2275
4104 4 2 139 11 2275 2078 2132 2131
4105 4 2 139 11 2078 2276 2132 2079
4106 4 2 139 11 2277 2079 2133 2276
4107 4 2 139 11 2276 2079 2133 2132
4108 4 2 139 11 2079 2277 2133 1264
4109 4 2 139 11 1286 1264 1270 2277
4110 4 2 139 11 2277 1264 1270 2133
4111 4 2 139 11 1083 1086 1069 2170
4112 4 2 139 11 2197 2170 2044 1086
4113 4 2 139 11 1086 2170 2044 1069
4114 4 2 139 11 2170 2197 2044 2171
4115 4 2 139 11 2198 2171 2045 2197
4116 4 2 139 11 2197 2171 2045 2044
4117 4 2 139 11 2171 2198 2045 2172
4118 4 2 139 11 2199 2172 2046 2198
4119 4 2 139 11 2198 2172 2046 2045
4120 4 2 139 11 2172 2199 2046 2173
4121 4 2 139 11 2200 2173 2047 2199
4122 4 2 139 11 2199 2173 2047 2046
4123 4 2 139 11 2173 2200 2047 2174
4124 4 2 139 11 2201 2174 2048 2200
4125 4 2 139 11 2200 2174 2048 2047
4126 4 2 139 11 2174 2201 2048 2175
4127 4 2 139 11 2202 2175 2049 2201
4128 4 2 139 11 2201 2175 2049 2048
4129 4 2 139 11 2175 2202 2049 2176
4130 4 2 139 11 2203 2176 2050 2202
4131 4 2 139 11 2202 2176 2050 2049
4132 4 2 139 11 2176 2203 2050 2177
4133 4 2 139 11 2204 2177 2051 2203
4134 4 2 139 11 2203 2177 2051 2050
4135 4 2 139 11 2177 2204 2051 2178
4136 4 2 139 11 2205 2178 2052 2204
4137 4 2 139 11 2204 2178 2052 2051
4138 4 2 139 11 2178 2205 2052 1275
4139 4 2 139 11 1278 1275 1261 2205
4140 4 2 139 11 2205 1275 1261 2052
4141 4 2 139 11 1081 1093 1070 2053
4142 4 2 139 11 2260 2152 2053 1093
4143 4 2 139 11 1093 2152 2053 1081
4144 4 2 139 11 2152 2260 2053 2054
4145 4 2 139 11 2261 2153 2054 2260
4146 4 2 139 11 2260 2153 2054 2152
4147 4 2 139 11 2153 2261 2054 2055
4148 4 2 139 11 2262 2154 2055 2261
4149 4 2 139 11 2261 2154 2055 2153
4150 4 2 139 11 2154 2262 2055 2056
4151 4 2 139 11 2263 2155 2056 2262
4152 4 2 139 11 2262 2155 2056 2154
4153 4 2 139 11 2155 2263 2056 2057
4154 4 2 139 11 2264 2156 2057 2263
4155 4 2 139 11 2263 2156 2057 2155
4156 4 2 139 11 2156 2264 2057 2058
4157 4 2 139 11 2265 2157 2058 2264
4158 4 2 139 11 2264 2157 2058 2156
4159 4 2 139 11 2157 2265 2058 2059
4160 4 2 139 11 2266 2158 2059 2265
4161 4 2 139 11 2265 2158 2059 2157
4162 4 2 139 11 2158 2266 2059 2060
4163 4 2 139 11 2267 2159 2060 2266
4164 4 2 139 11 2266 2159 2060 2158
4165 4 2 139 11 2159 2267 2060 2061
4166 4 2 139 11 2268 2160 2061 2267
4167 4 2 139 11 2267 2160 2061 2159
4168 4 2 139 11 2160 2268 2061 1262
4169 4 2 139 11 1285 1273 1262 2268
4170 4 2 139 11 2268 1273 1262 2160
4171 4 2 139 11 1068 1084 1076 2107
4172 4 2 139 11 2179 2035 2107 1084
4173 4 2 139 11 1084 2035 2107 1068
4174 4 2 139 11 2035 2179 2107 2108
4175 4 2 139 11 2180 2036 2108 2179
4176 4 2 139 11 2179 2036 2108 2035
4177 4 2 139 11 2036 2180 2108 2109
4178 4 2 139 11 2181 2037 2109 2180
4179 4 2 139 11 2180 2037 2109 2036
4180 4 2 139 11 2037 2181 2109 2110
4181 4 2 139 11 2182 2038 2110 2181
4182 4 2 139 11 2181 2038 2110 2037
4183 4 2 139 11 2038 2182 2110 2111
4184 4 2 139 11 2183 2039 2111 2182
4185 4 2 139 11 2182 2039 2111 2038
4186 4 2 139 11 2039 2183 2111 2112
4187 4 2 139 11 2184 2040 2112 2183
4188 4 2 139 11 2183 2040 2112 2039
4189 4 2 139 11 2040 2184 2112 2113
4190 4 2 139 11 2185 2041 2113 2184
4191 4 2 139 11 2184 2041 2113 2040
4192 4 2 139 11 2041 2185 2113 2114
4193 4 2 139 11 2186 2042 2114 2185
4194 4 2 139 11 2185 2042 2114 2041
4195 4 2 139 11 2042 2186 2114 2115
4196 4 2 139 11 2187 2043 2115 2186
4197 4 2 139 11 2186 2043 2115 2042
4198 4 2 139 11 2043 2187 2115 1268
4199 4 2 139 11 1276 1260 1268 2187
4200 4 2 139 11 2187 1260 1268 2043
4201 4 2 139 11 1080 1090 1081 2152
4202 4 2 139 11 2233 2143 2152 1090
4203 4 2 139 11 1090 2143 2152 1080
4204 4 2 139 11 2143 2233 2152 2153
4205 4 2 139 11 2234 2144 2153 2233
4206 4 2 139 11 2233 2144 2153 2143
4207 4 2 139 11 2144 2234 2153 2154
4208 4 2 139 11 2235 2145 2154 2234
4209 4 2 139 11 2234 2145 2154 2144
4210 4 2 139 11 2145 2235 2154 2155
4211 4 2 139 11 2236 2146 2155 2235
4212 4 2 139 11 2235 2146 2155 2145
4213 4 2 139 11 2146 2236 2155 2156
4214 4 2 139 11 2237 2147 2156 2236
4215 4 2 139 11 2236 2147 2156 2146
4216 4 2 139 11 2147 2237 2156 2157
4217 4 2 139 11 2238 2148 2157 2237
4218 4 2 139 11 2237 2148 2157 2147
4219 4 2 139 11 2148 2238 2157 2158
4220 4 2 139 11 2239 2149 2158 2238
4221 4 2 139 11 2238 2149 2158 2148
4222 4 2 139 11 2149 2239 2158 2159
4223 4 2 139 11 2240 2150 2159 2239
4224 4 2 139 11 2239 2150 2159 2149
4225 4 2 139 11 2150 2240 2159 2160
4226 4 2 139 11 2241 2151 2160 2240
4227 4 2 139 11 2240 2151 2160 2150
4228 4 2 139 11 2151 2241 2160 1273
4229 4 2 139 11 1282 1272 1273 2241
4230 4 2 139 11 2241 1272 1273 2151
4231 4 2 139 11 1072 1084 256 1141
4232 4 2 139 11 2179 2071 1141 1084
4233 4 2 139 11 1084 2071 1141 1072
4234 4 2 139 11 2071 2179 1141 1142
4235 4 2 139 11 2180 2072 1142 2179
4236 4 2 139 11 2179 2072 1142 2071
4237 4 2 139 11 2072 2180 1142 1143
4238 4 2 139 11 2181 2073 1143 2180
4239 4 2 139 11 2180 2073 1143 2072
4240 4 2 139 11 2073 2181 1143 1144
4241 4 2 139 11 2182 2074 1144 2181
4242 4 2 139 11 2181 2074 1144 2073
4243 4 2 139 11 2074 2182 1144 1145
4244 4 2 139 11 2183 2075 1145 2182
4245 4 2 139 11 2182 2075 1145 2074
4246 4 2 139 11 2075 2183 1145 1146
4247 4 2 139 11 2184 2076 1146 2183
4248 4 2 139 11 2183 2076 1146 2075
4249 4 2 139 11 2076 2184 1146 1147
4250 4 2 139 11 2185 2077 1147 2184
4251 4 2 139 11 2184 2077 1147 2076
4252 4 2 139 11 2077 2185 1147 1148
4253 4 2 139 11 2186 2078 1148 2185
4254 4 2 139 11 2185 2078 1148 2077
4255 4 2 139 11 2078 2186 1148 1149
4256 4 2 139 11 2187 2079 1149 2186
4257 4 2 139 11 2186 2079 1149 2078
4258 4 2 139 11 2079 2187 1149 283
4259 4 2 139 11 1276 1264 283 2187
4260 4 2 139 11 2187 1264 283 2079
4261 4 2 139 11 256 1084 255 1132
4262 4 2 139 11 2179 1141 1132 1084
4263 4 2 139 11 1084 1141 1132 256
4264 4 2 139 11 1141 2179 1132 1133
4265 4 2 139 11 2180 1142 1133 2179
4266 4 2 139 11 2179 1142 1133 1141
4267 4 2 139 11 1142 2180 1133 1134
4268 4 2 139 11 2181 1143 1134 2180
4269 4 2 139 11 2180 1143 1134 1142
4270 4 2 139 11 1143 2181 1134 1135
4271 4 2 139 11 2182 1144 1135 2181
4272 4 2 139 11 2181 1144 1135 1143
4273 4 2 139 11 1144 2182 1135 1136
4274 4 2 139 11 2183 1145 1136 2182
4275 4 2 139 11 2182 1145 1136 1144
4276 4 2 139 11 1145 2183 1136 1137
4277 4 2 139 11 2184 1146 1137 2183
4278 4 2 139 11 2183 1146 1137 1145
4279 4 2 139 11 1146 2184 1137 1138
4280 4 2 139 11 2185 1147 1138 2184
4281 4 2 139 11 2184 1147 1138 1146
4282 4 2 139 11 1147 2185 1138 1139
4283 4 2 139 11 2186 1148 1139 2185
4284 4 2 139 11 2185 1148 1139 1147
4285 4 2 139 11 1148 2186 1139 1140
4286 4 2 139 11 2187 1149 1140 2186
4287 4 2 139 11 2186 1149 1140 1148
4288 4 2 139 11 1149 2187 1140 282
4289 4 2 139 11 1276 283 282 2187
4290 4 2 139 11 2187 283 282 1149
4291 4 2 139 11 251 1070 17 269
4292 4 2 139 11 2053 1096 269 1070
4293 4 2 139 11 1070 1096 269 251
4294 4 2 139 11 1096 2053 269 270
4295 4 2 139 11 2054 1097 270 2053
4296 4 2 139 11 2053 1097 270 1096
4297 4 2 139 11 1097 2054 270 271
4298 4 2 139 11 2055 1098 271 2054
4299 4 2 139 11 2054 1098 271 1097
4300 4 2 139 11 1098 2055 271 272
4301 4 2 139 11 2056 1099 272 2055
4302 4 2 139 11 2055 1099 272 1098
4303 4 2 139 11 1099 2056 272 273
4304 4 2 139 11 2057 1100 273 2056
4305 4 2 139 11 2056 1100 273 1099
4306 4 2 139 11 1100 2057 273 274
4307 4 2 139 11 2058 1101 274 2057
4308 4 2 139 11 2057 1101 274 1100
4309 4 2 139 11 1101 2058 274 275
4310 4 2 139 11 2059 1102 275 2058
4311 4 2 139 11 2058 1102 275 1101
4312 4 2 139 11 1102 2059 275 276
4313 4 2 139 11 2060 1103 276 2059
4314 4 2 139 11 2059 1103 276 1102
4315 4 2 139 11 1103 2060 276 277
4316 4 2 139 11 2061 1104 277 2060
4317 4 2 139 11 2060 1104 277 1103
4318 4 2 139 11 1104 2061 277 18
4319 4 2 139 11 1262 278 18 2061
4320 4 2 139 11 2061 278 18 1104
4321 4 2 139 11 264 1069 263 1204
4322 4 2 139 11 2044 1213 1204 1069
4323 4 2 139 11 1069 1213 1204 264
4324 4 2 139 11 1213 2044 1204 1205
4325 4 2 139 11 2045 1214 1205 2044
4326 4 2 139 11 2044 1214 1205 1213
4327 4 2 139 11 1214 2045 1205 1206
4328 4 2 139 11 2046 1215 1206 2045
4329 4 2 139 11 2045 1215 1206 1214
4330 4 2 139 11 1215 2046 1206 1207
4331 4 2 139 11 2047 1216 1207 2046
4332 4 2 139 11 2046 1216 1207 1215
4333 4 2 139 11 1216 2047 1207 1208
4334 4 2 139 11 2048 1217 1208 2047
4335 4 2 139 11 2047 1217 1208 1216
4336 4 2 139 11 1217 2048 1208 1209
4337 4 2 139 11 2049 1218 1209 2048
4338 4 2 139 11 2048 1218 1209 1217
4339 4 2 139 11 1218 2049 1209 1210
4340 4 2 139 11 2050 1219 1210 2049
4341 4 2 139 11 2049 1219 1210 1218
4342 4 2 139 11 1219 2050 1210 1211
4343 4 2 139 11 2051 1220 1211 2050
4344 4 2 139 11 2050 1220 1211 1219
4345 4 2 139 11 1220 2051 1211 1212
4346 4 2 139 11 2052 1221 1212 2051
4347 4 2 139 11 2051 1221 1212 1220
4348 4 2 139 11 1221 2052 1212 290
4349 4 2 139 11 1261 291 290 2052
4350 4 2 139 11 2052 291 290 1221
4351 4 2 139 11 254 1068 253 1114
4352 4 2 139 11 2035 1123 1114 254
4353 4 2 139 11 1068 254 2035 1114
4354 4 2 139 11 1123 2035 1114 1115
4355 4 2 139 11 2036 1124 1115 1123
4356 4 2 139 11 2035 1123 2036 1115
4357 4 2 139 11 1124 2036 1115 1116
4358 4 2 139 11 2037 1125 1116 1124
4359 4 2 139 11 2036 1124 2037 1116
4360 4 2 139 11 1125 2037 1116 1117
4361 4 2 139 11 2038 1126 1117 1125
4362 4 2 139 11 2037 1125 2038 1117
4363 4 2 139 11 1126 2038 1117 1118
4364 4 2 139 11 2039 1127 1118 1126
4365 4 2 139 11 2038 1126 2039 1118
4366 4 2 139 11 1127 2039 1118 1119
4367 4 2 139 11 2040 1128 1119 1127
4368 4 2 139 11 2039 1127 2040 1119
4369 4 2 139 11 1128 2040 1119 1120
4370 4 2 139 11 2041 1129 1120 1128
4371 4 2 139 11 2040 1128 2041 1120
4372 4 2 139 11 1129 2041 1120 1121
4373 4 2 139 11 2042 1130 1121 1129
4374 4 2 139 11 2041 1129 2042 1121
4375 4 2 139 11 1130 2042 1121 1122
4376 4 2 139 11 2043 1131 1122 1130
4377 4 2 139 11 2042 1130 2043 1122
4378 4 2 139 11 1131 2043 1122 280
4379 4 2 139 11 1260 281 280 1131
4380 4 2 139 11 2043 1131 1260 280
4381 4 2 139 11 268 1066 267 1240
4382 4 2 139 11 2017 1249 1240 1066
4383 4 2 139 11 1066 1249 1240 268
4384 4 2 139 11 1249 2017 1240 1241
4385 4 2 139 11 2018 1250 1241 2017
4386 4 2 139 11 2017 1250 1241 1249
4387 4 2 139 11 1250 2018 1241 1242
4388 4 2 139 11 2019 1251 1242 2018
4389 4 2 139 11 2018 1251 1242 1250
4390 4 2 139 11 1251 2019 1242 1243
4391 4 2 139 11 2020 1252 1243 2019
4392 4 2 139 11 2019 1252 1243 1251
4393 4 2 139 11 1252 2020 1243 1244
4394 4 2 139 11 2021 1253 1244 2020
4395 4 2 139 11 2020 1253 1244 1252
4396 4 2 139 11 1253 2021 1244 1245
4397 4 2 139 11 2022 1254 1245 2021
4398 4 2 139 11 2021 1254 1245 1253
4399 4 2 139 11 1254 2022 1245 1246
4400 4 2 139 11 2023 1255 1246 2022
4401 4 2 139 11 2022 1255 1246 1254
4402 4 2 139 11 1255 2023 1246 1247
4403 4 2 139 11 2024 1256 1247 2023
4404 4 2 139 11 2023 1256 1247 1255
4405 4 2 139 11 1256 2024 1247 1248
4406 4 2 139 11 2025 1257 1248 2024
4407 4 2 139 11 2024 1257 1248 1256
4408 4 2 139 11 1257 2025 1248 294
4409 4 2 139 11 1258 295 294 2025
4410 4 2 139 11 2025 295 294 1257
4411 4 2 139 11 266 1073 265 1222
4412 4 2 139 11 2080 1231 1222 1073
4413 4 2 139 11 1073 1231 1222 266
4414 4 2 139 11 1231 2080 1222 1223
4415 4 2 139 11 2081 1232 1223 2080
4416 4 2 139 11 2080 1232 1223 1231
4417 4 2 139 11 1232 2081 1223 1224
4418 4 2 139 11 2082 1233 1224 2081
4419 4 2 139 11 2081 1233 1224 1232
4420 4 2 139 11 1233 2082 1224 1225
4421 4 2 139 11 2083 1234 1225 2082
4422 4 2 139 11 2082 1234 1225 1233
4423 4 2 139 11 1234 2083 1225 1226
4424 4 2 139 11 2084 1235 1226 2083
4425 4 2 139 11 2083 1235 1226 1234
4426 4 2 139 11 1235 2084 1226 1227
4427 4 2 139 11 2085 1236 1227 2084
4428 4 2 139 11 2084 1236 1227 1235
4429 4 2 139 11 1236 2085 1227 1228
4430 4 2 139 11 2086 1237 1228 2085
4431 4 2 139 11 2085 1237 1228 1236
4432 4 2 139 11 1237 2086 1228 1229
4433 4 2 139 11 2087 1238 1229 2086
4434 4 2 139 11 2086 1238 1229 1237
4435 4 2 139 11 1238 2087 1229 1230
4436 4 2 139 11 2088 1239 1230 2087
4437 4 2 139 11 2087 1239 1230 1238
4438 4 2 139 11 1239 2088 1230 292
4439 4 2 139 11 1265 293 292 2088
4440 4 2 139 11 2088 293 292 1239
4441 4 2 139 11 259 1067 258 1159
4442 4 2 139 11 2026 1168 1159 1067
4443 4 2 139 11 1067 1168 1159 259
4444 4 2 139 11 1168 2026 1159 1160
4445 4 2 139 11 2027 1169 1160 2026
4446 4 2 139 11 2026 1169 1160 1168
4447 4 2 139 11 1169 2027 1160 1161
4448 4 2 139 11 2028 1170 1161 2027
4449 4 2 139 11 2027 1170 1161 1169
4450 4 2 139 11 1170 2028 1161 1162
4451 4 2 139 11 2029 1171 1162 2028
4452 4 2 139 11 2028 1171 1162 1170
4453 4 2 139 11 1171 2029 1162 1163
4454 4 2 139 11 2030 1172 1163 2029
4455 4 2 139 11 2029 1172 1163 1171
4456 4 2 139 11 1172 2030 1163 1164
4457 4 2 139 11 2031 1173 1164 2030
4458 4 2 139 11 2030 1173 1164 1172
4459 4 2 139 11 1173 2031 1164 1165
4460 4 2 139 11 2032 1174 1165 2031
4461 4 2 139 11 2031 1174 1165 1173
4462 4 2 139 11 1174 2032 1165 1166
4463 4 2 139 11 2033 1175 1166 2032
4464 4 2 139 11 2032 1175 1166 1174
4465 4 2 139 11 1175 2033 1166 1167
4466 4 2 139 11 2034 1176 1167 2033
4467 4 2 139 11 2033 1176 1167 1175
4468 4 2 139 11 1176 2034 1167 285
4469 4 2 139 11 1259 286 285 2034
4470 4 2 139 11 2034 286 285 1176
4471 4 2 139 11 257 1072 256 1141
4472 4 2 139 11 2071 1150 1141 1072
4473 4 2 139 11 1072 1150 1141 257
4474 4 2 139 11 1150 2071 1141 1142
4475 4 2 139 11 2072 1151 1142 2071
4476 4 2 139 11 2071 1151 1142 1150
4477 4 2 139 11 1151 2072 1142 1143
4478 4 2 139 11 2073 1152 1143 2072
4479 4 2 139 11 2072 1152 1143 1151
4480 4 2 139 11 1152 2073 1143 1144
4481 4 2 139 11 2074 1153 1144 2073
4482 4 2 139 11 2073 1153 1144 1152
4483 4 2 139 11 1153 2074 1144 1145
4484 4 2 139 11 2075 1154 1145 2074
4485 4 2 139 11 2074 1154 1145 1153
4486 4 2 139 11 1154 2075 1145 1146
4487 4 2 139 11 2076 1155 1146 2075
4488 4 2 139 11 2075 1155 1146 1154
4489 4 2 139 11 1155 2076 1146 1147
4490 4 2 139 11 2077 1156 1147 2076
4491 4 2 139 11 2076 1156 1147 1155
4492 4 2 139 11 1156 2077 1147 1148
4493 4 2 139 11 2078 1157 1148 2077
4494 4 2 139 11 2077 1157 1148 1156
4495 4 2 139 11 1157 2078 1148 1149
4496 4 2 139 11 2079 1158 1149 2078
4497 4 2 139 11 2078 1158 1149 1157
4498 4 2 139 11 1158 2079 1149 283
4499 4 2 139 11 1264 284 283 2079
4500 4 2 139 11 2079 284 283 1158
4501 4 2 139 11 262 1071 261 1186
4502 4 2 139 11 2062 1195 1186 1071
4503 4 2 139 11 1071 1195 1186 262
4504 4 2 139 11 1195 2062 1186 1187
4505 4 2 139 11 2063 1196 1187 2062
4506 4 2 139 11 2062 1196 1187 1195
4507 4 2 139 11 1196 2063 1187 1188
4508 4 2 139 11 2064 1197 1188 2063
4509 4 2 139 11 2063 1197 1188 1196
4510 4 2 139 11 1197 2064 1188 1189
4511 4 2 139 11 2065 1198 1189 2064
4512 4 2 139 11 2064 1198 1189 1197
4513 4 2 139 11 1198 2065 1189 1190
4514 4 2 139 11 2066 1199 1190 2065
4515 4 2 139 11 2065 1199 1190 1198
4516 4 2 139 11 1199 2066 1190 1191
4517 4 2 139 11 2067 1200 1191 2066
4518 4 2 139 11 2066 1200 1191 1199
4519 4 2 139 11 1200 2067 1191 1192
4520 4 2 139 11 2068 1201 1192 2067
4521 4 2 139 11 2067 1201 1192 1200
4522 4 2 139 11 1201 2068 1192 1193
4523 4 2 139 11 2069 1202 1193 2068
4524 4 2 139 11 2068 1202 1193 1201
4525 4 2 139 11 1202 2069 1193 1194
4526 4 2 139 11 2070 1203 1194 2069
4527 4 2 139 11 2069 1203 1194 1202
4528 4 2 139 11 1203 2070 1194 288
4529 4 2 139 11 1263 289 288 2070
4530 4 2 139 11 2070 289 288 1203
4531 4 2 139 11 1079 1080 1077 2116
4532 4 2 139 11 2143 2134 2116 1080
4533 4 2 139 11 1080 2134 2116 1079
4534 4 2 139 11 2134 2143 2116 2117
4535 4 2 139 11 2144 2135 2117 2143
4536 4 2 139 11 2143 2135 2117 2134
4537 4 2 139 11 2135 2144 2117 2118
4538 4 2 139 11 2145 2136 2118 2144
4539 4 2 139 11 2144 2136 2118 2135
4540 4 2 139 11 2136 2145 2118 2119
4541 4 2 139 11 2146 2137 2119 2145
4542 4 2 139 11 2145 2137 2119 2136
4543 4 2 139 11 2137 2146 2119 2120
4544 4 2 139 11 2147 2138 2120 2146
4545 4 2 139 11 2146 2138 2120 2137
4546 4 2 139 11 2138 2147 2120 2121
4547 4 2 139 11 2148 2139 2121 2147
4548 4 2 139 11 2147 2139 2121 2138
4549 4 2 139 11 2139 2148 2121 2122
4550 4 2 139 11 2149 2140 2122 2148
4551 4 2 139 11 2148 2140 2122 2139
4552 4 2 139 11 2140 2149 2122 2123
4553 4 2 139 11 2150 2141 2123 2149
4554 4 2 139 11 2149 2141 2123 2140
4555 4 2 139 11 2141 2150 2123 2124
4556 4 2 139 11 2151 2142 2124 2150
4557 4 2 139 11 2150 2142 2124 2141
4558 4 2 139 11 2142 2151 2124 1269
4559 4 2 139 11 1272 1271 1269 2151
4560 4 2 139 11 2151 1271 1269 2142
4561 4 2 139 11 1078 1079 1077 2116
4562 4 2 139 11 2134 2125 2116 1079
4563 4 2 139 11 1079 2125 2116 1078
4564 4 2 139 11 2125 2134 2116 2117
4565 4 2 139 11 2135 2126 2117 2134
4566 4 2 139 11 2134 2126 2117 2125
4567 4 2 139 11 2126 2135 2117 2118
4568 4 2 139 11 2136 2127 2118 2135
4569 4 2 139 11 2135 2127 2118 2126
4570 4 2 139 11 2127 2136 2118 2119
4571 4 2 139 11 2137 2128 2119 2136
4572 4 2 139 11 2136 2128 2119 2127
4573 4 2 139 11 2128 2137 2119 2120
4574 4 2 139 11 2138 2129 2120 2137
4575 4 2 139 11 2137 2129 2120 2128
4576 4 2 139 11 2129 2138 2120 2121
4577 4 2 139 11 2139 2130 2121 2138
4578 4 2 139 11 2138 2130 2121 2129
4579 4 2 139 11 2130 2139 2121 2122
4580 4 2 139 11 2140 2131 2122 2139
4581 4 2 139 11 2139 2131 2122 2130
4582 4 2 139 11 2131 2140 2122 2123
4583 4 2 139 11 2141 2132 2123 2140
4584 4 2 139 11 2140 2132 2123 2131
4585 4 2 139 11 2132 2141 2123 2124
4586 4 2 139 11 2142 2133 2124 2141
4587 4 2 139 11 2141 2133 2124 2132
4588 4 2 139 11 2133 2142 2124 1269
4589 4 2 139 11 1271 1270 1269 2142
4590 4 2 139 11 2142 1270 1269 2133
4591 4 2 139 11 1076 1078 1077 2116
4592 4 2 139 11 2125 2107 2116 1078
4593 4 2 139 11 1078 2107 2116 1076
4594 4 2 139 11 2107 2125 2116 2117
4595 4 2 139 11 2126 2108 2117 2125
4596 4 2 139 11 2125 2108 2117 2107
4597 4 2 139 11 2108 2126 2117 2118
4598 4 2 139 11 2127 2109 2118 2126
4599 4 2 139 11 2126 2109 2118 2108
4600 4 2 139 11 2109 2127 2118 2119
4601 4 2 139 11 2128 2110 2119 2127
4602 4 2 139 11 2127 2110 2119 2109
4603 4 2 139 11 2110 2128 2119 2120
4604 4 2 139 11 2129 2111 2120 2128
4605 4 2 139 11 2128 2111 2120 2110
4606 4 2 139 11 2111 2129 2120 2121
4607 4 2 139 11 2130 2112 2121 2129
4608 4 2 139 11 2129 2112 2121 2111
4609 4 2 139 11 2112 2130 2121 2122
4610 4 2 139 11 2131 2113 2122 2130
4611 4 2 139 11 2130 2113 2122 2112
4612 4 2 139 11 2113 2131 2122 2123
4613 4 2 139 11 2132 2114 2123 2131
4614 4 2 139 11 2131 2114 2123 2113
4615 4 2 139 11 2114 2132 2123 2124
4616 4 2 139 11 2133 2115 2124 2132
4617 4 2 139 11 2132 2115 2124 2114
4618 4 2 139 11 2115 2133 2124 1269
4619 4 2 139 11 1270 1268 1269 2133
4620 4 2 139 11 2133 1268 1269 2115
4621 4 2 139 11 1076 1077 1075 2098
4622 4 2 139 11 2116 2107 2098 1076
4623 4 2 139 11 1077 1076 2116 2098
4624 4 2 139 11 2107 2116 2098 2099
4625 4 2 139 11 2117 2108 2099 2107
4626 4 2 139 11 2116 2107 2117 2099
4627 4 2 139 11 2108 2117 2099 2100
4628 4 2 139 11 2118 2109 2100 2108
4629 4 2 139 11 2117 2108 2118 2100
4630 4 2 139 11 2109 2118 2100 2101
4631 4 2 139 11 2119 2110 2101 2109
4632 4 2 139 11 2118 2109 2119 2101
4633 4 2 139 11 2110 2119 2101 2102
4634 4 2 139 11 2120 2111 2102 2110
4635 4 2 139 11 2119 2110 2120 2102
4636 4 2 139 11 2111 2120 2102 2103
4637 4 2 139 11 2121 2112 2103 2111
4638 4 2 139 11 2120 2111 2121 2103
4639 4 2 139 11 2112 2121 2103 2104
4640 4 2 139 11 2122 2113 2104 2112
4641 4 2 139 11 2121 2112 2122 2104
4642 4 2 139 11 2113 2122 2104 2105
4643 4 2 139 11 2123 2114 2105 2113
4644 4 2 139 11 2122 2113 2123 2105
4645 4 2 139 11 2114 2123 2105 2106
4646 4 2 139 11 2124 2115 2106 2114
4647 4 2 139 11 2123 2114 2124 2106
4648 4 2 139 11 2115 2124 2106 1267
4649 4 2 139 11 1269 1268 1267 2115
4650 4 2 139 11 2124 2115 1269 1267
4651 4 2 139 11 1077 1081 1075 2098
4652 4 2 139 11 2152 2116 2098 1081
4653 4 2 139 11 1081 2116 2098 1077
4654 4 2 139 11 2116 2152 2098 2099
4655 4 2 139 11 2153 2117 2099 2152
4656 4 2 139 11 2152 2117 2099 2116
4657 4 2 139 11 2117 2153 2099 2100
4658 4 2 139 11 2154 2118 2100 2153
4659 4 2 139 11 2153 2118 2100 2117
4660 4 2 139 11 2118 2154 2100 2101
4661 4 2 139 11 2155 2119 2101 2154
4662 4 2 139 11 2154 2119 2101 2118
4663 4 2 139 11 2119 2155 2101 2102
4664 4 2 139 11 2156 2120 2102 2155
4665 4 2 139 11 2155 2120 2102 2119
4666 4 2 139 11 2120 2156 2102 2103
4667 4 2 139 11 2157 2121 2103 2156
4668 4 2 139 11 2156 2121 2103 2120
4669 4 2 139 11 2121 2157 2103 2104
4670 4 2 139 11 2158 2122 2104 2157
4671 4 2 139 11 2157 2122 2104 2121
4672 4 2 139 11 2122 2158 2104 2105
4673 4 2 139 11 2159 2123 2105 2158
4674 4 2 139 11 2158 2123 2105 2122
4675 4 2 139 11 2123 2159 2105 2106
4676 4 2 139 11 2160 2124 2106 2159
4677 4 2 139 11 2159 2124 2106 2123
4678 4 2 139 11 2124 2160 2106 1267
4679 4 2 139 11 1273 1269 1267 2160
4680 4 2 139 11 2160 1269 1267 2124
4681 4 2 139 11 1071 1088 1086 2062
4682 4 2 139 11 2215 2062 2197 1088
4683 4 2 139 11 1088 2062 2197 1086
4684 4 2 139 11 2062 2215 2197 2063
4685 4 2 139 11 2216 2063 2198 2215
4686 4 2 139 11 2215 2063 2198 2197
4687 4 2 139 11 2063 2216 2198 2064
4688 4 2 139 11 2217 2064 2199 2216
4689 4 2 139 11 2216 2064 2199 2198
4690 4 2 139 11 2064 2217 2199 2065
4691 4 2 139 11 2218 2065 2200 2217
4692 4 2 139 11 2217 2065 2200 2199
4693 4 2 139 11 2065 2218 2200 2066
4694 4 2 139 11 2219 2066 2201 2218
4695 4 2 139 11 2218 2066 2201 2200
4696 4 2 139 11 2066 2219 2201 2067
4697 4 2 139 11 2220 2067 2202 2219
4698 4 2 139 11 2219 2067 2202 2201
4699 4 2 139 11 2067 2220 2202 2068
4700 4 2 139 11 2221 2068 2203 2220
4701 4 2 139 11 2220 2068 2203 2202
4702 4 2 139 11 2068 2221 2203 2069
4703 4 2 139 11 2222 2069 2204 2221
4704 4 2 139 11 2221 2069 2204 2203
4705 4 2 139 11 2069 2222 2204 2070
4706 4 2 139 11 2223 2070 2205 2222
4707 4 2 139 11 2222 2070 2205 2204
4708 4 2 139 11 2070 2223 2205 1263
4709 4 2 139 11 1280 1263 1278 2223
4710 4 2 139 11 2223 1263 1278 2205
4711 4 2 139 11 1080 1081 1077 2116
4712 4 2 139 11 2152 2143 2116 1080
4713 4 2 139 11 1081 1080 2152 2116
4714 4 2 139 11 2143 2152 2116 2117
4715 4 2 139 11 2153 2144 2117 2143
4716 4 2 139 11 2152 2143 2153 2117
4717 4 2 139 11 2144 2153 2117 2118
4718 4 2 139 11 2154 2145 2118 2144
4719 4 2 139 11 2153 2144 2154 2118
4720 4 2 139 11 2145 2154 2118 2119
4721 4 2 139 11 2155 2146 2119 2145
4722 4 2 139 11 2154 2145 2155 2119
4723 4 2 139 11 2146 2155 2119 2120
4724 4 2 139 11 2156 2147 2120 2146
4725 4 2 139 11 2155 2146 2156 2120
4726 4 2 139 11 2147 2156 2120 2121
4727 4 2 139 11 2157 2148 2121 2147
4728 4 2 139 11 2156 2147 2157 2121
4729 4 2 139 11 2148 2157 2121 2122
4730 4 2 139 11 2158 2149 2122 2148
4731 4 2 139 11 2157 2148 2158 2122
4732 4 2 139 11 2149 2158 2122 2123
4733 4 2 139 11 2159 2150 2123 2149
4734 4 2 139 11 2158 2149 2159 2123
4735 4 2 139 11 2150 2159 2123 2124
4736 4 2 139 11 2160 2151 2124 2150
4737 4 2 139 11 2159 2150 2160 2124
4738 4 2 139 11 2151 2160 2124 1269
4739 4 2 139 11 1273 1272 1269 2151
4740 4 2 139 11 2160 2151 1273 1269
4741 4 2 139 11 1068 1076 1075 2098
4742 4 2 139 11 2107 2035 2098 1068
4743 4 2 139 11 1076 1068 2107 2098
4744 4 2 139 11 2035 2107 2098 2099
4745 4 2 139 11 2108 2036 2099 2035
4746 4 2 139 11 2107 2035 2108 2099
4747 4 2 139 11 2036 2108 2099 2100
4748 4 2 139 11 2109 2037 2100 2036
4749 4 2 139 11 2108 2036 2109 2100
4750 4 2 139 11 2037 2109 2100 2101
4751 4 2 139 11 2110 2038 2101 2037
4752 4 2 139 11 2109 2037 2110 2101
4753 4 2 139 11 2038 2110 2101 2102
4754 4 2 139 11 2111 2039 2102 2038
4755 4 2 139 11 2110 2038 2111 2102
4756 4 2 139 11 2039 2111 2102 2103
4757 4 2 139 11 2112 2040 2103 2039
4758 4 2 139 11 2111 2039 2112 2103
4759 4 2 139 11 2040 2112 2103 2104
4760 4 2 139 11 2113 2041 2104 2040
4761 4 2 139 11 2112 2040 2113 2104
4762 4 2 139 11 2041 2113 2104 2105
4763 4 2 139 11 2114 2042 2105 2041
4764 4 2 139 11 2113 2041 2114 2105
4765 4 2 139 11 2042 2114 2105 2106
4766 4 2 139 11 2115 2043 2106 2042
4767 4 2 139 11 2114 2042 2115 2106
4768 4 2 139 11 2043 2115 2106 1267
4769 4 2 139 11 1268 1260 1267 2043
4770 4 2 139 11 2115 2043 1268 1267
4771 4 2 139 11 260 1085 259 1168
4772 4 2 139 11 2188 1177 1168 1085
4773 4 2 139 11 1085 1177 1168 260
4774 4 2 139 11 1177 2188 1168 1169
4775 4 2 139 11 2189 1178 1169 2188
4776 4 2 139 11 2188 1178 1169 1177
4777 4 2 139 11 1178 2189 1169 1170
4778 4 2 139 11 2190 1179 1170 2189
4779 4 2 139 11 2189 1179 1170 1178
4780 4 2 139 11 1179 2190 1170 1171
4781 4 2 139 11 2191 1180 1171 2190
4782 4 2 139 11 2190 1180 1171 1179
4783 4 2 139 11 1180 2191 1171 1172
4784 4 2 139 11 2192 1181 1172 2191
4785 4 2 139 11 2191 1181 1172 1180
4786 4 2 139 11 1181 2192 1172 1173
4787 4 2 139 11 2193 1182 1173 2192
4788 4 2 139 11 2192 1182 1173 1181
4789 4 2 139 11 1182 2193 1173 1174
4790 4 2 139 11 2194 1183 1174 2193
4791 4 2 139 11 2193 1183 1174 1182
4792 4 2 139 11 1183 2194 1174 1175
4793 4 2 139 11 2195 1184 1175 2194
4794 4 2 139 11 2194 1184 1175 1183
4795 4 2 139 11 1184 2195 1175 1176
4796 4 2 139 11 2196 1185 1176 2195
4797 4 2 139 11 2195 1185 1176 1184
4798 4 2 139 11 1185 2196 1176 286
4799 4 2 139 11 1277 287 286 2196
4800 4 2 139 11 2196 287 286 1185
4801 4 2 139 11 259 1085 1067 1168
4802 4 2 139 11 2188 1168 2026 1085
4803 4 2 139 11 1085 1168 2026 1067
4804 4 2 139 11 1168 2188 2026 1169
4805 4 2 139 11 2189 1169 2027 2188
4806 4 2 139 11 2188 1169 2027 2026
4807 4 2 139 11 1169 2189 2027 1170
4808 4 2 139 11 2190 1170 2028 2189
4809 4 2 139 11 2189 1170 2028 2027
4810 4 2 139 11 1170 2190 2028 1171
4811 4 2 139 11 2191 1171 2029 2190
4812 4 2 139 11 2190 1171 2029 2028
4813 4 2 139 11 1171 2191 2029 1172
4814 4 2 139 11 2192 1172 2030 2191
4815 4 2 139 11 2191 1172 2030 2029
4816 4 2 139 11 1172 2192 2030 1173
4817 4 2 139 11 2193 1173 2031 2192
4818 4 2 139 11 2192 1173 2031 2030
4819 4 2 139 11 1173 2193 2031 1174
4820 4 2 139 11 2194 1174 2032 2193
4821 4 2 139 11 2193 1174 2032 2031
4822 4 2 139 11 1174 2194 2032 1175
4823 4 2 139 11 2195 1175 2033 2194
4824 4 2 139 11 2194 1175 2033 2032
4825 4 2 139 11 1175 2195 2033 1176
4826 4 2 139 11 2196 1176 2034 2195
4827 4 2 139 11 2195 1176 2034 2033
4828 4 2 139 11 1176 2196 2034 286
4829 4 2 139 11 1277 286 1259 2196
4830 4 2 139 11 2196 286 1259 2034
4831 4 2 139 11 1075 1087 1074 2089
4832 4 2 139 11 2206 2098 2089 1087
4833 4 2 139 11 1087 2098 2089 1075
4834 4 2 139 11 2098 2206 2089 2090
4835 4 2 139 11 2207 2099 2090 2206
4836 4 2 139 11 2206 2099 2090 2098
4837 4 2 139 11 2099 2207 2090 2091
4838 4 2 139 11 2208 2100 2091 2207
4839 4 2 139 11 2207 2100 2091 2099
4840 4 2 139 11 2100 2208 2091 2092
4841 4 2 139 11 2209 2101 2092 2208
4842 4 2 139 11 2208 2101 2092 2100
4843 4 2 139 11 2101 2209 2092 2093
4844 4 2 139 11 2210 2102 2093 2209
4845 4 2 139 11 2209 2102 2093 2101
4846 4 2 139 11 2102 2210 2093 2094
4847 4 2 139 11 2211 2103 2094 2210
4848 4 2 139 11 2210 2103 2094 2102
4849 4 2 139 11 2103 2211 2094 2095
4850 4 2 139 11 2212 2104 2095 2211
4851 4 2 139 11 2211 2104 2095 2103
4852 4 2 139 11 2104 2212 2095 2096
4853 4 2 139 11 2213 2105 2096 2212
4854 4 2 139 11 2212 2105 2096 2104
4855 4 2 139 11 2105 2213 2096 2097
4856 4 2 139 11 2214 2106 2097 2213
4857 4 2 139 11 2213 2106 2097 2105
4858 4 2 139 11 2106 2214 2097 1266
4859 4 2 139 11 1279 1267 1266 2214
4860 4 2 139 11 2214 1267 1266 2106
4861 4 2 139 11 1078 1082 1079 2125
4862 4 2 139 11 2161 2125 2134 1082
4863 4 2 139 11 1082 2125 2134 1079
4864 4 2 139 11 2125 2161 2134 2126
4865 4 2 139 11 2162 2126 2135 2161
4866 4 2 139 11 2161 2126 2135 2134
4867 4 2 139 11 2126 2162 2135 2127
4868 4 2 139 11 2163 2127 2136 2162
4869 4 2 139 11 2162 2127 2136 2135
4870 4 2 139 11 2127 2163 2136 2128
4871 4 2 139 11 2164 2128 2137 2163
4872 4 2 139 11 2163 2128 2137 2136
4873 4 2 139 11 2128 2164 2137 2129
4874 4 2 139 11 2165 2129 2138 2164
4875 4 2 139 11 2164 2129 2138 2137
4876 4 2 139 11 2129 2165 2138 2130
4877 4 2 139 11 2166 2130 2139 2165
4878 4 2 139 11 2165 2130 2139 2138
4879 4 2 139 11 2130 2166 2139 2131
4880 4 2 139 11 2167 2131 2140 2166
4881 4 2 139 11 2166 2131 2140 2139
4882 4 2 139 11 2131 2167 2140 2132
4883 4 2 139 11 2168 2132 2141 2167
4884 4 2 139 11 2167 2132 2141 2140
4885 4 2 139 11 2132 2168 2141 2133
4886 4 2 139 11 2169 2133 2142 2168
4887 4 2 139 11 2168 2133 2142 2141
4888 4 2 139 11 2133 2169 2142 1270
4889 4 2 139 11 1274 1270 1271 2169
4890 4 2 139 11 2169 1270 1271 2142
4891 4 2 139 11 1079 1083 1080 2134
4892 4 2 139 11 2170 2134 2143 1083
4893 4 2 139 11 1083 2134 2143 1080
4894 4 2 139 11 2134 2170 2143 2135
4895 4 2 139 11 2171 2135 2144 2170
4896 4 2 139 11 2170 2135 2144 2143
4897 4 2 139 11 2135 2171 2144 2136
4898 4 2 139 11 2172 2136 2145 2171
4899 4 2 139 11 2171 2136 2145 2144
4900 4 2 139 11 2136 2172 2145 2137
4901 4 2 139 11 2173 2137 2146 2172
4902 4 2 139 11 2172 2137 2146 2145
4903 4 2 139 11 2137 2173 2146 2138
4904 4 2 139 11 2174 2138 2147 2173
4905 4 2 139 11 2173 2138 2147 2146
4906 4 2 139 11 2138 2174 2147 2139
4907 4 2 139 11 2175 2139 2148 2174
4908 4 2 139 11 2174 2139 2148 2147
4909 4 2 139 11 2139 2175 2148 2140
4910 4 2 139 11 2176 2140 2149 2175
4911 4 2 139 11 2175 2140 2149 2148
4912 4 2 139 11 2140 2176 2149 2141
4913 4 2 139 11 2177 2141 2150 2176
4914 4 2 139 11 2176 2141 2150 2149
4915 4 2 139 11 2141 2177 2150 2142
4916 4 2 139 11 2178 2142 2151 2177
4917 4 2 139 11 2177 2142 2151 2150
4918 4 2 139 11 2142 2178 2151 1271
4919 4 2 139 11 1275 1271 1272 2178
4920 4 2 139 11 2178 1271 1272 2151
4921 4 2 139 11 1082 1086 1079 2134
4922 4 2 139 11 2197 2161 2134 1082
4923 4 2 139 11 1086 1082 2197 2134
4924 4 2 139 11 2161 2197 2134 2135
4925 4 2 139 11 2198 2162 2135 2161
4926 4 2 139 11 2197 2161 2198 2135
4927 4 2 139 11 2162 2198 2135 2136
4928 4 2 139 11 2199 2163 2136 2162
4929 4 2 139 11 2198 2162 2199 2136
4930 4 2 139 11 2163 2199 2136 2137
4931 4 2 139 11 2200 2164 2137 2163
4932 4 2 139 11 2199 2163 2200 2137
4933 4 2 139 11 2164 2200 2137 2138
4934 4 2 139 11 2201 2165 2138 2164
4935 4 2 139 11 2200 2164 2201 2138
4936 4 2 139 11 2165 2201 2138 2139
4937 4 2 139 11 2202 2166 2139 2165
4938 4 2 139 11 2201 2165 2202 2139
4939 4 2 139 11 2166 2202 2139 2140
4940 4 2 139 11 2203 2167 2140 2166
4941 4 2 139 11 2202 2166 2203 2140
4942 4 2 139 11 2167 2203 2140 2141
4943 4 2 139 11 2204 2168 2141 2167
4944 4 2 139 11 2203 2167 2204 2141
4945 4 2 139 11 2168 2204 2141 2142
4946 4 2 139 11 2205 2169 2142 2168
4947 4 2 139 11 2204 2168 2205 2142
4948 4 2 139 11 2169 2205 2142 1271
4949 4 2 139 11 1278 1274 1271 2169
4950 4 2 139 11 2205 2169 1278 1271
4951 4 2 139 11 1068 1075 1074 2089
4952 4 2 139 11 2098 2035 2089 1068
4953 4 2 139 11 1075 1068 2098 2089
4954 4 2 139 11 2035 2098 2089 2090
4955 4 2 139 11 2099 2036 2090 2035
4956 4 2 139 11 2098 2035 2099 2090
4957 4 2 139 11 2036 2099 2090 2091
4958 4 2 139 11 2100 2037 2091 2036
4959 4 2 139 11 2099 2036 2100 2091
4960 4 2 139 11 2037 2100 2091 2092
4961 4 2 139 11 2101 2038 2092 2037
4962 4 2 139 11 2100 2037 2101 2092
4963 4 2 139 11 2038 2101 2092 2093
4964 4 2 139 11 2102 2039 2093 2038
4965 4 2 139 11 2101 2038 2102 2093
4966 4 2 139 11 2039 2102 2093 2094
4967 4 2 139 11 2103 2040 2094 2039
4968 4 2 139 11 2102 2039 2103 2094
4969 4 2 139 11 2040 2103 2094 2095
4970 4 2 139 11 2104 2041 2095 2040
4971 4 2 139 11 2103 2040 2104 2095
4972 4 2 139 11 2041 2104 2095 2096
4973 4 2 139 11 2105 2042 2096 2041
4974 4 2 139 11 2104 2041 2105 2096
4975 4 2 139 11 2042 2105 2096 2097
4976 4 2 139 11 2106 2043 2097 2042
4977 4 2 139 11 2105 2042 2106 2097
4978 4 2 139 11 2043 2106 2097 1266
4979 4 2 139 11 1267 1260 1266 2043
4980 4 2 139 11 2106 2043 1267 1266
4981 4 2 139 11 1067 1085 1082 2161
4982 4 2 139 11 2188 2026 2161 1085
4983 4 2 139 11 1085 2026 2161 1067
4984 4 2 139 11 2026 2188 2161 2162
4985 4 2 139 11 2189 2027 2162 2188
4986 4 2 139 11 2188 2027 2162 2026
4987 4 2 139 11 2027 2189 2162 2163
4988 4 2 139 11 2190 2028 2163 2189
4989 4 2 139 11 2189 2028 2163 2027
4990 4 2 139 11 2028 2190 2163 2164
4991 4 2 139 11 2191 2029 2164 2190
4992 4 2 139 11 2190 2029 2164 2028
4993 4 2 139 11 2029 2191 2164 2165
4994 4 2 139 11 2192 2030 2165 2191
4995 4 2 139 11 2191 2030 2165 2029
4996 4 2 139 11 2030 2192 2165 2166
4997 4 2 139 11 2193 2031 2166 2192
4998 4 2 139 11 2192 2031 2166 2030
4999 4 2 139 11 2031 2193 2166 2167
5000 4 2 139 11 2194 2032 2167 2193
5001 4 2 139 11 2193 2032 2167 2031
5002 4 2 139 11 2032 2194 2167 2168
5003 4 2 139 11 2195 2033 2168 2194
5004 4 2 139 11 2194 2033 2168 2032
5005 4 2 139 11 2033 2195 2168 2169
5006 4 2 139 11 2196 2034 2169 2195
5007 4 2 139 11 2195 2034 2169 2033
5008 4 2 139 11 2034 2196 2169 1274
5009 4 2 139 11 1277 1259 1274 2196
5010 4 2 139 11 2196 1259 1274 2034
5011 4 2 139 11 1078 1094 1082 2125
5012 4 2 139 11 2269 2125 2161 1094
5013 4 2 139 11 1094 2125 2161 1082
5014 4 2 139 11 2125 2269 2161 2126
5015 4 2 139 11 2270 2126 2162 2269
5016 4 2 139 11 2269 2126 2162 2161
5017 4 2 139 11 2126 2270 2162 2127
5018 4 2 139 11 2271 2127 2163 2270
5019 4 2 139 11 2270 2127 2163 2162
5020 4 2 139 11 2127 2271 2163 2128
5021 4 2 139 11 2272 2128 2164 2271
5022 4 2 139 11 2271 2128 2164 2163
5023 4 2 139 11 2128 2272 2164 2129
5024 4 2 139 11 2273 2129 2165 2272
5025 4 2 139 11 2272 2129 2165 2164
5026 4 2 139 11 2129 2273 2165 2130
5027 4 2 139 11 2274 2130 2166 2273
5028 4 2 139 11 2273 2130 2166 2165
5029 4 2 139 11 2130 2274 2166 2131
5030 4 2 139 11 2275 2131 2167 2274
5031 4 2 139 11 2274 2131 2167 2166
5032 4 2 139 11 2131 2275 2167 2132
5033 4 2 139 11 2276 2132 2168 2275
5034 4 2 139 11 2275 2132 2168 2167
5035 4 2 139 11 2132 2276 2168 2133
5036 4 2 139 11 2277 2133 2169 2276
5037 4 2 139 11 2276 2133 2169 2168
5038 4 2 139 11 2133 2277 2169 1270
5039 4 2 139 11 1286 1270 1274 2277
5040 4 2 139 11 2277 1270 1274 2169
5041 4 2 139 11 1082 1094 1067 2161
5042 4 2 139 11 2269 2161 2026 1094
5043 4 2 139 11 1094 2161 2026 1067
5044 4 2 139 11 2161 2269 2026 2162
5045 4 2 139 11 2270 2162 2027 2269
5046 4 2 139 11 2269 2162 2027 2026
5047 4 2 139 11 2162 2270 2027 2163
5048 4 2 139 11 2271 2163 2028 2270
5049 4 2 139 11 2270 2163 2028 2027
5050 4 2 139 11 2163 2271 2028 2164
5051 4 2 139 11 2272 2164 2029 2271
5052 4 2 139 11 2271 2164 2029 2028
5053 4 2 139 11 2164 2272 2029 2165
5054 4 2 139 11 2273 2165 2030 2272
5055 4 2 139 11 2272 2165 2030 2029
5056 4 2 139 11 2165 2273 2030 2166
5057 4 2 139 11 2274 2166 2031 2273
5058 4 2 139 11 2273 2166 2031 2030
5059 4 2 139 11 2166 2274 2031 2167
5060 4 2 139 11 2275 2167 2032 2274
5061 4 2 139 11 2274 2167 2032 2031
5062 4 2 139 11 2167 2275 2032 2168
5063 4 2 139 11 2276 2168 2033 2275
5064 4 2 139 11 2275 2168 2033 2032
5065 4 2 139 11 2168 2276 2033 2169
5066 4 2 139 11 2277 2169 2034 2276
5067 4 2 139 11 2276 2169 2034 2033
5068 4 2 139 11 2169 2277 2034 1274
5069 4 2 139 11 1286 1274 1259 2277
5070 4 2 139 11 2277 1274 1259 2034
5071 4 2 139 11 1070 1093 17 269
5072 4 2 139 11 2260 2053 269 1093
5073 4 2 139 11 1093 2053 269 1070
5074 4 2 139 11 2053 2260 269 270
5075 4 2 139 11 2261 2054 270 2260
5076 4 2 139 11 2260 2054 270 2053
5077 4 2 139 11 2054 2261 270 271
5078 4 2 139 11 2262 2055 271 2261
5079 4 2 139 11 2261 2055 271 2054
5080 4 2 139 11 2055 2262 271 272
5081 4 2 139 11 2263 2056 272 2262
5082 4 2 139 11 2262 2056 272 2055
5083 4 2 139 11 2056 2263 272 273
5084 4 2 139 11 2264 2057 273 2263
5085 4 2 139 11 2263 2057 273 2056
5086 4 2 139 11 2057 2264 273 274
5087 4 2 139 11 2265 2058 274 2264
5088 4 2 139 11 2264 2058 274 2057
5089 4 2 139 11 2058 2265 274 275
5090 4 2 139 11 2266 2059 275 2265
5091 4 2 139 11 2265 2059 275 2058
5092 4 2 139 11 2059 2266 275 276
5093 4 2 139 11 2267 2060 276 2266
5094 4 2 139 11 2266 2060 276 2059
5095 4 2 139 11 2060 2267 276 277
5096 4 2 139 11 2268 2061 277 2267
5097 4 2 139 11 2267 2061 277 2060
5098 4 2 139 11 2061 2268 277 18
5099 4 2 139 11 1285 1262 18 2268
5100 4 2 139 11 2268 1262 18 2061
5101 4 2 139 11 265 1091 264 1213
5102 4 2 139 11 2242 1222 1213 1091
5103 4 2 139 11 1091 1222 1213 265
5104 4 2 139 11 1222 2242 1213 1214
5105 4 2 139 11 2243 1223 1214 2242
5106 4 2 139 11 2242 1223 1214 1222
5107 4 2 139 11 1223 2243 1214 1215
5108 4 2 139 11 2244 1224 1215 2243
5109 4 2 139 11 2243 1224 1215 1223
5110 4 2 139 11 1224 2244 1215 1216
5111 4 2 139 11 2245 1225 1216 2244
5112 4 2 139 11 2244 1225 1216 1224
5113 4 2 139 11 1225 2245 1216 1217
5114 4 2 139 11 2246 1226 1217 2245
5115 4 2 139 11 2245 1226 1217 1225
5116 4 2 139 11 1226 2246 1217 1218
5117 4 2 139 11 2247 1227 1218 2246
5118 4 2 139 11 2246 1227 1218 1226
5119 4 2 139 11 1227 2247 1218 1219
5120 4 2 139 11 2248 1228 1219 2247
5121 4 2 139 11 2247 1228 1219 1227
5122 4 2 139 11 1228 2248 1219 1220
5123 4 2 139 11 2249 1229 1220 2248
5124 4 2 139 11 2248 1229 1220 1228
5125 4 2 139 11 1229 2249 1220 1221
5126 4 2 139 11 2250 1230 1221 2249
5127 4 2 139 11 2249 1230 1221 1229
5128 4 2 139 11 1230 2250 1221 291
5129 4 2 139 11 1283 292 291 2250
5130 4 2 139 11 2250 292 291 1230
5131 4 2 139 11 17 1093 268 1249
5132 4 2 139 11 2260 269 1249 1093
5133 4 2 139 11 1093 269 1249 17
5134 4 2 139 11 269 2260 1249 1250
5135 4 2 139 11 2261 270 1250 2260
5136 4 2 139 11 2260 270 1250 269
5137 4 2 139 11 270 2261 1250 1251
5138 4 2 139 11 2262 271 1251 2261
5139 4 2 139 11 2261 271 1251 270
5140 4 2 139 11 271 2262 1251 1252
5141 4 2 139 11 2263 272 1252 2262
5142 4 2 139 11 2262 272 1252 271
5143 4 2 139 11 272 2263 1252 1253
5144 4 2 139 11 2264 273 1253 2263
5145 4 2 139 11 2263 273 1253 272
5146 4 2 139 11 273 2264 1253 1254
5147 4 2 139 11 2265 274 1254 2264
5148 4 2 139 11 2264 274 1254 273
5149 4 2 139 11 274 2265 1254 1255
5150 4 2 139 11 2266 275 1255 2265
5151 4 2 139 11 2265 275 1255 274
5152 4 2 139 11 275 2266 1255 1256
5153 4 2 139 11 2267 276 1256 2266
5154 4 2 139 11 2266 276 1256 275
5155 4 2 139 11 276 2267 1256 1257
5156 4 2 139 11 2268 277 1257 2267
5157 4 2 139 11 2267 277 1257 276
5158 4 2 139 11 277 2268 1257 295
5159 4 2 139 11 1285 18 295 2268
5160 4 2 139 11 2268 18 295 277
5161 4 2 139 11 1067 1092 258 1159
5162 4 2 139 11 2251 2026 1159 1092
5163 4 2 139 11 1092 2026 1159 1067
5164 4 2 139 11 2026 2251 1159 1160
5165 4 2 139 11 2252 2027 1160 2251
5166 4 2 139 11 2251 2027 1160 2026
5167 4 2 139 11 2027 2252 1160 1161
5168 4 2 139 11 2253 2028 1161 2252
5169 4 2 139 11 2252 2028 1161 2027
5170 4 2 139 11 2028 2253 1161 1162
5171 4 2 139 11 2254 2029 1162 2253
5172 4 2 139 11 2253 2029 1162 2028
5173 4 2 139 11 2029 2254 1162 1163
5174 4 2 139 11 2255 2030 1163 2254
5175 4 2 139 11 2254 2030 1163 2029
5176 4 2 139 11 2030 2255 1163 1164
5177 4 2 139 11 2256 2031 1164 2255
5178 4 2 139 11 2255 2031 1164 2030
5179 4 2 139 11 2031 2256 1164 1165
5180 4 2 139 11 2257 2032 1165 2256
5181 4 2 139 11 2256 2032 1165 2031
5182 4 2 139 11 2032 2257 1165 1166
5183 4 2 139 11 2258 2033 1166 2257
5184 4 2 139 11 2257 2033 1166 2032
5185 4 2 139 11 2033 2258 1166 1167
5186 4 2 139 11 2259 2034 1167 2258
5187 4 2 139 11 2258 2034 1167 2033
5188 4 2 139 11 2034 2259 1167 285
5189 4 2 139 11 1284 1259 285 2259
5190 4 2 139 11 2259 1259 285 2034
5191 4 2 139 11 263 1088 262 1195
5192 4 2 139 11 2215 1204 1195 1088
5193 4 2 139 11 1088 1204 1195 263
5194 4 2 139 11 1204 2215 1195 1196
5195 4 2 139 11 2216 1205 1196 2215
5196 4 2 139 11 2215 1205 1196 1204
5197 4 2 139 11 1205 2216 1196 1197
5198 4 2 139 11 2217 1206 1197 2216
5199 4 2 139 11 2216 1206 1197 1205
5200 4 2 139 11 1206 2217 1197 1198
5201 4 2 139 11 2218 1207 1198 2217
5202 4 2 139 11 2217 1207 1198 1206
5203 4 2 139 11 1207 2218 1198 1199
5204 4 2 139 11 2219 1208 1199 2218
5205 4 2 139 11 2218 1208 1199 1207
5206 4 2 139 11 1208 2219 1199 1200
5207 4 2 139 11 2220 1209 1200 2219
5208 4 2 139 11 2219 1209 1200 1208
5209 4 2 139 11 1209 2220 1200 1201
5210 4 2 139 11 2221 1210 1201 2220
5211 4 2 139 11 2220 1210 1201 1209
5212 4 2 139 11 1210 2221 1201 1202
5213 4 2 139 11 2222 1211 1202 2221
5214 4 2 139 11 2221 1211 1202 1210
5215 4 2 139 11 1211 2222 1202 1203
5216 4 2 139 11 2223 1212 1203 2222
5217 4 2 139 11 2222 1212 1203 1211
5218 4 2 139 11 1212 2223 1203 289
5219 4 2 139 11 1280 290 289 2223
5220 4 2 139 11 2223 290 289 1212
5221 4 2 139 11 262 1088 1071 1195
5222 4 2 139 11 2215 1195 2062 1088
5223 4 2 139 11 1088 1195 2062 1071
5224 4 2 139 11 1195 2215 2062 1196
5225 4 2 139 11 2216 1196 2063 2215
5226 4 2 139 11 2215 1196 2063 2062
5227 4 2 139 11 1196 2216 2063 1197
5228 4 2 139 11 2217 1197 2064 2216
5229 4 2 139 11 2216 1197 2064 2063
5230 4 2 139 11 1197 2217 2064 1198
5231 4 2 139 11 2218 1198 2065 2217
5232 4 2 139 11 2217 1198 2065 2064
5233 4 2 139 11 1198 2218 2065 1199
5234 4 2 139 11 2219 1199 2066 2218
5235 4 2 139 11 2218 1199 2066 2065
5236 4 2 139 11 1199 2219 2066 1200
5237 4 2 139 11 2220 1200 2067 2219
5238 4 2 139 11 2219 1200 2067 2066
5239 4 2 139 11 1200 2220 2067 1201
5240 4 2 139 11 2221 1201 2068 2220
5241 4 2 139 11 2220 1201 2068 2067
5242 4 2 139 11 1201 2221 2068 1202
5243 4 2 139 11 2222 1202 2069 2221
5244 4 2 139 11 2221 1202 2069 2068
5245 4 2 139 11 1202 2222 2069 1203
5246 4 2 139 11 2223 1203 2070 2222
5247 4 2 139 11 2222 1203 2070 2069
5248 4 2 139 11 1203 2223 2070 289
5249 4 2 139 11 1280 289 1263 2223
5250 4 2 139 11 2223 289 1263 2070
5251 4 2 139 11 266 1089 1073 1231
5252 4 2 139 11 2224 1231 2080 1089
5253 4 2 139 11 1089 1231 2080 1073
5254 4 2 139 11 1231 2224 2080 1232
5255 4 2 139 11 2225 1232 2081 2224
5256 4 2 139 11 2224 1232 2081 2080
5257 4 2 139 11 1232 2225 2081 1233
5258 4 2 139 11 2226 1233 2082 2225
5259 4 2 139 11 2225 1233 2082 2081
5260 4 2 139 11 1233 2226 2082 1234
5261 4 2 139 11 2227 1234 2083 2226
5262 4 2 139 11 2226 1234 2083 2082
5263 4 2 139 11 1234 2227 2083 1235
5264 4 2 139 11 2228 1235 2084 2227
5265 4 2 139 11 2227 1235 2084 2083
5266 4 2 139 11 1235 2228 2084 1236
5267 4 2 139 11 2229 1236 2085 2228
5268 4 2 139 11 2228 1236 2085 2084
5269 4 2 139 11 1236 2229 2085 1237
5270 4 2 139 11 2230 1237 2086 2229
5271 4 2 139 11 2229 1237 2086 2085
5272 4 2 139 11 1237 2230 2086 1238
5273 4 2 139 11 2231 1238 2087 2230
5274 4 2 139 11 2230 1238 2087 2086
5275 4 2 139 11 1238 2231 2087 1239
5276 4 2 139 11 2232 1239 2088 2231
5277 4 2 139 11 2231 1239 2088 2087
5278 4 2 139 11 1239 2232 2088 293
5279 4 2 139 11 1281 293 1265 2232
5280 4 2 139 11 2232 293 1265 2088
5281 4 2 139 11 1068 1074 253 1114
5282 4 2 139 11 2089 2035 1114 1068
5283 4 2 139 11 1074 1068 2089 1114
5284 4 2 139 11 2035 2089 1114 1115
5285 4 2 139 11 2090 2036 1115 2035
5286 4 2 139 11 2089 2035 2090 1115
5287 4 2 139 11 2036 2090 1115 1116
5288 4 2 139 11 2091 2037 1116 2036
5289 4 2 139 11 2090 2036 2091 1116
5290 4 2 139 11 2037 2091 1116 1117
5291 4 2 139 11 2092 2038 1117 2037
5292 4 2 139 11 2091 2037 2092 1117
5293 4 2 139 11 2038 2092 1117 1118
5294 4 2 139 11 2093 2039 1118 2038
5295 4 2 139 11 2092 2038 2093 1118
5296 4 2 139 11 2039 2093 1118 1119
5297 4 2 139 11 2094 2040 1119 2039
5298 4 2 139 11 2093 2039 2094 1119
5299 4 2 139 11 2040 2094 1119 1120
5300 4 2 139 11 2095 2041 1120 2040
5301 4 2 139 11 2094 2040 2095 1120
5302 4 2 139 11 2041 2095 1120 1121
5303 4 2 139 11 2096 2042 1121 2041
5304 4 2 139 11 2095 2041 2096 1121
5305 4 2 139 11 2042 2096 1121 1122
5306 4 2 139 11 2097 2043 1122 2042
5307 4 2 139 11 2096 2042 2097 1122
5308 4 2 139 11 2043 2097 1122 280
5309 4 2 139 11 1266 1260 280 2043
5310 4 2 139 11 2097 2043 1266 280
5311 4 2 139 11 1073 1091 265 1222
5312 4 2 139 11 2242 2080 1222 1091
5313 4 2 139 11 1091 2080 1222 1073
5314 4 2 139 11 2080 2242 1222 1223
5315 4 2 139 11 2243 2081 1223 2242
5316 4 2 139 11 2242 2081 1223 2080
5317 4 2 139 11 2081 2243 1223 1224
5318 4 2 139 11 2244 2082 1224 2243
5319 4 2 139 11 2243 2082 1224 2081
5320 4 2 139 11 2082 2244 1224 1225
5321 4 2 139 11 2245 2083 1225 2244
5322 4 2 139 11 2244 2083 1225 2082
5323 4 2 139 11 2083 2245 1225 1226
5324 4 2 139 11 2246 2084 1226 2245
5325 4 2 139 11 2245 2084 1226 2083
5326 4 2 139 11 2084 2246 1226 1227
5327 4 2 139 11 2247 2085 1227 2246
5328 4 2 139 11 2246 2085 1227 2084
5329 4 2 139 11 2085 2247 1227 1228
5330 4 2 139 11 2248 2086 1228 2247
5331 4 2 139 11 2247 2086 1228 2085
5332 4 2 139 11 2086 2248 1228 1229
5333 4 2 139 11 2249 2087 1229 2248
5334 4 2 139 11 2248 2087 1229 2086
5335 4 2 139 11 2087 2249 1229 1230
5336 4 2 139 11 2250 2088 1230 2249
5337 4 2 139 11 2249 2088 1230 2087
5338 4 2 139 11 2088 2250 1230 292
5339 4 2 139 11 1283 1265 292 2250
5340 4 2 139 11 2250 1265 292 2088
5341 4 2 139 11 258 1092 257 1150
5342 4 2 139 11 2251 1159 1150 1092
5343 4 2 139 11 1092 1159 1150 258
5344 4 2 139 11 1159 2251 1150 1151
5345 4 2 139 11 2252 1160 1151 2251
5346 4 2 139 11 2251 1160 1151 1159
5347 4 2 139 11 1160 2252 1151 1152
5348 4 2 139 11 2253 1161 1152 2252
5349 4 2 139 11 2252 1161 1152 1160
5350 4 2 139 11 1161 2253 1152 1153
5351 4 2 139 11 2254 1162 1153 2253
5352 4 2 139 11 2253 1162 1153 1161
5353 4 2 139 11 1162 2254 1153 1154
5354 4 2 139 11 2255 1163 1154 2254
5355 4 2 139 11 2254 1163 1154 1162
5356 4 2 139 11 1163 2255 1154 1155
5357 4 2 139 11 2256 1164 1155 2255
5358 4 2 139 11 2255 1164 1155 1163
5359 4 2 139 11 1164 2256 1155 1156
5360 4 2 139 11 2257 1165 1156 2256
5361 4 2 139 11 2256 1165 1156 1164
5362 4 2 139 11 1165 2257 1156 1157
5363 4 2 139 11 2258 1166 1157 2257
5364 4 2 139 11 2257 1166 1157 1165
5365 4 2 139 11 1166 2258 1157 1158
5366 4 2 139 11 2259 1167 1158 2258
5367 4 2 139 11 2258 1167 1158 1166
5368 4 2 139 11 1167 2259 1158 284
5369 4 2 139 11 1284 285 284 2259
5370 4 2 139 11 2259 285 284 1167
5371 4 2 139 11 1066 1089 267 1240
5372 4 2 139 11 2224 2017 1240 1089
5373 4 2 139 11 1089 2017 1240 1066
5374 4 2 139 11 2017 2224 1240 1241
5375 4 2 139 11 2225 2018 1241 2224
5376 4 2 139 11 2224 2018 1241 2017
5377 4 2 139 11 2018 2225 1241 1242
5378 4 2 139 11 2226 2019 1242 2225
5379 4 2 139 11 2225 2019 1242 2018
5380 4 2 139 11 2019 2226 1242 1243
5381 4 2 139 11 2227 2020 1243 2226
5382 4 2 139 11 2226 2020 1243 2019
5383 4 2 139 11 2020 2227 1243 1244
5384 4 2 139 11 2228 2021 1244 2227
5385 4 2 139 11 2227 2021 1244 2020
5386 4 2 139 11 2021 2228 1244 1245
5387 4 2 139 11 2229 2022 1245 2228
5388 4 2 139 11 2228 2022 1245 2021
5389 4 2 139 11 2022 2229 1245 1246
5390 4 2 139 11 2230 2023 1246 2229
5391 4 2 139 11 2229 2023 1246 2022
5392 4 2 139 11 2023 2230 1246 1247
5393 4 2 139 11 2231 2024 1247 2230
5394 4 2 139 11 2230 2024 1247 2023
5395 4 2 139 11 2024 2231 1247 1248
5396 4 2 139 11 2232 2025 1248 2231
5397 4 2 139 11 2231 2025 1248 2024
5398 4 2 139 11 2025 2232 1248 294
5399 4 2 139 11 1281 1258 294 2232
5400 4 2 139 11 2232 1258 294 2025
5401 4 2 139 11 251 1087 1070 1096
5402 4 2 139 11 2206 1096 2053 1087
5403 4 2 139 11 1087 1096 2053 1070
5404 4 2 139 11 1096 2206 2053 1097
5405 4 2 139 11 2207 1097 2054 2206
5406 4 2 139 11 2206 1097 2054 2053
5407 4 2 139 11 1097 2207 2054 1098
5408 4 2 139 11 2208 1098 2055 2207
5409 4 2 139 11 2207 1098 2055 2054
5410 4 2 139 11 1098 2208 2055 1099
5411 4 2 139 11 2209 1099 2056 2208
5412 4 2 139 11 2208 1099 2056 2055
5413 4 2 139 11 1099 2209 2056 1100
5414 4 2 139 11 2210 1100 2057 2209
5415 4 2 139 11 2209 1100 2057 2056
5416 4 2 139 11 1100 2210 2057 1101
5417 4 2 139 11 2211 1101 2058 2210
5418 4 2 139 11 2210 1101 2058 2057
5419 4 2 139 11 1101 2211 2058 1102
5420 4 2 139 11 2212 1102 2059 2211
5421 4 2 139 11 2211 1102 2059 2058
5422 4 2 139 11 1102 2212 2059 1103
5423 4 2 139 11 2213 1103 2060 2212
5424 4 2 139 11 2212 1103 2060 2059
5425 4 2 139 11 1103 2213 2060 1104
5426 4 2 139 11 2214 1104 2061 2213
5427 4 2 139 11 2213 1104 2061 2060
5428 4 2 139 11 1104 2214 2061 278
5429 4 2 139 11 1279 278 1262 2214
5430 4 2 139 11 2214 278 1262 2061
5431 4 2 139 11 253 1074 252 1105
5432 4 2 139 11 2089 1114 1105 1074
5433 4 2 139 11 1074 1114 1105 253
5434 4 2 139 11 1114 2089 1105 1106
5435 4 2 139 11 2090 1115 1106 2089
5436 4 2 139 11 2089 1115 1106 1114
5437 4 2 139 11 1115 2090 1106 1107
5438 4 2 139 11 2091 1116 1107 2090
5439 4 2 139 11 2090 1116 1107 1115
5440 4 2 139 11 1116 2091 1107 1108
5441 4 2 139 11 2092 1117 1108 2091
5442 4 2 139 11 2091 1117 1108 1116
5443 4 2 139 11 1117 2092 1108 1109
5444 4 2 139 11 2093 1118 1109 2092
5445 4 2 139 11 2092 1118 1109 1117
5446 4 2 139 11 1118 2093 1109 1110
5447 4 2 139 11 2094 1119 1110 2093
5448 4 2 139 11 2093 1119 1110 1118
5449 4 2 139 11 1119 2094 1110 1111
5450 4 2 139 11 2095 1120 1111 2094
5451 4 2 139 11 2094 1120 1111 1119
5452 4 2 139 11 1120 2095 1111 1112
5453 4 2 139 11 2096 1121 1112 2095
5454 4 2 139 11 2095 1121 1112 1120
5455 4 2 139 11 1121 2096 1112 1113
5456 4 2 139 11 2097 1122 1113 2096
5457 4 2 139 11 2096 1122 1113 1121
5458 4 2 139 11 1122 2097 1113 279
5459 4 2 139 11 1266 280 279 2097
5460 4 2 139 11 2097 280 279 1122
5461 4 2 139 11 264 1091 1069 1213
5462 4 2 139 11 2242 1213 2044 1091
5463 4 2 139 11 1091 1213 2044 1069
5464 4 2 139 11 1213 2242 2044 1214
5465 4 2 139 11 2243 1214 2045 2242
5466 4 2 139 11 2242 1214 2045 2044
5467 4 2 139 11 1214 2243 2045 1215
5468 4 2 139 11 2244 1215 2046 2243
5469 4 2 139 11 2243 1215 2046 2045
5470 4 2 139 11 1215 2244 2046 1216
5471 4 2 139 11 2245 1216 2047 2244
5472 4 2 139 11 2244 1216 2047 2046
5473 4 2 139 11 1216 2245 2047 1217
5474 4 2 139 11 2246 1217 2048 2245
5475 4 2 139 11 2245 1217 2048 2047
5476 4 2 139 11 1217 2246 2048 1218
5477 4 2 139 11 2247 1218 2049 2246
5478 4 2 139 11 2246 1218 2049 2048
5479 4 2 139 11 1218 2247 2049 1219
5480 4 2 139 11 2248 1219 2050 2247
5481 4 2 139 11 2247 1219 2050 2049
5482 4 2 139 11 1219 2248 2050 1220
5483 4 2 139 11 2249 1220 2051 2248
5484 4 2 139 11 2248 1220 2051 2050
5485 4 2 139 11 1220 2249 2051 1221
5486 4 2 139 11 2250 1221 2052 2249
5487 4 2 139 11 2249 1221 2052 2051
5488 4 2 139 11 1221 2250 2052 291
5489 4 2 139 11 1283 291 1261 2250
5490 4 2 139 11 2250 291 1261 2052
5491 4 2 139 11 1069 1088 263 1204
5492 4 2 139 11 2215 2044 1204 1088
5493 4 2 139 11 1088 2044 1204 1069
5494 4 2 139 11 2044 2215 1204 1205
5495 4 2 139 11 2216 2045 1205 2215
5496 4 2 139 11 2215 2045 1205 2044
5497 4 2 139 11 2045 2216 1205 1206
5498 4 2 139 11 2217 2046 1206 2216
5499 4 2 139 11 2216 2046 1206 2045
5500 4 2 139 11 2046 2217 1206 1207
5501 4 2 139 11 2218 2047 1207 2217
5502 4 2 139 11 2217 2047 1207 2046
5503 4 2 139 11 2047 2218 1207 1208
5504 4 2 139 11 2219 2048 1208 2218
5505 4 2 139 11 2218 2048 1208 2047
5506 4 2 139 11 2048 2219 1208 1209
5507 4 2 139 11 2220 2049 1209 2219
5508 4 2 139 11 2219 2049 1209 2048
5509 4 2 139 11 2049 2220 1209 1210
5510 4 2 139 11 2221 2050 1210 2220
5511 4 2 139 11 2220 2050 1210 2049
5512 4 2 139 11 2050 2221 1210 1211
5513 4 2 139 11 2222 2051 1211 2221
5514 4 2 139 11 2221 2051 1211 2050
5515 4 2 139 11 2051 2222 1211 1212
5516 4 2 139 11 2223 2052 1212 2222
5517 4 2 139 11 2222 2052 1212 2051
5518 4 2 139 11 2052 2223 1212 290
5519 4 2 139 11 1280 1261 290 2223
5520 4 2 139 11 2223 1261 290 2052
5521 4 2 139 11 267 1089 266 1231
5522 4 2 139 11 2224 1240 1231 1089
5523 4 2 139 11 1089 1240 1231 267
5524 4 2 139 11 1240 2224 1231 1232
5525 4 2 139 11 2225 1241 1232 2224
5526 4 2 139 11 2224 1241 1232 1240
5527 4 2 139 11 1241 2225 1232 1233
5528 4 2 139 11 2226 1242 1233 2225
5529 4 2 139 11 2225 1242 1233 1241
5530 4 2 139 11 1242 2226 1233 1234
5531 4 2 139 11 2227 1243 1234 2226
5532 4 2 139 11 2226 1243 1234 1242
5533 4 2 139 11 1243 2227 1234 1235
5534 4 2 139 11 2228 1244 1235 2227
5535 4 2 139 11 2227 1244 1235 1243
5536 4 2 139 11 1244 2228 1235 1236
5537 4 2 139 11 2229 1245 1236 2228
5538 4 2 139 11 2228 1245 1236 1244
5539 4 2 139 11 1245 2229 1236 1237
5540 4 2 139 11 2230 1246 1237 2229
5541 4 2 139 11 2229 1246 1237 1245
5542 4 2 139 11 1246 2230 1237 1238
5543 4 2 139 11 2231 1247 1238 2230
5544 4 2 139 11 2230 1247 1238 1246
5545 4 2 139 11 1247 2231 1238 1239
5546 4 2 139 11 2232 1248 1239 2231
5547 4 2 139 11 2231 1248 1239 1247
5548 4 2 139 11 1248 2232 1239 293
5549 4 2 139 11 1281 294 293 2232
5550 4 2 139 11 2232 294 293 1248
5551 4 2 139 11 252 1087 251 1096
5552 4 2 139 11 2206 1105 1096 1087
5553 4 2 139 11 1087 1105 1096 252
5554 4 2 139 11 1105 2206 1096 1097
5555 4 2 139 11 2207 1106 1097 2206
5556 4 2 139 11 2206 1106 1097 1105
5557 4 2 139 11 1106 2207 1097 1098
5558 4 2 139 11 2208 1107 1098 2207
5559 4 2 139 11 2207 1107 1098 1106
5560 4 2 139 11 1107 2208 1098 1099
5561 4 2 139 11 2209 1108 1099 2208
5562 4 2 139 11 2208 1108 1099 1107
5563 4 2 139 11 1108 2209 1099 1100
5564 4 2 139 11 2210 1109 1100 2209
5565 4 2 139 11 2209 1109 1100 1108
5566 4 2 139 11 1109 2210 1100 1101
5567 4 2 139 11 2211 1110 1101 2210
5568 4 2 139 11 2210 1110 1101 1109
5569 4 2 139 11 1110 2211 1101 1102
5570 4 2 139 11 2212 1111 1102 2211
5571 4 2 139 11 2211 1111 1102 1110
5572 4 2 139 11 1111 2212 1102 1103
5573 4 2 139 11 2213 1112 1103 2212
5574 4 2 139 11 2212 1112 1103 1111
5575 4 2 139 11 1112 2213 1103 1104
5576 4 2 139 11 2214 1113 1104 2213
5577 4 2 139 11 2213 1113 1104 1112
5578 4 2 139 11 1113 2214 1104 278
5579 4 2 139 11 1279 279 278 2214
5580 4 2 139 11 2214 279 278 1113
5581 4 2 139 11 257 1092 1072 1150
5582 4 2 139 11 2251 1150 2071 1092
5583 4 2 139 11 1092 1150 2071 1072
5584 4 2 139 11 1150 2251 2071 1151
5585 4 2 139 11 2252 1151 2072 2251
5586 4 2 139 11 2251 1151 2072 2071
5587 4 2 139 11 1151 2252 2072 1152
5588 4 2 139 11 2253 1152 2073 2252
5589 4 2 139 11 2252 1152 2073 2072
5590 4 2 139 11 1152 2253 2073 1153
5591 4 2 139 11 2254 1153 2074 2253
5592 4 2 139 11 2253 1153 2074 2073
5593 4 2 139 11 1153 2254 2074 1154
5594 4 2 139 11 2255 1154 2075 2254
5595 4 2 139 11 2254 1154 2075 2074
5596 4 2 139 11 1154 2255 2075 1155
5597 4 2 139 11 2256 1155 2076 2255
5598 4 2 139 11 2255 1155 2076 2075
5599 4 2 139 11 1155 2256 2076 1156
5600 4 2 139 11 2257 1156 2077 2256
5601 4 2 139 11 2256 1156 2077 2076
5602 4 2 139 11 1156 2257 2077 1157
5603 4 2 139 11 2258 1157 2078 2257
5604 4 2 139 11 2257 1157 2078 2077
5605 4 2 139 11 1157 2258 2078 1158
5606 4 2 139 11 2259 1158 2079 2258
5607 4 2 139 11 2258 1158 2079 2078
5608 4 2 139 11 1158 2259 2079 284
5609 4 2 139 11 1284 284 1264 2259
5610 4 2 139 11 2259 284 1264 2079
5611 4 2 139 11 268 1093 1066 1249
5612 4 2 139 11 2260 1249 2017 1093
5613 4 2 139 11 1093 1249 2017 1066
5614 4 2 139 11 1249 2260 2017 1250
5615 4 2 139 11 2261 1250 2018 2260
5616 4 2 139 11 2260 1250 2018 2017
5617 4 2 139 11 1250 2261 2018 1251
5618 4 2 139 11 2262 1251 2019 2261
5619 4 2 139 11 2261 1251 2019 2018
5620 4 2 139 11 1251 2262 2019 1252
5621 4 2 139 11 2263 1252 2020 2262
5622 4 2 139 11 2262 1252 2020 2019
5623 4 2 139 11 1252 2263 2020 1253
5624 4 2 139 11 2264 1253 2021 2263
5625 4 2 139 11 2263 1253 2021 2020
5626 4 2 139 11 1253 2264 2021 1254
5627 4 2 139 11 2265 1254 2022 2264
5628 4 2 139 11 2264 1254 2022 2021
5629 4 2 139 11 1254 2265 2022 1255
5630 4 2 139 11 2266 1255 2023 2265
5631 4 2 139 11 2265 1255 2023 2022
5632 4 2 139 11 1255 2266 2023 1256
5633 4 2 139 11 2267 1256 2024 2266
5634 4 2 139 11 2266 1256 2024 2023
5635 4 2 139 11 1256 2267 2024 1257
5636 4 2 139 11 2268 1257 2025 2267
5637 4 2 139 11 2267 1257 2025 2024
5638 4 2 139 11 1257 2268 2025 295
5639 4 2 139 11 1285 295 1258 2268
5640 4 2 139 11 2268 295 1258 2025
5641 4 2 139 11 261 1095 260 1177
5642 4 2 139 11 2278 1186 1177 1095
5643 4 2 139 11 1095 1186 1177 261
5644 4 2 139 11 1186 2278 1177 1178
5645 4 2 139 11 2279 1187 1178 2278
5646 4 2 139 11 2278 1187 1178 1186
5647 4 2 139 11 1187 2279 1178 1179
5648 4 2 139 11 2280 1188 1179 2279
5649 4 2 139 11 2279 1188 1179 1187
5650 4 2 139 11 1188 2280 1179 1180
5651 4 2 139 11 2281 1189 1180 2280
5652 4 2 139 11 2280 1189 1180 1188
5653 4 2 139 11 1189 2281 1180 1181
5654 4 2 139 11 2282 1190 1181 2281
5655 4 2 139 11 2281 1190 1181 1189
5656 4 2 139 11 1190 2282 1181 1182
5657 4 2 139 11 2283 1191 1182 2282
5658 4 2 139 11 2282 1191 1182 1190
5659 4 2 139 11 1191 2283 1182 1183
5660 4 2 139 11 2284 1192 1183 2283
5661 4 2 139 11 2283 1192 1183 1191
5662 4 2 139 11 1192 2284 1183 1184
5663 4 2 139 11 2285 1193 1184 2284
5664 4 2 139 11 2284 1193 1184 1192
5665 4 2 139 11 1193 2285 1184 1185
5666 4 2 139 11 2286 1194 1185 2285
5667 4 2 139 11 2285 1194 1185 1193
5668 4 2 139 11 1194 2286 1185 287
5669 4 2 139 11 1287 288 287 2286
5670 4 2 139 11 2286 288 287 1194
5671 4 2 139 11 1071 1095 261 1186
5672 4 2 139 11 2278 2062 1186 1095
5673 4 2 139 11 1095 2062 1186 1071
5674 4 2 139 11 2062 2278 1186 1187
5675 4 2 139 11 2279 2063 1187 2278
5676 4 2 139 11 2278 2063 1187 2062
5677 4 2 139 11 2063 2279 1187 1188
5678 4 2 139 11 2280 2064 1188 2279
5679 4 2 139 11 2279 2064 1188 2063
5680 4 2 139 11 2064 2280 1188 1189
5681 4 2 139 11 2281 2065 1189 2280
5682 4 2 139 11 2280 2065 1189 2064
5683 4 2 139 11 2065 2281 1189 1190
5684 4 2 139 11 2282 2066 1190 2281
5685 4 2 139 11 2281 2066 1190 2065
5686 4 2 139 11 2066 2282 1190 1191
5687 4 2 139 11 2283 2067 1191 2282
5688 4 2 139 11 2282 2067 1191 2066
5689 4 2 139 11 2067 2283 1191 1192
5690 4 2 139 11 2284 2068 1192 2283
5691 4 2 139 11 2283 2068 1192 2067
5692 4 2 139 11 2068 2284 1192 1193
5693 4 2 139 11 2285 2069 1193 2284
5694 4 2 139 11 2284 2069 1193 2068
5695 4 2 139 11 2069 2285 1193 1194
5696 4 2 139 11 2286 2070 1194 2285
5697 4 2 139 11 2285 2070 1194 2069
5698 4 2 139 11 2070 2286 1194 288
5699 4 2 139 11 1287 1263 288 2286
5700 4 2 139 11 2286 1263 288 2070
5701 4 2 139 11 1079 1086 1083 2134
5702 4 2 139 11 2197 2134 2170 1086
5703 4 2 139 11 1086 2134 2170 1083
5704 4 2 139 11 2134 2197 2170 2135
5705 4 2 139 11 2198 2135 2171 2197
5706 4 2 139 11 2197 2135 2171 2170
5707 4 2 139 11 2135 2198 2171 2136
5708 4 2 139 11 2199 2136 2172 2198
5709 4 2 139 11 2198 2136 2172 2171
5710 4 2 139 11 2136 2199 2172 2137
5711 4 2 139 11 2200 2137 2173 2199
5712 4 2 139 11 2199 2137 2173 2172
5713 4 2 139 11 2137 2200 2173 2138
5714 4 2 139 11 2201 2138 2174 2200
5715 4 2 139 11 2200 2138 2174 2173
5716 4 2 139 11 2138 2201 2174 2139
5717 4 2 139 11 2202 2139 2175 2201
5718 4 2 139 11 2201 2139 2175 2174
5719 4 2 139 11 2139 2202 2175 2140
5720 4 2 139 11 2203 2140 2176 2202
5721 4 2 139 11 2202 2140 2176 2175
5722 4 2 139 11 2140 2203 2176 2141
5723 4 2 139 11 2204 2141 2177 2203
5724 4 2 139 11 2203 2141 2177 2176
5725 4 2 139 11 2141 2204 2177 2142
5726 4 2 139 11 2205 2142 2178 2204
5727 4 2 139 11 2204 2142 2178 2177
5728 4 2 139 11 2142 2205 2178 1271
5729 4 2 139 11 1278 1271 1275 2205
5730 4 2 139 11 2205 1271 1275 2178
5731 4 2 139 11 260 1095 1085 1177
5732 4 2 139 11 2278 1177 2188 1095
5733 4 2 139 11 1095 1177 2188 1085
5734 4 2 139 11 1177 2278 2188 1178
5735 4 2 139 11 2279 1178 2189 2278
5736 4 2 139 11 2278 1178 2189 2188
5737 4 2 139 11 1178 2279 2189 1179
5738 4 2 139 11 2280 1179 2190 2279
5739 4 2 139 11 2279 1179 2190 2189
5740 4 2 139 11 1179 2280 2190 1180
5741 4 2 139 11 2281 1180 2191 2280
5742 4 2 139 11 2280 1180 2191 2190
5743 4 2 139 11 1180 2281 2191 1181
5744 4 2 139 11 2282 1181 2192 2281
5745 4 2 139 11 2281 1181 2192 2191
5746 4 2 139 11 1181 2282 2192 1182
5747 4 2 139 11 2283 1182 2193 2282
5748 4 2 139 11 2282 1182 2193 2192
5749 4 2 139 11 1182 2283 2193 1183
5750 4 2 139 11 2284 1183 2194 2283
5751 4 2 139 11 2283 1183 2194 2193
5752 4 2 139 11 1183 2284 2194 1184
5753 4 2 139 11 2285 1184 2195 2284
5754 4 2 139 11 2284 1184 2195 2194
5755 4 2 139 11 1184 2285 2195 1185
5756 4 2 139 11 2286 1185 2196 2285
5757 4 2 139 11 2285 1185 2196 2195
5758 4 2 139 11 1185 2286 2196 287
5759 4 2 139 11 1287 287 1277 2286
5760 4 2 139 11 2286 287 1277 2196
5761 4 2 139 11 1089 1090 1073 2080
5762 4 2 139 11 2233 2224 2080 1090
5763 4 2 139 11 1090 2224 2080 1089
5764 4 2 139 11 2224 2233 2080 2081
5765 4 2 139 11 2234 2225 2081 2233
5766 4 2 139 11 2233 2225 2081 2224
5767 4 2 139 11 2225 2234 2081 2082
5768 4 2 139 11 2235 2226 2082 2234
5769 4 2 139 11 2234 2226 2082 2225
5770 4 2 139 11 2226 2235 2082 2083
5771 4 2 139 11 2236 2227 2083 2235
5772 4 2 139 11 2235 2227 2083 2226
5773 4 2 139 11 2227 2236 2083 2084
5774 4 2 139 11 2237 2228 2084 2236
5775 4 2 139 11 2236 2228 2084 2227
5776 4 2 139 11 2228 2237 2084 2085
5777 4 2 139 11 2238 2229 2085 2237
5778 4 2 139 11 2237 2229 2085 2228
5779 4 2 139 11 2229 2238 2085 2086
5780 4 2 139 11 2239 2230 2086 2238
5781 4 2 139 11 2238 2230 2086 2229
5782 4 2 139 11 2230 2239 2086 2087
5783 4 2 139 11 2240 2231 2087 2239
5784 4 2 139 11 2239 2231 2087 2230
5785 4 2 139 11 2231 2240 2087 2088
5786 4 2 139 11 2241 2232 2088 2240
5787 4 2 139 11 2240 2232 2088 2231
5788 4 2 139 11 2232 2241 2088 1265
5789 4 2 139 11 1282 1281 1265 2241
5790 4 2 139 11 2241 1281 1265 2232
5791 4 2 139 11 1066 1090 1089 2017
5792 4 2 139 11 2233 2017 2224 1090
5793 4 2 139 11 1090 2017 2224 1089
5794 4 2 139 11 2017 2233 2224 2018
5795 4 2 139 11 2234 2018 2225 2233
5796 4 2 139 11 2233 2018 2225 2224
5797 4 2 139 11 2018 2234 2225 2019
5798 4 2 139 11 2235 2019 2226 2234
5799 4 2 139 11 2234 2019 2226 2225
5800 4 2 139 11 2019 2235 2226 2020
5801 4 2 139 11 2236 2020 2227 2235
5802 4 2 139 11 2235 2020 2227 2226
5803 4 2 139 11 2020 2236 2227 2021
5804 4 2 139 11 2237 2021 2228 2236
5805 4 2 139 11 2236 2021 2228 2227
5806 4 2 139 11 2021 2237 2228 2022
5807 4 2 139 11 2238 2022 2229 2237
5808 4 2 139 11 2237 2022 2229 2228
5809 4 2 139 11 2022 2238 2229 2023
5810 4 2 139 11 2239 2023 2230 2238
5811 4 2 139 11 2238 2023 2230 2229
5812 4 2 139 11 2023 2239 2230 2024
5813 4 2 139 11 2240 2024 2231 2239
5814 4 2 139 11 2239 2024 2231 2230
5815 4 2 139 11 2024 2240 2231 2025
5816 4 2 139 11 2241 2025 2232 2240
5817 4 2 139 11 2240 2025 2232 2231
5818 4 2 139 11 2025 2241 2232 1258
5819 4 2 139 11 1282 1258 1281 2241
5820 4 2 139 11 2241 1258 1281 2232
5821 4 2 139 11 1074 1087 252 1105
5822 4 2 139 11 2206 2089 1105 1087
5823 4 2 139 11 1087 2089 1105 1074
5824 4 2 139 11 2089 2206 1105 1106
5825 4 2 139 11 2207 2090 1106 2206
5826 4 2 139 11 2206 2090 1106 2089
5827 4 2 139 11 2090 2207 1106 1107
5828 4 2 139 11 2208 2091 1107 2207
5829 4 2 139 11 2207 2091 1107 2090
5830 4 2 139 11 2091 2208 1107 1108
5831 4 2 139 11 2209 2092 1108 2208
5832 4 2 139 11 2208 2092 1108 2091
5833 4 2 139 11 2092 2209 1108 1109
5834 4 2 139 11 2210 2093 1109 2209
5835 4 2 139 11 2209 2093 1109 2092
5836 4 2 139 11 2093 2210 1109 1110
5837 4 2 139 11 2211 2094 1110 2210
5838 4 2 139 11 2210 2094 1110 2093
5839 4 2 139 11 2094 2211 1110 1111
5840 4 2 139 11 2212 2095 1111 2211
5841 4 2 139 11 2211 2095 1111 2094
5842 4 2 139 11 2095 2212 1111 1112
5843 4 2 139 11 2213 2096 1112 2212
5844 4 2 139 11 2212 2096 1112 2095
5845 4 2 139 11 2096 2213 1112 1113
5846 4 2 139 11 2214 2097 1113 2213
5847 4 2 139 11 2213 2097 1113 2096
5848 4 2 139 11 2097 2214 1113 279
5849 4 2 139 11 1279 1266 279 2214
5850 4 2 139 11 2214 1266 279 2097
5851 4 2 139 11 1092 1094 1072 2071
5852 4 2 139 11 2269 2251 2071 1094
5853 4 2 139 11 1094 2251 2071 1092
5854 4 2 139 11 2251 2269 2071 2072
5855 4 2 139 11 2270 2252 2072 2269
5856 4 2 139 11 2269 2252 2072 2251
5857 4 2 139 11 2252 2270 2072 2073
5858 4 2 139 11 2271 2253 2073 2270
5859 4 2 139 11 2270 2253 2073 2252
5860 4 2 139 11 2253 2271 2073 2074
5861 4 2 139 11 2272 2254 2074 2271
5862 4 2 139 11 2271 2254 2074 2253
5863 4 2 139 11 2254 2272 2074 2075
5864 4 2 139 11 2273 2255 2075 2272
5865 4 2 139 11 2272 2255 2075 2254
5866 4 2 139 11 2255 2273 2075 2076
5867 4 2 139 11 2274 2256 2076 2273
5868 4 2 139 11 2273 2256 2076 2255
5869 4 2 139 11 2256 2274 2076 2077
5870 4 2 139 11 2275 2257 2077 2274
5871 4 2 139 11 2274 2257 2077 2256
5872 4 2 139 11 2257 2275 2077 2078
5873 4 2 139 11 2276 2258 2078 2275
5874 4 2 139 11 2275 2258 2078 2257
5875 4 2 139 11 2258 2276 2078 2079
5876 4 2 139 11 2277 2259 2079 2276
5877 4 2 139 11 2276 2259 2079 2258
5878 4 2 139 11 2259 2277 2079 1264
5879 4 2 139 11 1286 1284 1264 2277
5880 4 2 139 11 2277 1284 1264 2259
5881 4 2 139 11 1067 1094 1092 2026
5882 4 2 139 11 2269 2026 2251 1094
5883 4 2 139 11 1094 2026 2251 1092
5884 4 2 139 11 2026 2269 2251 2027
5885 4 2 139 11 2270 2027 2252 2269
5886 4 2 139 11 2269 2027 2252 2251
5887 4 2 139 11 2027 2270 2252 2028
5888 4 2 139 11 2271 2028 2253 2270
5889 4 2 139 11 2270 2028 2253 2252
5890 4 2 139 11 2028 2271 2253 2029
5891 4 2 139 11 2272 2029 2254 2271
5892 4 2 139 11 2271 2029 2254 2253
5893 4 2 139 11 2029 2272 2254 2030
5894 4 2 139 11 2273 2030 2255 2272
5895 4 2 139 11 2272 2030 2255 2254
5896 4 2 139 11 2030 2273 2255 2031
5897 4 2 139 11 2274 2031 2256 2273
5898 4 2 139 11 2273 2031 2256 2255
5899 4 2 139 11 2031 2274 2256 2032
5900 4 2 139 11 2275 2032 2257 2274
5901 4 2 139 11 2274 2032 2257 2256
5902 4 2 139 11 2032 2275 2257 2033
5903 4 2 139 11 2276 2033 2258 2275
5904 4 2 139 11 2275 2033 2258 2257
5905 4 2 139 11 2033 2276 2258 2034
5906 4 2 139 11 2277 2034 2259 2276
5907 4 2 139 11 2276 2034 2259 2258
5908 4 2 139 11 2034 2277 2259 1259
5909 4 2 139 11 1286 1259 1284 2277
5910 4 2 139 11 2277 1259 1284 2259
5911 4 2 137 12 1196 1327 1205 2429
5912 4 2 137 12 2323 2387 2349 2446
5913 4 2 137 12 477 469 468 2359
5914 4 2 137 12 477 478 469 2359
5915 4 2 137 12 2317 2368 1323 2433
5916 4 2 137 12 620 2406 2318 2412
5917 4 2 137 12 817 809 808 2360
5918 4 2 137 12 817 818 809 2360
5919 4 2 137 12 1463 1462 930 929
5920 4 2 137 12 1334 1335 671 670
5921 4 2 137 12 227 319 211 931
5922 4 2 137 12 587 164 317 146
5923 4 2 137 12 1368 1343 1392 2442
5924 4 2 137 12 1257 295 294 2350
5925 4 2 137 12 1248 1257 294 2350
5926 4 2 137 12 1471 331 189 1483
5927 4 2 137 12 1224 1223 1232 2426
5928 4 2 137 12 742 741 656 1341
5929 4 2 137 12 1001 1469 934 1000
5930 4 2 137 12 656 657 742 1341
5931 4 2 137 12 2338 2342 2364 2389
5932 4 2 137 12 1112 1111 1120 2399
5933 4 2 137 12 1120 1121 1112 2399
5934 4 2 137 12 544 2406 553 2412
5935 4 2 137 12 1374 542 1345 1393
5936 4 2 137 12 1467 1462 319 931
5937 4 2 137 12 317 1334 1339 672
5938 4 2 137 12 1197 1205 1206 2357
5939 4 2 137 12 1451 1413 1423 2404
5940 4 2 137 12 968 1413 1412 1451
5941 4 2 137 12 1271 1270 1274 2419
5942 4 2 137 12 316 1475 121 1480
5943 4 2 137 12 2338 2362 622 2389
5944 4 2 137 12 1466 320 1462 855
5945 4 2 137 12 1334 318 1338 596
5946 4 2 137 12 18 278 1262 2393
5947 4 2 137 12 594 586 1334 595
5948 4 2 137 12 586 594 1334 585
5949 4 2 137 12 862 1462 854 853
5950 4 2 137 12 854 863 1462 862
5951 4 2 137 12 100 856 93 324
5952 4 2 137 12 664 65 72 312
5953 4 2 137 12 664 313 579 1333
5954 4 2 137 12 1467 25 1016 1007
5955 4 2 137 12 19 1339 739 748
5956 4 2 137 12 1481 1477 185 827
5957 4 2 137 12 1220 1219 1228 2441
5958 4 2 137 12 1228 1229 1220 2441
5959 4 2 137 12 2318 2359 2329 2436
5960 4 2 137 12 2320 2316 2378 2385
5961 4 2 137 12 315 1342 516 515
5962 4 2 137 12 1414 1450 1415 2406
5963 4 2 137 12 631 632 2338 2364
5964 4 2 137 12 1236 1235 1244 2410
5965 4 2 137 12 293 1239 1248 2410
5966 4 2 137 12 1244 1245 1236 2410
5967 4 2 137 12 1248 294 293 2410
5968 4 2 137 12 631 2338 622 2389
5969 4 2 137 12 1353 1368 1392 2442
5970 4 2 137 12 1349 1370 1371 909
5971 4 2 137 12 1430 1429 1408 901
5972 4 2 137 12 515 516 507 1342
5973 4 2 137 12 506 515 507 1342
5974 4 2 137 12 783 784 775 1470
5975 4 2 137 12 774 783 775 1470
5976 4 2 137 12 977 1412 1427 1451
5977 4 2 137 12 1313 2317 1300 2330
5978 4 2 137 12 2402 2404 2319 2439
5979 4 2 137 12 311 1005 1004 1463
5980 4 2 137 12 301 745 746 1335
5981 4 2 137 12 1164 1155 1163 2448
5982 4 2 137 12 1154 1163 1155 2448
5983 4 2 137 12 1470 330 775 774
5984 4 2 137 12 821 2335 812 2341
5985 4 2 137 12 1338 1337 518 316
5986 4 2 137 12 1357 1300 2317 2330
5987 4 2 137 12 1428 1414 610 1450
5988 4 2 137 12 631 2338 2342 2364
5989 4 2 137 12 1315 2351 2322 2439
5990 4 2 137 12 1393 551 1345 1346
5991 4 2 137 12 1160 1325 1169 2408
5992 4 2 137 12 777 1466 331 1465
5993 4 2 137 12 1248 2350 294 2410
5994 4 2 137 12 2353 2378 2316 2385
5995 4 2 137 12 25 319 1007 1467
5996 4 2 137 12 19 317 1339 748
5997 4 2 137 12 631 2342 2338 2389
5998 4 2 137 12 2339 2409 895 2430
5999 4 2 137 12 1212 290 289 2397
6000 4 2 137 12 1203 1212 289 2397
6001 4 2 137 12 1471 1483 189 831
6002 4 2 137 12 1472 117 1482 314
6003 4 2 137 12 280 279 2372 2409
6004 4 2 137 12 1413 1451 968 2404
6005 4 2 137 12 1444 1422 1407 628
6006 4 2 137 12 314 1340 514 513
6007 4 2 137 12 1050 1041 1049 2324
6008 4 2 137 12 1049 1041 1040 2324
6009 4 2 137 12 2366 2412 2318 2446
6010 4 2 137 12 1355 1391 1369 2422
6011 4 2 137 12 2337 2364 699 2426
6012 4 2 137 12 620 2318 2366 2412
6013 4 2 137 12 2318 2326 2359 2436
6014 4 2 137 12 1046 2351 1315 2439
6015 4 2 137 12 1234 1235 1226 2389
6016 4 2 137 12 1230 1238 1239 2389
6017 4 2 137 12 1230 1229 1238 2389
6018 4 2 137 12 1226 1225 1234 2389
6019 4 2 137 12 279 278 1113 2453
6020 4 2 137 12 278 1104 1113 2453
6021 4 2 137 12 631 2323 2342 2389
6022 4 2 137 12 2320 2316 2355 2378
6023 4 2 137 12 1469 1001 309 1000
6024 4 2 137 12 742 1341 299 741
6025 4 2 137 12 1374 1375 484 1393
6026 4 2 137 12 620 2366 2318 2406
6027 4 2 137 12 969 2404 2402 2439
6028 4 2 137 12 1403 552 1425 1450
6029 4 2 137 12 115 27 4 1482
6030 4 2 137 12 464 1480 121 1475
6031 4 2 137 12 1315 2322 2351 2428
6032 4 2 137 12 2318 2406 2366 2434
6033 4 2 137 12 314 115 27 521
6034 4 2 137 12 2325 2329 2373 2438
6035 4 2 137 12 1379 1347 1363 694
6036 4 2 137 12 2316 2347 2355 2378
6037 4 2 137 12 1339 671 1335 662
6038 4 2 137 12 939 930 1463 1467
6039 4 2 137 12 773 1468 329 772
6040 4 2 137 12 1253 1244 1252 2463
6041 4 2 137 12 1256 1257 1248 2463
6042 4 2 137 12 1248 1247 1256 2463
6043 4 2 137 12 1252 1244 1243 2463
6044 4 2 137 12 2337 2374 2343 2440
6045 4 2 137 12 888 2334 2390 2418
6046 4 2 137 12 518 1338 316 519
6047 4 2 137 12 2318 2406 2359 2412
6048 4 2 137 12 123 28 529 316
6049 4 2 137 12 631 2323 698 2342
6050 4 2 137 12 1040 2352 2324 2403
6051 4 2 137 12 620 2412 2366 2446
6052 4 2 137 12 888 2390 2334 2430
6053 4 2 137 12 2317 2369 2330 2408
6054 4 2 137 12 191 29 13 1483
6055 4 2 137 12 1046 1047 2351 2450
6056 4 2 137 12 1408 1409 1430 901
6057 4 2 137 12 2344 2432 1315 2439
6058 4 2 137 12 777 1466 778 331
6059 4 2 137 12 770 29 191 331
6060 4 2 137 12 828 185 1477 827
6061 4 2 137 12 185 828 1477 186
6062 4 2 137 12 897 2341 2335 2390
6063 4 2 137 12 30 183 329 762
6064 4 2 137 12 2320 2447 2379 2467
6065 4 2 137 12 703 712 1362 2395
6066 4 2 137 12 544 2359 2406 2412
6067 4 2 137 12 1220 2374 1219 2441
6068 4 2 137 12 2317 2400 2368 2433
6069 4 2 137 12 2318 2321 2350 2363
6070 4 2 137 12 22 299 1341 731
6071 4 2 137 12 1469 309 26 1008
6072 4 2 137 12 555 2362 2338 2382
6073 4 2 137 12 2337 2338 632 2364
6074 4 2 137 12 818 2325 809 2360
6075 4 2 137 12 1423 1451 883 1402
6076 4 2 137 12 1327 2391 1205 2429
6077 4 2 137 12 478 2326 469 2359
6078 4 2 137 12 1342 514 1340 505
6079 4 2 137 12 293 292 2362 2382
6080 4 2 137 12 884 893 2402 2404
6081 4 2 137 12 1161 1152 1160 2346
6082 4 2 137 12 1044 1419 1420 2375
6083 4 2 137 12 313 588 579 1333
6084 4 2 137 12 325 856 847 1461
6085 4 2 137 12 188 1471 831 830
6086 4 2 137 12 1471 189 188 831
6087 4 2 137 12 1451 1427 883 1402
6088 4 2 137 12 892 1423 1409 2404
6089 4 2 137 12 118 315 524 314
6090 4 2 137 12 1420 1410 1053 1437
6091 4 2 137 12 1378 1351 1061 1361
6092 4 2 137 12 2350 2363 2321 2392
6093 4 2 137 12 2322 2344 1315 2439
6094 4 2 137 12 1234 1225 1233 2342
6095 4 2 137 12 2319 2404 2375 2439
6096 4 2 137 12 1219 2364 1228 2441
6097 4 2 137 12 2332 2347 2353 2394
6098 4 2 137 12 1384 2317 1323 2433
6099 4 2 137 12 2325 2329 2328 2373
6100 4 2 137 12 552 1403 1428 1450
6101 4 2 137 12 1100 273 1099 2415
6102 4 2 137 12 273 272 1099 2415
6103 4 2 137 12 1413 1411 1441 968
6104 4 2 137 12 546 555 2362 2412
6105 4 2 137 12 290 2343 289 2397
6106 4 2 137 12 1310 2358 2330 2379
6107 4 2 137 12 315 515 524 314
6108 4 2 137 12 895 2409 2341 2430
6109 4 2 137 12 316 526 120 315
6110 4 2 137 12 1111 2399 1112 2414
6111 4 2 137 12 1277 1274 1259 2384
6112 4 2 137 12 820 812 811 2341
6113 4 2 137 12 820 821 812 2341
6114 4 2 137 12 631 2342 698 2364
6115 4 2 137 12 1451 1423 883 2404
6116 4 2 137 12 1292 1169 1325 2407
6117 4 2 137 12 2319 2435 2360 2438
6118 4 2 137 12 276 277 1257 2363
6119 4 2 137 12 1121 2372 1112 2399
6120 4 2 137 12 1482 117 1472 460
6121 4 2 137 12 1269 1272 1273 2376
6122 4 2 137 12 517 526 316 315
6123 4 2 137 12 965 2368 2324 2418
6124 4 2 137 12 1413 968 1441 2404
6125 4 2 137 12 116 115 1482 314
6126 4 2 137 12 278 18 2377 2393
6127 4 2 137 12 2324 2368 2336 2418
6128 4 2 137 12 2360 2402 893 2404
6129 4 2 137 12 1239 293 292 2362
6130 4 2 137 12 292 1230 1239 2362
6131 4 2 137 12 559 550 2355 2422
6132 4 2 137 12 1409 2360 892 2404
6133 4 2 137 12 286 2345 285 2468
6134 4 2 137 12 2319 2402 2360 2404
6135 4 2 137 12 190 191 1483 331
6136 4 2 137 12 123 122 1480 316
6137 4 2 137 12 2351 2450 1047 2466
6138 4 2 137 12 959 1441 1420 1411
6139 4 2 137 12 2322 2432 2344 2439
6140 4 2 137 12 293 292 2382 2425
6141 4 2 137 12 2343 2378 558 2394
6142 4 2 137 12 2359 2406 2318 2434
6143 4 2 137 12 331 188 767 330
6144 4 2 137 12 2343 2420 2337 2440
6145 4 2 137 12 1282 1272 1275 2381
6146 4 2 137 12 279 280 2393 2409
6147 4 2 137 12 2329 2363 2318 2436
6148 4 2 137 12 1325 2407 1169 2408
6149 4 2 137 12 557 2343 558 2394
6150 4 2 137 12 886 2289 2402 2450
6151 4 2 137 12 1481 183 184 329
6152 4 2 137 12 1161 1160 1169 2408
6153 4 2 137 12 1169 1170 1161 2408
6154 4 2 137 12 765 330 186 329
6155 4 2 137 12 1444 1407 1415 2406
6156 4 2 137 12 1345 551 1344 1346
6157 4 2 137 12 817 1481 818 2360
6158 4 2 137 12 555 2338 556 2382
6159 4 2 137 12 2326 2377 2329 2436
6160 4 2 137 12 318 317 146 587
6161 4 2 137 12 1100 1099 1108 2451
6162 4 2 137 12 1108 1109 1100 2451
6163 4 2 137 12 1409 1432 807 2360
6164 4 2 137 12 2317 2346 2369 2408
6165 4 2 137 12 2371 2400 2317 2424
6166 4 2 137 12 767 776 331 330
6167 4 2 137 12 2319 2432 2322 2439
6168 4 2 137 12 1206 2357 1205 2391
6169 4 2 137 12 2337 2420 2357 2467
6170 4 2 137 12 330 765 774 329
6171 4 2 137 12 1212 2374 290 2397
6172 4 2 137 12 2318 2363 2350 2436
6173 4 2 137 12 2317 2371 2388 2400
6174 4 2 137 12 2325 2360 2329 2438
6175 4 2 137 12 2350 2412 2318 2436
6176 4 2 137 12 1390 2317 2400 2424
6177 4 2 137 12 1285 295 18 2376
6178 4 2 137 12 2316 2353 2347 2378
6179 4 2 137 12 295 2350 1257 2363
6180 4 2 137 12 1230 1229 2389 2441
6181 4 2 137 12 1283 292 1265 2381
6182 4 2 137 12 121 120 463 1475
6183 4 2 137 12 463 464 121 1475
6184 4 2 137 12 699 698 2342 2364
6185 4 2 137 12 1272 1271 1275 2381
6186 4 2 137 12 2329 2359 2326 2436
6187 4 2 137 12 807 1409 1430 1432
6188 4 2 137 12 815 1371 1350 1373
6189 4 2 137 12 886 895 2339 2402
6190 4 2 137 12 699 2364 2342 2426
6191 4 2 137 12 888 2334 887 2430
6192 4 2 137 12 1367 2355 1381 2422
6193 4 2 137 12 892 1423 1402 1409
6194 4 2 137 12 2322 2319 2348 2432
6195 4 2 137 12 999 324 26 1469
6196 4 2 137 12 312 22 1341 740
6197 4 2 137 12 2325 2373 2319 2438
6198 4 2 137 12 2317 2330 1313 2408
6199 4 2 137 12 279 2348 1113 2372
6200 4 2 137 12 2328 2373 2329 2377
6201 4 2 137 12 2343 2378 2353 2385
6202 4 2 137 12 550 2378 2355 2421
6203 4 2 137 12 1350 900 2371 2442
6204 4 2 137 12 810 2325 819 2341
6205 4 2 137 12 292 1283 291 2381
6206 4 2 137 12 818 819 810 2325
6207 4 2 137 12 810 809 818 2325
6208 4 2 137 12 711 712 703 2395
6209 4 2 137 12 711 703 702 2395
6210 4 2 137 12 2375 2404 969 2439
6211 4 2 137 12 317 672 587 1334
6212 4 2 137 12 2337 700 2420 2467
6213 4 2 137 12 2368 2388 2336 2418
6214 4 2 137 12 1482 468 469 2359
6215 4 2 137 12 279 1113 2348 2453
6216 4 2 137 12 2319 2404 2360 2435
6217 4 2 137 12 1232 1240 1294 1231
6218 4 2 137 12 1121 1120 2396 2399
6219 4 2 137 12 2360 2435 2329 2438
6220 4 2 137 12 290 291 1261 2456
6221 4 2 137 12 1244 1245 2410 2463
6222 4 2 137 12 290 289 2343 2454
6223 4 2 137 12 2320 2378 2343 2385
6224 4 2 137 12 26 1469 1008 999
6225 4 2 137 12 1341 22 731 740
6226 4 2 137 12 312 1333 313 664
6227 4 2 137 12 2336 2388 2370 2418
6228 4 2 137 12 1403 1405 1425 2458
6229 4 2 137 12 1285 18 1262 2376
6230 4 2 137 12 1423 1439 1409 2404
6231 4 2 137 12 550 2421 2355 2422
6232 4 2 137 12 1251 1250 270 2380
6233 4 2 137 12 1251 270 271 2380
6234 4 2 137 12 2362 2412 2350 2436
6235 4 2 137 12 2322 2372 2348 2402
6236 4 2 137 12 325 324 93 856
6237 4 2 137 12 1228 2389 1229 2441
6238 4 2 137 12 2316 2320 2355 2379
6239 4 2 137 12 890 2400 899 2442
6240 4 2 137 12 1356 1348 1385 2422
6241 4 2 137 12 2325 2319 2360 2438
6242 4 2 137 12 1346 1393 551 2421
6243 4 2 137 12 1040 1301 2352 2403
6244 4 2 137 12 2317 1384 2400 2433
6245 4 2 137 12 316 1337 518 517
6246 4 2 137 12 1444 1422 628 2366
6247 4 2 137 12 304 1038 305 1318
6248 4 2 137 12 626 2355 627 2422
6249 4 2 137 12 557 2343 2394 2440
6250 4 2 137 12 1414 619 1450 2406
6251 4 2 137 12 2316 2361 2330 2424
6252 4 2 137 12 2318 2434 2366 2437
6253 4 2 137 12 1225 1226 2364 2389
6254 4 2 137 12 2317 2371 2345 2388
6255 4 2 137 12 2349 2437 2323 2446
6256 4 2 137 12 2380 2415 2344 2432
6257 4 2 137 12 891 890 899 2442
6258 4 2 137 12 899 900 891 2442
6259 4 2 137 12 672 663 1339 317
6260 4 2 137 12 1467 931 319 940
6261 4 2 137 12 1203 289 2385 2397
6262 4 2 137 12 555 546 2362 2382
6263 4 2 137 12 1465 331 777 776
6264 4 2 137 12 285 286 1259 2384
6265 4 2 137 12 1315 2344 2322 2428
6266 4 2 137 12 514 515 1342 314
6267 4 2 137 12 1187 1188 1179 2358
6268 4 2 137 12 1179 1178 1187 2358
6269 4 2 137 12 1238 1239 2389 2410
6270 4 2 137 12 1112 2348 1103 2414
6271 4 2 137 12 1323 2317 1313 2368
6272 4 2 137 12 1278 1275 1271 2419
6273 4 2 137 12 559 2355 550 2378
6274 4 2 137 12 2322 2348 2344 2432
6275 4 2 137 12 1367 2395 2355 2422
6276 4 2 137 12 625 2343 624 2420
6277 4 2 137 12 895 2339 2325 2409
6278 4 2 137 12 274 273 1100 2354
6279 4 2 137 12 1100 1101 274 2354
6280 4 2 137 12 276 275 1102 2354
6281 4 2 137 12 276 1102 1103 2354
6282 4 2 137 12 2338 2374 2337 2440
6283 4 2 137 12 24 304 1326 1035
6284 4 2 137 12 967 2294 966 2433
6285 4 2 137 12 481 2305 482 2394
6286 4 2 137 12 484 483 2302 2421
6287 4 2 137 12 520 318 129 511
6288 4 2 137 12 318 129 130 520
6289 4 2 137 12 788 193 320 194
6290 4 2 137 12 2329 2359 2318 2434
6291 4 2 137 12 2370 2390 2334 2418
6292 4 2 137 12 1235 1236 2389 2410
6293 4 2 137 12 1232 1223 1294 2426
6294 4 2 137 12 1390 2400 2371 2424
6295 4 2 137 12 1304 2437 2349 2446
6296 4 2 137 12 888 897 2390 2430
6297 4 2 137 12 2330 2379 2316 2424
6298 4 2 137 12 2321 2318 2350 2437
6299 4 2 137 12 1306 2415 2380 2432
6300 4 2 137 12 1409 1439 2360 2404
6301 4 2 137 12 2319 2322 2402 2439
6302 4 2 137 12 1273 1267 1269 2393
6303 4 2 137 12 1287 1277 287 2419
6304 4 2 137 12 1393 1375 484 1377
6305 4 2 137 12 625 2378 2343 2420
6306 4 2 137 12 624 2337 2420 2440
6307 4 2 137 12 1282 1273 1272 2376
6308 4 2 137 12 1100 2354 273 2415
6309 4 2 137 12 1366 1346 1344 2422
6310 4 2 137 12 623 2338 2337 2440
6311 4 2 137 12 1424 1441 2375 2404
6312 4 2 137 12 886 2289 885 2402
6313 4 2 137 12 277 18 295 2363
6314 4 2 137 12 295 1257 277 2363
6315 4 2 137 12 2325 2339 895 2402
6316 4 2 137 12 1350 1364 1343 2442
6317 4 2 137 12 1219 2374 2364 2441
6318 4 2 137 12 313 81 80 503
6319 4 2 137 12 780 771 85 325
6320 4 2 137 12 84 85 771 325
6321 4 2 137 12 1385 2395 1367 2422
6322 4 2 137 12 2323 2437 2318 2446
6323 4 2 137 12 2318 2323 2350 2437
6324 4 2 137 12 2321 2350 2392 2437
6325 4 2 137 12 1322 2337 700 2391
6326 4 2 137 12 546 2326 2362 2382
6327 4 2 137 12 329 773 774 1470
6328 4 2 137 12 1354 1382 1352 2442
6329 4 2 137 12 546 2362 2326 2412
6330 4 2 137 12 1449 2360 2404 2435
6331 4 2 137 12 1112 1113 2348 2372
6332 4 2 137 12 2332 2353 2331 2394
6333 4 2 137 12 896 895 2341 2430
6334 4 2 137 12 2336 2368 2317 2388
6335 4 2 137 12 1258 1282 1281 2425
6336 4 2 137 12 587 596 318 1334
6337 4 2 137 12 1462 864 855 320
6338 4 2 137 12 2317 1313 2346 2408
6339 4 2 137 12 1060 966 2294 2433
6340 4 2 137 12 1282 1265 1281 2425
6341 4 2 137 12 2375 2404 2319 2435
6342 4 2 137 12 809 895 894 2325
6343 4 2 137 12 1348 1363 1385 2395
6344 4 2 137 12 2288 2378 625 2447
6345 4 2 137 12 2334 2370 2324 2386
6346 4 2 137 12 1353 1354 1352 2442
6347 4 2 137 12 2355 2395 627 2422
6348 4 2 137 12 703 1347 1363 1362
6349 4 2 137 12 1422 1406 695 1421
6350 4 2 137 12 815 1350 900 2371
6351 4 2 137 12 1272 1269 1271 2365
6352 4 2 137 12 2316 2320 2356 2385
6353 4 2 137 12 2324 2334 2386 2405
6354 4 2 137 12 2333 2341 2328 2383
6355 4 2 137 12 541 2302 483 2421
6356 4 2 137 12 1257 2350 1248 2463
6357 4 2 137 12 1322 2357 2337 2391
6358 4 2 137 12 981 888 982 2334
6359 4 2 137 12 888 981 887 2334
6360 4 2 137 12 1267 1268 1269 2393
6361 4 2 137 12 622 623 614 2338
6362 4 2 137 12 614 613 622 2338
6363 4 2 137 12 514 1342 1340 314
6364 4 2 137 12 2355 2379 1388 2411
6365 4 2 137 12 292 1230 2362 2441
6366 4 2 137 12 2319 2322 2348 2402
6367 4 2 137 12 1260 280 281 2383
6368 4 2 137 12 546 554 555 2412
6369 4 2 137 12 545 554 546 2412
6370 4 2 137 12 1384 1357 1313 2317
6371 4 2 137 12 556 2382 2338 2440
6372 4 2 137 12 1269 1268 1270 2365
6373 4 2 137 12 959 1420 1441 2375
6374 4 2 137 12 1412 977 968 1451
6375 4 2 137 12 959 1441 1411 968
6376 4 2 137 12 1300 2330 1357 2379
6377 4 2 137 12 293 2382 2362 2425
6378 4 2 137 12 697 689 631 698
6379 4 2 137 12 689 697 631 688
6380 4 2 137 12 99 856 100 914
6381 4 2 137 12 787 845 853 844
6382 4 2 137 12 100 914 856 923
6383 4 2 137 12 915 924 916 858
6384 4 2 137 12 540 549 541 482
6385 4 2 137 12 920 928 862 919
6386 4 2 137 12 934 1000 992 1001
6387 4 2 137 12 925 916 924 858
6388 4 2 137 12 861 928 919 862
6389 4 2 137 12 844 853 787 786
6390 4 2 137 12 587 164 165 681
6391 4 2 137 12 928 920 862 929
6392 4 2 137 12 587 164 681 672
6393 4 2 137 12 895 903 809 894
6394 4 2 137 12 584 668 677 583
6395 4 2 137 12 669 677 678 584
6396 4 2 137 12 903 895 809 904
6397 4 2 137 12 903 894 808 809
6398 4 2 137 12 902 894 808 903
6399 4 2 137 12 669 668 677 584
6400 4 2 137 12 656 751 750 742
6401 4 2 137 12 668 676 677 583
6402 4 2 137 12 742 741 750 656
6403 4 2 137 12 668 667 676 583
6404 4 2 137 12 656 751 742 657
6405 4 2 137 12 583 667 676 582
6406 4 2 137 12 604 595 603 509
6407 4 2 137 12 595 604 510 509
6408 4 2 137 12 965 974 2368 2418
6409 4 2 137 12 1411 1413 1412 968
6410 4 2 137 12 2355 2421 1381 2422
6411 4 2 137 12 2316 2355 2347 2411
6412 4 2 137 12 2354 2432 2348 2438
6413 4 2 137 12 1263 288 289 2419
6414 4 2 137 12 626 2378 2288 2447
6415 4 2 137 12 1417 2329 2360 2435
6416 4 2 137 12 1284 285 1259 2413
6417 4 2 137 12 1276 282 283 2383
6418 4 2 137 12 1263 289 1280 2419
6419 4 2 137 12 886 2402 2339 2450
6420 4 2 137 12 619 610 1414 1450
6421 4 2 137 12 1333 589 581 590
6422 4 2 137 12 1333 589 580 581
6423 4 2 137 12 849 857 1461 848
6424 4 2 137 12 857 849 1461 858
6425 4 2 137 12 1414 1415 1407 619
6426 4 2 137 12 1262 278 1279 2393
6427 4 2 137 12 1157 1158 1149 2370
6428 4 2 137 12 1157 1149 1148 2370
6429 4 2 137 12 826 1481 184 827
6430 4 2 137 12 185 184 1481 827
6431 4 2 137 12 1261 1280 290 2456
6432 4 2 137 12 2349 2350 2323 2437
6433 4 2 137 12 460 118 117 1472
6434 4 2 137 12 460 118 1472 461
6435 4 2 137 12 1350 2371 1380 2442
6436 4 2 137 12 481 482 473 2394
6437 4 2 137 12 481 473 472 2394
6438 4 2 137 12 551 2421 550 2422
6439 4 2 137 12 1184 1192 1193 2356
6440 4 2 137 12 1184 1183 1192 2356
6441 4 2 137 12 2316 2379 2355 2411
6442 4 2 137 12 815 1373 1350 2371
6443 4 2 137 12 2354 2380 2344 2432
6444 4 2 137 12 550 2347 2378 2421
6445 4 2 137 12 278 279 1279 2393
6446 4 2 137 12 1313 1357 1300 2317
6447 4 2 137 12 1259 1274 1286 2413
6448 4 2 137 12 2337 2343 2374 2397
6449 4 2 137 12 886 2339 895 2430
6450 4 2 137 12 1422 1438 1407 628
6451 4 2 137 12 1348 1379 1363 636
6452 4 2 137 12 895 2325 2341 2409
6453 4 2 137 12 1112 2399 2372 2414
6454 4 2 137 12 1348 2395 1385 2422
6455 4 2 137 12 470 478 479 2445
6456 4 2 137 12 470 469 478 2445
6457 4 2 137 12 473 482 2347 2394
6458 4 2 137 12 1270 1286 1274 2413
6459 4 2 137 12 1470 1468 329 773
6460 4 2 137 12 1258 295 1285 2376
6461 4 2 137 12 1348 1356 1355 2422
6462 4 2 137 12 1278 1280 1261 2419
6463 4 2 137 12 887 2334 981 2430
6464 4 2 137 12 1449 2360 1439 2404
6465 4 2 137 12 294 2425 293 2436
6466 4 2 137 12 2335 2370 2336 2388
6467 4 2 137 12 2364 2374 1219 2427
6468 4 2 137 12 668 1336 667 583
6469 4 2 137 12 583 1336 667 582
6470 4 2 137 12 474 482 483 2347
6471 4 2 137 12 474 473 482 2347
6472 4 2 137 12 2355 2378 2347 2421
6473 4 2 137 12 2323 2350 2362 2412
6474 4 2 137 12 1447 2406 2359 2434
6475 4 2 137 12 1218 1227 1219 2364
6476 4 2 137 12 1217 1216 1225 2364
6477 4 2 137 12 1225 1226 1217 2364
6478 4 2 137 12 1227 1228 1219 2364
6479 4 2 137 12 1350 1343 900 2442
6480 4 2 137 12 559 560 551 2422
6481 4 2 137 12 559 551 550 2422
6482 4 2 137 12 2317 2346 1313 2368
6483 4 2 137 12 1265 1282 1275 2381
6484 4 2 137 12 292 2381 291 2382
6485 4 2 137 12 2323 2362 2350 2410
6486 4 2 137 12 1260 1266 280 2393
6487 4 2 137 12 1388 1381 1367 2355
6488 4 2 137 12 2316 2356 2330 2361
6489 4 2 137 12 1410 1044 1419 1420
6490 4 2 137 12 1351 1360 1052 1361
6491 4 2 137 12 968 2375 1441 2404
6492 4 2 137 12 1440 2359 1447 2406
6493 4 2 137 12 626 2355 2378 2447
6494 4 2 137 12 1266 279 280 2393
6495 4 2 137 12 1418 2359 2329 2434
6496 4 2 137 12 293 2425 2362 2436
6497 4 2 137 12 1407 619 1415 2406
6498 4 2 137 12 290 2374 2343 2397
6499 4 2 137 12 899 890 2388 2400
6500 4 2 137 12 1306 2380 2321 2432
6501 4 2 137 12 2368 2388 975 2400
6502 4 2 137 12 2317 2346 2336 2369
6503 4 2 137 12 289 2353 288 2385
6504 4 2 137 12 550 2347 549 2378
6505 4 2 137 12 1416 2432 2321 2435
6506 4 2 137 12 624 2420 2343 2440
6507 4 2 137 12 1297 1325 1159 1160
6508 4 2 137 12 2323 2318 2412 2446
6509 4 2 137 12 285 1284 284 2413
6510 4 2 137 12 890 2306 889 2388
6511 4 2 137 12 706 707 698 2342
6512 4 2 137 12 698 697 706 2342
6513 4 2 137 12 1323 1384 1313 2317
6514 4 2 137 12 1252 1251 271 2380
6515 4 2 137 12 271 272 1252 2380
6516 4 2 137 12 1409 1439 1432 2360
6517 4 2 137 12 291 290 1221 2374
6518 4 2 137 12 1212 1221 290 2374
6519 4 2 137 12 1211 1219 1220 2374
6520 4 2 137 12 1211 1210 1219 2374
6521 4 2 137 12 627 2355 626 2395
6522 4 2 137 12 819 820 811 2341
6523 4 2 137 12 811 810 819 2341
6524 4 2 137 12 2370 2388 2335 2418
6525 4 2 137 12 2318 2363 2329 2434
6526 4 2 137 12 1348 636 1363 2395
6527 4 2 137 12 1254 1253 273 2392
6528 4 2 137 12 1256 1255 275 2392
6529 4 2 137 12 275 276 1256 2392
6530 4 2 137 12 273 274 1254 2392
6531 4 2 137 12 832 189 190 1483
6532 4 2 137 12 1483 832 189 831
6533 4 2 137 12 973 972 981 2334
6534 4 2 137 12 973 981 982 2334
6535 4 2 137 12 2323 2318 2350 2412
6536 4 2 137 12 2317 2388 2368 2400
6537 4 2 137 12 1225 2342 1234 2389
6538 4 2 137 12 1205 2391 2357 2429
6539 4 2 137 12 2325 2360 2319 2402
6540 4 2 137 12 551 1344 1346 2422
6541 4 2 137 12 1040 1041 1314 2324
6542 4 2 137 12 1165 1173 1174 2369
6543 4 2 137 12 1165 1164 1173 2369
6544 4 2 137 12 326 4 27 1482
6545 4 2 137 12 1271 1269 1270 2365
6546 4 2 137 12 1443 2375 1326 2432
6547 4 2 137 12 2330 2361 2317 2424
6548 4 2 137 12 816 807 1432 2360
6549 4 2 137 12 2316 2330 2356 2379
6550 4 2 137 12 622 613 621 2412
6551 4 2 137 12 613 612 621 2412
6552 4 2 137 12 678 669 584 2299
6553 4 2 137 12 545 546 2326 2412
6554 4 2 137 12 1483 29 13 323
6555 4 2 137 12 1380 2371 1390 2400
6556 4 2 137 12 1408 892 1402 1409
6557 4 2 137 12 1343 1349 1350 900
6558 4 2 137 12 2318 2359 2326 2412
6559 4 2 137 12 2355 2411 1381 2421
6560 4 2 137 12 542 551 1345 1393
6561 4 2 137 12 2355 2379 2320 2447
6562 4 2 137 12 1148 2405 2386 2431
6563 4 2 137 12 1230 1239 2362 2389
6564 4 2 137 12 2319 2375 2432 2439
6565 4 2 137 12 2318 2321 2363 2434
6566 4 2 137 12 1046 1038 1037 1318
6567 4 2 137 12 1235 2387 1244 2410
6568 4 2 137 12 1136 1135 1144 2352
6569 4 2 137 12 1144 1145 1136 2352
6570 4 2 137 12 1142 1143 1134 2352
6571 4 2 137 12 1142 1134 1133 2352
6572 4 2 137 12 287 288 1287 2419
6573 4 2 137 12 2335 2336 2370 2416
6574 4 2 137 12 2320 2378 2355 2447
6575 4 2 137 12 959 1420 1437 1411
6576 4 2 137 12 1378 967 1352 1361
6577 4 2 137 12 1197 1206 1198 2357
6578 4 2 137 12 1206 1207 1198 2357
6579 4 2 137 12 1200 1199 1208 2357
6580 4 2 137 12 1208 1209 1200 2357
6581 4 2 137 12 2323 2412 621 2446
6582 4 2 137 12 1161 2346 1160 2408
6583 4 2 137 12 1050 1049 1058 2324
6584 4 2 137 12 1058 1059 1050 2324
6585 4 2 137 12 901 1430 1429 807
6586 4 2 137 12 1370 1371 909 815
6587 4 2 137 12 1374 484 542 1393
6588 4 2 137 12 1277 1259 286 2384
6589 4 2 137 12 1157 2370 1148 2386
6590 4 2 137 12 1468 771 780 325
6591 4 2 137 12 1046 1318 1315 2351
6592 4 2 137 12 2340 2401 2352 2466
6593 4 2 137 12 897 2335 898 2418
6594 4 2 137 12 1341 655 664 312
6595 4 2 137 12 324 923 1469 932
6596 4 2 137 12 2336 2346 2317 2368
6597 4 2 137 12 1319 2349 2387 2446
6598 4 2 137 12 2350 294 2410 2436
6599 4 2 137 12 293 2362 1239 2410
6600 4 2 137 12 2362 2382 292 2441
6601 4 2 137 12 984 2400 890 2442
6602 4 2 137 12 552 543 1403 1425
6603 4 2 137 12 291 1283 1261 2381
6604 4 2 137 12 279 2373 2372 2409
6605 4 2 137 12 898 2335 2388 2418
6606 4 2 137 12 2336 2324 2370 2386
6607 4 2 137 12 2345 2371 2317 2424
6608 4 2 137 12 117 524 523 314
6609 4 2 137 12 524 117 118 314
6610 4 2 137 12 522 115 116 314
6611 4 2 137 12 522 115 314 521
6612 4 2 137 12 1425 1450 552 2406
6613 4 2 137 12 544 543 2406 2458
6614 4 2 137 12 2343 2385 289 2397
6615 4 2 137 12 1188 1189 1180 2358
6616 4 2 137 12 1180 1179 1188 2358
6617 4 2 137 12 1169 2407 1170 2408
6618 4 2 137 12 2343 2353 289 2385
6619 4 2 137 12 985 1368 1353 2442
6620 4 2 137 12 1038 2351 1047 2466
6621 4 2 137 12 2334 2430 2367 2465
6622 4 2 137 12 901 1409 1430 807
6623 4 2 137 12 1060 965 966 2368
6624 4 2 137 12 1059 965 1060 2368
6625 4 2 137 12 472 2331 481 2394
6626 4 2 137 12 285 2345 286 2384
6627 4 2 137 12 1427 883 977 1451
6628 4 2 137 12 965 2324 964 2418
6629 4 2 137 12 275 2354 276 2392
6630 4 2 137 12 273 2354 274 2392
6631 4 2 137 12 626 2395 2355 2447
6632 4 2 137 12 2344 2380 2354 2415
6633 4 2 137 12 1442 1420 1419 2375
6634 4 2 137 12 1363 703 1362 2395
6635 4 2 137 12 2411 2424 1479 2459
6636 4 2 137 12 2334 2367 2340 2465
6637 4 2 137 12 1228 2364 2389 2441
6638 4 2 137 12 1156 1157 1148 2386
6639 4 2 137 12 1148 1147 1156 2386
6640 4 2 137 12 555 556 547 2382
6641 4 2 137 12 547 546 555 2382
6642 4 2 137 12 1051 1050 1059 2368
6643 4 2 137 12 1059 1060 1051 2368
6644 4 2 137 12 610 552 1428 1450
6645 4 2 137 12 515 523 314 514
6646 4 2 137 12 523 515 314 524
6647 4 2 137 12 1299 2321 1416 2432
6648 4 2 137 12 1121 2396 2372 2399
6649 4 2 137 12 1364 1350 1380 2442
6650 4 2 137 12 1388 2411 2379 2424
6651 4 2 137 12 257 1141 1297 1150
6652 4 2 137 12 1113 1121 1122 2372
6653 4 2 137 12 1112 1121 1113 2372
6654 4 2 137 12 1276 1268 1260 2383
6655 4 2 137 12 1219 2374 1210 2427
6656 4 2 137 12 2319 2348 2432 2438
6657 4 2 137 12 278 2377 2373 2393
6658 4 2 137 12 975 2400 984 2442
6659 4 2 137 12 627 2395 1348 2422
6660 4 2 137 12 122 464 1480 121
6661 4 2 137 12 464 122 1480 465
6662 4 2 137 12 483 474 2347 2421
6663 4 2 137 12 1390 2317 1384 2400
6664 4 2 137 12 549 2347 482 2394
6665 4 2 137 12 2355 2395 2379 2447
6666 4 2 137 12 529 122 123 316
6667 4 2 137 12 122 529 528 316
6668 4 2 137 12 120 527 526 316
6669 4 2 137 12 527 120 121 316
6670 4 2 137 12 2396 2450 2351 2466
6671 4 2 137 12 968 959 1441 2375
6672 4 2 137 12 1101 275 274 2354
6673 4 2 137 12 1101 1102 275 2354
6674 4 2 137 12 623 2337 624 2440
6675 4 2 137 12 1241 2387 1240 2449
6676 4 2 137 12 1414 1415 619 2406
6677 4 2 137 12 1126 1127 1118 2351
6678 4 2 137 12 1125 1116 1124 2351
6679 4 2 137 12 1117 1126 1118 2351
6680 4 2 137 12 1115 1124 1116 2351
6681 4 2 137 12 294 2350 295 2436
6682 4 2 137 12 632 2337 623 2338
6683 4 2 137 12 2335 2341 2333 2457
6684 4 2 137 12 1035 1326 1419 1044
6685 4 2 137 12 1311 2330 2358 2407
6686 4 2 137 12 2316 2361 2345 2464
6687 4 2 137 12 2372 2399 2348 2414
6688 4 2 137 12 2339 2430 886 2465
6689 4 2 137 12 888 887 896 2430
6690 4 2 137 12 888 896 897 2430
6691 4 2 137 12 518 526 316 517
6692 4 2 137 12 526 518 316 527
6693 4 2 137 12 694 1347 1363 703
6694 4 2 137 12 2352 2461 2340 2466
6695 4 2 137 12 1307 2432 2375 2439
6696 4 2 137 12 1424 1413 1441 2404
6697 4 2 137 12 2351 2396 2322 2450
6698 4 2 137 12 1323 1043 306 23
6699 4 2 137 12 297 298 709 1322
6700 4 2 137 12 278 2373 279 2393
6701 4 2 137 12 738 301 1339 739
6702 4 2 137 12 311 1467 1016 1015
6703 4 2 137 12 968 969 2375 2404
6704 4 2 137 12 2316 2356 2320 2379
6705 4 2 137 12 2396 2465 2450 2466
6706 4 2 137 12 191 769 770 331
6707 4 2 137 12 769 191 190 331
6708 4 2 137 12 189 767 331 188
6709 4 2 137 12 767 189 331 768
6710 4 2 137 12 1234 2387 1235 2389
6711 4 2 137 12 1421 695 1422 1445
6712 4 2 137 12 279 2393 2373 2409
6713 4 2 137 12 1310 1311 2330 2358
6714 4 2 137 12 2335 2390 2341 2457
6715 4 2 137 12 1478 2329 2326 2377
6716 4 2 137 12 1456 1433 534 485
6717 4 2 137 12 894 2325 895 2402
6718 4 2 137 12 539 2305 481 2394
6719 4 2 137 12 1380 2400 1365 2442
6720 4 2 137 12 481 480 538 2331
6721 4 2 137 12 539 481 538 2331
6722 4 2 137 12 764 186 185 329
6723 4 2 137 12 764 765 186 329
6724 4 2 137 12 184 762 329 183
6725 4 2 137 12 762 184 329 763
6726 4 2 137 12 2321 2380 2354 2432
6727 4 2 137 12 891 984 890 2442
6728 4 2 137 12 984 891 985 2442
6729 4 2 137 12 966 965 974 2368
6730 4 2 137 12 974 975 966 2368
6731 4 2 137 12 539 547 548 2331
6732 4 2 137 12 539 538 547 2331
6733 4 2 137 12 898 2388 889 2418
6734 4 2 137 12 1368 891 1343 2442
6735 4 2 137 12 922 931 211 864
6736 4 2 137 12 931 226 922 211
6737 4 2 137 12 931 226 211 227
6738 4 2 137 12 99 856 93 100
6739 4 2 137 12 72 673 664 579
6740 4 2 137 12 673 72 664 66
6741 4 2 137 12 66 65 72 664
6742 4 2 137 12 164 587 165 146
6743 4 2 137 12 2350 2410 2362 2436
6744 4 2 137 12 963 2293 962 2465
6745 4 2 137 12 889 888 897 2418
6746 4 2 137 12 897 898 889 2418
6747 4 2 137 12 551 1346 2421 2422
6748 4 2 137 12 767 776 768 331
6749 4 2 137 12 776 777 768 331
6750 4 2 137 12 1423 883 892 1402
6751 4 2 137 12 976 975 984 2442
6752 4 2 137 12 984 985 976 2442
6753 4 2 137 12 1292 1168 1325 1169
6754 4 2 137 12 117 459 1482 116
6755 4 2 137 12 459 117 1482 460
6756 4 2 137 12 1297 1160 1151 2403
6757 4 2 137 12 2324 2334 2405 2461
6758 4 2 137 12 618 1355 1369 2422
6759 4 2 137 12 1233 2342 1232 2387
6760 4 2 137 12 549 2378 2347 2394
6761 4 2 137 12 1346 1377 1393 2421
6762 4 2 137 12 773 774 765 329
6763 4 2 137 12 764 773 765 329
6764 4 2 137 12 1474 2329 2325 2360
6765 4 2 137 12 1267 1260 1268 2393
6766 4 2 137 12 1264 1276 283 2413
6767 4 2 137 12 2356 2358 2320 2379
6768 4 2 137 12 286 2361 287 2464
6769 4 2 137 12 1366 1381 1346 2422
6770 4 2 137 12 2375 2319 2432 2435
6771 4 2 137 12 1148 2386 2370 2431
6772 4 2 137 12 1380 1390 1365 2400
6773 4 2 137 12 587 318 317 1334
6774 4 2 137 12 2340 2461 2334 2465
6775 4 2 137 12 2334 2431 2367 2462
6776 4 2 137 12 1381 2355 1388 2411
6777 4 2 137 12 2345 2388 2335 2416
6778 4 2 137 12 617 559 2288 2378
6779 4 2 137 12 1218 2364 1219 2427
6780 4 2 137 12 1217 1216 2364 2427
6781 4 2 137 12 2317 2345 2336 2388
6782 4 2 137 12 1115 1295 1124 2351
6783 4 2 137 12 617 2288 626 2378
6784 4 2 137 12 548 2305 539 2394
6785 4 2 137 12 1058 964 2324 2461
6786 4 2 137 12 2367 1130 2452 2460
6787 4 2 137 12 1112 2372 2348 2414
6788 4 2 137 12 899 2388 2371 2400
6789 4 2 137 12 556 2338 614 2440
6790 4 2 137 12 2366 2406 1446 2434
6791 4 2 137 12 1391 1366 1344 2422
6792 4 2 137 12 808 807 816 2360
6793 4 2 137 12 816 817 808 2360
6794 4 2 137 12 2337 2343 2397 2420
6795 4 2 137 12 543 1403 1425 2458
6796 4 2 137 12 291 290 2374 2454
6797 4 2 137 12 901 1429 98 1454
6798 4 2 137 12 216 1370 909 1399
6799 4 2 137 12 289 2353 2343 2454
6800 4 2 137 12 2371 2400 1380 2442
6801 4 2 137 12 2372 2396 1121 2460
6802 4 2 137 12 2318 2437 2366 2446
6803 4 2 137 12 1309 2379 1387 2395
6804 4 2 137 12 892 2360 893 2404
6805 4 2 137 12 636 1379 1363 694
6806 4 2 137 12 1316 2415 2344 2451
6807 4 2 137 12 1309 2358 1310 2379
6808 4 2 137 12 971 2339 886 2465
6809 4 2 137 12 2326 2329 1478 2359
6810 4 2 137 12 1149 1148 2370 2431
6811 4 2 137 12 1058 2324 1049 2461
6812 4 2 137 12 1100 1101 2354 2414
6813 4 2 137 12 1102 1103 2354 2414
6814 4 2 137 12 1426 1440 1447 2406
6815 4 2 137 12 1409 1408 892 901
6816 4 2 137 12 473 474 1480 2347
6817 4 2 137 12 886 894 895 2402
6818 4 2 137 12 886 885 894 2402
6819 4 2 137 12 883 1423 892 2404
6820 4 2 137 12 1204 1205 1327 2391
6821 4 2 137 12 976 2400 975 2442
6822 4 2 137 12 2338 2374 2440 2441
6823 4 2 137 12 1351 1052 1061 1361
6824 4 2 137 12 1053 1044 1410 1420
6825 4 2 137 12 2379 2411 2316 2424
6826 4 2 137 12 276 2354 1103 2453
6827 4 2 137 12 2332 2353 2347 2459
6828 4 2 137 12 2343 2374 290 2454
6829 4 2 137 12 623 614 2338 2440
6830 4 2 137 12 1268 1264 1270 2413
6831 4 2 137 12 548 2331 547 2440
6832 4 2 137 12 2335 2390 2370 2418
6833 4 2 137 12 284 1158 1167 2416
6834 4 2 137 12 1167 285 284 2416
6835 4 2 137 12 480 472 471 2331
6836 4 2 137 12 472 480 481 2331
6837 4 2 137 12 511 520 318 1338
6838 4 2 137 12 1300 1310 2330 2379
6839 4 2 137 12 1040 2324 1314 2403
6840 4 2 137 12 1273 1262 1267 2393
6841 4 2 137 12 1131 1130 1139 2367
6842 4 2 137 12 1140 1131 1139 2367
6843 4 2 137 12 697 1319 2342 2446
6844 4 2 137 12 2330 2358 2356 2379
6845 4 2 137 12 1257 2363 2350 2392
6846 4 2 137 12 2316 2385 2356 2443
6847 4 2 137 12 971 886 2339 2450
6848 4 2 137 12 1258 1273 1282 2376
6849 4 2 137 12 283 1158 284 2370
6850 4 2 137 12 283 1149 1158 2370
6851 4 2 137 12 1127 1128 1119 2396
6852 4 2 137 12 1130 1121 1129 2396
6853 4 2 137 12 1119 1118 1127 2396
6854 4 2 137 12 1121 1120 1129 2396
6855 4 2 137 12 2336 2335 2388 2416
6856 4 2 137 12 1258 294 295 2425
6857 4 2 137 12 293 1265 292 2425
6858 4 2 137 12 1433 534 67 1456
6859 4 2 137 12 1374 141 542 1396
6860 4 2 137 12 1100 2344 1109 2414
6861 4 2 137 12 1184 1185 1176 2361
6862 4 2 137 12 1176 1175 1184 2361
6863 4 2 137 12 632 623 631 2338
6864 4 2 137 12 623 622 631 2338
6865 4 2 137 12 285 2384 2413 2416
6866 4 2 137 12 279 2373 278 2453
6867 4 2 137 12 1153 1152 1161 2346
6868 4 2 137 12 1161 1162 1153 2346
6869 4 2 137 12 469 2326 478 2445
6870 4 2 137 12 2324 2370 2334 2418
6871 4 2 137 12 627 636 1348 2395
6872 4 2 137 12 1307 1315 2432 2439
6873 4 2 137 12 2324 2346 2336 2368
6874 4 2 137 12 1477 2325 818 2360
6875 4 2 137 12 78 1433 1456 485
6876 4 2 137 12 1479 2424 2345 2459
6877 4 2 137 12 2324 2418 2334 2461
6878 4 2 137 12 1230 2389 2362 2441
6879 4 2 137 12 1312 1292 1325 2407
6880 4 2 137 12 976 1353 1352 2442
6881 4 2 137 12 701 700 709 2467
6882 4 2 137 12 709 710 701 2467
6883 4 2 137 12 1053 959 1054 2375
6884 4 2 137 12 960 1054 959 2375
6885 4 2 137 12 2348 2354 2344 2432
6886 4 2 137 12 2336 2370 2324 2418
6887 4 2 137 12 1416 2321 1299 2437
6888 4 2 137 12 18 295 2363 2377
6889 4 2 137 12 288 1194 1203 2385
6890 4 2 137 12 1193 1192 1201 2385
6891 4 2 137 12 1203 289 288 2385
6892 4 2 137 12 1201 1202 1193 2385
6893 4 2 137 12 544 2406 2359 2458
6894 4 2 137 12 1252 1243 2349 2463
6895 4 2 137 12 1323 2368 1051 2433
6896 4 2 137 12 1265 1275 1283 2381
6897 4 2 137 12 1427 1453 977 874
6898 4 2 137 12 1274 1277 1287 2419
6899 4 2 137 12 1357 2317 1390 2424
6900 4 2 137 12 824 1373 815 2371
6901 4 2 137 12 469 2326 1472 2359
6902 4 2 137 12 1369 1398 618 569
6903 4 2 137 12 468 467 476 2458
6904 4 2 137 12 476 477 468 2458
6905 4 2 137 12 2356 2398 2358 2444
6906 4 2 137 12 2339 2372 2322 2402
6907 4 2 137 12 1425 1415 1450 2406
6908 4 2 137 12 1268 1276 1264 2413
6909 4 2 137 12 1343 1364 1392 2442
6910 4 2 137 12 1115 1317 1114 1295
6911 4 2 137 12 1308 270 1250 2380
6912 4 2 137 12 1157 1158 2370 2448
6913 4 2 137 12 2324 964 2418 2461
6914 4 2 137 12 288 2385 2353 2443
6915 4 2 137 12 662 670 1335 661
6916 4 2 137 12 670 662 1335 671
6917 4 2 137 12 938 930 1463 939
6918 4 2 137 12 930 938 1463 929
6919 4 2 137 12 1053 1045 1044 2375
6920 4 2 137 12 1053 1054 1045 2375
6921 4 2 137 12 18 1262 2376 2393
6922 4 2 137 12 1251 1250 2380 2449
6923 4 2 137 12 1061 967 1378 1361
6924 4 2 137 12 1420 1053 959 1437
6925 4 2 137 12 1304 2349 1319 2446
6926 4 2 137 12 960 2375 969 2439
6927 4 2 137 12 2348 2399 2322 2414
6928 4 2 137 12 1284 1259 1286 2413
6929 4 2 137 12 1218 1217 1226 2364
6930 4 2 137 12 1226 1227 1218 2364
6931 4 2 137 12 2340 2465 2396 2466
6932 4 2 137 12 1417 2329 1474 2360
6933 4 2 137 12 1148 1147 2386 2405
6934 4 2 137 12 1193 1184 2356 2443
6935 4 2 137 12 1292 1178 1169 2407
6936 4 2 137 12 2379 2395 1309 2447
6937 4 2 137 12 1326 1443 1442 2375
6938 4 2 137 12 1178 2358 1179 2407
6939 4 2 137 12 544 543 552 2406
6940 4 2 137 12 544 552 553 2406
6941 4 2 137 12 1416 2434 2321 2437
6942 4 2 137 12 2349 2392 2350 2437
6943 4 2 137 12 1424 1423 1413 2404
6944 4 2 137 12 1350 1373 1380 2371
6945 4 2 137 12 2440 2441 2374 2454
6946 4 2 137 12 1262 1273 1285 2376
6947 4 2 137 12 276 277 2363 2453
6948 4 2 137 12 2348 2372 2322 2399
6949 4 2 137 12 2353 2385 2316 2443
6950 4 2 137 12 1144 1135 1143 2352
6951 4 2 137 12 1135 1134 1143 2352
6952 4 2 137 12 968 969 960 2375
6953 4 2 137 12 960 959 968 2375
6954 4 2 137 12 2343 2378 2320 2420
6955 4 2 137 12 813 821 822 2417
6956 4 2 137 12 632 633 624 2337
6957 4 2 137 12 624 623 632 2337
6958 4 2 137 12 1479 2371 2345 2424
6959 4 2 137 12 2345 2416 285 2468
6960 4 2 137 12 701 2420 700 2467
6961 4 2 137 12 1481 184 185 329
6962 4 2 137 12 1136 2352 1145 2405
6963 4 2 137 12 1312 2407 1325 2408
6964 4 2 137 12 1216 1207 2391 2427
6965 4 2 137 12 307 2366 1446 2437
6966 4 2 137 12 2322 2399 2351 2428
6967 4 2 137 12 286 2361 2345 2468
6968 4 2 137 12 2335 2345 2333 2417
6969 4 2 137 12 284 1264 283 2413
6970 4 2 137 12 969 2402 970 2439
6971 4 2 137 12 315 1337 517 516
6972 4 2 137 12 1353 1392 1354 2442
6973 4 2 137 12 691 633 690 2337
6974 4 2 137 12 690 633 632 2337
6975 4 2 137 12 1166 1165 1174 2369
6976 4 2 137 12 1174 1175 1166 2369
6977 4 2 137 12 2344 2399 2322 2428
6978 4 2 137 12 2326 2318 2412 2436
6979 4 2 137 12 2363 2434 2321 2438
6980 4 2 137 12 1207 1208 1199 2357
6981 4 2 137 12 1199 1198 1207 2357
6982 4 2 137 12 322 1479 2411 2424
6983 4 2 137 12 2336 2388 2345 2416
6984 4 2 137 12 1254 274 1255 2392
6985 4 2 137 12 275 1255 274 2392
6986 4 2 137 12 618 560 559 2422
6987 4 2 137 12 618 559 617 2422
6988 4 2 137 12 966 2368 975 2433
6989 4 2 137 12 1177 1169 1292 1178
6990 4 2 137 12 1169 1177 1292 1168
6991 4 2 137 12 2368 2400 975 2433
6992 4 2 137 12 706 697 1319 2342
6993 4 2 137 12 985 1394 233 1368
6994 4 2 137 12 977 106 1453 1427
6995 4 2 137 12 1348 1355 627 2422
6996 4 2 137 12 1122 2372 1121 2460
6997 4 2 137 12 2340 2367 2334 2405
6998 4 2 137 12 1187 1178 1320 2358
6999 4 2 137 12 626 2288 625 2447
7000 4 2 137 12 1304 2366 2437 2446
7001 4 2 137 12 618 158 1398 1369
7002 4 2 137 12 610 1458 59 1428
7003 4 2 137 12 1100 2354 2344 2414
7004 4 2 137 12 285 2416 2413 2457
7005 4 2 137 12 687 628 686 2366
7006 4 2 137 12 628 687 629 2366
7007 4 2 137 12 706 1319 707 2342
7008 4 2 137 12 2364 2374 2338 2441
7009 4 2 137 12 1443 2404 2375 2435
7010 4 2 137 12 2379 2447 1309 2467
7011 4 2 137 12 2339 971 2450 2465
7012 4 2 137 12 559 558 2288 2378
7013 4 2 137 12 286 2384 2361 2464
7014 4 2 137 12 484 1393 1377 2421
7015 4 2 137 12 292 2382 291 2441
7016 4 2 137 12 1212 1220 1221 2374
7017 4 2 137 12 1212 1211 1220 2374
7018 4 2 137 12 1160 1325 1168 1169
7019 4 2 137 12 1168 1159 1325 1160
7020 4 2 137 12 1193 2356 1192 2385
7021 4 2 137 12 1285 1273 1258 2376
7022 4 2 137 12 1117 1109 1108 2399
7023 4 2 137 12 1119 1120 1111 2399
7024 4 2 137 12 1109 1117 1118 2399
7025 4 2 137 12 1111 1110 1119 2399
7026 4 2 137 12 1155 2448 2386 2455
7027 4 2 137 12 1208 1209 2357 2427
7028 4 2 137 12 626 627 618 2422
7029 4 2 137 12 626 618 617 2422
7030 4 2 137 12 1381 2421 1346 2422
7031 4 2 137 12 291 2374 2441 2454
7032 4 2 137 12 279 1266 1279 2393
7033 4 2 137 12 1475 2331 2327 2445
7034 4 2 137 12 1356 1391 1355 2422
7035 4 2 137 12 1192 1191 1200 2398
7036 4 2 137 12 1198 1190 1189 2398
7037 4 2 137 12 1200 1201 1192 2398
7038 4 2 137 12 1190 1198 1199 2398
7039 4 2 137 12 2378 2420 625 2447
7040 4 2 137 12 277 276 1103 2453
7041 4 2 137 12 1103 1104 277 2453
7042 4 2 137 12 2330 2407 1313 2408
7043 4 2 137 12 1234 2342 1233 2387
7044 4 2 137 12 1177 1178 1292 1320
7045 4 2 137 12 2319 2373 2325 2402
7046 4 2 137 12 2324 2386 2352 2405
7047 4 2 137 12 281 1131 1140 2462
7048 4 2 137 12 1140 282 281 2462
7049 4 2 137 12 1465 776 775 330
7050 4 2 137 12 2330 2317 2361 2369
7051 4 2 137 12 893 885 884 2402
7052 4 2 137 12 885 893 894 2402
7053 4 2 137 12 1305 2349 1304 2437
7054 4 2 137 12 1165 1164 2369 2448
7055 4 2 137 12 2321 2432 2354 2438
7056 4 2 137 12 2329 2377 2363 2436
7057 4 2 137 12 695 696 687 2366
7058 4 2 137 12 687 686 695 2366
7059 4 2 137 12 1449 1439 1424 2404
7060 4 2 137 12 1485 2328 2325 2329
7061 4 2 137 12 1040 1048 1049 2461
7062 4 2 137 12 1483 189 190 331
7063 4 2 137 12 1121 2396 1130 2460
7064 4 2 137 12 900 899 908 2371
7065 4 2 137 12 972 2334 2461 2465
7066 4 2 137 12 2348 2354 2438 2453
7067 4 2 137 12 2337 2374 2364 2427
7068 4 2 137 12 1363 636 694 2395
7069 4 2 137 12 2327 2331 1475 2332
7070 4 2 137 12 1183 2356 1184 2423
7071 4 2 137 12 2396 2452 1130 2460
7072 4 2 137 12 1177 1186 1178 1320
7073 4 2 137 12 1187 1178 1186 1320
7074 4 2 137 12 2334 2390 2431 2462
7075 4 2 137 12 1304 2366 307 2437
7076 4 2 137 12 2358 2429 2398 2467
7077 4 2 137 12 1125 1126 1117 2351
7078 4 2 137 12 1117 1116 1125 2351
7079 4 2 137 12 1478 2329 1418 2359
7080 4 2 137 12 2331 548 2394 2440
7081 4 2 137 12 1192 2356 1183 2444
7082 4 2 137 12 1357 1388 2379 2424
7083 4 2 137 12 1363 694 703 2395
7084 4 2 137 12 1404 534 67 1433
7085 4 2 137 12 1345 141 542 1374
7086 4 2 137 12 1294 1223 1222 2426
7087 4 2 137 12 2338 2364 2337 2374
7088 4 2 137 12 977 969 968 2404
7089 4 2 137 12 977 978 969 2404
7090 4 2 137 12 2367 2405 2340 2452
7091 4 2 137 12 1139 2405 1148 2431
7092 4 2 137 12 291 2374 1221 2441
7093 4 2 137 12 546 2326 2382 2445
7094 4 2 137 12 2318 2321 2434 2437
7095 4 2 137 12 1276 1260 281 2383
7096 4 2 137 12 2331 2382 547 2440
7097 4 2 137 12 1207 1206 1215 2391
7098 4 2 137 12 1215 1216 1207 2391
7099 4 2 137 12 2325 2373 2372 2402
7100 4 2 137 12 1427 95 1453 874
7101 4 2 137 12 629 620 628 2366
7102 4 2 137 12 280 2409 2372 2460
7103 4 2 137 12 1369 144 1398 569
7104 4 2 137 12 1417 2360 1449 2435
7105 4 2 137 12 1306 2321 1299 2432
7106 4 2 137 12 1114 1106 1317 1115
7107 4 2 137 12 1106 1114 1317 1105
7108 4 2 137 12 2348 1103 2414 2453
7109 4 2 137 12 279 2348 2372 2373
7110 4 2 137 12 853 861 1465 852
7111 4 2 137 12 585 593 1337 584
7112 4 2 137 12 593 585 1337 594
7113 4 2 137 12 1244 2410 2387 2463
7114 4 2 137 12 2345 2388 2371 2417
7115 4 2 137 12 275 274 2354 2392
7116 4 2 137 12 289 2454 290 2456
7117 4 2 137 12 1352 2433 976 2442
7118 4 2 137 12 2335 2333 2416 2457
7119 4 2 137 12 1157 2370 2386 2448
7120 4 2 137 12 1252 2349 1243 2449
7121 4 2 137 12 1061 958 1395 1378
7122 4 2 137 12 1480 122 121 316
7123 4 2 137 12 1225 2364 2342 2389
7124 4 2 137 12 1201 2385 1192 2398
7125 4 2 137 12 884 979 978 2402
7126 4 2 137 12 884 885 979 2402
7127 4 2 137 12 2367 2405 1139 2431
7128 4 2 137 12 1358 1390 2371 2424
7129 4 2 137 12 699 700 691 2337
7130 4 2 137 12 691 690 699 2337
7131 4 2 137 12 1179 1170 1178 2407
7132 4 2 137 12 1172 1180 1181 2407
7133 4 2 137 12 1171 1180 1172 2407
7134 4 2 137 12 1169 1178 1170 2407
7135 4 2 137 12 2343 2394 2440 2454
7136 4 2 137 12 1252 1251 2380 2449
7137 4 2 137 12 1140 2367 1139 2431
7138 4 2 137 12 1382 2433 1352 2442
7139 4 2 137 12 884 883 892 2404
7140 4 2 137 12 884 892 893 2404
7141 4 2 137 12 1424 2375 1443 2404
7142 4 2 137 12 1158 1167 2416 2448
7143 4 2 137 12 620 2366 629 2446
7144 4 2 137 12 1422 1445 695 2366
7145 4 2 137 12 2320 2420 2378 2447
7146 4 2 137 12 1209 1200 2357 2397
7147 4 2 137 12 545 544 553 2412
7148 4 2 137 12 553 554 545 2412
7149 4 2 137 12 2394 2454 2353 2456
7150 4 2 137 12 1482 117 116 314
7151 4 2 137 12 1196 1204 1327 1195
7152 4 2 137 12 1204 1196 1327 1205
7153 4 2 137 12 1207 2357 1206 2391
7154 4 2 137 12 1416 1443 2432 2435
7155 4 2 137 12 1287 288 1263 2419
7156 4 2 137 12 2353 2378 2343 2394
7157 4 2 137 12 1277 286 287 2384
7158 4 2 137 12 284 1284 1264 2413
7159 4 2 137 12 1276 281 282 2383
7160 4 2 137 12 1100 2344 2354 2415
7161 4 2 137 12 291 2454 2382 2456
7162 4 2 137 12 2344 2415 1307 2432
7163 4 2 137 12 1183 1184 1175 2423
7164 4 2 137 12 1181 1182 1173 2423
7165 4 2 137 12 1183 1175 1174 2423
7166 4 2 137 12 1173 1172 1181 2423
7167 4 2 137 12 279 2348 2373 2453
7168 4 2 137 12 823 824 815 2371
7169 4 2 137 12 815 814 823 2371
7170 4 2 137 12 282 283 2390 2431
7171 4 2 137 12 295 2350 2363 2436
7172 4 2 137 12 477 2359 468 2458
7173 4 2 137 12 280 281 2383 2409
7174 4 2 137 12 1387 2379 2355 2395
7175 4 2 137 12 2334 2367 2430 2462
7176 4 2 137 12 279 1113 1122 2372
7177 4 2 137 12 1122 280 279 2372
7178 4 2 137 12 1357 1384 1390 2317
7179 4 2 137 12 2316 2345 2459 2464
7180 4 2 137 12 1446 2366 2434 2437
7181 4 2 137 12 2345 2371 1479 2417
7182 4 2 137 12 282 2390 283 2457
7183 4 2 137 12 1312 1313 2407 2408
7184 4 2 137 12 1129 1130 2396 2452
7185 4 2 137 12 1127 1128 2396 2452
7186 4 2 137 12 624 2337 633 2420
7187 4 2 137 12 1139 2405 2367 2452
7188 4 2 137 12 1473 2411 1479 2459
7189 4 2 137 12 1282 2376 1272 2381
7190 4 2 137 12 975 2400 976 2433
7191 4 2 137 12 621 2412 620 2446
7192 4 2 137 12 610 552 1450 2406
7193 4 2 137 12 1262 1279 1267 2393
7194 4 2 137 12 289 2353 2454 2456
7195 4 2 137 12 1308 1250 269 1249
7196 4 2 137 12 1250 270 1308 269
7197 4 2 137 12 1146 1155 1147 2386
7198 4 2 137 12 1147 1155 1156 2386
7199 4 2 137 12 611 552 610 2406
7200 4 2 137 12 611 553 552 2406
7201 4 2 137 12 691 633 2337 2420
7202 4 2 137 12 1274 1278 1271 2419
7203 4 2 137 12 1130 2367 1131 2460
7204 4 2 137 12 276 2363 2354 2453
7205 4 2 137 12 691 2337 700 2420
7206 4 2 137 12 1430 807 1432 1431
7207 4 2 137 12 1356 1385 1367 2422
7208 4 2 137 12 1286 1270 1264 2413
7209 4 2 137 12 1117 2351 1118 2399
7210 4 2 137 12 1388 2355 1387 2379
7211 4 2 137 12 1307 1315 2344 2432
7212 4 2 137 12 291 290 2454 2456
7213 4 2 137 12 2345 2335 2388 2417
7214 4 2 137 12 626 635 2395 2447
7215 4 2 137 12 2376 2377 18 2393
7216 4 2 137 12 970 978 979 2402
7217 4 2 137 12 970 969 978 2402
7218 4 2 137 12 1141 257 1297 256
7219 4 2 137 12 816 1432 1481 2360
7220 4 2 137 12 1055 1056 1047 2450
7221 4 2 137 12 1047 1046 1055 2450
7222 4 2 137 12 2322 2372 2339 2396
7223 4 2 137 12 610 1450 619 2406
7224 4 2 137 12 1416 308 1299 2432
7225 4 2 137 12 1310 1309 1321 2358
7226 4 2 137 12 1246 1237 1245 2410
7227 4 2 137 12 1237 1236 1245 2410
7228 4 2 137 12 1238 1247 1239 2410
7229 4 2 137 12 1248 1239 1247 2410
7230 4 2 137 12 1235 2389 2387 2410
7231 4 2 137 12 1136 2401 2405 2452
7232 4 2 137 12 2354 2363 276 2392
7233 4 2 137 12 1109 2344 1100 2451
7234 4 2 137 12 820 1471 821 2341
7235 4 2 137 12 1188 2358 1187 2429
7236 4 2 137 12 2381 2382 292 2425
7237 4 2 137 12 1218 1219 1210 2427
7238 4 2 137 12 1216 1208 1207 2427
7239 4 2 137 12 1208 1216 1217 2427
7240 4 2 137 12 1210 1209 1218 2427
7241 4 2 137 12 1275 1261 1283 2381
7242 4 2 137 12 1274 2384 1277 2419
7243 4 2 137 12 2333 2345 2335 2416
7244 4 2 137 12 289 288 2353 2464
7245 4 2 137 12 2334 2340 2405 2461
7246 4 2 137 12 1441 1443 1424 2375
7247 4 2 137 12 2337 2397 2374 2427
7248 4 2 137 12 2362 2382 2326 2425
7249 4 2 137 12 1232 1241 1233 2387
7250 4 2 137 12 1233 1241 1242 2387
7251 4 2 137 12 1243 1235 1234 2387
7252 4 2 137 12 1244 1235 1243 2387
7253 4 2 137 12 51 1457 1438 686
7254 4 2 137 12 1061 1395 250 1378
7255 4 2 137 12 1379 1397 175 694
7256 4 2 137 12 1053 114 1455 1437
7257 4 2 137 12 1192 2398 2385 2444
7258 4 2 137 12 1471 2335 821 2341
7259 4 2 137 12 1157 2386 1156 2448
7260 4 2 137 12 1154 1153 1162 2346
7261 4 2 137 12 1162 1163 1154 2346
7262 4 2 137 12 2345 2369 2336 2468
7263 4 2 137 12 1479 1358 2371 2424
7264 4 2 137 12 1180 2358 1189 2444
7265 4 2 137 12 1172 2407 1181 2423
7266 4 2 137 12 2348 2319 2373 2438
7267 4 2 137 12 2359 2406 1440 2458
7268 4 2 137 12 1383 1384 1323 2433
7269 4 2 137 12 1273 1269 2376 2393
7270 4 2 137 12 2325 2372 2339 2402
7271 4 2 137 12 635 636 627 2395
7272 4 2 137 12 627 626 635 2395
7273 4 2 137 12 1447 1446 2406 2434
7274 4 2 137 12 1227 1235 1236 2389
7275 4 2 137 12 1227 1226 1235 2389
7276 4 2 137 12 1229 1228 1237 2389
7277 4 2 137 12 1229 1237 1238 2389
7278 4 2 137 12 271 2380 270 2415
7279 4 2 137 12 2337 2397 2357 2420
7280 4 2 137 12 694 635 693 2395
7281 4 2 137 12 635 694 636 2395
7282 4 2 137 12 1386 1309 1387 2395
7283 4 2 137 12 547 2382 556 2440
7284 4 2 137 12 484 475 483 2421
7285 4 2 137 12 483 475 474 2421
7286 4 2 137 12 1139 2367 1130 2452
7287 4 2 137 12 2363 18 2377 2453
7288 4 2 137 12 712 720 298 711
7289 4 2 137 12 707 715 296 706
7290 4 2 137 12 2326 2412 2362 2436
7291 4 2 137 12 2324 2405 2352 2461
7292 4 2 137 12 291 2382 2381 2456
7293 4 2 137 12 1271 2365 1270 2419
7294 4 2 137 12 1329 306 1043 23
7295 4 2 137 12 1289 298 709 297
7296 4 2 137 12 1330 306 305 1040
7297 4 2 137 12 304 1331 1035 24
7298 4 2 137 12 1290 296 704 21
7299 4 2 137 12 1038 1332 304 305
7300 4 2 137 12 973 2334 2418 2461
7301 4 2 137 12 1040 1314 1301 2403
7302 4 2 137 12 2372 2396 2322 2399
7303 4 2 137 12 1452 1405 1404 2458
7304 4 2 137 12 2356 1184 2423 2443
7305 4 2 137 12 1209 1201 1200 2397
7306 4 2 137 12 1203 1202 1211 2397
7307 4 2 137 12 1211 1212 1203 2397
7308 4 2 137 12 1209 1210 1201 2397
7309 4 2 137 12 1232 1294 2342 2426
7310 4 2 137 12 282 283 2383 2457
7311 4 2 137 12 1173 1174 2369 2423
7312 4 2 137 12 1118 2351 1127 2396
7313 4 2 137 12 1127 2396 2401 2452
7314 4 2 137 12 611 610 619 2406
7315 4 2 137 12 619 620 611 2406
7316 4 2 137 12 1389 322 2411 2424
7317 4 2 137 12 18 2376 295 2377
7318 4 2 137 12 975 976 967 2433
7319 4 2 137 12 967 966 975 2433
7320 4 2 137 12 958 230 1395 1378
7321 4 2 137 12 1209 1210 2397 2427
7322 4 2 137 12 285 284 2416 2457
7323 4 2 137 12 306 2324 1050 2368
7324 4 2 137 12 1313 2330 1311 2407
7325 4 2 137 12 2347 2411 2355 2421
7326 4 2 137 12 1280 1278 1263 2419
7327 4 2 137 12 2338 2389 2364 2441
7328 4 2 137 12 1185 287 286 2361
7329 4 2 137 12 286 1176 1185 2361
7330 4 2 137 12 709 700 1322 2467
7331 4 2 137 12 1047 2450 1056 2466
7332 4 2 137 12 1418 2329 1448 2434
7333 4 2 137 12 1211 1210 2374 2397
7334 4 2 137 12 1443 308 1416 2432
7335 4 2 137 12 1387 2355 1367 2395
7336 4 2 137 12 973 972 2334 2461
7337 4 2 137 12 1178 1292 1320 2407
7338 4 2 137 12 1207 1208 2357 2427
7339 4 2 137 12 2344 2348 2322 2414
7340 4 2 137 12 327 1474 1417 2329
7341 4 2 137 12 1154 2346 1163 2448
7342 4 2 137 12 1474 1485 2325 2329
7343 4 2 137 12 2362 2389 1239 2410
7344 4 2 137 12 2402 2439 2322 2450
7345 4 2 137 12 552 543 1425 2406
7346 4 2 137 12 977 1412 106 1427
7347 4 2 137 12 233 1353 985 1368
7348 4 2 137 12 2331 2440 2394 2454
7349 4 2 137 12 1295 1124 2351 2401
7350 4 2 137 12 1220 1221 2374 2441
7351 4 2 137 12 611 620 612 2412
7352 4 2 137 12 621 612 620 2412
7353 4 2 137 12 96 883 1427 1402
7354 4 2 137 12 214 1343 1368 891
7355 4 2 137 12 1259 2384 1274 2413
7356 4 2 137 12 327 1417 1448 2329
7357 4 2 137 12 1418 327 1448 2329
7358 4 2 137 12 970 2289 971 2450
7359 4 2 137 12 1136 2405 1137 2452
7360 4 2 137 12 1138 2405 1139 2452
7361 4 2 137 12 1309 1321 2358 2467
7362 4 2 137 12 618 1355 158 1369
7363 4 2 137 12 59 1414 610 1428
7364 4 2 137 12 1417 1439 1449 2360
7365 4 2 137 12 2338 2382 2362 2441
7366 4 2 137 12 285 2384 1259 2413
7367 4 2 137 12 702 703 694 2395
7368 4 2 137 12 694 693 702 2395
7369 4 2 137 12 1184 1185 2361 2443
7370 4 2 137 12 1417 1448 2329 2435
7371 4 2 137 12 1192 2385 2356 2444
7372 4 2 137 12 1184 2361 1175 2423
7373 4 2 137 12 2374 2397 1210 2427
7374 4 2 137 12 69 552 1403 1428
7375 4 2 137 12 143 560 1369 1344
7376 4 2 137 12 2321 2380 1299 2437
7377 4 2 137 12 693 2395 635 2447
7378 4 2 137 12 1258 1281 294 2425
7379 4 2 137 12 293 1281 1265 2425
7380 4 2 137 12 2328 2329 1485 2377
7381 4 2 137 12 1115 1123 1295 1114
7382 4 2 137 12 1123 1115 1295 1124
7383 4 2 137 12 2344 2354 2348 2414
7384 4 2 137 12 1365 2400 1382 2442
7385 4 2 137 12 1101 1102 2354 2414
7386 4 2 137 12 1050 306 1041 2324
7387 4 2 137 12 824 1483 1373 2371
7388 4 2 137 12 1200 1199 2357 2398
7389 4 2 137 12 2329 2434 2363 2438
7390 4 2 137 12 1484 2345 2384 2459
7391 4 2 137 12 2354 2414 1103 2453
7392 4 2 137 12 1443 2375 2432 2435
7393 4 2 137 12 1046 2439 1055 2450
7394 4 2 137 12 285 2413 284 2457
7395 4 2 137 12 1158 284 2370 2416
7396 4 2 137 12 1260 280 2383 2393
7397 4 2 137 12 1300 1357 302 2379
7398 4 2 137 12 2320 2358 2398 2467
7399 4 2 137 12 1260 1267 1266 2393
7400 4 2 137 12 1424 1443 1449 2404
7401 4 2 137 12 1228 2364 1227 2389
7402 4 2 137 12 1136 1145 1137 2405
7403 4 2 137 12 1139 1138 1147 2405
7404 4 2 137 12 1145 1146 1137 2405
7405 4 2 137 12 1148 1139 1147 2405
7406 4 2 137 12 2363 2438 2354 2453
7407 4 2 137 12 1232 1231 1294 1223
7408 4 2 137 12 1231 1294 1223 1222
7409 4 2 137 12 702 2395 693 2447
7410 4 2 137 12 829 820 1477 1471
7411 4 2 137 12 616 2288 558 2378
7412 4 2 137 12 285 2345 2384 2416
7413 4 2 137 12 962 1056 2450 2466
7414 4 2 137 12 1429 98 1408 901
7415 4 2 137 12 1370 1349 216 909
7416 4 2 137 12 1485 2326 2327 2377
7417 4 2 137 12 308 1443 1326 2432
7418 4 2 137 12 1434 77 476 1433
7419 4 2 137 12 1375 484 126 1374
7420 4 2 137 12 1148 1149 1140 2431
7421 4 2 137 12 1140 1139 1148 2431
7422 4 2 137 12 2320 2358 2356 2398
7423 4 2 137 12 1268 2365 1269 2393
7424 4 2 137 12 2339 2402 2322 2450
7425 4 2 137 12 2339 2372 2325 2409
7426 4 2 137 12 1475 2347 2332 2394
7427 4 2 137 12 286 2345 2361 2384
7428 4 2 137 12 1131 2367 1140 2462
7429 4 2 137 12 2331 2454 2394 2456
7430 4 2 137 12 963 2465 2340 2466
7431 4 2 137 12 1128 1129 1120 2396
7432 4 2 137 12 1120 1119 1128 2396
7433 4 2 137 12 1111 1112 1103 2414
7434 4 2 137 12 1101 1100 1109 2414
7435 4 2 137 12 1103 1102 1111 2414
7436 4 2 137 12 1109 1110 1101 2414
7437 4 2 137 12 1423 1424 1439 2404
7438 4 2 137 12 1055 2439 961 2450
7439 4 2 137 12 283 2370 284 2457
7440 4 2 137 12 546 2382 547 2445
7441 4 2 137 12 1269 2365 1272 2376
7442 4 2 137 12 1299 307 1416 2437
7443 4 2 137 12 1403 543 68 1404
7444 4 2 137 12 1344 142 551 1345
7445 4 2 137 12 1485 1478 2326 2377
7446 4 2 137 12 1299 2321 1306 2380
7447 4 2 137 12 1225 2342 2364 2426
7448 4 2 137 12 1038 1318 2351 2466
7449 4 2 137 12 979 885 2289 2402
7450 4 2 137 12 2432 2435 2319 2438
7451 4 2 137 12 1156 2386 1155 2448
7452 4 2 137 12 1358 1390 1380 2371
7453 4 2 137 12 1265 1282 2381 2425
7454 4 2 137 12 2343 2320 2397 2420
7455 4 2 137 12 1418 1478 327 2329
7456 4 2 137 12 2340 2396 2351 2466
7457 4 2 137 12 1311 1300 1310 2330
7458 4 2 137 12 616 625 2288 2378
7459 4 2 137 12 1276 2383 283 2413
7460 4 2 137 12 1312 1313 1311 2407
7461 4 2 137 12 2331 2353 2332 2456
7462 4 2 137 12 1108 1117 2399 2428
7463 4 2 137 12 1218 1217 2364 2427
7464 4 2 137 12 1385 1387 1367 2395
7465 4 2 137 12 283 1149 2370 2431
7466 4 2 137 12 2339 2450 2396 2465
7467 4 2 137 12 1387 302 1357 2379
7468 4 2 137 12 1418 1447 2359 2434
7469 4 2 137 12 1445 1446 307 2366
7470 4 2 137 12 1272 2365 1271 2381
7471 4 2 137 12 1232 2342 1294 2387
7472 4 2 137 12 1361 967 1352 2433
7473 4 2 137 12 1313 1384 1323 303
7474 4 2 137 12 1173 2369 1164 2408
7475 4 2 137 12 2323 2410 2350 2463
7476 4 2 137 12 1260 2383 1268 2393
7477 4 2 137 12 2349 2380 2392 2437
7478 4 2 137 12 1448 2434 2329 2435
7479 4 2 137 12 2373 2438 2377 2453
7480 4 2 137 12 1179 2358 1180 2407
7481 4 2 137 12 18 2363 277 2453
7482 4 2 137 12 1118 2396 1119 2399
7483 4 2 137 12 970 2402 2289 2450
7484 4 2 137 12 1144 1145 2352 2455
7485 4 2 137 12 2370 283 2431 2457
7486 4 2 137 12 1009 1469 1008 309
7487 4 2 137 12 732 299 731 1341
7488 4 2 137 12 1225 2364 1216 2426
7489 4 2 137 12 1201 1200 2397 2398
7490 4 2 137 12 322 1358 1479 2424
7491 4 2 137 12 1426 1447 1446 2406
7492 4 2 137 12 2334 2390 2370 2431
7493 4 2 137 12 1212 1211 2374 2397
7494 4 2 137 12 1484 2345 2333 2384
7495 4 2 137 12 1295 2351 1115 2428
7496 4 2 137 12 1306 1307 2415 2432
7497 4 2 137 12 1193 1202 1194 2385
7498 4 2 137 12 1202 1203 1194 2385
7499 4 2 137 12 1108 1116 1117 2428
7500 4 2 137 12 1116 1108 1107 2428
7501 4 2 137 12 1440 1418 1447 2359
7502 4 2 137 12 2316 2347 2353 2459
7503 4 2 137 12 1431 816 1432 328
7504 4 2 137 12 1373 824 1372 323
7505 4 2 137 12 1207 2357 2391 2427
7506 4 2 137 12 1265 2381 292 2425
7507 4 2 137 12 288 1194 2385 2443
7508 4 2 137 12 2322 2396 2339 2450
7509 4 2 137 12 1190 1189 2398 2444
7510 4 2 137 12 1191 2398 1192 2444
7511 4 2 137 12 1275 2381 1271 2419
7512 4 2 137 12 1425 2406 543 2458
7513 4 2 137 12 1197 2357 1198 2429
7514 4 2 137 12 2384 2459 2345 2464
7515 4 2 137 12 829 821 820 1471
7516 4 2 137 12 829 821 1471 830
7517 4 2 137 12 1475 2332 2331 2394
7518 4 2 137 12 2361 2369 2345 2468
7519 4 2 137 12 1045 304 2375 2439
7520 4 2 137 12 1174 1175 2369 2423
7521 4 2 137 12 963 2461 2340 2465
7522 4 2 137 12 1040 1314 305 1301
7523 4 2 137 12 1416 307 1446 2437
7524 4 2 137 12 2326 2425 2377 2436
7525 4 2 137 12 557 2394 548 2440
7526 4 2 137 12 2338 2440 2382 2441
7527 4 2 137 12 1268 1270 2365 2413
7528 4 2 137 12 1109 2344 2399 2414
7529 4 2 137 12 2413 2416 2384 2457
7530 4 2 137 12 280 281 2409 2460
7531 4 2 137 12 1354 1365 1382 2442
7532 4 2 137 12 535 543 544 2458
7533 4 2 137 12 534 543 535 2458
7534 4 2 137 12 1305 1319 1304 2349
7535 4 2 137 12 2347 2378 2353 2394
7536 4 2 137 12 970 2439 2402 2450
7537 4 2 137 12 1178 1320 2358 2407
7538 4 2 137 12 1402 97 892 1408
7539 4 2 137 12 215 1349 1343 900
7540 4 2 137 12 1216 2426 2364 2427
7541 4 2 137 12 2349 2380 1252 2392
7542 4 2 137 12 326 1435 467 2458
7543 4 2 137 12 1166 1167 1158 2448
7544 4 2 137 12 1164 1165 1156 2448
7545 4 2 137 12 1156 1155 1164 2448
7546 4 2 137 12 1158 1157 1166 2448
7547 4 2 137 12 898 2388 2335 2417
7548 4 2 137 12 1227 2364 1226 2389
7549 4 2 137 12 1254 1253 2392 2463
7550 4 2 137 12 1256 1255 2392 2463
7551 4 2 137 12 2334 2430 2390 2462
7552 4 2 137 12 1426 1444 1415 2406
7553 4 2 137 12 1193 1185 1184 2443
7554 4 2 137 12 1185 1193 1194 2443
7555 4 2 137 12 899 2388 898 2417
7556 4 2 137 12 1216 2391 2426 2427
7557 4 2 137 12 2377 2438 2363 2453
7558 4 2 137 12 738 1339 301 747
7559 4 2 137 12 1467 311 1006 1015
7560 4 2 137 12 1364 1380 1365 2442
7561 4 2 137 12 819 1477 820 2341
7562 4 2 137 12 2340 2461 963 2466
7563 4 2 137 12 2343 2320 2385 2397
7564 4 2 137 12 1181 2407 1180 2444
7565 4 2 137 12 828 820 1477 829
7566 4 2 137 12 820 828 1477 819
7567 4 2 137 12 1445 307 1304 2366
7568 4 2 137 12 282 2383 281 2462
7569 4 2 137 12 979 2289 970 2402
7570 4 2 137 12 1444 1445 1422 2366
7571 4 2 137 12 1312 2346 1313 2408
7572 4 2 137 12 2434 2435 2321 2438
7573 4 2 137 12 2400 2433 1382 2442
7574 4 2 137 12 1477 818 1481 2360
7575 4 2 137 12 1198 2357 1199 2398
7576 4 2 137 12 2316 2411 2347 2459
7577 4 2 137 12 1209 2397 2357 2427
7578 4 2 137 12 1115 2351 1116 2428
7579 4 2 137 12 1267 1279 1266 2393
7580 4 2 137 12 2357 2397 2320 2420
7581 4 2 137 12 2328 2333 1476 2341
7582 4 2 137 12 1189 2358 1188 2429
7583 4 2 137 12 291 2381 1261 2456
7584 4 2 137 12 1438 1406 51 686
7585 4 2 137 12 1351 1061 250 1378
7586 4 2 137 12 175 1347 1379 694
7587 4 2 137 12 114 1053 1410 1437
7588 4 2 137 12 1479 2345 1484 2459
7589 4 2 137 12 1119 2396 1120 2399
7590 4 2 137 12 820 1477 1471 2341
7591 4 2 137 12 1198 2398 1189 2429
7592 4 2 137 12 1240 2387 1296 2449
7593 4 2 137 12 2326 2425 2382 2445
7594 4 2 137 12 302 1387 1309 2379
7595 4 2 137 12 1314 2346 2324 2368
7596 4 2 137 12 826 818 1481 827
7597 4 2 137 12 818 826 1481 817
7598 4 2 137 12 1473 322 1479 2411
7599 4 2 137 12 1052 1051 1060 2433
7600 4 2 137 12 1268 2383 1276 2413
7601 4 2 137 12 1229 1230 1221 2441
7602 4 2 137 12 1221 1220 1229 2441
7603 4 2 137 12 2341 2383 2333 2457
7604 4 2 137 12 2362 2389 2338 2441
7605 4 2 137 12 2322 2396 2351 2399
7606 4 2 137 12 2331 2394 2353 2456
7607 4 2 137 12 1294 1222 1328 2426
7608 4 2 137 12 2316 2345 2361 2424
7609 4 2 137 12 1443 1449 2404 2435
7610 4 2 137 12 1055 961 1056 2450
7611 4 2 137 12 962 1056 961 2450
7612 4 2 137 12 1234 2342 2387 2389
7613 4 2 137 12 1444 1426 1446 2406
7614 4 2 137 12 1110 2399 1111 2414
7615 4 2 137 12 1444 1446 2366 2406
7616 4 2 137 12 2336 2345 2317 2369
7617 4 2 137 12 1052 1361 1360 2433
7618 4 2 137 12 1366 1367 1381 2422
7619 4 2 137 12 1136 1135 2352 2401
7620 4 2 137 12 1134 1133 2352 2401
7621 4 2 137 12 2356 2358 2330 2444
7622 4 2 137 12 1305 2380 2349 2437
7623 4 2 137 12 2357 2397 2337 2427
7624 4 2 137 12 1442 1441 1420 2375
7625 4 2 137 12 2339 2396 2372 2460
7626 4 2 137 12 88 1429 1430 807
7627 4 2 137 12 1371 1370 197 815
7628 4 2 137 12 471 463 1475 472
7629 4 2 137 12 463 471 1475 462
7630 4 2 137 12 2367 2452 2396 2460
7631 4 2 137 12 908 813 814 2417
7632 4 2 137 12 967 976 1352 2433
7633 4 2 137 12 1108 2428 2399 2451
7634 4 2 137 12 1363 1362 1386 2395
7635 4 2 137 12 1252 2380 2349 2449
7636 4 2 137 12 282 2390 2383 2462
7637 4 2 137 12 1284 1286 1264 2413
7638 4 2 137 12 1295 1302 1124 2401
7639 4 2 137 12 1367 1387 1388 2355
7640 4 2 137 12 1304 704 296 21
7641 4 2 137 12 1315 2351 1318 2428
7642 4 2 137 12 1130 1131 1122 2460
7643 4 2 137 12 1122 1121 1130 2460
7644 4 2 137 12 2323 2350 2349 2463
7645 4 2 137 12 288 2443 2353 2464
7646 4 2 137 12 1204 1327 1303 2391
7647 4 2 137 12 1308 2380 1250 2449
7648 4 2 137 12 1189 2429 2398 2444
7649 4 2 137 12 1482 469 1472 2359
7650 4 2 137 12 962 2450 2465 2466
7651 4 2 137 12 1186 1187 1320 2429
7652 4 2 137 12 294 295 2425 2436
7653 4 2 137 12 1446 2434 1416 2437
7654 4 2 137 12 1158 2416 2370 2448
7655 4 2 137 12 1389 1358 322 2424
7656 4 2 137 12 2321 2392 2380 2437
7657 4 2 137 12 304 1046 1315 2439
7658 4 2 137 12 2354 2363 2321 2438
7659 4 2 137 12 1193 2356 2385 2443
7660 4 2 137 12 1296 1240 1294 2387
7661 4 2 137 12 1127 2401 1136 2452
7662 4 2 137 12 302 1309 1300 2379
7663 4 2 137 12 858 924 925 1461
7664 4 2 137 12 1389 322 1359 2411
7665 4 2 137 12 1475 2332 2347 2459
7666 4 2 137 12 291 2441 2382 2454
7667 4 2 137 12 1190 1199 1191 2398
7668 4 2 137 12 1200 1191 1199 2398
7669 4 2 137 12 1201 1202 2385 2397
7670 4 2 137 12 296 696 2366 2446
7671 4 2 137 12 899 890 898 2388
7672 4 2 137 12 898 890 889 2388
7673 4 2 137 12 286 287 2384 2464
7674 4 2 137 12 2361 2423 1184 2443
7675 4 2 137 12 2321 2435 2432 2438
7676 4 2 137 12 2321 2434 1416 2435
7677 4 2 137 12 1475 471 472 2331
7678 4 2 137 12 18 277 1104 2453
7679 4 2 137 12 1104 278 18 2453
7680 4 2 137 12 1405 1440 1425 2458
7681 4 2 137 12 1138 1139 1130 2452
7682 4 2 137 12 1129 1138 1130 2452
7683 4 2 137 12 1136 1137 1128 2452
7684 4 2 137 12 1128 1127 1136 2452
7685 4 2 137 12 2362 2425 2326 2436
7686 4 2 137 12 2382 2441 2440 2454
7687 4 2 137 12 289 290 1280 2456
7688 4 2 137 12 1299 308 1307 2432
7689 4 2 137 12 2336 2346 2324 2386
7690 4 2 137 12 2343 2440 2374 2454
7691 4 2 137 12 891 900 1343 2442
7692 4 2 137 12 1193 2385 1194 2443
7693 4 2 137 12 1472 1475 2327 2445
7694 4 2 137 12 1109 2399 1110 2414
7695 4 2 137 12 1118 1119 1110 2399
7696 4 2 137 12 1109 1118 1110 2399
7697 4 2 137 12 2330 2369 2361 2423
7698 4 2 137 12 2352 2386 2324 2455
7699 4 2 137 12 2328 2341 2325 2409
7700 4 2 137 12 2345 2424 2316 2459
7701 4 2 137 12 2367 2396 2340 2465
7702 4 2 137 12 1166 1165 2369 2448
7703 4 2 137 12 550 549 558 2378
7704 4 2 137 12 550 558 559 2378
7705 4 2 137 12 1189 1190 1181 2444
7706 4 2 137 12 1191 1192 1183 2444
7707 4 2 137 12 1181 1180 1189 2444
7708 4 2 137 12 1183 1182 1191 2444
7709 4 2 137 12 985 891 1368 2442
7710 4 2 137 12 2357 2320 2397 2398
7711 4 2 137 12 1365 1384 1382 2400
7712 4 2 137 12 474 1480 2347 2421
7713 4 2 137 12 1301 305 1040 2352
7714 4 2 137 12 1126 1127 2351 2401
7715 4 2 137 12 1124 1125 2351 2401
7716 4 2 137 12 2369 2423 1175 2468
7717 4 2 137 12 549 548 557 2394
7718 4 2 137 12 557 558 549 2394
7719 4 2 137 12 1152 2346 1153 2455
7720 4 2 137 12 1311 1292 1312 2407
7721 4 2 137 12 1164 2408 2369 2448
7722 4 2 137 12 1311 2358 1320 2407
7723 4 2 137 12 2340 2405 2401 2452
7724 4 2 137 12 1323 1360 1383 2433
7725 4 2 137 12 1361 1352 1382 2433
7726 4 2 137 12 1295 1115 1317 2428
7727 4 2 137 12 823 832 1483 831
7728 4 2 137 12 634 625 2420 2447
7729 4 2 137 12 1382 2400 1384 2433
7730 4 2 137 12 2372 2409 2339 2460
7731 4 2 137 12 982 888 889 2418
7732 4 2 137 12 889 983 982 2418
7733 4 2 137 12 1203 2385 1202 2397
7734 4 2 137 12 1146 2386 1147 2405
7735 4 2 137 12 2343 2353 2394 2454
7736 4 2 137 12 1432 807 816 1431
7737 4 2 137 12 1471 1476 2333 2341
7738 4 2 137 12 1305 1299 2380 2437
7739 4 2 137 12 1214 1215 1206 2391
7740 4 2 137 12 1205 1214 1206 2391
7741 4 2 137 12 270 1308 269 2415
7742 4 2 137 12 308 1326 1307 2432
7743 4 2 137 12 297 2391 2337 2426
7744 4 2 137 12 1196 1187 1195 2429
7745 4 2 137 12 1197 1198 1189 2429
7746 4 2 137 12 1195 1187 1186 2429
7747 4 2 137 12 1189 1188 1197 2429
7748 4 2 137 12 1175 2361 1176 2468
7749 4 2 137 12 1122 280 2372 2460
7750 4 2 137 12 1098 272 271 2415
7751 4 2 137 12 1096 270 269 2415
7752 4 2 137 12 1096 1097 270 2415
7753 4 2 137 12 1098 1099 272 2415
7754 4 2 137 12 549 558 2378 2394
7755 4 2 137 12 1274 1287 1278 2419
7756 4 2 137 12 473 2347 1475 2394
7757 4 2 137 12 285 2416 1167 2468
7758 4 2 137 12 2329 2377 2373 2438
7759 4 2 137 12 1179 1180 1171 2407
7760 4 2 137 12 1171 1170 1179 2407
7761 4 2 137 12 2371 2388 899 2417
7762 4 2 137 12 1164 1163 1172 2408
7763 4 2 137 12 1161 1170 1162 2408
7764 4 2 137 12 1172 1173 1164 2408
7765 4 2 137 12 1170 1171 1162 2408
7766 4 2 137 12 560 1344 551 2422
7767 4 2 137 12 2327 2376 2328 2377
7768 4 2 137 12 2339 2396 2367 2465
7769 4 2 137 12 2330 2361 2356 2423
7770 4 2 137 12 1474 327 1478 2329
7771 4 2 137 12 1127 1126 1135 2401
7772 4 2 137 12 1125 1124 1133 2401
7773 4 2 137 12 1125 1133 1134 2401
7774 4 2 137 12 1135 1136 1127 2401
7775 4 2 137 12 726 717 725 1291
7776 4 2 137 12 716 725 717 1291
7777 4 2 137 12 1029 1021 1332 1030
7778 4 2 137 12 1021 1029 1332 1020
7779 4 2 137 12 178 721 730 1288
7780 4 2 137 12 179 178 730 1288
7781 4 2 137 12 247 1034 1329 246
7782 4 2 137 12 1034 1025 1329 246
7783 4 2 137 12 55 713 1290 722
7784 4 2 137 12 713 55 1290 54
7785 4 2 137 12 111 1017 1331 1026
7786 4 2 137 12 1017 111 1331 110
7787 4 2 137 12 726 718 1289 727
7788 4 2 137 12 718 726 1289 717
7789 4 2 137 12 1030 1022 1330 1031
7790 4 2 137 12 1022 1030 1330 1021
7791 4 2 137 12 1295 1302 1123 1124
7792 4 2 137 12 973 2418 964 2461
7793 4 2 137 12 1308 1250 1249 2449
7794 4 2 137 12 2333 2335 1471 2341
7795 4 2 137 12 471 2331 1475 2445
7796 4 2 137 12 2337 2391 2357 2427
7797 4 2 137 12 1311 1320 1292 2407
7798 4 2 137 12 1249 1241 1240 2449
7799 4 2 137 12 1252 1243 1251 2449
7800 4 2 137 12 1242 1251 1243 2449
7801 4 2 137 12 1241 1249 1250 2449
7802 4 2 137 12 1183 2356 2423 2444
7803 4 2 137 12 2336 2386 2370 2448
7804 4 2 137 12 2367 2430 2339 2465
7805 4 2 137 12 1480 465 474 473
7806 4 2 137 12 1480 465 473 464
7807 4 2 137 12 1234 1233 1242 2387
7808 4 2 137 12 1242 1243 1234 2387
7809 4 2 137 12 1473 2411 2347 2421
7810 4 2 137 12 976 1353 232 1352
7811 4 2 137 12 1412 105 1411 968
7812 4 2 137 12 1414 1407 60 619
7813 4 2 137 12 159 1348 1355 627
7814 4 2 137 12 2345 2361 2317 2369
7815 4 2 137 12 1201 2397 2385 2398
7816 4 2 137 12 1440 2406 1425 2458
7817 4 2 137 12 1174 1173 1182 2423
7818 4 2 137 12 1182 1183 1174 2423
7819 4 2 137 12 1145 2405 2352 2455
7820 4 2 137 12 1331 1027 1018 309
7821 4 2 137 12 1033 1024 311 1329
7822 4 2 137 12 1330 311 1032 1023
7823 4 2 137 12 309 1028 1019 1332
7824 4 2 137 12 1290 299 723 714
7825 4 2 137 12 728 1289 301 719
7826 4 2 137 12 729 720 301 1288
7827 4 2 137 12 724 715 299 1291
7828 4 2 137 12 1369 560 618 2422
7829 4 2 137 12 963 2293 2465 2466
7830 4 2 137 12 1365 1390 1384 2400
7831 4 2 137 12 1116 1107 1115 2428
7832 4 2 137 12 1107 1106 1115 2428
7833 4 2 137 12 962 2465 2293 2466
7834 4 2 137 12 1326 1442 1443 308
7835 4 2 137 12 1042 1329 306 1043
7836 4 2 137 12 1037 1332 304 1038
7837 4 2 137 12 296 1290 704 705
7838 4 2 137 12 298 1289 709 710
7839 4 2 137 12 270 2380 1308 2415
7840 4 2 137 12 2352 2405 2386 2455
7841 4 2 137 12 1315 2344 2428 2451
7842 4 2 137 12 634 2420 692 2447
7843 4 2 137 12 2334 2405 2367 2431
7844 4 2 137 12 1181 2423 2407 2444
7845 4 2 137 12 692 2420 701 2447
7846 4 2 137 12 2346 2386 2336 2448
7847 4 2 137 12 1187 2358 1320 2429
7848 4 2 137 12 2351 2396 1118 2399
7849 4 2 137 12 282 2383 2390 2457
7850 4 2 137 12 1238 2389 1237 2410
7851 4 2 137 12 1258 295 2376 2425
7852 4 2 137 12 1181 1182 2423 2444
7853 4 2 137 12 701 692 700 2420
7854 4 2 137 12 691 700 692 2420
7855 4 2 137 12 2340 2396 2367 2452
7856 4 2 137 12 1485 2329 1478 2377
7857 4 2 137 12 1144 2352 1143 2455
7858 4 2 137 12 547 2382 2331 2445
7859 4 2 137 12 2390 2431 283 2457
7860 4 2 137 12 2344 2322 2399 2414
7861 4 2 137 12 1200 2357 2397 2398
7862 4 2 137 12 272 2380 271 2415
7863 4 2 137 12 304 1307 2375 2439
7864 4 2 137 12 2329 2435 2434 2438
7865 4 2 137 12 280 2383 2393 2409
7866 4 2 137 12 480 2331 471 2445
7867 4 2 137 12 1136 2401 2352 2405
7868 4 2 137 12 1302 2352 1133 2401
7869 4 2 137 12 634 626 625 2447
7870 4 2 137 12 634 635 626 2447
7871 4 2 137 12 976 2433 2400 2442
7872 4 2 137 12 1474 2325 1477 2360
7873 4 2 137 12 1172 1173 2408 2423
7874 4 2 137 12 468 459 1482 460
7875 4 2 137 12 460 1482 468 469
7876 4 2 137 12 20 712 1309 2395
7877 4 2 137 12 473 1475 472 2394
7878 4 2 137 12 1472 2326 1478 2359
7879 4 2 137 12 2352 2405 2340 2461
7880 4 2 137 12 1237 2389 1236 2410
7881 4 2 137 12 1116 2351 1117 2428
7882 4 2 137 12 2385 2397 2320 2398
7883 4 2 137 12 1477 2328 1476 2341
7884 4 2 137 12 1145 1146 2405 2455
7885 4 2 137 12 1238 1237 1246 2410
7886 4 2 137 12 1246 1247 1238 2410
7887 4 2 137 12 295 2363 2377 2436
7888 4 2 137 12 1314 1040 305 306
7889 4 2 137 12 1228 1227 1236 2389
7890 4 2 137 12 1236 1237 1228 2389
7891 4 2 137 12 1161 1162 2346 2408
7892 4 2 137 12 1106 1317 1115 2428
7893 4 2 137 12 1307 2344 1316 2415
7894 4 2 137 12 744 735 300 736
7895 4 2 137 12 300 744 736 745
7896 4 2 137 12 57 56 22 731
7897 4 2 137 12 740 57 22 731
7898 4 2 137 12 1012 1004 1003 310
7899 4 2 137 12 1012 1004 310 1013
7900 4 2 137 12 748 180 19 181
7901 4 2 137 12 180 748 19 739
7902 4 2 137 12 109 999 26 1008
7903 4 2 137 12 109 999 108 26
7904 4 2 137 12 244 1016 25 1007
7905 4 2 137 12 743 744 735 300
7906 4 2 137 12 734 743 735 300
7907 4 2 137 12 1016 244 25 245
7908 4 2 137 12 1011 1003 310 1012
7909 4 2 137 12 1003 1011 310 1002
7910 4 2 137 12 1305 1319 2349 2449
7911 4 2 137 12 1254 1245 1253 2463
7912 4 2 137 12 1255 1247 1246 2463
7913 4 2 137 12 1256 1247 1255 2463
7914 4 2 137 12 1244 1253 1245 2463
7915 4 2 137 12 2387 2389 2323 2410
7916 4 2 137 12 1278 1287 1263 2419
7917 4 2 137 12 972 2461 963 2465
7918 4 2 137 12 819 2325 1477 2341
7919 4 2 137 12 326 1436 1435 2458
7920 4 2 137 12 2341 2390 2383 2457
7921 4 2 137 12 1129 2396 1128 2452
7922 4 2 137 12 1189 2358 2429 2444
7923 4 2 137 12 1299 1304 307 2437
7924 4 2 137 12 693 635 634 2447
7925 4 2 137 12 692 693 634 2447
7926 4 2 137 12 1353 976 985 2442
7927 4 2 137 12 1258 2376 1282 2425
7928 4 2 137 12 818 1477 819 2325
7929 4 2 137 12 287 288 2419 2464
7930 4 2 137 12 2356 2330 2423 2444
7931 4 2 137 12 1407 1438 61 628
7932 4 2 137 12 160 1379 1348 636
7933 4 2 137 12 1378 1352 967 231
7934 4 2 137 12 1437 104 959 1411
7935 4 2 137 12 1185 287 2361 2443
7936 4 2 137 12 1425 1440 1426 2406
7937 4 2 137 12 1201 1210 1202 2397
7938 4 2 137 12 1211 1202 1210 2397
7939 4 2 137 12 1166 2369 1175 2468
7940 4 2 137 12 1246 2410 1245 2463
7941 4 2 137 12 814 823 2371 2417
7942 4 2 137 12 1052 249 1360 1351
7943 4 2 137 12 1044 1419 113 1410
7944 4 2 137 12 695 1406 52 1421
7945 4 2 137 12 176 1347 703 1362
7946 4 2 137 12 1277 2384 287 2419
7947 4 2 137 12 1183 2423 1182 2444
7948 4 2 137 12 467 1434 476 2458
7949 4 2 137 12 1435 1434 467 2458
7950 4 2 137 12 1167 2448 1166 2468
7951 4 2 137 12 2327 2377 2326 2425
7952 4 2 137 12 2416 2448 1167 2468
7953 4 2 137 12 546 547 538 2445
7954 4 2 137 12 538 537 546 2445
7955 4 2 137 12 1218 1209 1217 2427
7956 4 2 137 12 1217 1209 1208 2427
7957 4 2 137 12 2382 2440 2331 2454
7958 4 2 137 12 2333 2328 2365 2383
7959 4 2 137 12 326 1435 458 467
7960 4 2 137 12 2381 2382 2331 2456
7961 4 2 137 12 2407 2423 2330 2444
7962 4 2 137 12 1372 824 833 323
7963 4 2 137 12 534 476 1433 2458
7964 4 2 137 12 2382 2425 2327 2445
7965 4 2 137 12 328 1432 1459 2360
7966 4 2 137 12 2317 2361 2345 2424
7967 4 2 137 12 287 2361 2443 2464
7968 4 2 137 12 1216 2391 1215 2426
7969 4 2 137 12 1213 1214 2391 2426
7970 4 2 137 12 2350 2392 2349 2463
7971 4 2 137 12 1151 1297 1159 1160
7972 4 2 137 12 1150 1297 1159 1151
7973 4 2 137 12 1357 1388 1387 2379
7974 4 2 137 12 1300 1309 1310 2379
7975 4 2 137 12 2361 1175 2423 2468
7976 4 2 137 12 2332 2381 2331 2456
7977 4 2 137 12 2351 2399 1117 2428
7978 4 2 137 12 701 2447 2420 2467
7979 4 2 137 12 1401 2411 1473 2421
7980 4 2 137 12 1297 2346 1160 2403
7981 4 2 137 12 1306 1299 1307 2432
7982 4 2 137 12 1124 1132 1302 1123
7983 4 2 137 12 1132 1124 1302 1133
7984 4 2 137 12 1474 1459 1417 2360
7985 4 2 137 12 1383 1323 1384 303
7986 4 2 137 12 2367 2396 2339 2460
7987 4 2 137 12 1180 2407 2358 2444
7988 4 2 137 12 1311 1313 1300 2330
7989 4 2 137 12 2339 2430 2367 2462
7990 4 2 137 12 1315 1316 2344 2451
7991 4 2 137 12 2339 2367 2460 2462
7992 4 2 137 12 2340 2401 2396 2452
7993 4 2 137 12 297 2337 699 2426
7994 4 2 137 12 1319 2387 2349 2449
7995 4 2 137 12 2385 2398 2356 2444
7996 4 2 137 12 1273 2376 1262 2393
7997 4 2 137 12 538 480 537 2445
7998 4 2 137 12 480 479 537 2445
7999 4 2 137 12 618 627 1355 2422
8000 4 2 137 12 705 1304 704 296
8001 4 2 137 12 815 909 1370 806
8002 4 2 137 12 1429 901 807 798
8003 4 2 137 12 2373 2393 2328 2409
8004 4 2 137 12 2369 2408 1173 2423
8005 4 2 137 12 2357 2398 1198 2429
8006 4 2 137 12 2377 2425 295 2436
8007 4 2 137 12 1155 2386 1146 2455
8008 4 2 137 12 1309 302 1386 1387
8009 4 2 137 12 1346 1381 1377 2421
8010 4 2 137 12 1473 1359 322 2411
8011 4 2 137 12 2351 2401 2340 2466
8012 4 2 137 12 516 508 1337 517
8013 4 2 137 12 516 508 507 1337
8014 4 2 137 12 776 784 1465 775
8015 4 2 137 12 784 776 1465 785
8016 4 2 137 12 2398 2429 2357 2467
8017 4 2 137 12 1035 304 1326 1036
8018 4 2 137 12 1247 2410 1246 2463
8019 4 2 137 12 1359 1381 2411 2421
8020 4 2 137 12 961 960 969 2439
8021 4 2 137 12 969 970 961 2439
8022 4 2 137 12 2372 2373 2325 2409
8023 4 2 137 12 2330 2408 2369 2423
8024 4 2 137 12 304 1038 1318 1037
8025 4 2 137 12 2323 2389 2362 2410
8026 4 2 137 12 1098 1107 1099 2451
8027 4 2 137 12 1107 1108 1099 2451
8028 4 2 137 12 1105 1106 1097 2451
8029 4 2 137 12 1105 1097 1096 2451
8030 4 2 137 12 1146 1147 1138 2405
8031 4 2 137 12 1138 1137 1146 2405
8032 4 2 137 12 2328 2373 2377 2393
8033 4 2 137 12 1305 2349 2380 2449
8034 4 2 137 12 1127 2396 2351 2401
8035 4 2 137 12 289 1280 2419 2456
8036 4 2 137 12 1321 2429 2358 2467
8037 4 2 137 12 1327 1322 2391 2429
8038 4 2 137 12 2321 2363 2354 2392
8039 4 2 137 12 473 1480 1475 2347
8040 4 2 137 12 1477 1476 1471 2341
8041 4 2 137 12 2336 2369 2346 2448
8042 4 2 137 12 1135 1134 2352 2401
8043 4 2 137 12 1110 1111 1102 2414
8044 4 2 137 12 1102 1101 1110 2414
8045 4 2 137 12 1374 542 484 493
8046 4 2 137 12 476 534 1433 485
8047 4 2 137 12 2316 2353 2443 2464
8048 4 2 137 12 1415 1425 1426 2406
8049 4 2 137 12 1476 2327 1475 2332
8050 4 2 137 12 692 701 693 2447
8051 4 2 137 12 701 702 693 2447
8052 4 2 137 12 1359 1473 1401 2411
8053 4 2 137 12 970 961 2439 2450
8054 4 2 137 12 1459 1432 1439 2360
8055 4 2 137 12 2316 2443 2361 2464
8056 4 2 137 12 1301 1132 1302 1133
8057 4 2 137 12 1154 1153 2346 2455
8058 4 2 137 12 282 1149 283 2431
8059 4 2 137 12 1149 282 1140 2431
8060 4 2 137 12 472 1475 2331 2394
8061 4 2 137 12 1475 2347 1473 2459
8062 4 2 137 12 297 700 699 2337
8063 4 2 137 12 1055 1054 960 2439
8064 4 2 137 12 1055 960 961 2439
8065 4 2 137 12 14 208 196 1399
8066 4 2 137 12 1142 1133 1301 2352
8067 4 2 137 12 1460 326 2359 2458
8068 4 2 137 12 1389 2411 1388 2424
8069 4 2 137 12 1108 1107 2428 2451
8070 4 2 137 12 2361 2384 2345 2464
8071 4 2 137 12 1366 1391 1356 2422
8072 4 2 137 12 1480 1473 2347 2421
8073 4 2 137 12 1471 2333 1484 2417
8074 4 2 137 12 304 1315 1307 2439
8075 4 2 137 12 1254 2392 1255 2463
8076 4 2 137 12 1357 1389 1388 2424
8077 4 2 137 12 283 284 2413 2457
8078 4 2 137 12 630 621 629 2446
8079 4 2 137 12 621 620 629 2446
8080 4 2 137 12 1400 1479 1358 2371
8081 4 2 137 12 2348 2414 2354 2453
8082 4 2 137 12 2345 2336 2416 2468
8083 4 2 137 12 965 964 973 2418
8084 4 2 137 12 973 974 965 2418
8085 4 2 137 12 816 1481 817 2360
8086 4 2 137 12 1456 3 78 485
8087 4 2 137 12 1456 132 3 485
8088 4 2 137 12 1310 1320 1311 2358
8089 4 2 137 12 1167 1175 1176 2468
8090 4 2 137 12 1167 1166 1175 2468
8091 4 2 137 12 1241 1242 2387 2449
8092 4 2 137 12 2382 2454 2331 2456
8093 4 2 137 12 1359 1381 1388 2411
8094 4 2 137 12 1171 2407 1172 2408
8095 4 2 137 12 1224 1216 1215 2426
8096 4 2 137 12 1225 1216 1224 2426
8097 4 2 137 12 1222 1223 1214 2426
8098 4 2 137 12 1222 1214 1213 2426
8099 4 2 137 12 95 7 1453 874
8100 4 2 137 12 15 213 1394 225
8101 4 2 137 12 1477 2325 1485 2328
8102 4 2 137 12 2332 2459 2384 2464
8103 4 2 137 12 1172 2408 2407 2423
8104 4 2 137 12 1125 1126 2351 2401
8105 4 2 137 12 1395 16 958 242
8106 4 2 137 12 62 1 166 1457
8107 4 2 137 12 1395 16 230 958
8108 4 2 137 12 1475 1476 1472 2327
8109 4 2 137 12 289 2353 2456 2464
8110 4 2 137 12 2323 2387 2342 2389
8111 4 2 137 12 2333 2384 2416 2457
8112 4 2 137 12 2358 2407 2330 2444
8113 4 2 137 12 2349 2387 1243 2449
8114 4 2 137 12 1373 323 1400 2371
8115 4 2 137 12 2386 2405 1146 2455
8116 4 2 137 12 282 2431 2390 2462
8117 4 2 137 12 1170 2407 1171 2408
8118 4 2 137 12 306 1323 1051 1042
8119 4 2 137 12 1475 1484 2332 2459
8120 4 2 137 12 296 299 1290 714
8121 4 2 137 12 298 301 1289 719
8122 4 2 137 12 299 296 1291 715
8123 4 2 137 12 309 304 1331 1027
8124 4 2 137 12 301 298 1288 720
8125 4 2 137 12 311 306 1330 1032
8126 4 2 137 12 306 311 1329 1033
8127 4 2 137 12 304 309 1332 1028
8128 4 2 137 12 821 2335 1471 2417
8129 4 2 137 12 306 1050 1051 2368
8130 4 2 137 12 1477 1481 818 827
8131 4 2 137 12 985 1368 891 882
8132 4 2 137 12 977 883 1427 874
8133 4 2 137 12 295 2377 2376 2425
8134 4 2 137 12 2383 2409 281 2462
8135 4 2 137 12 618 560 1369 569
8136 4 2 137 12 1428 552 610 561
8137 4 2 137 12 2321 2354 2380 2392
8138 4 2 137 12 1478 1418 1460 2359
8139 4 2 137 12 1456 534 132 485
8140 4 2 137 12 1157 1156 1165 2448
8141 4 2 137 12 1166 1157 1165 2448
8142 4 2 137 12 1302 1133 1124 2401
8143 4 2 137 12 1098 1099 2415 2451
8144 4 2 137 12 1096 1097 2415 2451
8145 4 2 137 12 306 1051 1323 2368
8146 4 2 137 12 283 2413 2383 2457
8147 4 2 137 12 1313 2346 1314 2368
8148 4 2 137 12 1404 543 534 2458
8149 4 2 137 12 1305 1299 1306 2380
8150 4 2 137 12 618 1398 157 569
8151 4 2 137 12 1142 1150 1151 2403
8152 4 2 137 12 1142 1141 1150 2403
8153 4 2 137 12 208 14 216 1399
8154 4 2 137 12 909 208 216 1399
8155 4 2 137 12 901 6 1454 98
8156 4 2 137 12 1141 1133 1132 1301
8157 4 2 137 12 1141 1133 1301 1142
8158 4 2 137 12 1056 2293 1057 2466
8159 4 2 137 12 287 1185 1194 2443
8160 4 2 137 12 1194 288 287 2443
8161 4 2 137 12 328 1481 1432 2360
8162 4 2 137 12 625 624 633 2420
8163 4 2 137 12 633 634 625 2420
8164 4 2 137 12 293 294 1281 2425
8165 4 2 137 12 2331 2332 2327 2381
8166 4 2 137 12 298 1309 2395 2447
8167 4 2 137 12 1485 2326 1472 2327
8168 4 2 137 12 1190 2398 1191 2444
8169 4 2 137 12 1043 1323 306 1042
8170 4 2 137 12 132 67 1456 3
8171 4 2 137 12 67 132 1456 534
8172 4 2 137 12 542 141 10 1396
8173 4 2 137 12 242 958 1395 1061
8174 4 2 137 12 1268 2365 2383 2413
8175 4 2 137 12 2332 1484 2384 2459
8176 4 2 137 12 2331 2381 2327 2382
8177 4 2 137 12 1268 2383 2365 2393
8178 4 2 137 12 707 296 1319 706
8179 4 2 137 12 895 896 887 2430
8180 4 2 137 12 887 886 895 2430
8181 4 2 137 12 59 149 2 1458
8182 4 2 137 12 59 149 1458 610
8183 4 2 137 12 1398 11 158 618
8184 4 2 137 12 157 11 1398 618
8185 4 2 137 12 1354 1392 1364 2442
8186 4 2 137 12 225 233 985 1394
8187 4 2 137 12 225 233 1394 15
8188 4 2 137 12 1453 7 106 977
8189 4 2 137 12 1176 2361 286 2468
8190 4 2 137 12 2370 2431 2390 2457
8191 4 2 137 12 1435 75 326 458
8192 4 2 137 12 974 973 982 2418
8193 4 2 137 12 982 983 974 2418
8194 4 2 137 12 1306 1307 1316 2415
8195 4 2 137 12 1372 833 199 323
8196 4 2 137 12 1460 2359 1440 2458
8197 4 2 137 12 242 250 1395 16
8198 4 2 137 12 242 250 1061 1395
8199 4 2 137 12 51 166 1 1457
8200 4 2 137 12 51 166 1457 686
8201 4 2 137 12 1455 8 114 1053
8202 4 2 137 12 694 12 1397 175
8203 4 2 137 12 1154 1155 1146 2455
8204 4 2 137 12 1152 1153 1144 2455
8205 4 2 137 12 1146 1145 1154 2455
8206 4 2 137 12 1144 1143 1152 2455
8207 4 2 137 12 1040 306 1314 1041
8208 4 2 137 12 2356 2385 2320 2398
8209 4 2 137 12 2339 2409 2430 2462
8210 4 2 137 12 299 732 741 1341
8211 4 2 137 12 1009 1000 1469 309
8212 4 2 137 12 470 1472 469 2445
8213 4 2 137 12 814 822 823 2417
8214 4 2 137 12 822 814 813 2417
8215 4 2 137 12 284 2370 2416 2457
8216 4 2 137 12 614 615 557 2440
8217 4 2 137 12 557 556 614 2440
8218 4 2 137 12 291 1230 292 2441
8219 4 2 137 12 291 1221 1230 2441
8220 4 2 137 12 1483 824 1373 323
8221 4 2 137 12 1326 2375 1307 2432
8222 4 2 137 12 1163 2346 1162 2408
8223 4 2 137 12 1138 1137 2405 2452
8224 4 2 137 12 303 302 1300 1357
8225 4 2 137 12 2333 2384 2345 2416
8226 4 2 137 12 307 308 1299 1416
8227 4 2 137 12 1096 269 1293 2415
8228 4 2 137 12 464 473 1480 1475
8229 4 2 137 12 1242 1243 2387 2449
8230 4 2 137 12 2352 2401 2340 2405
8231 4 2 137 12 2339 2460 2409 2462
8232 4 2 137 12 297 699 2342 2426
8233 4 2 137 12 326 1482 2359 2458
8234 4 2 137 12 2329 2363 2377 2438
8235 4 2 137 12 1096 2415 1293 2451
8236 4 2 137 12 2326 2327 2425 2445
8237 4 2 137 12 1485 1478 1472 2326
8238 4 2 137 12 1363 1386 1385 2395
8239 4 2 137 12 2325 2373 2328 2409
8240 4 2 137 12 2333 2413 2384 2457
8241 4 2 137 12 1442 1443 1441 2375
8242 4 2 137 12 1213 1303 1328 2426
8243 4 2 137 12 321 1401 1473 2421
8244 4 2 137 12 267 1294 1296 1240
8245 4 2 137 12 1293 269 1308 2415
8246 4 2 137 12 1471 2335 2333 2417
8247 4 2 137 12 328 816 1432 1481
8248 4 2 137 12 296 1319 697 2446
8249 4 2 137 12 1380 1373 1400 2371
8250 4 2 137 12 2316 2424 2411 2459
8251 4 2 137 12 959 1053 950 1437
8252 4 2 137 12 1061 967 958 1378
8253 4 2 137 12 645 1379 636 694
8254 4 2 137 12 628 1438 637 686
8255 4 2 137 12 280 1122 1131 2460
8256 4 2 137 12 78 476 1433 485
8257 4 2 137 12 476 78 1433 77
8258 4 2 137 12 493 126 1374 127
8259 4 2 137 12 493 126 484 1374
8260 4 2 137 12 1481 1474 1477 2360
8261 4 2 137 12 1474 1485 1477 2325
8262 4 2 137 12 1171 1172 1163 2408
8263 4 2 137 12 1163 1162 1171 2408
8264 4 2 137 12 1304 296 2366 2446
8265 4 2 137 12 1045 1054 1046 2439
8266 4 2 137 12 1046 1054 1055 2439
8267 4 2 137 12 2348 2438 2373 2453
8268 4 2 137 12 20 1309 1386 2395
8269 4 2 137 12 281 2409 2460 2462
8270 4 2 137 12 1367 1366 1356 2422
8271 4 2 137 12 1196 1197 1188 2429
8272 4 2 137 12 1188 1187 1196 2429
8273 4 2 137 12 1057 963 2461 2466
8274 4 2 137 12 1459 1474 328 2360
8275 4 2 137 12 1134 1135 1126 2401
8276 4 2 137 12 1126 1125 1134 2401
8277 4 2 137 12 88 798 1429 807
8278 4 2 137 12 798 88 1429 87
8279 4 2 137 12 815 196 1370 197
8280 4 2 137 12 815 196 806 1370
8281 4 2 137 12 1181 1190 1182 2444
8282 4 2 137 12 1190 1191 1182 2444
8283 4 2 137 12 1097 1098 271 2415
8284 4 2 137 12 271 270 1097 2415
8285 4 2 137 12 2328 2383 2341 2409
8286 4 2 137 12 467 1435 76 1434
8287 4 2 137 12 475 125 1376 1375
8288 4 2 137 12 1143 2352 1142 2403
8289 4 2 137 12 1166 2448 2369 2468
8290 4 2 137 12 1274 2413 2384 2419
8291 4 2 137 12 1305 2380 1308 2449
8292 4 2 137 12 2320 2398 2357 2467
8293 4 2 137 12 2356 2423 2361 2443
8294 4 2 137 12 1213 2391 1303 2426
8295 4 2 137 12 1138 1129 1137 2452
8296 4 2 137 12 1129 1128 1137 2452
8297 4 2 137 12 23 1360 1323 1043
8298 4 2 137 12 1373 1483 323 2371
8299 4 2 137 12 2356 2361 2316 2443
8300 4 2 137 12 2365 2376 1269 2393
8301 4 2 137 12 1304 1319 296 2446
8302 4 2 137 12 1314 2324 306 2368
8303 4 2 137 12 1417 1449 1448 2435
8304 4 2 137 12 1482 1472 1478 2359
8305 4 2 137 12 823 1483 824 2371
8306 4 2 137 12 2327 2382 2381 2425
8307 4 2 137 12 1272 2376 2365 2381
8308 4 2 137 12 1056 962 2293 2466
8309 4 2 137 12 963 1057 2293 2466
8310 4 2 137 12 1250 1251 1242 2449
8311 4 2 137 12 1242 1241 1250 2449
8312 4 2 137 12 304 1307 1326 2375
8313 4 2 137 12 476 467 77 1434
8314 4 2 137 12 76 77 467 1434
8315 4 2 137 12 126 125 484 1375
8316 4 2 137 12 475 484 125 1375
8317 4 2 137 12 1473 2347 2411 2459
8318 4 2 137 12 687 696 688 2446
8319 4 2 137 12 688 696 697 2446
8320 4 2 137 12 1305 1296 1319 2449
8321 4 2 137 12 1314 1041 306 2324
8322 4 2 137 12 1271 2381 2365 2419
8323 4 2 137 12 474 475 1480 2421
8324 4 2 137 12 326 467 1482 2458
8325 4 2 137 12 551 141 542 1345
8326 4 2 137 12 551 141 1345 142
8327 4 2 137 12 543 534 68 1404
8328 4 2 137 12 534 67 68 1404
8329 4 2 137 12 2386 2448 2346 2455
8330 4 2 137 12 1295 2351 1302 2401
8331 4 2 137 12 963 964 1058 2461
8332 4 2 137 12 963 1058 1057 2461
8333 4 2 137 12 972 964 963 2461
8334 4 2 137 12 973 964 972 2461
8335 4 2 137 12 1360 1361 1383 2433
8336 4 2 137 12 548 547 556 2440
8337 4 2 137 12 556 557 548 2440
8338 4 2 137 12 288 287 2443 2464
8339 4 2 137 12 697 706 1319 296
8340 4 2 137 12 1473 1479 1484 2459
8341 4 2 137 12 2332 2353 2459 2464
8342 4 2 137 12 310 1030 1021 1330
8343 4 2 137 12 26 111 110 1331
8344 4 2 137 12 247 1329 25 246
8345 4 2 137 12 300 726 717 1289
8346 4 2 137 12 1332 310 1030 1021
8347 4 2 137 12 55 54 22 1290
8348 4 2 137 12 178 179 19 1288
8349 4 2 137 12 1291 726 717 300
8350 4 2 137 12 1417 1459 1474 327
8351 4 2 137 12 1472 1482 460 469
8352 4 2 137 12 2316 2459 2353 2464
8353 4 2 137 12 2383 2390 2341 2462
8354 4 2 137 12 1357 1390 1389 2424
8355 4 2 137 12 1485 1474 1478 2329
8356 4 2 137 12 1324 2342 1294 2426
8357 4 2 137 12 2330 2407 2408 2423
8358 4 2 137 12 2398 2429 2358 2444
8359 4 2 137 12 2357 2420 2320 2467
8360 4 2 137 12 1400 323 1479 2371
8361 4 2 137 12 1473 1359 1401 322
8362 4 2 137 12 1354 1364 1365 2442
8363 4 2 137 12 1472 2326 469 2445
8364 4 2 137 12 1474 1459 328 327
8365 4 2 137 12 1040 2352 305 2461
8366 4 2 137 12 475 321 1480 2421
8367 4 2 137 12 614 623 615 2440
8368 4 2 137 12 615 623 624 2440
8369 4 2 137 12 1479 1471 1484 2417
8370 4 2 137 12 2357 2391 1322 2429
8371 4 2 137 12 703 175 1347 176
8372 4 2 137 12 703 175 694 1347
8373 4 2 137 12 52 686 1406 695
8374 4 2 137 12 52 686 51 1406
8375 4 2 137 12 114 1044 1410 1053
8376 4 2 137 12 1044 114 1410 113
8377 4 2 137 12 249 1052 1061 1351
8378 4 2 137 12 250 249 1061 1351
8379 4 2 137 12 2331 2382 2327 2445
8380 4 2 137 12 305 2401 2351 2466
8381 4 2 137 12 1427 883 96 874
8382 4 2 137 12 1427 96 95 874
8383 4 2 137 12 891 213 882 1368
8384 4 2 137 12 891 213 1368 214
8385 4 2 137 12 1186 1320 1298 2429
8386 4 2 137 12 2332 2365 2327 2381
8387 4 2 137 12 569 143 560 1369
8388 4 2 137 12 569 143 1369 144
8389 4 2 137 12 552 69 70 1428
8390 4 2 137 12 1428 70 552 561
8391 4 2 137 12 833 198 824 1372
8392 4 2 137 12 1477 2325 2328 2341
8393 4 2 137 12 1048 1057 2461 2466
8394 4 2 137 12 824 198 1371 1372
8395 4 2 137 12 326 1478 1460 2359
8396 4 2 137 12 458 1435 76 467
8397 4 2 137 12 1419 24 1326 1035
8398 4 2 137 12 985 232 1353 233
8399 4 2 137 12 106 105 1412 968
8400 4 2 137 12 977 106 1412 968
8401 4 2 137 12 232 985 1353 976
8402 4 2 137 12 2346 2324 2386 2455
8403 4 2 137 12 1484 2333 2332 2384
8404 4 2 137 12 610 1414 60 619
8405 4 2 137 12 60 59 1414 610
8406 4 2 137 12 627 158 1355 159
8407 4 2 137 12 158 627 1355 618
8408 4 2 137 12 1446 1445 1444 2366
8409 4 2 137 12 321 1473 1401 322
8410 4 2 137 12 2376 2381 1282 2425
8411 4 2 137 12 2336 2369 2448 2468
8412 4 2 137 12 1484 1476 1475 2332
8413 4 2 137 12 1434 1436 1452 2458
8414 4 2 137 12 1131 281 280 2460
8415 4 2 137 12 1195 1186 1298 2429
8416 4 2 137 12 300 297 1289 717
8417 4 2 137 12 305 310 1330 1030
8418 4 2 137 12 22 21 1290 54
8419 4 2 137 12 20 19 1288 178
8420 4 2 137 12 24 26 1331 111
8421 4 2 137 12 25 23 1329 247
8422 4 2 137 12 297 300 1291 717
8423 4 2 137 12 310 305 1332 1030
8424 4 2 137 12 2370 2416 2336 2448
8425 4 2 137 12 2341 2390 2430 2462
8426 4 2 137 12 2370 2390 2335 2457
8427 4 2 137 12 824 1371 197 815
8428 4 2 137 12 1430 89 88 807
8429 4 2 137 12 197 198 1371 824
8430 4 2 137 12 700 708 297 699
8431 4 2 137 12 708 700 297 709
8432 4 2 137 12 699 708 297 707
8433 4 2 137 12 321 1473 1480 2421
8434 4 2 137 12 502 511 128 605
8435 4 2 137 12 604 501 510 509
8436 4 2 137 12 646 64 749 63
8437 4 2 137 12 959 951 1054 960
8438 4 2 137 12 63 58 64 749
8439 4 2 137 12 64 646 749 655
8440 4 2 137 12 957 956 965 1060
8441 4 2 137 12 981 879 888 887
8442 4 2 137 12 74 494 597 503
8443 4 2 137 12 573 582 676 581
8444 4 2 137 12 959 951 950 1054
8445 4 2 137 12 963 955 1058 964
8446 4 2 137 12 582 574 676 583
8447 4 2 137 12 676 677 583 574
8448 4 2 137 12 811 803 802 905
8449 4 2 137 12 803 812 906 905
8450 4 2 137 12 808 807 902 799
8451 4 2 137 12 80 494 79 74
8452 4 2 137 12 80 494 74 503
8453 4 2 137 12 955 963 1058 954
8454 4 2 137 12 811 803 905 812
8455 4 2 137 12 885 979 980 876
8456 4 2 137 12 647 751 750 656
8457 4 2 137 12 879 981 878 887
8458 4 2 137 12 952 1055 961 1056
8459 4 2 137 12 961 953 952 1056
8460 4 2 137 12 1058 954 963 1057
8461 4 2 137 12 809 801 904 810
8462 4 2 137 12 810 802 905 811
8463 4 2 137 12 879 982 981 888
8464 4 2 137 12 981 878 887 886
8465 4 2 137 12 980 877 886 885
8466 4 2 137 12 809 903 904 800
8467 4 2 137 12 980 877 885 876
8468 4 2 137 12 874 977 883 875
8469 4 2 137 12 798 902 807 799
8470 4 2 137 12 961 953 1056 962
8471 4 2 137 12 801 809 904 800
8472 4 2 137 12 663 182 654 757
8473 4 2 137 12 647 751 656 648
8474 4 2 137 12 950 1053 959 1054
8475 4 2 137 12 182 162 163 663
8476 4 2 137 12 587 681 165 578
8477 4 2 137 12 162 182 654 663
8478 4 2 137 12 145 587 165 578
8479 4 2 137 12 802 810 905 801
8480 4 2 137 12 902 798 807 901
8481 4 2 137 12 648 751 656 657
8482 4 2 137 12 960 1055 951 1054
8483 4 2 137 12 574 582 676 573
8484 4 2 137 12 951 952 1055 960
8485 4 2 137 12 653 661 755 652
8486 4 2 137 12 979 885 884 876
8487 4 2 137 12 979 875 884 978
8488 4 2 137 12 810 801 904 905
8489 4 2 137 12 808 800 799 903
8490 4 2 137 12 902 903 808 799
8491 4 2 137 12 875 979 884 876
8492 4 2 137 12 961 1055 952 960
8493 4 2 137 12 604 603 500 509
8494 4 2 137 12 808 800 903 809
8495 4 2 137 12 501 604 500 509
8496 4 2 137 12 814 806 909 815
8497 4 2 137 12 805 814 908 813
8498 4 2 137 12 965 957 1060 966
8499 4 2 137 12 1059 965 956 1060
8500 4 2 137 12 804 812 906 803
8501 4 2 137 12 984 985 891 882
8502 4 2 137 12 880 982 879 888
8503 4 2 137 12 812 804 906 813
8504 4 2 137 12 982 880 889 888
8505 4 2 137 12 890 882 984 891
8506 4 2 137 12 806 814 909 805
8507 4 2 137 12 890 882 881 984
8508 4 2 137 12 867 859 858 916
8509 4 2 137 12 932 990 107 941
8510 4 2 137 12 906 813 804 907
8511 4 2 137 12 908 909 814 805
8512 4 2 137 12 880 983 982 889
8513 4 2 137 12 86 780 91 789
8514 4 2 137 12 789 780 91 838
8515 4 2 137 12 868 859 916 917
8516 4 2 137 12 867 859 916 868
8517 4 2 137 12 99 865 856 914
8518 4 2 137 12 780 86 91 85
8519 4 2 137 12 102 101 107 932
8520 4 2 137 12 932 107 102 941
8521 4 2 137 12 99 865 94 856
8522 4 2 137 12 944 993 945 936
8523 4 2 137 12 936 945 937 994
8524 4 2 137 12 993 945 936 994
8525 4 2 137 12 641 633 690 642
8526 4 2 137 12 568 559 616 617
8527 4 2 137 12 866 857 915 858
8528 4 2 137 12 628 687 637 629
8529 4 2 137 12 687 628 637 686
8530 4 2 137 12 642 633 690 691
8531 4 2 137 12 557 614 566 615
8532 4 2 137 12 539 490 538 481
8533 4 2 137 12 641 633 632 690
8534 4 2 137 12 637 629 687 638
8535 4 2 137 12 993 944 935 936
8536 4 2 137 12 949 228 243 229
8537 4 2 137 12 614 557 566 565
8538 4 2 137 12 482 490 539 481
8539 4 2 137 12 538 490 489 481
8540 4 2 137 12 488 537 479 487
8541 4 2 137 12 552 553 611 561
8542 4 2 137 12 477 478 535 486
8543 4 2 137 12 536 478 537 487
8544 4 2 137 12 614 557 565 556
8545 4 2 137 12 639 630 688 631
8546 4 2 137 12 488 480 537 489
8547 4 2 137 12 228 949 243 940
8548 4 2 137 12 243 998 940 949
8549 4 2 137 12 560 568 618 559
8550 4 2 137 12 489 480 537 538
8551 4 2 137 12 481 489 538 480
8552 4 2 137 12 867 915 916 858
8553 4 2 137 12 478 479 537 487
8554 4 2 137 12 561 553 611 562
8555 4 2 137 12 486 478 535 487
8556 4 2 137 12 552 611 610 561
8557 4 2 137 12 478 536 535 487
8558 4 2 137 12 948 939 947 997
8559 4 2 137 12 871 920 863 862
8560 4 2 137 12 947 938 996 997
8561 4 2 137 12 796 844 787 795
8562 4 2 137 12 795 844 787 786
8563 4 2 137 12 638 639 630 688
8564 4 2 137 12 938 947 939 997
8565 4 2 137 12 488 480 479 537
8566 4 2 137 12 871 870 919 862
8567 4 2 137 12 844 796 787 845
8568 4 2 137 12 618 559 568 617
8569 4 2 137 12 612 562 554 563
8570 4 2 137 12 861 919 870 862
8571 4 2 137 12 867 866 915 858
8572 4 2 137 12 636 644 645 694
8573 4 2 137 12 492 541 483 491
8574 4 2 137 12 568 560 618 569
8575 4 2 137 12 566 558 557 615
8576 4 2 137 12 635 643 693 634
8577 4 2 137 12 540 541 491 482
8578 4 2 137 12 643 635 693 644
8579 4 2 137 12 634 692 643 693
8580 4 2 137 12 567 559 558 616
8581 4 2 137 12 567 559 616 568
8582 4 2 137 12 541 483 491 482
8583 4 2 137 12 491 490 539 482
8584 4 2 137 12 694 635 636 644
8585 4 2 137 12 566 558 615 567
8586 4 2 137 12 919 920 871 862
8587 4 2 137 12 567 615 616 558
8588 4 2 137 12 540 491 539 482
8589 4 2 137 12 694 635 644 693
8590 4 2 137 12 1323 1313 1314 2368
8591 4 2 137 12 1460 1436 326 2458
8592 4 2 137 12 1307 1315 1316 2344
8593 4 2 137 12 1473 1475 1480 2347
8594 4 2 137 12 1222 1213 1328 2426
8595 4 2 137 12 2328 2377 2376 2393
8596 4 2 137 12 1476 1485 1472 2327
8597 4 2 137 12 2399 2428 2344 2451
8598 4 2 137 12 1301 1133 1302 2352
8599 4 2 137 12 1459 1439 1417 2360
8600 4 2 137 12 1400 322 1479 323
8601 4 2 137 12 1324 1303 1322 2391
8602 4 2 137 12 1434 1435 1436 2458
8603 4 2 137 12 2370 2335 2416 2457
8604 4 2 137 12 1479 322 1400 1358
8605 4 2 137 12 2327 2328 1485 2377
8606 4 2 137 12 1254 1255 1246 2463
8607 4 2 137 12 1246 1245 1254 2463
8608 4 2 137 12 1249 1240 1296 2449
8609 4 2 137 12 1440 1460 1418 2359
8610 4 2 137 12 900 214 1343 215
8611 4 2 137 12 97 892 883 1402
8612 4 2 137 12 96 97 883 1402
8613 4 2 137 12 214 900 1343 891
8614 4 2 137 12 2376 2377 2327 2425
8615 4 2 137 12 1474 1481 328 2360
8616 4 2 137 12 2336 2448 2416 2468
8617 4 2 137 12 560 143 142 1344
8618 4 2 137 12 69 543 1403 552
8619 4 2 137 12 543 69 1403 68
8620 4 2 137 12 560 142 551 1344
8621 4 2 137 12 1438 637 62 628
8622 4 2 137 12 1438 62 61 628
8623 4 2 137 12 645 161 160 1379
8624 4 2 137 12 104 950 1437 959
8625 4 2 137 12 950 104 1437 103
8626 4 2 137 12 1379 160 645 636
8627 4 2 137 12 230 967 1378 958
8628 4 2 137 12 967 230 1378 231
8629 4 2 137 12 2420 2447 2320 2467
8630 4 2 137 12 1475 1473 1484 2459
8631 4 2 137 12 1478 327 1460 1418
8632 4 2 137 12 892 98 1408 97
8633 4 2 137 12 98 892 1408 901
8634 4 2 137 12 1349 215 216 909
8635 4 2 137 12 215 1349 900 909
8636 4 2 137 12 2361 2423 2369 2468
8637 4 2 137 12 1106 2428 1107 2451
8638 4 2 137 12 326 327 1460 1478
8639 4 2 137 12 1052 248 1360 249
8640 4 2 137 12 1052 248 1043 1360
8641 4 2 137 12 695 52 53 1421
8642 4 2 137 12 695 53 704 1421
8643 4 2 137 12 113 1035 112 1419
8644 4 2 137 12 113 1035 1419 1044
8645 4 2 137 12 712 176 1362 177
8646 4 2 137 12 176 712 1362 703
8647 4 2 137 12 2352 2401 305 2466
8648 4 2 137 12 1389 1390 1358 2424
8649 4 2 137 12 1306 1316 1293 2415
8650 4 2 137 12 822 821 1471 2417
8651 4 2 137 12 2351 2396 2340 2401
8652 4 2 137 12 1320 2358 1321 2429
8653 4 2 137 12 823 1483 2371 2417
8654 4 2 137 12 1477 819 828 827
8655 4 2 137 12 819 1477 818 827
8656 4 2 137 12 2352 2324 2403 2455
8657 4 2 137 12 1400 1358 1380 2371
8658 4 2 137 12 1215 2391 1214 2426
8659 4 2 137 12 1383 1382 1384 2433
8660 4 2 137 12 1039 1047 1048 2466
8661 4 2 137 12 1039 1038 1047 2466
8662 4 2 137 12 261 1177 1320 1186
8663 4 2 137 12 2369 2408 2346 2448
8664 4 2 137 12 321 1377 1401 2421
8665 4 2 137 12 1479 2371 1483 2417
8666 4 2 137 12 1098 1097 1106 2451
8667 4 2 137 12 1106 1107 1098 2451
8668 4 2 137 12 1143 1142 1151 2403
8669 4 2 137 12 1151 1152 1143 2403
8670 4 2 137 12 1479 323 1483 2371
8671 4 2 137 12 1482 1478 326 2359
8672 4 2 137 12 1386 1387 1385 2395
8673 4 2 137 12 243 1007 319 998
8674 4 2 137 12 757 181 317 182
8675 4 2 137 12 1007 243 319 244
8676 4 2 137 12 181 757 317 748
8677 4 2 137 12 822 830 1471 821
8678 4 2 137 12 830 822 1471 831
8679 4 2 137 12 1222 265 1294 1328
8680 4 2 137 12 253 1105 1317 1114
8681 4 2 137 12 471 470 479 2445
8682 4 2 137 12 479 480 471 2445
8683 4 2 137 12 2341 2430 2409 2462
8684 4 2 137 12 1302 2351 305 2401
8685 4 2 137 12 1309 2447 298 2467
8686 4 2 137 12 619 61 1407 60
8687 4 2 137 12 61 619 1407 628
8688 4 2 137 12 1348 159 160 636
8689 4 2 137 12 159 1348 627 636
8690 4 2 137 12 105 959 1411 968
8691 4 2 137 12 959 104 105 1411
8692 4 2 137 12 1352 976 967 231
8693 4 2 137 12 1352 232 976 231
8694 4 2 137 12 1294 1328 1324 2426
8695 4 2 137 12 1058 1049 1057 2461
8696 4 2 137 12 1049 1048 1057 2461
8697 4 2 137 12 2327 2365 2328 2376
8698 4 2 137 12 1305 1304 1299 2437
8699 4 2 137 12 1305 1308 1296 2449
8700 4 2 137 12 1215 1214 1223 2426
8701 4 2 137 12 1223 1224 1215 2426
8702 4 2 137 12 2383 2341 2409 2462
8703 4 2 137 12 1314 2324 2346 2403
8704 4 2 137 12 1308 1249 1296 2449
8705 4 2 137 12 1471 1476 1484 2333
8706 4 2 137 12 1038 305 1318 2466
8707 4 2 137 12 962 2450 971 2465
8708 4 2 137 12 1150 1297 1151 2403
8709 4 2 137 12 269 17 1308 1249
8710 4 2 137 12 1359 2411 1401 2421
8711 4 2 137 12 671 672 663 1339
8712 4 2 137 12 1339 663 671 662
8713 4 2 137 12 931 939 1467 930
8714 4 2 137 12 939 931 1467 940
8715 4 2 137 12 2357 2429 1322 2467
8716 4 2 137 12 473 464 472 1475
8717 4 2 137 12 463 472 464 1475
8718 4 2 137 12 1176 285 1167 2468
8719 4 2 137 12 1176 286 285 2468
8720 4 2 137 12 1314 1313 1312 2346
8721 4 2 137 12 1310 1321 1320 2358
8722 4 2 137 12 108 990 107 324
8723 4 2 137 12 108 990 324 999
8724 4 2 137 12 740 57 58 312
8725 4 2 137 12 740 58 749 312
8726 4 2 137 12 1476 1477 1485 2328
8727 4 2 137 12 1359 1401 1381 2421
8728 4 2 137 12 2333 2365 2332 2384
8729 4 2 137 12 1469 924 923 1461
8730 4 2 137 12 665 1341 664 1333
8731 4 2 137 12 71 673 72 570
8732 4 2 137 12 579 72 673 570
8733 4 2 137 12 673 71 72 66
8734 4 2 137 12 587 145 165 146
8735 4 2 137 12 922 211 212 873
8736 4 2 137 12 856 94 99 93
8737 4 2 137 12 226 211 212 922
8738 4 2 137 12 211 922 864 873
8739 4 2 137 12 266 1231 1294 267
8740 4 2 137 12 1231 1294 267 1240
8741 4 2 137 12 1152 2403 2346 2455
8742 4 2 137 12 1294 1324 1319 2342
8743 4 2 137 12 1105 1096 1316 2451
8744 4 2 137 12 1479 1483 1471 2417
8745 4 2 137 12 971 972 963 2465
8746 4 2 137 12 962 971 963 2465
8747 4 2 137 12 1446 1447 1416 2434
8748 4 2 137 12 467 458 326 1482
8749 4 2 137 12 252 1096 1316 1105
8750 4 2 137 12 962 970 971 2450
8751 4 2 137 12 970 962 961 2450
8752 4 2 137 12 268 1240 1296 1249
8753 4 2 137 12 287 2419 2384 2464
8754 4 2 137 12 1377 1381 1401 2421
8755 4 2 137 12 1472 2327 2326 2445
8756 4 2 137 12 2328 2393 2383 2409
8757 4 2 137 12 1314 306 1323 2368
8758 4 2 137 12 1436 1460 1440 2458
8759 4 2 137 12 1186 261 1298 1320
8760 4 2 137 12 1360 1383 23 1323
8761 4 2 137 12 260 1177 1292 1320
8762 4 2 137 12 260 1168 1292 1177
8763 4 2 137 12 1388 1389 1359 2411
8764 4 2 137 12 1483 833 824 323
8765 4 2 137 12 833 198 1372 199
8766 4 2 137 12 90 816 89 1431
8767 4 2 137 12 1435 76 75 458
8768 4 2 137 12 475 124 1376 125
8769 4 2 137 12 1465 842 851 784
8770 4 2 137 12 1298 1195 262 1186
8771 4 2 137 12 1308 1306 1293 2415
8772 4 2 137 12 302 20 1309 1386
8773 4 2 137 12 1168 260 1292 259
8774 4 2 137 12 210 864 320 855
8775 4 2 137 12 1476 2332 2333 2365
8776 4 2 137 12 656 1341 655 664
8777 4 2 137 12 1341 665 664 656
8778 4 2 137 12 932 924 1469 933
8779 4 2 137 12 924 932 1469 923
8780 4 2 137 12 1144 1153 1145 2455
8781 4 2 137 12 1154 1145 1153 2455
8782 4 2 137 12 310 1332 1020 1021
8783 4 2 137 12 725 726 1291 300
8784 4 2 137 12 730 19 179 1288
8785 4 2 137 12 1329 1025 25 246
8786 4 2 137 12 1017 26 110 1331
8787 4 2 137 12 22 55 1290 722
8788 4 2 137 12 1330 1021 310 1022
8789 4 2 137 12 1289 300 726 727
8790 4 2 137 12 305 2351 1318 2466
8791 4 2 137 12 461 1472 460 469
8792 4 2 137 12 1472 461 470 469
8793 4 2 137 12 1098 2415 1097 2451
8794 4 2 137 12 1177 261 1320 260
8795 4 2 137 12 73 579 313 588
8796 4 2 137 12 1315 2428 1316 2451
8797 4 2 137 12 1476 2333 2328 2365
8798 4 2 137 12 1308 2380 1306 2415
8799 4 2 137 12 1096 1293 1316 2451
8800 4 2 137 12 752 744 743 1336
8801 4 2 137 12 21 307 1304 1445
8802 4 2 137 12 2346 2403 2324 2455
8803 4 2 137 12 1462 854 1466 855
8804 4 2 137 12 1334 596 1338 595
8805 4 2 137 12 1298 1322 1327 2429
8806 4 2 137 12 1056 1057 1048 2466
8807 4 2 137 12 1056 1048 1047 2466
8808 4 2 137 12 1452 1436 1405 2458
8809 4 2 137 12 1306 1308 1305 2380
8810 4 2 137 12 304 1045 1046 2439
8811 4 2 137 12 717 297 716 1291
8812 4 2 137 12 1029 1332 305 1030
8813 4 2 137 12 721 178 20 1288
8814 4 2 137 12 23 1034 1329 247
8815 4 2 137 12 1290 54 21 713
8816 4 2 137 12 1026 111 24 1331
8817 4 2 137 12 305 1030 1330 1031
8818 4 2 137 12 1289 717 297 718
8819 4 2 137 12 1418 1448 1447 2434
8820 4 2 137 12 2365 2332 2384 2419
8821 4 2 137 12 1468 847 848 1461
8822 4 2 137 12 589 1333 588 1340
8823 4 2 137 12 502 128 140 605
8824 4 2 137 12 604 138 500 603
8825 4 2 137 12 139 501 604 500
8826 4 2 137 12 139 540 491 138
8827 4 2 137 12 1055 952 236 1056
8828 4 2 137 12 982 221 879 981
8829 4 2 137 12 140 605 501 502
8830 4 2 137 12 980 979 219 876
8831 4 2 137 12 494 3 74 597
8832 4 2 137 12 1 749 63 166
8833 4 2 137 12 749 1 63 58
8834 4 2 137 12 991 942 235 941
8835 4 2 137 12 798 201 902 799
8836 4 2 137 12 639 168 169 688
8837 4 2 137 12 648 169 168 752
8838 4 2 137 12 749 63 166 646
8839 4 2 137 12 166 167 637 686
8840 4 2 137 12 749 166 750 646
8841 4 2 137 12 750 166 167 646
8842 4 2 137 12 167 647 750 646
8843 4 2 137 12 687 637 167 686
8844 4 2 137 12 687 637 638 167
8845 4 2 137 12 107 8 102 941
8846 4 2 137 12 107 8 941 234
8847 4 2 137 12 951 235 950 1054
8848 4 2 137 12 950 234 1053 1054
8849 4 2 137 12 878 221 981 879
8850 4 2 137 12 1058 238 954 1057
8851 4 2 137 12 690 171 170 642
8852 4 2 137 12 641 690 170 642
8853 4 2 137 12 754 170 171 651
8854 4 2 137 12 566 153 614 565
8855 4 2 137 12 152 677 574 153
8856 4 2 137 12 978 977 217 875
8857 4 2 137 12 803 205 204 906
8858 4 2 137 12 803 204 802 905
8859 4 2 137 12 874 217 977 875
8860 4 2 137 12 978 217 218 875
8861 4 2 137 12 690 171 642 691
8862 4 2 137 12 994 239 238 945
8863 4 2 137 12 71 673 2 66
8864 4 2 137 12 132 598 597 495
8865 4 2 137 12 838 201 200 789
8866 4 2 137 12 86 6 200 91
8867 4 2 137 12 168 751 648 752
8868 4 2 137 12 79 3 74 494
8869 4 2 137 12 71 149 2 673
8870 4 2 137 12 916 868 219 867
8871 4 2 137 12 941 990 107 234
8872 4 2 137 12 234 950 235 1054
8873 4 2 137 12 953 236 1056 237
8874 4 2 137 12 220 980 219 877
8875 4 2 137 12 221 982 879 222
8876 4 2 137 12 1057 953 237 954
8877 4 2 137 12 952 236 1056 953
8878 4 2 137 12 239 1058 954 955
8879 4 2 137 12 238 1058 954 239
8880 4 2 137 12 648 169 752 649
8881 4 2 137 12 614 615 154 566
8882 4 2 137 12 154 153 614 566
8883 4 2 137 12 135 536 487 134
8884 4 2 137 12 487 537 135 488
8885 4 2 137 12 916 220 868 917
8886 4 2 137 12 801 802 204 905
8887 4 2 137 12 789 201 790 839
8888 4 2 137 12 877 980 219 876
8889 4 2 137 12 904 202 800 903
8890 4 2 137 12 132 598 495 133
8891 4 2 137 12 597 494 132 495
8892 4 2 137 12 610 150 149 561
8893 4 2 137 12 494 132 3 597
8894 4 2 137 12 71 149 673 570
8895 4 2 137 12 611 150 561 562
8896 4 2 137 12 610 150 561 611
8897 4 2 137 12 865 7 99 94
8898 4 2 137 12 235 990 941 234
8899 4 2 137 12 990 235 941 991
8900 4 2 137 12 220 916 868 219
8901 4 2 137 12 538 137 490 539
8902 4 2 137 12 202 904 800 203
8903 4 2 137 12 204 803 906 905
8904 4 2 137 12 217 865 99 914
8905 4 2 137 12 200 902 901 798
8906 4 2 137 12 203 801 904 800
8907 4 2 137 12 201 798 902 200
8908 4 2 137 12 537 487 135 536
8909 4 2 137 12 7 865 99 217
8910 4 2 137 12 238 1057 237 954
8911 4 2 137 12 1056 1057 953 237
8912 4 2 137 12 993 238 945 994
8913 4 2 137 12 650 170 169 753
8914 4 2 137 12 801 204 203 905
8915 4 2 137 12 200 86 91 789
8916 4 2 137 12 838 201 789 839
8917 4 2 137 12 751 167 647 750
8918 4 2 137 12 182 174 12 162
8919 4 2 137 12 152 677 676 574
8920 4 2 137 12 676 152 574 573
8921 4 2 137 12 167 751 647 168
8922 4 2 137 12 167 168 638 687
8923 4 2 137 12 687 168 638 688
8924 4 2 137 12 979 218 219 876
8925 4 2 137 12 942 236 991 235
8926 4 2 137 12 1055 235 951 1054
8927 4 2 137 12 993 237 944 945
8928 4 2 137 12 486 535 133 487
8929 4 2 137 12 157 165 681 578
8930 4 2 137 12 538 489 136 537
8931 4 2 137 12 208 845 797 207
8932 4 2 137 12 915 219 218 867
8933 4 2 137 12 904 801 203 905
8934 4 2 137 12 91 200 789 838
8935 4 2 137 12 979 978 218 875
8936 4 2 137 12 903 201 202 799
8937 4 2 137 12 903 902 201 799
8938 4 2 137 12 611 151 150 562
8939 4 2 137 12 839 202 201 790
8940 4 2 137 12 952 236 951 1055
8941 4 2 137 12 128 148 140 605
8942 4 2 137 12 915 219 867 916
8943 4 2 137 12 168 751 647 648
8944 4 2 137 12 168 639 638 688
8945 4 2 137 12 236 235 951 1055
8946 4 2 137 12 238 993 945 237
8947 4 2 137 12 654 182 174 757
8948 4 2 137 12 145 165 11 578
8949 4 2 137 12 605 139 501 604
8950 4 2 137 12 138 603 499 500
8951 4 2 137 12 218 979 875 876
8952 4 2 137 12 866 915 218 867
8953 4 2 137 12 800 903 202 799
8954 4 2 137 12 535 134 133 487
8955 4 2 137 12 611 151 562 612
8956 4 2 137 12 162 182 174 654
8957 4 2 137 12 165 157 11 578
8958 4 2 137 12 128 148 10 140
8959 4 2 137 12 996 241 240 947
8960 4 2 137 12 949 16 998 242
8961 4 2 137 12 612 151 562 563
8962 4 2 137 12 996 241 947 997
8963 4 2 137 12 535 536 134 487
8964 4 2 137 12 155 680 577 156
8965 4 2 137 12 16 243 229 949
8966 4 2 137 12 240 1060 1059 956
8967 4 2 137 12 243 16 998 949
8968 4 2 137 12 956 957 241 1060
8969 4 2 137 12 155 616 568 567
8970 4 2 137 12 616 156 155 568
8971 4 2 137 12 138 604 500 139
8972 4 2 137 12 225 212 922 15
8973 4 2 137 12 881 984 224 880
8974 4 2 137 12 223 984 983 880
8975 4 2 137 12 212 922 15 226
8976 4 2 137 12 240 1060 956 241
8977 4 2 137 12 223 984 880 224
8978 4 2 137 12 171 755 754 651
8979 4 2 137 12 139 541 492 491
8980 4 2 137 12 225 212 873 922
8981 4 2 137 12 804 906 205 803
8982 4 2 137 12 616 156 568 617
8983 4 2 137 12 795 205 843 794
8984 4 2 137 12 242 957 958 1061
8985 4 2 137 12 154 615 567 566
8986 4 2 137 12 806 909 208 805
8987 4 2 137 12 241 948 947 997
8988 4 2 137 12 879 222 982 880
8989 4 2 137 12 224 985 882 225
8990 4 2 137 12 490 137 138 539
8991 4 2 137 12 568 618 157 569
8992 4 2 137 12 137 603 602 499
8993 4 2 137 12 845 796 207 844
8994 4 2 137 12 223 920 224 871
8995 4 2 137 12 844 796 206 795
8996 4 2 137 12 540 139 491 541
8997 4 2 137 12 206 908 805 207
8998 4 2 137 12 239 946 995 240
8999 4 2 137 12 541 542 140 493
9000 4 2 137 12 206 207 796 844
9001 4 2 137 12 222 871 870 919
9002 4 2 137 12 139 605 501 140
9003 4 2 137 12 985 224 882 984
9004 4 2 137 12 755 171 652 651
9005 4 2 137 12 155 154 615 567
9006 4 2 137 12 137 603 499 138
9007 4 2 137 12 907 205 804 906
9008 4 2 137 12 845 208 797 846
9009 4 2 137 12 241 1061 957 242
9010 4 2 137 12 491 490 138 539
9011 4 2 137 12 492 541 140 493
9012 4 2 137 12 568 618 617 157
9013 4 2 137 12 222 983 982 880
9014 4 2 137 12 843 206 205 795
9015 4 2 137 12 240 946 995 996
9016 4 2 137 12 222 871 919 223
9017 4 2 137 12 996 240 946 947
9018 4 2 137 12 207 909 805 208
9019 4 2 137 12 796 207 797 845
9020 4 2 137 12 1061 241 957 1060
9021 4 2 137 12 172 171 652 755
9022 4 2 137 12 155 615 616 567
9023 4 2 137 12 920 223 919 871
9024 4 2 137 12 224 984 881 882
9025 4 2 137 12 222 983 880 223
9026 4 2 137 12 909 207 805 908
9027 4 2 137 12 157 617 568 156
9028 4 2 137 12 140 139 541 492
9029 4 2 137 12 539 138 491 540
9030 4 2 137 12 205 907 804 206
9031 4 2 137 12 843 206 795 844
9032 4 2 137 12 1249 17 1308 268
9033 4 2 137 12 296 697 696 2446
9034 4 2 137 12 1320 1321 1298 2429
9035 4 2 137 12 656 741 750 1341
9036 4 2 137 12 1419 1326 24 1442
9037 4 2 137 12 1240 268 1296 267
9038 4 2 137 12 1361 1382 1383 2433
9039 4 2 137 12 1316 1317 1105 2451
9040 4 2 137 12 2352 2403 1143 2455
9041 4 2 137 12 923 914 856 1461
9042 4 2 137 12 579 673 664 1333
9043 4 2 137 12 1476 2327 2332 2365
9044 4 2 137 12 1297 1314 1312 2346
9045 4 2 137 12 258 259 1159 1325
9046 4 2 137 12 1159 259 1168 1325
9047 4 2 137 12 259 1292 1168 1325
9048 4 2 137 12 1295 1317 1318 2428
9049 4 2 137 12 297 2342 1324 2426
9050 4 2 137 12 1043 1329 23 1034
9051 4 2 137 12 1035 24 1331 1026
9052 4 2 137 12 1038 1332 305 1029
9053 4 2 137 12 1040 305 1330 1031
9054 4 2 137 12 704 1290 21 713
9055 4 2 137 12 709 1289 297 718
9056 4 2 137 12 1484 1476 2332 2333
9057 4 2 137 12 2353 2332 2456 2464
9058 4 2 137 12 1416 2434 1448 2435
9059 4 2 137 12 1042 1329 1033 306
9060 4 2 137 12 1037 1332 1028 304
9061 4 2 137 12 296 1290 705 714
9062 4 2 137 12 298 1289 710 719
9063 4 2 137 12 931 922 1462 864
9064 4 2 137 12 672 681 587 1334
9065 4 2 137 12 2333 2383 2413 2457
9066 4 2 137 12 1319 1294 2342 2387
9067 4 2 137 12 1308 1296 1249 268
9068 4 2 137 12 1302 305 2352 2401
9069 4 2 137 12 957 948 956 241
9070 4 2 137 12 948 947 956 241
9071 4 2 137 12 872 880 224 871
9072 4 2 137 12 805 206 796 804
9073 4 2 137 12 208 196 195 14
9074 4 2 137 12 208 195 806 797
9075 4 2 137 12 882 873 224 225
9076 4 2 137 12 569 578 157 577
9077 4 2 137 12 567 154 566 575
9078 4 2 137 12 139 492 501 500
9079 4 2 137 12 796 206 795 804
9080 4 2 137 12 87 6 200 86
9081 4 2 137 12 485 132 3 494
9082 4 2 137 12 647 167 638 646
9083 4 2 137 12 637 638 167 646
9084 4 2 137 12 954 946 239 955
9085 4 2 137 12 642 170 650 651
9086 4 2 137 12 566 153 565 574
9087 4 2 137 12 874 866 217 875
9088 4 2 137 12 95 865 94 7
9089 4 2 137 12 798 790 201 799
9090 4 2 137 12 876 868 219 877
9091 4 2 137 12 95 865 7 874
9092 4 2 137 12 874 866 865 217
9093 4 2 137 12 168 169 648 639
9094 4 2 137 12 167 166 637 646
9095 4 2 137 12 235 942 950 941
9096 4 2 137 12 797 806 208 805
9097 4 2 137 12 239 238 945 954
9098 4 2 137 12 171 170 642 651
9099 4 2 137 12 641 170 650 642
9100 4 2 137 12 169 650 641 170
9101 4 2 137 12 169 648 640 649
9102 4 2 137 12 87 200 798 789
9103 4 2 137 12 570 149 150 561
9104 4 2 137 12 63 1 166 62
9105 4 2 137 12 235 942 951 950
9106 4 2 137 12 485 3 79 494
9107 4 2 137 12 8 941 103 102
9108 4 2 137 12 953 945 237 954
9109 4 2 137 12 169 648 639 640
9110 4 2 137 12 200 201 798 789
9111 4 2 137 12 487 135 134 496
9112 4 2 137 12 149 71 561 570
9113 4 2 137 12 562 570 150 561
9114 4 2 137 12 570 562 150 571
9115 4 2 137 12 488 135 496 497
9116 4 2 137 12 487 135 496 488
9117 4 2 137 12 637 63 166 62
9118 4 2 137 12 63 637 166 646
9119 4 2 137 12 866 218 217 875
9120 4 2 137 12 79 78 3 485
9121 4 2 137 12 941 8 103 234
9122 4 2 137 12 951 942 235 236
9123 4 2 137 12 941 950 235 234
9124 4 2 137 12 868 220 219 877
9125 4 2 137 12 946 954 239 945
9126 4 2 137 12 208 207 797 805
9127 4 2 137 12 204 793 802 801
9128 4 2 137 12 865 217 7 874
9129 4 2 137 12 875 866 218 867
9130 4 2 137 12 200 87 86 789
9131 4 2 137 12 868 876 219 867
9132 4 2 137 12 876 875 218 867
9133 4 2 137 12 638 639 168 647
9134 4 2 137 12 638 168 167 647
9135 4 2 137 12 103 950 941 234
9136 4 2 137 12 951 942 236 943
9137 4 2 137 12 952 951 236 943
9138 4 2 137 12 945 238 237 954
9139 4 2 137 12 213 212 225 15
9140 4 2 137 12 650 169 641 649
9141 4 2 137 12 568 157 156 577
9142 4 2 137 12 791 203 202 800
9143 4 2 137 12 791 792 203 800
9144 4 2 137 12 790 798 201 789
9145 4 2 137 12 876 218 219 867
9146 4 2 137 12 792 801 203 800
9147 4 2 137 12 953 945 944 237
9148 4 2 137 12 958 229 16 230
9149 4 2 137 12 882 212 225 213
9150 4 2 137 12 196 208 195 806
9151 4 2 137 12 202 790 799 201
9152 4 2 137 12 133 495 486 487
9153 4 2 137 12 958 229 949 16
9154 4 2 137 12 162 161 174 12
9155 4 2 137 12 16 949 958 242
9156 4 2 137 12 654 161 174 162
9157 4 2 137 12 640 641 169 649
9158 4 2 137 12 654 161 645 174
9159 4 2 137 12 144 145 11 578
9160 4 2 137 12 880 872 224 881
9161 4 2 137 12 880 223 224 871
9162 4 2 137 12 495 133 134 487
9163 4 2 137 12 639 648 168 647
9164 4 2 137 12 155 577 576 568
9165 4 2 137 12 957 949 242 958
9166 4 2 137 12 155 577 568 156
9167 4 2 137 12 140 127 128 502
9168 4 2 137 12 790 202 799 791
9169 4 2 137 12 202 791 800 799
9170 4 2 137 12 487 134 495 496
9171 4 2 137 12 128 10 127 140
9172 4 2 137 12 500 138 139 491
9173 4 2 137 12 567 568 155 576
9174 4 2 137 12 127 140 493 502
9175 4 2 137 12 206 805 796 207
9176 4 2 137 12 212 882 225 873
9177 4 2 137 12 947 240 956 241
9178 4 2 137 12 139 492 500 491
9179 4 2 137 12 493 140 501 502
9180 4 2 137 12 138 137 490 499
9181 4 2 137 12 881 873 224 882
9182 4 2 137 12 880 222 871 879
9183 4 2 137 12 871 879 222 870
9184 4 2 137 12 205 795 803 794
9185 4 2 137 12 568 157 577 569
9186 4 2 137 12 155 154 567 575
9187 4 2 137 12 205 804 803 795
9188 4 2 137 12 949 957 242 948
9189 4 2 137 12 501 492 140 493
9190 4 2 137 12 499 491 490 138
9191 4 2 137 12 881 873 872 224
9192 4 2 137 12 241 957 948 242
9193 4 2 137 12 576 155 567 575
9194 4 2 137 12 222 880 871 223
9195 4 2 137 12 205 804 795 206
9196 4 2 137 12 492 140 139 501
9197 4 2 137 12 796 797 207 805
9198 4 2 137 12 499 491 138 500
9199 4 2 137 12 1316 2428 1317 2451
9200 4 2 137 12 1298 1321 1322 2429
9201 4 2 137 12 1317 253 1114 1295
9202 4 2 137 12 1295 1318 2351 2428
9203 4 2 137 12 864 210 320 211
9204 4 2 137 12 596 318 146 587
9205 4 2 137 12 146 147 318 596
9206 4 2 137 12 1295 1318 1302 2351
9207 4 2 137 12 2365 2381 2332 2419
9208 4 2 137 12 1436 1440 1405 2458
9209 4 2 137 12 1416 1449 1443 2435
9210 4 2 137 12 1143 2403 1152 2455
9211 4 2 137 12 1315 1317 1316 2428
9212 4 2 137 12 1039 305 1038 2466
9213 4 2 137 12 325 93 92 847
9214 4 2 137 12 93 325 856 847
9215 4 2 137 12 579 73 313 72
9216 4 2 137 12 313 80 74 503
9217 4 2 137 12 597 313 74 503
9218 4 2 137 12 838 780 91 325
9219 4 2 137 12 780 85 91 325
9220 4 2 137 12 308 24 1326 1442
9221 4 2 137 12 1293 1096 251 269
9222 4 2 137 12 715 714 299 296
9223 4 2 137 12 1028 309 1027 304
9224 4 2 137 12 719 298 301 720
9225 4 2 137 12 1032 311 306 1033
9226 4 2 137 12 263 1204 1195 1327
9227 4 2 137 12 935 993 936 1464
9228 4 2 137 12 1317 252 1105 253
9229 4 2 137 12 2333 2383 2365 2413
9230 4 2 137 12 1159 258 1325 1297
9231 4 2 137 12 262 263 1195 1327
9232 4 2 137 12 1321 1322 2429 2467
9233 4 2 137 12 297 1324 2391 2426
9234 4 2 137 12 1096 252 1316 251
9235 4 2 137 12 23 303 1323 1383
9236 4 2 137 12 1321 298 1322 2467
9237 4 2 137 12 261 1298 262 1186
9238 4 2 137 12 1027 1018 309 1019
9239 4 2 137 12 1028 1027 309 1019
9240 4 2 137 12 1024 1032 311 1023
9241 4 2 137 12 1032 1024 311 1033
9242 4 2 137 12 715 723 299 714
9243 4 2 137 12 723 715 299 724
9244 4 2 137 12 301 728 719 720
9245 4 2 137 12 720 301 728 729
9246 4 2 137 12 1293 17 1308 269
9247 4 2 137 12 264 1213 1303 1328
9248 4 2 137 12 931 930 1467 1462
9249 4 2 137 12 671 672 1339 1334
9250 4 2 137 12 1142 2352 1301 2403
9251 4 2 137 12 1316 252 1105 1317
9252 4 2 137 12 1096 1316 1293 251
9253 4 2 137 12 1302 1318 305 2351
9254 4 2 137 12 663 163 182 317
9255 4 2 137 12 757 663 182 317
9256 4 2 137 12 228 243 319 940
9257 4 2 137 12 998 319 243 940
9258 4 2 137 12 992 934 1001 1464
9259 4 2 137 12 742 657 751 1336
9260 4 2 137 12 741 732 299 733
9261 4 2 137 12 742 741 299 733
9262 4 2 137 12 738 301 746 747
9263 4 2 137 12 746 737 301 738
9264 4 2 137 12 1001 1009 309 1000
9265 4 2 137 12 1009 1001 309 1010
9266 4 2 137 12 1014 1006 311 1015
9267 4 2 137 12 1006 1014 311 1005
9268 4 2 137 12 851 843 1465 852
9269 4 2 137 12 843 851 1465 842
9270 4 2 137 12 1337 593 601 592
9271 4 2 137 12 593 602 1337 601
9272 4 2 137 12 262 1195 1298 1327
9273 4 2 137 12 1449 1416 1448 2435
9274 4 2 137 12 2419 2456 2332 2464
9275 4 2 137 12 1294 1319 1296 2387
9276 4 2 137 12 1447 1448 1416 2434
9277 4 2 137 12 1324 1303 2391 2426
9278 4 2 137 12 53 21 704 1421
9279 4 2 137 12 1419 112 24 1035
9280 4 2 137 12 712 20 177 1362
9281 4 2 137 12 248 1360 23 1043
9282 4 2 137 12 1297 1141 256 1301
9283 4 2 137 12 1476 1485 2327 2328
9284 4 2 137 12 833 190 1483 832
9285 4 2 137 12 190 833 1483 191
9286 4 2 137 12 1213 1303 1204 264
9287 4 2 137 12 263 1204 1303 264
9288 4 2 137 12 1037 1045 304 1036
9289 4 2 137 12 1045 1037 304 1046
9290 4 2 137 12 697 705 296 696
9291 4 2 137 12 1050 1042 306 1051
9292 4 2 137 12 1050 1042 1041 306
9293 4 2 137 12 705 697 296 706
9294 4 2 137 12 184 183 1481 826
9295 4 2 137 12 1481 183 825 826
9296 4 2 137 12 1302 305 1301 2352
9297 4 2 137 12 1476 2328 2327 2365
9298 4 2 137 12 749 58 64 312
9299 4 2 137 12 64 655 749 312
9300 4 2 137 12 324 107 101 932
9301 4 2 137 12 107 324 990 932
9302 4 2 137 12 254 1114 1295 1123
9303 4 2 137 12 1327 1322 1303 2391
9304 4 2 137 12 1321 1309 298 2467
9305 4 2 137 12 465 123 1480 466
9306 4 2 137 12 465 123 122 1480
9307 4 2 137 12 1319 1296 2387 2449
9308 4 2 137 12 458 116 1482 459
9309 4 2 137 12 116 458 1482 115
9310 4 2 137 12 2384 2413 2365 2419
9311 4 2 137 12 251 17 1293 269
9312 4 2 137 12 1293 2415 1316 2451
9313 4 2 137 12 1324 1328 1303 2426
9314 4 2 137 12 717 709 297 718
9315 4 2 137 12 709 717 297 708
9316 4 2 137 12 305 1039 1030 1031
9317 4 2 137 12 1039 305 1040 1031
9318 4 2 137 12 704 54 21 53
9319 4 2 137 12 54 704 21 713
9320 4 2 137 12 112 111 24 1026
9321 4 2 137 12 1026 24 112 1035
9322 4 2 137 12 177 178 20 721
9323 4 2 137 12 721 20 177 712
9324 4 2 137 12 1043 247 1034 23
9325 4 2 137 12 1043 247 23 248
9326 4 2 137 12 716 708 297 717
9327 4 2 137 12 707 708 297 716
9328 4 2 137 12 1038 1030 305 1039
9329 4 2 137 12 1030 1038 305 1029
9330 4 2 137 12 1303 1204 263 1327
9331 4 2 137 12 2365 2384 2333 2413
9332 4 2 137 12 255 1123 1302 1132
9333 4 2 137 12 1317 1315 1318 2428
9334 4 2 137 12 1314 2346 1297 2403
9335 4 2 137 12 266 1222 1294 1231
9336 4 2 137 12 265 1213 1328 1222
9337 4 2 137 12 265 1213 264 1328
9338 4 2 137 12 1222 266 1294 265
9339 4 2 137 12 1114 254 1295 253
9340 4 2 137 12 597 598 589 1340
9341 4 2 137 12 589 588 597 1340
9342 4 2 137 12 2365 2376 2327 2381
9343 4 2 137 12 2328 2365 2383 2393
9344 4 2 137 12 752 658 649 2313
9345 4 2 137 12 957 1060 966 2294
9346 4 2 137 12 880 983 889 2306
9347 4 2 137 12 953 1056 962 2293
9348 4 2 137 12 632 641 690 2298
9349 4 2 137 12 542 484 493 2302
9350 4 2 137 12 195 209 194 2287
9351 4 2 137 12 793 842 784 2307
9352 4 2 137 12 2328 2376 2365 2393
9353 4 2 137 12 183 30 83 762
9354 4 2 137 12 123 131 529 28
9355 4 2 137 12 297 1324 1322 2391
9356 4 2 137 12 762 84 30 83
9357 4 2 137 12 84 762 30 771
9358 4 2 137 12 82 512 27 521
9359 4 2 137 12 82 512 81 27
9360 4 2 137 12 29 192 193 779
9361 4 2 137 12 29 192 779 770
9362 4 2 137 12 529 28 130 520
9363 4 2 137 12 130 131 28 529
9364 4 2 137 12 255 1123 254 1302
9365 4 2 137 12 853 844 1465 786
9366 4 2 137 12 1142 1301 1141 2403
9367 4 2 137 12 1032 1040 1330 1031
9368 4 2 137 12 1027 1331 1026 1035
9369 4 2 137 12 705 713 1290 704
9370 4 2 137 12 713 705 1290 714
9371 4 2 137 12 718 710 709 1289
9372 4 2 137 12 1332 1037 1029 1038
9373 4 2 137 12 718 710 1289 719
9374 4 2 137 12 1037 1332 1029 1028
9375 4 2 137 12 1042 1034 1329 1043
9376 4 2 137 12 1034 1042 1329 1033
9377 4 2 137 12 1302 255 1132 1301
9378 4 2 137 12 2332 2419 2381 2456
9379 4 2 137 12 2384 2419 2332 2464
9380 4 2 137 12 258 1150 257 1297
9381 4 2 137 12 258 1150 1297 1159
9382 4 2 137 12 119 526 315 120
9383 4 2 137 12 526 119 315 525
9384 4 2 137 12 315 119 118 525
9385 4 2 137 12 525 118 315 524
9386 4 2 137 12 1028 1332 1029 1020
9387 4 2 137 12 725 716 724 1291
9388 4 2 137 12 1332 1028 1019 1020
9389 4 2 137 12 716 715 724 1291
9390 4 2 137 12 1026 1018 1331 1027
9391 4 2 137 12 1018 1026 1331 1017
9392 4 2 137 12 722 714 713 1290
9393 4 2 137 12 722 714 1290 723
9394 4 2 137 12 730 721 729 1288
9395 4 2 137 12 1033 1025 1329 1034
9396 4 2 137 12 1023 1031 1330 1022
9397 4 2 137 12 720 729 721 1288
9398 4 2 137 12 1033 1025 1024 1329
9399 4 2 137 12 727 718 1289 719
9400 4 2 137 12 1031 1023 1330 1032
9401 4 2 137 12 728 727 1289 719
9402 4 2 137 12 525 517 315 526
9403 4 2 137 12 517 525 315 516
9404 4 2 137 12 516 525 315 524
9405 4 2 137 12 515 516 315 524
9406 4 2 137 12 772 781 1468 780
9407 4 2 137 12 771 772 1468 780
9408 4 2 137 12 504 513 1340 512
9409 4 2 137 12 503 504 1340 512
9410 4 2 137 12 1123 1302 1295 254
9411 4 2 137 12 188 187 766 330
9412 4 2 137 12 766 767 188 330
9413 4 2 137 12 187 765 330 186
9414 4 2 137 12 765 187 330 766
9415 4 2 137 12 767 775 330 766
9416 4 2 137 12 775 767 330 776
9417 4 2 137 12 330 766 775 774
9418 4 2 137 12 766 330 765 774
9419 4 2 137 12 846 1466 854 855
9420 4 2 137 12 846 1466 845 854
9421 4 2 137 12 256 1132 1301 1141
9422 4 2 137 12 164 163 672 317
9423 4 2 137 12 663 672 163 317
9424 4 2 137 12 227 940 319 931
9425 4 2 137 12 940 227 319 228
9426 4 2 137 12 605 318 147 596
9427 4 2 137 12 855 210 209 320
9428 4 2 137 12 855 209 846 320
9429 4 2 137 12 147 148 318 605
9430 4 2 137 12 993 1001 1464 992
9431 4 2 137 12 1001 993 1464 1002
9432 4 2 137 12 743 751 1336 742
9433 4 2 137 12 751 743 1336 752
9434 4 2 137 12 313 74 73 588
9435 4 2 137 12 588 313 74 597
9436 4 2 137 12 838 92 325 91
9437 4 2 137 12 92 838 325 847
9438 4 2 137 12 832 833 824 1483
9439 4 2 137 12 832 824 823 1483
9440 4 2 137 12 825 817 816 1481
9441 4 2 137 12 825 817 1481 826
9442 4 2 137 12 1467 998 1007 1006
9443 4 2 137 12 998 1467 997 1006
9444 4 2 137 12 756 748 1339 757
9445 4 2 137 12 756 748 747 1339
9446 4 2 137 12 466 1480 474 475
9447 4 2 137 12 474 465 1480 466
9448 4 2 137 12 467 468 459 1482
9449 4 2 137 12 459 458 467 1482
9450 4 2 137 12 736 735 300 727
9451 4 2 137 12 1013 310 1021 1022
9452 4 2 137 12 735 726 300 727
9453 4 2 137 12 1021 1012 310 1013
9454 4 2 137 12 56 722 22 731
9455 4 2 137 12 56 722 55 22
9456 4 2 137 12 110 109 26 1008
9457 4 2 137 12 1017 110 26 1008
9458 4 2 137 12 739 179 19 180
9459 4 2 137 12 739 179 730 19
9460 4 2 137 12 25 1025 1016 245
9461 4 2 137 12 1025 25 246 245
9462 4 2 137 12 1020 1011 310 1012
9463 4 2 137 12 1012 310 1020 1021
9464 4 2 137 12 734 726 300 735
9465 4 2 137 12 726 734 300 725
9466 4 2 137 12 655 65 312 64
9467 4 2 137 12 65 655 312 664
9468 4 2 137 12 101 923 324 932
9469 4 2 137 12 101 923 100 324
9470 4 2 137 12 1314 1297 1301 2403
9471 4 2 137 12 967 1061 958 2294
9472 4 2 137 12 954 963 1057 2293
9473 4 2 137 12 881 890 984 2306
9474 4 2 137 12 541 492 483 2302
9475 4 2 137 12 631 689 640 2298
9476 4 2 137 12 797 788 846 2287
9477 4 2 137 12 1467 948 940 949
9478 4 2 137 12 1467 948 939 940
9479 4 2 137 12 654 663 1339 662
9480 4 2 137 12 662 1339 654 653
9481 4 2 137 12 787 779 1466 788
9482 4 2 137 12 787 779 778 1466
9483 4 2 137 12 519 511 1338 520
9484 4 2 137 12 519 511 510 1338
9485 4 2 137 12 4 27 115 521
9486 4 2 137 12 27 4 82 521
9487 4 2 137 12 123 131 28 9
9488 4 2 137 12 5 30 83 183
9489 4 2 137 12 770 13 191 29
9490 4 2 137 12 770 13 29 192
9491 4 2 137 12 1132 256 1301 255
9492 4 2 137 12 296 706 714 705
9493 4 2 137 12 714 715 706 296
9494 4 2 137 12 719 711 298 720
9495 4 2 137 12 711 719 298 710
9496 4 2 137 12 1036 1028 1027 304
9497 4 2 137 12 1036 1028 304 1037
9498 4 2 137 12 1033 306 1041 1042
9499 4 2 137 12 1032 306 1041 1033
9500 4 2 137 12 2327 2381 2376 2425
9501 4 2 137 12 495 598 504 2310
9502 4 2 137 12 1007 1016 1467 1015
9503 4 2 137 12 748 747 1339 739
9504 4 2 137 12 1006 1007 1467 1015
9505 4 2 137 12 747 738 1339 739
9506 4 2 137 12 935 927 1464 936
9507 4 2 137 12 927 935 1464 926
9508 4 2 137 12 992 236 943 2292
9509 4 2 137 12 204 793 842 2311
9510 4 2 137 12 534 132 485 2308
9511 4 2 137 12 564 613 152 2315
9512 4 2 137 12 918 221 869 2290
9513 4 2 137 12 171 642 691 2296
9514 4 2 137 12 602 137 499 2303
9515 4 2 137 12 136 498 601 2304
9516 4 2 137 12 1059 240 956 2291
9517 4 2 137 12 675 151 572 2314
9518 4 2 137 12 678 154 575 2297
9519 4 2 137 12 990 991 1469 999
9520 4 2 137 12 999 991 1469 1000
9521 4 2 137 12 749 741 740 1341
9522 4 2 137 12 749 741 1341 750
9523 4 2 137 12 866 217 218 1461
9524 4 2 137 12 866 865 217 1461
9525 4 2 137 12 149 674 673 1333
9526 4 2 137 12 914 218 217 1461
9527 4 2 137 12 914 218 1461 915
9528 4 2 137 12 750 1341 749 646
9529 4 2 137 12 942 991 1469 941
9530 4 2 137 12 990 1469 991 941
9531 4 2 137 12 1341 750 647 646
9532 4 2 137 12 116 523 522 314
9533 4 2 137 12 116 117 523 314
9534 4 2 137 12 149 673 570 1333
9535 4 2 137 12 865 914 217 1461
9536 4 2 137 12 514 513 522 314
9537 4 2 137 12 522 523 514 314
9538 4 2 137 12 1469 933 942 941
9539 4 2 137 12 655 647 646 1341
9540 4 2 137 12 655 647 1341 656
9541 4 2 137 12 933 1469 932 941
9542 4 2 137 12 528 121 316 527
9543 4 2 137 12 121 528 316 122
9544 4 2 137 12 527 528 519 316
9545 4 2 137 12 527 519 518 316
9546 4 2 137 12 866 218 915 1461
9547 4 2 137 12 873 224 225 1462
9548 4 2 137 12 873 224 1462 872
9549 4 2 137 12 1334 157 578 577
9550 4 2 137 12 156 157 1334 577
9551 4 2 137 12 768 190 331 769
9552 4 2 137 12 768 190 189 331
9553 4 2 137 12 769 777 331 768
9554 4 2 137 12 777 769 331 778
9555 4 2 137 12 923 915 914 1461
9556 4 2 137 12 673 674 665 1333
9557 4 2 137 12 673 665 664 1333
9558 4 2 137 12 923 915 1461 924
9559 4 2 137 12 763 185 329 764
9560 4 2 137 12 185 763 329 184
9561 4 2 137 12 772 764 763 329
9562 4 2 137 12 772 764 329 773
9563 4 2 137 12 1018 1009 309 1010
9564 4 2 137 12 732 724 723 299
9565 4 2 137 12 732 724 299 733
9566 4 2 137 12 1010 309 1018 1019
9567 4 2 137 12 311 1023 1014 1015
9568 4 2 137 12 737 728 301 729
9569 4 2 137 12 729 301 737 738
9570 4 2 137 12 1023 311 1024 1015
9571 4 2 137 12 681 156 1334 680
9572 4 2 137 12 156 681 1334 157
9573 4 2 137 12 921 922 225 1462
9574 4 2 137 12 224 921 225 1462
9575 4 2 137 12 866 857 865 1461
9576 4 2 137 12 580 579 1333 571
9577 4 2 137 12 579 570 1333 571
9578 4 2 137 12 856 865 857 1461
9579 4 2 137 12 848 856 857 1461
9580 4 2 137 12 580 588 1333 579
9581 4 2 137 12 847 856 848 1461
9582 4 2 137 12 588 580 1333 589
9583 4 2 137 12 595 587 1334 596
9584 4 2 137 12 587 595 1334 586
9585 4 2 137 12 863 855 1462 864
9586 4 2 137 12 855 863 1462 854
9587 4 2 137 12 943 934 992 1464
9588 4 2 137 12 731 740 732 1341
9589 4 2 137 12 741 732 740 1341
9590 4 2 137 12 1008 1000 1469 1009
9591 4 2 137 12 1008 1000 999 1469
9592 4 2 137 12 931 922 930 1462
9593 4 2 137 12 922 921 930 1462
9594 4 2 137 12 672 680 1334 671
9595 4 2 137 12 680 672 1334 681
9596 4 2 137 12 755 1335 754 651
9597 4 2 137 12 996 946 1463 947
9598 4 2 137 12 1463 995 946 996
9599 4 2 137 12 1335 755 652 651
9600 4 2 137 12 586 578 1334 587
9601 4 2 137 12 864 1462 872 873
9602 4 2 137 12 872 863 1462 864
9603 4 2 137 12 586 578 577 1334
9604 4 2 137 12 496 135 1342 497
9605 4 2 137 12 496 135 134 1342
9606 4 2 137 12 791 203 792 1470
9607 4 2 137 12 202 203 791 1470
9608 4 2 137 12 134 135 600 1342
9609 4 2 137 12 134 600 599 1342
9610 4 2 137 12 203 840 1470 202
9611 4 2 137 12 840 203 1470 841
9612 4 2 137 12 578 681 157 1334
9613 4 2 137 12 1462 922 225 873
9614 4 2 137 12 746 755 1335 754
9615 4 2 137 12 1335 745 746 754
9616 4 2 137 12 1463 1005 1004 996
9617 4 2 137 12 1004 995 1463 996
9618 4 2 137 12 514 506 1342 515
9619 4 2 137 12 506 514 1342 505
9620 4 2 137 12 782 774 1470 783
9621 4 2 137 12 774 782 1470 773
9622 4 2 137 12 1334 680 156 577
9623 4 2 137 12 921 224 872 1462
9624 4 2 137 12 850 841 849 1470
9625 4 2 137 12 591 590 599 1342
9626 4 2 137 12 840 849 841 1470
9627 4 2 137 12 599 600 591 1342
9628 4 2 137 12 1342 496 497 505
9629 4 2 137 12 1342 497 506 505
9630 4 2 137 12 791 783 782 1470
9631 4 2 137 12 791 783 1470 792
9632 4 2 137 12 1463 946 938 947
9633 4 2 137 12 651 652 1335 660
9634 4 2 137 12 652 661 1335 660
9635 4 2 137 12 946 937 1463 938
9636 4 2 137 12 517 509 508 1337
9637 4 2 137 12 517 509 1337 518
9638 4 2 137 12 1465 785 776 777
9639 4 2 137 12 785 1465 786 777
9640 4 2 137 12 934 943 935 1464
9641 4 2 137 12 937 929 928 1463
9642 4 2 137 12 669 661 660 1335
9643 4 2 137 12 937 929 1463 938
9644 4 2 137 12 669 661 1335 670
9645 4 2 137 12 791 840 202 1470
9646 4 2 137 12 603 499 1337 602
9647 4 2 137 12 603 499 500 1337
9648 4 2 137 12 843 1465 795 794
9649 4 2 137 12 1465 795 844 843
9650 4 2 137 12 612 151 563 2309
9651 4 2 137 12 600 135 497 1342
9652 4 2 137 12 997 948 939 1467
9653 4 2 137 12 662 756 1339 653
9654 4 2 137 12 654 663 757 1339
9655 4 2 137 12 940 998 1467 949
9656 4 2 137 12 926 925 934 1464
9657 4 2 137 12 935 926 934 1464
9658 4 2 137 12 658 666 1336 657
9659 4 2 137 12 666 658 1336 667
9660 4 2 137 12 844 852 1465 843
9661 4 2 137 12 594 593 602 1337
9662 4 2 137 12 852 844 1465 853
9663 4 2 137 12 1337 602 594 603
9664 4 2 137 12 786 794 1465 785
9665 4 2 137 12 500 1337 499 508
9666 4 2 137 12 1337 500 509 508
9667 4 2 137 12 794 786 1465 795
9668 4 2 137 12 613 564 152 2309
9669 4 2 137 12 656 750 647 1341
9670 4 2 137 12 1469 990 932 941
9671 4 2 137 12 1341 655 749 646
9672 4 2 137 12 173 644 653 2300
9673 4 2 137 12 869 878 221 2312
9674 4 2 137 12 645 654 174 2301
9675 4 2 137 12 644 173 653 2301
9676 4 2 137 12 868 220 877 2312
9677 4 2 137 12 643 172 652 2300
9678 4 2 137 12 673 579 570 1333
9679 4 2 137 12 865 856 914 1461
9680 4 2 137 12 844 795 1465 786
9681 4 2 137 12 500 603 1337 509
9682 4 2 137 12 677 574 153 2297
9683 4 2 137 12 239 1058 955 2291
9684 4 2 137 12 150 674 571 2314
9685 4 2 137 12 135 600 497 2304
9686 4 2 137 12 498 136 601 2303
9687 4 2 137 12 692 643 172 2296
9688 4 2 137 12 153 614 565 2315
9689 4 2 137 12 870 222 919 2290
9690 4 2 137 12 535 486 133 2308
9691 4 2 137 12 205 843 794 2311
9692 4 2 137 12 237 993 944 2292
9693 4 2 137 12 578 587 681 1334
9694 4 2 137 12 922 1462 864 873
9695 4 2 137 12 782 840 791 1470
9696 4 2 137 12 680 1334 586 577
9697 4 2 137 12 600 497 506 1342
9698 4 2 137 12 580 1333 674 571
9699 4 2 137 12 866 915 857 1461
9700 4 2 137 12 652 661 755 1335
9701 4 2 137 12 938 996 1463 947
9702 4 2 137 12 602 499 1337 508
9703 4 2 137 12 794 843 1465 785
9704 4 2 137 12 592 1342 1336 591
9705 4 2 137 12 164 587 317 672
9706 4 2 137 12 924 1469 925 1461
9707 4 2 137 12 1333 312 1341 664
9708 4 2 137 12 674 150 675 2314
9709 4 2 137 12 301 745 1335 300
9710 4 2 137 12 979 885 980 2289
9711 4 2 137 12 668 660 1335 669
9712 4 2 137 12 1469 324 1461 923
9713 4 2 137 12 745 753 754 2295
9714 4 2 137 12 678 153 154 2297
9715 4 2 137 12 510 518 1338 509
9716 4 2 137 12 461 119 1472 462
9717 4 2 137 12 315 119 120 1475
9718 4 2 137 12 309 1002 1464 310
9719 4 2 137 12 1341 666 657 1336
9720 4 2 137 12 300 1335 744 745
9721 4 2 137 12 194 797 195 2287
9722 4 2 137 12 312 22 740 57
9723 4 2 137 12 1333 1336 581 666
9724 4 2 137 12 1337 584 668 669
9725 4 2 137 12 657 665 1341 656
9726 4 2 137 12 299 1336 1341 742
9727 4 2 137 12 1341 1336 657 742
9728 4 2 137 12 665 657 1341 666
9729 4 2 137 12 559 616 617 2288
9730 4 2 137 12 797 194 788 2287
9731 4 2 137 12 918 222 221 2290
9732 4 2 137 12 1465 1466 853 786
9733 4 2 137 12 1469 1001 1464 309
9734 4 2 137 12 330 187 186 1477
9735 4 2 137 12 324 999 26 108
9736 4 2 137 12 1477 1471 187 829
9737 4 2 137 12 616 625 617 2288
9738 4 2 137 12 971 979 980 2289
9739 4 2 137 12 979 971 970 2289
9740 4 2 137 12 612 152 151 2309
9741 4 2 137 12 151 675 150 2314
9742 4 2 137 12 1341 666 1333 665
9743 4 2 137 12 309 1002 1010 1001
9744 4 2 137 12 100 856 324 923
9745 4 2 137 12 958 966 967 2294
9746 4 2 137 12 777 1466 786 778
9747 4 2 137 12 1475 1472 119 462
9748 4 2 137 12 504 496 495 2310
9749 4 2 137 12 496 504 505 2310
9750 4 2 137 12 617 625 626 2288
9751 4 2 137 12 1462 1463 862 929
9752 4 2 137 12 1003 1463 310 1004
9753 4 2 137 12 309 1002 1011 1010
9754 4 2 137 12 919 222 918 2290
9755 4 2 137 12 954 962 963 2293
9756 4 2 137 12 992 993 237 2292
9757 4 2 137 12 239 240 1059 2291
9758 4 2 137 12 1463 927 1465 928
9759 4 2 137 12 1467 1463 1462 930
9760 4 2 137 12 239 1059 1058 2291
9761 4 2 137 12 957 958 1061 2294
9762 4 2 137 12 954 953 962 2293
9763 4 2 137 12 927 1463 936 928
9764 4 2 137 12 992 237 236 2292
9765 4 2 137 12 1463 311 310 1004
9766 4 2 137 12 309 1002 1001 1464
9767 4 2 137 12 886 980 885 2289
9768 4 2 137 12 1469 925 1461 1464
9769 4 2 137 12 1477 330 329 186
9770 4 2 137 12 924 1469 933 925
9771 4 2 137 12 1004 311 310 1013
9772 4 2 137 12 781 1468 773 772
9773 4 2 137 12 1464 310 1002 1003
9774 4 2 137 12 1464 1463 310 1003
9775 4 2 137 12 1467 25 311 1016
9776 4 2 137 12 957 1061 1060 2294
9777 4 2 137 12 966 958 957 2294
9778 4 2 137 12 744 753 745 2295
9779 4 2 137 12 742 299 734 733
9780 4 2 137 12 136 602 601 2303
9781 4 2 137 12 842 205 204 2311
9782 4 2 137 12 120 316 1475 121
9783 4 2 137 12 881 984 880 2306
9784 4 2 137 12 329 1477 185 1481
9785 4 2 137 12 984 983 880 2306
9786 4 2 137 12 668 1337 1335 1336
9787 4 2 137 12 300 1336 743 744
9788 4 2 137 12 1336 1335 744 300
9789 4 2 137 12 301 745 300 736
9790 4 2 137 12 299 300 1336 743
9791 4 2 137 12 653 645 644 2301
9792 4 2 137 12 645 653 654 2301
9793 4 2 137 12 737 745 301 736
9794 4 2 137 12 679 670 678 2299
9795 4 2 137 12 669 678 670 2299
9796 4 2 137 12 691 172 171 2296
9797 4 2 137 12 692 172 691 2296
9798 4 2 137 12 660 668 1335 659
9799 4 2 137 12 301 19 1339 739
9800 4 2 137 12 19 317 748 181
9801 4 2 137 12 492 484 483 2302
9802 4 2 137 12 484 492 493 2302
9803 4 2 137 12 492 541 493 2302
9804 4 2 137 12 539 540 482 2305
9805 4 2 137 12 518 510 1338 519
9806 4 2 137 12 1334 1335 1339 671
9807 4 2 137 12 541 542 493 2302
9808 4 2 137 12 653 644 652 2300
9809 4 2 137 12 510 1338 595 509
9810 4 2 137 12 644 643 652 2300
9811 4 2 137 12 631 640 632 2298
9812 4 2 137 12 137 602 136 2303
9813 4 2 137 12 1468 1461 325 847
9814 4 2 137 12 316 315 1337 517
9815 4 2 137 12 136 601 135 2304
9816 4 2 137 12 600 135 601 2304
9817 4 2 137 12 1472 314 118 117
9818 4 2 137 12 1337 1338 518 509
9819 4 2 137 12 1475 1472 315 119
9820 4 2 137 12 1337 668 1335 669
9821 4 2 137 12 1333 1336 1342 590
9822 4 2 137 12 315 314 1342 515
9823 4 2 137 12 535 133 534 2308
9824 4 2 137 12 641 632 640 2298
9825 4 2 137 12 315 118 119 1472
9826 4 2 137 12 668 592 1336 583
9827 4 2 137 12 668 1337 1336 592
9828 4 2 137 12 592 584 1337 593
9829 4 2 137 12 591 583 1336 592
9830 4 2 137 12 869 877 878 2312
9831 4 2 137 12 539 548 540 2305
9832 4 2 137 12 153 613 614 2315
9833 4 2 137 12 539 482 481 2305
9834 4 2 137 12 877 869 868 2312
9835 4 2 137 12 1472 314 315 118
9836 4 2 137 12 1475 119 120 462
9837 4 2 137 12 120 463 1475 462
9838 4 2 137 12 666 1341 1333 1336
9839 4 2 137 12 1475 315 316 120
9840 4 2 137 12 1480 316 28 123
9841 4 2 137 12 188 187 330 1471
9842 4 2 137 12 1466 777 786 1465
9843 4 2 137 12 1463 929 928 862
9844 4 2 137 12 559 558 616 2288
9845 4 2 137 12 1477 1471 330 187
9846 4 2 137 12 1471 331 330 188
9847 4 2 137 12 1465 775 1470 330
9848 4 2 137 12 658 659 650 2313
9849 4 2 137 12 658 650 649 2313
9850 4 2 137 12 881 880 889 2306
9851 4 2 137 12 890 881 889 2306
9852 4 2 137 12 927 1463 1465 1464
9853 4 2 137 12 851 1464 1465 1470
9854 4 2 137 12 851 1464 859 860
9855 4 2 137 12 853 1463 862 1462
9856 4 2 137 12 153 678 677 2297
9857 4 2 137 12 853 1463 1462 1465
9858 4 2 137 12 786 778 1466 787
9859 4 2 137 12 853 1466 1462 854
9860 4 2 137 12 853 1466 787 786
9861 4 2 137 12 1465 330 331 776
9862 4 2 137 12 1463 936 928 937
9863 4 2 137 12 1483 29 331 191
9864 4 2 137 12 1477 186 828 829
9865 4 2 137 12 792 793 784 2307
9866 4 2 137 12 299 742 734 743
9867 4 2 137 12 1470 329 330 774
9868 4 2 137 12 187 186 1477 829
9869 4 2 137 12 187 829 1471 830
9870 4 2 137 12 1471 188 187 830
9871 4 2 137 12 792 784 783 2307
9872 4 2 137 12 1471 331 188 189
9873 4 2 137 12 186 329 1477 185
9874 4 2 137 12 850 1464 859 851
9875 4 2 137 12 925 1469 933 934
9876 4 2 137 12 1057 1056 953 2293
9877 4 2 137 12 1057 953 954 2293
9878 4 2 137 12 850 1464 851 1470
9879 4 2 137 12 849 1464 1470 1461
9880 4 2 137 12 1470 1461 1468 848
9881 4 2 137 12 1461 858 1464 925
9882 4 2 137 12 849 1464 1461 858
9883 4 2 137 12 1002 309 1011 310
9884 4 2 137 12 1481 329 30 183
9885 4 2 137 12 1333 1336 590 581
9886 4 2 137 12 133 132 534 2308
9887 4 2 137 12 152 612 613 2309
9888 4 2 137 12 313 1333 1340 588
9889 4 2 137 12 1336 1337 1342 592
9890 4 2 137 12 1340 1333 1342 589
9891 4 2 137 12 1482 27 314 115
9892 4 2 137 12 205 842 843 2311
9893 4 2 137 12 514 505 513 1340
9894 4 2 137 12 505 504 513 1340
9895 4 2 137 12 1470 1461 848 849
9896 4 2 137 12 1469 1001 934 1464
9897 4 2 137 12 299 300 743 734
9898 4 2 137 12 743 299 742 1336
9899 4 2 137 12 319 25 1007 244
9900 4 2 137 12 1333 1342 589 590
9901 4 2 137 12 745 737 301 746
9902 4 2 137 12 1466 853 1462 1465
9903 4 2 137 12 583 591 1336 582
9904 4 2 137 12 119 461 1472 118
9905 4 2 137 12 1469 925 1464 934
9906 4 2 137 12 152 613 153 2315
9907 4 2 137 12 1005 311 1004 1013
9908 4 2 137 12 1013 1005 311 1014
9909 4 2 137 12 1337 1342 516 315
9910 4 2 137 12 2439 2351 2450 1046
9911 4 2 137 12 2439 2450 2351 2322
9912 4 2 137 12 931 211 320 319
9913 4 2 137 12 320 211 931 864
9914 4 2 137 12 320 1462 931 319
9915 4 2 137 12 931 1462 320 864
9916 4 2 137 12 2391 700 297 2337
9917 4 2 137 12 771 30 325 1468
9918 4 2 137 12 771 325 30 84
9919 4 2 137 12 664 72 313 312
9920 4 2 137 12 664 313 72 579
9921 4 2 137 12 1461 856 324 325
9922 4 2 137 12 1461 324 856 923
9923 4 2 137 12 840 1470 848 849
9924 4 2 137 12 984 2306 975 983
9925 4 2 137 12 975 2306 974 983
9926 4 2 137 12 833 199 1483 191
9927 4 2 137 12 833 1483 199 323
9928 4 2 137 12 13 1483 199 191
9929 4 2 137 12 13 199 1483 323
9930 4 2 137 12 458 75 1482 115
9931 4 2 137 12 458 1482 75 326
9932 4 2 137 12 4 1482 75 115
9933 4 2 137 12 4 75 1482 326
9934 4 2 137 12 2424 2330 1357 2317
9935 4 2 137 12 2424 1357 2330 2379
9936 4 2 137 12 520 28 318 1338
9937 4 2 137 12 520 318 28 130
9938 4 2 137 12 2348 2402 2373 2319
9939 4 2 137 12 2373 2402 2348 2372
9940 4 2 137 12 622 2389 2323 631
9941 4 2 137 12 2323 2389 622 2362
9942 4 2 137 12 2467 2337 1322 2357
9943 4 2 137 12 2467 1322 2337 700
9944 4 2 137 12 1036 1044 1326 1035
9945 4 2 137 12 825 1481 5 183
9946 4 2 137 12 30 1481 5 328
9947 4 2 137 12 30 5 1481 183
9948 4 2 137 12 466 1480 9 123
9949 4 2 137 12 28 1480 9 321
9950 4 2 137 12 28 9 1480 123
9951 4 2 137 12 293 2436 2410 294
9952 4 2 137 12 2410 2436 293 2362
9953 4 2 137 12 730 19 301 739
9954 4 2 137 12 301 19 730 1288
9955 4 2 137 12 301 738 730 739
9956 4 2 137 12 300 725 299 1291
9957 4 2 137 12 300 299 725 734
9958 4 2 137 12 733 725 299 734
9959 4 2 137 12 1014 1022 311 1013
9960 4 2 137 12 310 311 1022 1013
9961 4 2 137 12 310 1022 311 1330
9962 4 2 137 12 1009 1017 309 1008
9963 4 2 137 12 26 309 1017 1008
9964 4 2 137 12 26 1017 309 1331
9965 4 2 137 12 809 894 2360 2325
9966 4 2 137 12 809 2360 894 808
9967 4 2 137 12 2442 899 2371 2400
9968 4 2 137 12 2442 2371 899 900
9969 4 2 137 12 2412 622 2323 621
9970 4 2 137 12 2412 2323 622 2362
9971 4 2 137 12 2342 2446 698 697
9972 4 2 137 12 698 2446 2342 2323
9973 4 2 137 12 2446 631 698 697
9974 4 2 137 12 698 631 2446 2323
9975 4 2 137 12 704 696 1304 705
9976 4 2 137 12 296 1304 696 705
9977 4 2 137 12 296 696 1304 2366
9978 4 2 137 12 2430 897 2341 896
9979 4 2 137 12 2430 2341 897 2390
9980 4 2 137 12 1205 2429 1197 1196
9981 4 2 137 12 1197 2429 1205 2357
9982 4 2 137 12 1232 1240 2387 1294
9983 4 2 137 12 1232 2387 1240 1241
9984 4 2 137 12 1043 1051 1323 1042
9985 4 2 137 12 1464 858 850 859
9986 4 2 137 12 840 782 848 1470
9987 4 2 137 12 1468 773 782 781
9988 4 2 137 12 782 773 1468 1470
9989 4 2 137 12 848 1468 782 781
9990 4 2 137 12 782 1468 848 1470
9991 4 2 137 12 2426 2337 2427 2391
9992 4 2 137 12 2426 2427 2337 2364
9993 4 2 137 12 1103 2453 1112 1104
9994 4 2 137 12 1103 1112 2453 2348
9995 4 2 137 12 1113 1112 2453 1104
9996 4 2 137 12 1113 2453 1112 2348
9997 4 2 137 12 29 193 1466 779
9998 4 2 137 12 29 1466 193 320
9999 4 2 137 12 788 1466 193 779
10000 4 2 137 12 788 193 1466 320
10001 4 2 137 12 2377 278 2453 18
10002 4 2 137 12 2377 2453 278 2373
10003 4 2 137 12 1451 977 2404 883
10004 4 2 137 12 1451 2404 977 968
10005 4 2 137 12 613 2338 2362 622
10006 4 2 137 12 2362 2338 613 555
10007 4 2 137 12 2362 2412 613 622
10008 4 2 137 12 613 2412 2362 555
10009 4 2 137 12 503 81 1340 313
10010 4 2 137 12 503 1340 81 512
10011 4 2 137 12 27 1340 81 313
10012 4 2 137 12 27 81 1340 512
10013 4 2 137 12 541 2302 550 542
10014 4 2 137 12 541 550 2302 2421
10015 4 2 137 12 550 2302 551 542
10016 4 2 137 12 550 551 2302 2421
10017 4 2 137 12 537 2445 2326 546
10018 4 2 137 12 689 2298 698 690
10019 4 2 137 12 689 698 2298 631
10020 4 2 137 12 2298 699 698 690
10021 4 2 137 12 535 2458 2359 477
10022 4 2 137 12 2359 2458 535 544
10023 4 2 137 12 2359 478 535 477
10024 4 2 137 12 688 631 2446 697
10025 4 2 137 12 2446 631 688 630
10026 4 2 137 12 537 2326 545 546
10027 4 2 137 12 537 536 2326 478
10028 4 2 137 12 537 2326 536 545
10029 4 2 137 12 535 536 2359 544
10030 4 2 137 12 535 2359 536 478
10031 4 2 137 12 2326 536 2359 478
10032 4 2 137 12 995 1463 1003 1004
10033 4 2 137 12 936 994 1463 1003
10034 4 2 137 12 936 1463 994 937
10035 4 2 137 12 995 1463 994 1003
10036 4 2 137 12 1465 927 861 928
10037 4 2 137 12 919 861 927 928
10038 4 2 137 12 1464 860 926 859
10039 4 2 137 12 1464 926 860 927
10040 4 2 137 12 918 860 926 927
10041 4 2 137 12 845 853 1466 787
10042 4 2 137 12 1466 853 845 854
10043 4 2 137 12 784 851 2307 842
10044 4 2 137 12 850 841 2307 842
10045 4 2 137 12 851 850 2307 842
10046 4 2 137 12 1000 991 934 992
10047 4 2 137 12 2440 615 2343 624
10048 4 2 137 12 2440 2343 615 557
10049 4 2 137 12 558 615 2343 557
10050 4 2 137 12 915 858 1461 924
10051 4 2 137 12 1461 858 915 857
10052 4 2 137 12 782 790 839 781
10053 4 2 137 12 782 848 839 840
10054 4 2 137 12 839 848 782 781
10055 4 2 137 12 926 917 860 918
10056 4 2 137 12 926 860 917 859
10057 4 2 137 12 868 917 860 859
10058 4 2 137 12 929 921 1462 930
10059 4 2 137 12 2378 616 2343 558
10060 4 2 137 12 2378 2343 616 625
10061 4 2 137 12 624 616 2343 625
10062 4 2 137 12 810 905 2341 811
10063 4 2 137 12 812 2341 905 811
10064 4 2 137 12 920 862 1462 863
10065 4 2 137 12 1462 862 920 929
10066 4 2 137 12 920 921 1462 929
10067 4 2 137 12 1006 1463 997 1005
10068 4 2 137 12 938 1463 997 939
10069 4 2 137 12 997 996 1463 938
10070 4 2 137 12 997 1463 996 1005
10071 4 2 137 12 2360 807 902 808
10072 4 2 137 12 2360 894 902 893
10073 4 2 137 12 902 894 2360 808
10074 4 2 137 12 901 1409 2360 892
10075 4 2 137 12 2360 1409 901 807
10076 4 2 137 12 2360 893 901 892
10077 4 2 137 12 902 901 2360 893
10078 4 2 137 12 2360 901 902 807
10079 4 2 137 12 904 809 2325 895
10080 4 2 137 12 2325 809 904 810
10081 4 2 137 12 904 2325 2341 895
10082 4 2 137 12 2341 2325 904 810
10083 4 2 137 12 904 2341 896 895
10084 4 2 137 12 498 601 506 507
10085 4 2 137 12 666 674 1333 665
10086 4 2 137 12 590 599 2310 598
10087 4 2 137 12 590 2310 589 598
10088 4 2 137 12 755 1335 747 746
10089 4 2 137 12 600 1342 592 591
10090 4 2 137 12 1339 756 1335 747
10091 4 2 137 12 1339 1335 756 662
10092 4 2 137 12 755 1335 756 747
10093 4 2 137 12 585 577 680 586
10094 4 2 137 12 671 679 1334 670
10095 4 2 137 12 669 1335 2299 670
10096 4 2 137 12 2463 1257 2392 1256
10097 4 2 137 12 2463 2392 1257 2350
10098 4 2 137 12 2463 1248 2410 2350
10099 4 2 137 12 2463 2410 1248 1247
10100 4 2 137 12 1463 311 1006 1467
10101 4 2 137 12 1463 1006 311 1005
10102 4 2 137 12 301 1335 747 1339
10103 4 2 137 12 301 747 1335 746
10104 4 2 137 12 1393 2421 2302 551
10105 4 2 137 12 2302 2421 1393 484
10106 4 2 137 12 2302 542 1393 551
10107 4 2 137 12 1393 542 2302 484
10108 4 2 137 12 2408 1325 2346 1160
10109 4 2 137 12 2408 2346 1325 1312
10110 4 2 137 12 1297 2346 1325 1160
10111 4 2 137 12 1297 1325 2346 1312
10112 4 2 137 12 1445 1304 695 2366
10113 4 2 137 12 696 1304 695 704
10114 4 2 137 12 696 695 1304 2366
10115 4 2 137 12 462 470 1472 461
10116 4 2 137 12 2392 1257 276 1256
10117 4 2 137 12 2392 276 1257 2363
10118 4 2 137 12 2395 1362 20 712
10119 4 2 137 12 2395 20 1362 1386
10120 4 2 137 12 2295 744 1335 745
10121 4 2 137 12 1335 754 2295 745
10122 4 2 137 12 2294 1060 1052 1061
10123 4 2 137 12 2294 1052 1060 2433
10124 4 2 137 12 1361 2294 1052 1061
10125 4 2 137 12 1361 1052 2294 2433
10126 4 2 137 12 967 2294 1361 1061
10127 4 2 137 12 967 1361 2294 2433
10128 4 2 137 12 821 2335 813 812
10129 4 2 137 12 821 813 2335 2417
10130 4 2 137 12 617 2422 2355 626
10131 4 2 137 12 2355 2422 617 559
10132 4 2 137 12 2355 2378 617 626
10133 4 2 137 12 617 2378 2355 559
10134 4 2 137 12 20 712 298 1309
10135 4 2 137 12 728 301 736 737
10136 4 2 137 12 723 299 731 732
10137 4 2 137 12 22 722 299 731
10138 4 2 137 12 22 299 722 1290
10139 4 2 137 12 723 299 722 731
10140 4 2 137 12 723 722 299 1290
10141 4 2 137 12 729 730 301 738
10142 4 2 137 12 729 301 730 1288
10143 4 2 137 12 724 725 299 733
10144 4 2 137 12 724 299 725 1291
10145 4 2 137 12 1023 1022 311 1014
10146 4 2 137 12 311 1022 1023 1330
10147 4 2 137 12 1017 1018 309 1331
10148 4 2 137 12 1017 309 1018 1009
10149 4 2 137 12 1016 1024 311 1015
10150 4 2 137 12 309 1011 1019 1010
10151 4 2 137 12 1020 310 309 1332
10152 4 2 137 12 309 310 1020 1011
10153 4 2 137 12 309 1019 1020 1332
10154 4 2 137 12 1020 1019 309 1011
10155 4 2 137 12 2289 971 886 980
10156 4 2 137 12 2289 886 971 2450
10157 4 2 137 12 296 297 707 1319
10158 4 2 137 12 2368 1059 2324 1050
10159 4 2 137 12 2368 2324 1059 965
10160 4 2 137 12 600 1342 601 592
10161 4 2 137 12 600 601 1342 506
10162 4 2 137 12 507 1342 601 506
10163 4 2 137 12 784 1470 2307 851
10164 4 2 137 12 784 2307 1470 783
10165 4 2 137 12 850 2307 1470 851
10166 4 2 137 12 700 1322 297 709
10167 4 2 137 12 700 297 1322 2391
10168 4 2 137 12 1475 471 1472 462
10169 4 2 137 12 1475 1472 471 2445
10170 4 2 137 12 470 1472 471 462
10171 4 2 137 12 470 471 1472 2445
10172 4 2 137 12 2392 273 272 1253
10173 4 2 137 12 272 1252 2392 1253
10174 4 2 137 12 2392 1252 272 2380
10175 4 2 137 12 849 850 1464 858
10176 4 2 137 12 1464 850 849 1470
10177 4 2 137 12 582 590 1336 581
10178 4 2 137 12 2458 1403 1404 543
10179 4 2 137 12 2458 1404 1403 1405
10180 4 2 137 12 815 900 1371 909
10181 4 2 137 12 815 1371 900 1350
10182 4 2 137 12 1349 1371 900 909
10183 4 2 137 12 1349 900 1371 1350
10184 4 2 137 12 2422 1369 1344 1391
10185 4 2 137 12 2422 1344 1369 560
10186 4 2 137 12 2331 538 2445 480
10187 4 2 137 12 2331 2445 538 547
10188 4 2 137 12 1334 585 680 586
10189 4 2 137 12 2331 539 2394 548
10190 4 2 137 12 2331 2394 539 481
10191 4 2 137 12 982 2334 2418 973
10192 4 2 137 12 2418 2334 982 888
10193 4 2 137 12 2351 1038 1046 1318
10194 4 2 137 12 2351 1046 1038 1047
10195 4 2 137 12 1053 1420 2375 1044
10196 4 2 137 12 2375 1420 1053 959
10197 4 2 137 12 2418 897 2390 888
10198 4 2 137 12 2418 2390 897 2335
10199 4 2 137 12 2387 2446 2342 1319
10200 4 2 137 12 2342 2446 2387 2323
10201 4 2 137 12 2461 1040 2324 1049
10202 4 2 137 12 2461 2324 1040 2352
10203 4 2 137 12 1252 2463 2392 1253
10204 4 2 137 12 2392 2463 1252 2349
10205 4 2 137 12 2463 1243 2387 1244
10206 4 2 137 12 2463 2387 1243 2349
10207 4 2 137 12 2406 611 2412 620
10208 4 2 137 12 2406 2412 611 553
10209 4 2 137 12 2375 1419 1326 1044
10210 4 2 137 12 2375 1326 1419 1442
10211 4 2 137 12 2445 478 537 2326
10212 4 2 137 12 2445 537 478 479
10213 4 2 137 12 978 2402 2404 884
10214 4 2 137 12 2404 2402 978 969
10215 4 2 137 12 1313 1357 303 1300
10216 4 2 137 12 303 1357 1313 1384
10217 4 2 137 12 2379 2467 2358 2320
10218 4 2 137 12 2358 2467 2379 1309
10219 4 2 137 12 1433 2458 1404 534
10220 4 2 137 12 1404 2458 1433 1452
10221 4 2 137 12 2431 2386 2334 2405
10222 4 2 137 12 2431 2334 2386 2370
10223 4 2 137 12 631 2364 2298 632
10224 4 2 137 12 2375 1054 2439 960
10225 4 2 137 12 2375 2439 1054 1045
10226 4 2 137 12 2458 1433 1434 476
10227 4 2 137 12 2458 1434 1433 1452
10228 4 2 137 12 853 861 1463 1465
10229 4 2 137 12 853 1463 861 862
10230 4 2 137 12 928 1463 861 1465
10231 4 2 137 12 928 861 1463 862
10232 4 2 137 12 908 900 814 909
10233 4 2 137 12 908 814 900 2371
10234 4 2 137 12 815 814 900 909
10235 4 2 137 12 815 900 814 2371
10236 4 2 137 12 2371 908 2417 899
10237 4 2 137 12 2371 2417 908 814
10238 4 2 137 12 2366 687 2446 696
10239 4 2 137 12 2366 2446 687 629
10240 4 2 137 12 2451 1109 2399 1108
10241 4 2 137 12 2451 2399 1109 2344
10242 4 2 137 12 2451 1100 2415 2344
10243 4 2 137 12 2451 2415 1100 1099
10244 4 2 137 12 2433 1060 2368 1051
10245 4 2 137 12 2433 2368 1060 966
10246 4 2 137 12 20 712 1288 298
10247 4 2 137 12 20 1288 712 721
10248 4 2 137 12 720 1288 712 298
10249 4 2 137 12 720 712 1288 721
10250 4 2 137 12 297 707 1291 296
10251 4 2 137 12 297 1291 707 716
10252 4 2 137 12 715 1291 707 296
10253 4 2 137 12 715 707 1291 716
10254 4 2 137 12 2403 1160 1152 2346
10255 4 2 137 12 2403 1152 1160 1151
10256 4 2 137 12 2421 541 2347 483
10257 4 2 137 12 2421 2347 541 550
10258 4 2 137 12 482 2347 541 483
10259 4 2 137 12 2419 1270 2413 2365
10260 4 2 137 12 2419 2413 1270 1274
10261 4 2 137 12 981 2430 886 887
10262 4 2 137 12 981 886 972 980
10263 4 2 137 12 971 972 886 980
10264 4 2 137 12 971 886 972 2465
10265 4 2 137 12 2448 1154 2455 1155
10266 4 2 137 12 2448 2455 1154 2346
10267 4 2 137 12 1163 2448 2408 1164
10268 4 2 137 12 2408 2448 1163 2346
10269 4 2 137 12 2464 289 2419 2456
10270 4 2 137 12 2464 2419 289 288
10271 4 2 137 12 2388 2418 2306 889
10272 4 2 137 12 983 2306 2418 889
10273 4 2 137 12 983 2418 2306 974
10274 4 2 137 12 1375 475 1377 1376
10275 4 2 137 12 1375 1377 475 484
10276 4 2 137 12 2421 475 1377 484
10277 4 2 137 12 2419 1261 2456 1280
10278 4 2 137 12 2419 2456 1261 2381
10279 4 2 137 12 1045 1044 1326 1036
10280 4 2 137 12 1326 1044 1045 2375
10281 4 2 137 12 1326 304 1045 1036
10282 4 2 137 12 1045 304 1326 2375
10283 4 2 137 12 2462 1140 2431 2367
10284 4 2 137 12 2462 2431 1140 282
10285 4 2 137 12 686 2366 1422 695
10286 4 2 137 12 1422 2366 686 628
10287 4 2 137 12 1422 1406 686 695
10288 4 2 137 12 482 549 2305 540
10289 4 2 137 12 482 2305 549 2394
10290 4 2 137 12 548 2305 549 540
10291 4 2 137 12 548 549 2305 2394
10292 4 2 137 12 1484 2417 2345 1479
10293 4 2 137 12 2345 2417 1484 2333
10294 4 2 137 12 2462 1131 2460 281
10295 4 2 137 12 2462 2460 1131 2367
10296 4 2 137 12 1046 304 1318 1037
10297 4 2 137 12 1318 304 1046 1315
10298 4 2 137 12 2463 2323 2387 2349
10299 4 2 137 12 2463 2387 2323 2410
10300 4 2 137 12 2342 297 1319 707
10301 4 2 137 12 2342 1319 297 1324
10302 4 2 137 12 1195 2429 1327 1196
10303 4 2 137 12 1327 2429 1195 1298
10304 4 2 137 12 1471 822 1483 831
10305 4 2 137 12 1471 1483 822 2417
10306 4 2 137 12 823 1483 822 831
10307 4 2 137 12 823 822 1483 2417
10308 4 2 137 12 2419 1275 1261 1278
10309 4 2 137 12 2419 1261 1275 2381
10310 4 2 137 12 1106 1317 2451 1105
10311 4 2 137 12 1106 2451 1317 2428
10312 4 2 137 12 2391 1213 1205 1214
10313 4 2 137 12 2391 1204 1213 1303
10314 4 2 137 12 2391 1213 1204 1205
10315 4 2 137 12 319 998 1467 940
10316 4 2 137 12 319 1467 998 1007
10317 4 2 137 12 757 317 1339 663
10318 4 2 137 12 1339 317 757 748
10319 4 2 137 12 1371 824 1373 815
10320 4 2 137 12 1371 1373 824 1372
10321 4 2 137 12 1431 807 89 1430
10322 4 2 137 12 1431 89 807 816
10323 4 2 137 12 846 320 1466 855
10324 4 2 137 12 1466 320 846 788
10325 4 2 137 12 605 318 1338 511
10326 4 2 137 12 605 1338 318 596
10327 4 2 137 12 298 709 2467 710
10328 4 2 137 12 298 2467 709 1322
10329 4 2 137 12 838 325 1468 780
10330 4 2 137 12 838 1468 325 847
10331 4 2 137 12 597 313 1340 588
10332 4 2 137 12 597 1340 313 503
10333 4 2 137 12 1429 87 901 798
10334 4 2 137 12 1429 901 87 1454
10335 4 2 137 12 200 901 87 798
10336 4 2 137 12 208 196 909 806
10337 4 2 137 12 208 909 196 1399
10338 4 2 137 12 1370 909 196 806
10339 4 2 137 12 1370 196 909 1399
10340 4 2 137 12 990 324 1469 932
10341 4 2 137 12 990 1469 324 999
10342 4 2 137 12 312 749 1341 655
10343 4 2 137 12 312 1341 749 740
10344 4 2 137 12 140 542 127 493
10345 4 2 137 12 1374 542 127 1396
10346 4 2 137 12 1374 127 542 493
10347 4 2 137 12 71 149 70 2
10348 4 2 137 12 71 70 149 561
10349 4 2 137 12 1458 70 149 2
10350 4 2 137 12 569 1398 578 144
10351 4 2 137 12 569 578 1398 157
10352 4 2 137 12 11 578 1398 144
10353 4 2 137 12 11 1398 578 157
10354 4 2 137 12 7 874 977 1453
10355 4 2 137 12 977 874 7 217
10356 4 2 137 12 213 225 985 1394
10357 4 2 137 12 985 225 213 882
10358 4 2 137 12 985 1368 213 1394
10359 4 2 137 12 213 1368 985 882
10360 4 2 137 12 234 1053 103 950
10361 4 2 137 12 1437 1053 103 1455
10362 4 2 137 12 1437 103 1053 950
10363 4 2 137 12 166 62 686 637
10364 4 2 137 12 166 686 62 1457
10365 4 2 137 12 1438 686 62 637
10366 4 2 137 12 1438 62 686 1457
10367 4 2 137 12 174 694 161 645
10368 4 2 137 12 1379 694 161 1397
10369 4 2 137 12 1379 161 694 645
10370 4 2 137 12 901 6 87 1454
10371 4 2 137 12 901 87 6 200
10372 4 2 137 12 10 542 127 140
10373 4 2 137 12 127 542 10 1396
10374 4 2 137 12 1053 8 103 1455
10375 4 2 137 12 1053 103 8 234
10376 4 2 137 12 694 12 161 1397
10377 4 2 137 12 694 161 12 174
10378 4 2 137 12 314 521 513 522
10379 4 2 137 12 2458 1482 468 467
10380 4 2 137 12 2458 468 1482 2359
10381 4 2 137 12 778 331 770 769
10382 4 2 137 12 699 707 2342 698
10383 4 2 137 12 2342 707 699 297
10384 4 2 137 12 581 676 572 675
10385 4 2 137 12 581 572 676 573
10386 4 2 137 12 151 572 676 675
10387 4 2 137 12 875 977 884 978
10388 4 2 137 12 875 884 977 883
10389 4 2 137 12 2404 884 977 978
10390 4 2 137 12 2404 977 884 883
10391 4 2 137 12 605 318 129 148
10392 4 2 137 12 129 318 605 511
10393 4 2 137 12 129 128 605 148
10394 4 2 137 12 605 128 129 511
10395 4 2 137 12 981 886 877 878
10396 4 2 137 12 877 886 981 980
10397 4 2 137 12 981 220 877 980
10398 4 2 137 12 206 908 804 805
10399 4 2 137 12 206 804 908 907
10400 4 2 137 12 813 804 908 805
10401 4 2 137 12 813 908 804 907
10402 4 2 137 12 239 994 946 945
10403 4 2 137 12 239 946 994 995
10404 4 2 137 12 937 946 994 945
10405 4 2 137 12 784 1465 793 785
10406 4 2 137 12 784 793 1465 842
10407 4 2 137 12 920 224 872 921
10408 4 2 137 12 872 224 920 871
10409 4 2 137 12 920 863 872 871
10410 4 2 137 12 169 688 640 639
10411 4 2 137 12 169 640 688 689
10412 4 2 137 12 631 640 688 639
10413 4 2 137 12 631 688 640 689
10414 4 2 137 12 2446 688 629 630
10415 4 2 137 12 2446 629 688 687
10416 4 2 137 12 638 629 688 630
10417 4 2 137 12 638 688 629 687
10418 4 2 137 12 2412 612 553 554
10419 4 2 137 12 2412 553 612 611
10420 4 2 137 12 562 553 612 554
10421 4 2 137 12 562 612 553 611
10422 4 2 137 12 1467 997 1463 939
10423 4 2 137 12 1467 1463 997 1006
10424 4 2 137 12 1141 1297 2403 1301
10425 4 2 137 12 1141 2403 1297 1150
10426 4 2 137 12 2461 305 2466 2352
10427 4 2 137 12 858 925 859 1464
10428 4 2 137 12 858 859 925 916
10429 4 2 137 12 917 925 859 916
10430 4 2 137 12 505 1340 2310 504
10431 4 2 137 12 598 2310 1340 504
10432 4 2 137 12 598 1340 2310 589
10433 4 2 137 12 993 936 1002 994
10434 4 2 137 12 993 1002 936 1464
10435 4 2 137 12 1003 1002 936 994
10436 4 2 137 12 1003 936 1002 1464
10437 4 2 137 12 582 667 581 1336
10438 4 2 137 12 582 581 667 676
10439 4 2 137 12 675 667 581 676
10440 4 2 137 12 926 859 925 1464
10441 4 2 137 12 925 859 926 917
10442 4 2 137 12 816 90 328 1431
10443 4 2 137 12 124 321 475 1376
10444 4 2 137 12 666 667 581 675
10445 4 2 137 12 666 581 667 1336
10446 4 2 137 12 991 934 1469 1000
10447 4 2 137 12 1470 841 2307 850
10448 4 2 137 12 2467 710 2447 298
10449 4 2 137 12 2467 2447 710 701
10450 4 2 137 12 702 710 2447 701
10451 4 2 137 12 528 520 316 529
10452 4 2 137 12 28 316 520 529
10453 4 2 137 12 28 520 316 1338
10454 4 2 137 12 29 779 331 770
10455 4 2 137 12 29 331 779 1466
10456 4 2 137 12 778 331 779 770
10457 4 2 137 12 778 779 331 1466
10458 4 2 137 12 1039 2466 2461 305
10459 4 2 137 12 2461 2466 1039 1048
10460 4 2 137 12 2461 1040 1039 305
10461 4 2 137 12 1039 1040 2461 1048
10462 4 2 137 12 1027 1035 304 1331
10463 4 2 137 12 304 1035 1027 1036
10464 4 2 137 12 1032 1040 306 1330
10465 4 2 137 12 1032 306 1040 1041
10466 4 2 137 12 27 512 314 521
10467 4 2 137 12 27 314 512 1340
10468 4 2 137 12 513 314 512 521
10469 4 2 137 12 513 512 314 1340
10470 4 2 137 12 763 771 329 762
10471 4 2 137 12 30 329 771 762
10472 4 2 137 12 30 771 329 1468
10473 4 2 137 12 772 771 329 763
10474 4 2 137 12 772 329 771 1468
10475 4 2 137 12 948 242 997 241
10476 4 2 137 12 998 949 948 1467
10477 4 2 137 12 948 949 998 242
10478 4 2 137 12 948 997 998 1467
10479 4 2 137 12 998 997 948 242
10480 4 2 137 12 503 597 495 494
10481 4 2 137 12 781 839 789 790
10482 4 2 137 12 502 510 605 501
10483 4 2 137 12 604 605 510 501
10484 4 2 137 12 846 788 845 1466
10485 4 2 137 12 846 845 788 797
10486 4 2 137 12 796 788 845 797
10487 4 2 137 12 571 674 570 1333
10488 4 2 137 12 571 570 674 150
10489 4 2 137 12 149 570 674 1333
10490 4 2 137 12 149 674 570 150
10491 4 2 137 12 649 657 752 648
10492 4 2 137 12 751 752 657 648
10493 4 2 137 12 751 657 752 1336
10494 4 2 137 12 658 657 752 649
10495 4 2 137 12 658 752 657 1336
10496 4 2 137 12 2287 209 14 195
10497 4 2 137 12 2287 14 209 846
10498 4 2 137 12 208 2287 14 195
10499 4 2 137 12 208 14 2287 846
10500 4 2 137 12 797 2287 208 195
10501 4 2 137 12 797 208 2287 846
10502 4 2 137 12 861 927 852 860
10503 4 2 137 12 861 852 927 1465
10504 4 2 137 12 1465 1464 852 927
10505 4 2 137 12 1465 852 1464 851
10506 4 2 137 12 860 852 1464 927
10507 4 2 137 12 860 1464 852 851
10508 4 2 137 12 220 2312 917 221
10509 4 2 137 12 220 917 2312 868
10510 4 2 137 12 592 668 584 583
10511 4 2 137 12 592 584 668 1337
10512 4 2 137 12 2297 574 583 677
10513 4 2 137 12 2297 583 574 575
10514 4 2 137 12 584 2297 583 677
10515 4 2 137 12 584 583 2297 575
10516 4 2 137 12 678 2297 584 677
10517 4 2 137 12 678 584 2297 575
10518 4 2 137 12 194 2287 320 788
10519 4 2 137 12 194 320 2287 209
10520 4 2 137 12 846 320 2287 788
10521 4 2 137 12 846 2287 320 209
10522 4 2 137 12 870 2290 861 869
10523 4 2 137 12 870 861 2290 919
10524 4 2 137 12 2292 992 1464 943
10525 4 2 137 12 2292 1464 992 993
10526 4 2 137 12 935 2292 1464 943
10527 4 2 137 12 935 1464 2292 993
10528 4 2 137 12 944 2292 935 943
10529 4 2 137 12 944 935 2292 993
10530 4 2 137 12 2314 150 562 571
10531 4 2 137 12 2314 562 150 151
10532 4 2 137 12 563 2314 562 571
10533 4 2 137 12 563 562 2314 151
10534 4 2 137 12 572 2314 563 571
10535 4 2 137 12 572 563 2314 151
10536 4 2 137 12 2290 222 879 870
10537 4 2 137 12 2290 879 222 221
10538 4 2 137 12 878 2290 879 870
10539 4 2 137 12 878 879 2290 221
10540 4 2 137 12 869 2290 878 870
10541 4 2 137 12 869 878 2290 221
10542 4 2 137 12 2291 239 946 955
10543 4 2 137 12 2291 946 239 240
10544 4 2 137 12 947 2291 946 955
10545 4 2 137 12 947 946 2291 240
10546 4 2 137 12 956 2291 947 955
10547 4 2 137 12 956 947 2291 240
10548 4 2 137 12 752 2313 169 753
10549 4 2 137 12 752 169 2313 649
10550 4 2 137 12 650 169 2313 753
10551 4 2 137 12 650 2313 169 649
10552 4 2 137 12 2315 565 556 614
10553 4 2 137 12 2315 556 565 564
10554 4 2 137 12 877 2312 981 878
10555 4 2 137 12 877 981 2312 220
10556 4 2 137 12 221 981 2312 878
10557 4 2 137 12 221 2312 981 220
10558 4 2 137 12 2314 571 580 674
10559 4 2 137 12 2314 580 571 572
10560 4 2 137 12 753 2313 744 752
10561 4 2 137 12 585 1337 1334 1335
10562 4 2 137 12 585 1334 1337 594
10563 4 2 137 12 633 2296 691 642
10564 4 2 137 12 633 634 2296 642
10565 4 2 137 12 2296 643 634 692
10566 4 2 137 12 634 643 2296 642
10567 4 2 137 12 205 2311 803 204
10568 4 2 137 12 803 2311 205 794
10569 4 2 137 12 2311 802 803 204
10570 4 2 137 12 803 802 2311 794
10571 4 2 137 12 2311 793 802 204
10572 4 2 137 12 802 793 2311 794
10573 4 2 137 12 2309 563 572 151
10574 4 2 137 12 2309 572 563 564
10575 4 2 137 12 573 572 2309 564
10576 4 2 137 12 152 573 2309 564
10577 4 2 137 12 133 2308 495 132
10578 4 2 137 12 495 2308 133 486
10579 4 2 137 12 2308 494 495 132
10580 4 2 137 12 495 494 2308 486
10581 4 2 137 12 2308 485 494 132
10582 4 2 137 12 494 485 2308 486
10583 4 2 137 12 794 2311 785 793
10584 4 2 137 12 785 2311 794 843
10585 4 2 137 12 2311 1465 785 793
10586 4 2 137 12 785 1465 2311 843
10587 4 2 137 12 2311 842 1465 793
10588 4 2 137 12 1465 842 2311 843
10589 4 2 137 12 203 204 2307 841
10590 4 2 137 12 842 204 2307 793
10591 4 2 137 12 842 2307 204 841
10592 4 2 137 12 667 659 1336 668
10593 4 2 137 12 1335 1336 659 668
10594 4 2 137 12 1335 659 1336 744
10595 4 2 137 12 153 2297 566 154
10596 4 2 137 12 153 566 2297 574
10597 4 2 137 12 575 566 2297 154
10598 4 2 137 12 575 2297 566 574
10599 4 2 137 12 2299 585 576 679
10600 4 2 137 12 2299 576 585 584
10601 4 2 137 12 575 576 2299 584
10602 4 2 137 12 678 575 2299 584
10603 4 2 137 12 1335 2299 1337 669
10604 4 2 137 12 1335 1337 2299 585
10605 4 2 137 12 584 1337 2299 669
10606 4 2 137 12 584 2299 1337 585
10607 4 2 137 12 1337 1342 507 516
10608 4 2 137 12 2304 498 489 136
10609 4 2 137 12 2304 489 498 497
10610 4 2 137 12 2301 1339 653 654
10611 4 2 137 12 757 1339 2301 654
10612 4 2 137 12 174 2301 757 173
10613 4 2 137 12 174 757 2301 654
10614 4 2 137 12 601 2304 506 600
10615 4 2 137 12 601 506 2304 498
10616 4 2 137 12 497 506 2304 600
10617 4 2 137 12 497 2304 506 498
10618 4 2 137 12 2303 499 490 137
10619 4 2 137 12 2303 490 499 498
10620 4 2 137 12 489 490 2303 498
10621 4 2 137 12 136 489 2303 498
10622 4 2 137 12 498 2303 507 499
10623 4 2 137 12 507 2303 498 601
10624 4 2 137 12 2303 508 507 499
10625 4 2 137 12 2303 602 508 499
10626 4 2 137 12 173 2300 756 172
10627 4 2 137 12 756 2300 173 653
10628 4 2 137 12 2300 755 756 172
10629 4 2 137 12 756 755 2300 653
10630 4 2 137 12 2300 652 755 172
10631 4 2 137 12 755 652 2300 653
10632 4 2 137 12 1337 509 595 1338
10633 4 2 137 12 595 1334 1337 1338
10634 4 2 137 12 1337 1334 595 594
10635 4 2 137 12 784 1465 1470 851
10636 4 2 137 12 784 1470 1465 775
10637 4 2 137 12 2300 172 692 643
10638 4 2 137 12 2300 692 172 173
10639 4 2 137 12 693 2300 692 643
10640 4 2 137 12 693 692 2300 173
10641 4 2 137 12 644 2300 693 643
10642 4 2 137 12 644 693 2300 173
10643 4 2 137 12 2301 645 694 174
10644 4 2 137 12 2301 694 645 644
10645 4 2 137 12 693 2301 694 174
10646 4 2 137 12 693 694 2301 644
10647 4 2 137 12 173 2301 693 174
10648 4 2 137 12 173 693 2301 644
10649 4 2 137 12 2310 495 134 496
10650 4 2 137 12 2298 640 169 689
10651 4 2 137 12 2298 169 640 641
10652 4 2 137 12 170 2298 169 689
10653 4 2 137 12 170 169 2298 641
10654 4 2 137 12 690 2298 170 689
10655 4 2 137 12 690 170 2298 641
10656 4 2 137 12 1464 1463 936 927
10657 4 2 137 12 1464 936 1463 1003
10658 4 2 137 12 965 2291 1059 956
10659 4 2 137 12 965 964 2291 956
10660 4 2 137 12 2291 955 964 1058
10661 4 2 137 12 964 955 2291 956
10662 4 2 137 12 2315 564 573 152
10663 4 2 137 12 2315 573 564 565
10664 4 2 137 12 574 2315 573 152
10665 4 2 137 12 574 573 2315 565
10666 4 2 137 12 153 2315 574 152
10667 4 2 137 12 153 574 2315 565
10668 4 2 137 12 650 651 2295 659
10669 4 2 137 12 1335 2295 659 744
10670 4 2 137 12 2292 237 953 944
10671 4 2 137 12 2292 953 237 236
10672 4 2 137 12 952 2292 953 944
10673 4 2 137 12 952 953 2292 236
10674 4 2 137 12 943 2292 952 944
10675 4 2 137 12 943 952 2292 236
10676 4 2 137 12 2296 172 652 643
10677 4 2 137 12 2296 652 172 171
10678 4 2 137 12 651 2296 652 643
10679 4 2 137 12 651 652 2296 171
10680 4 2 137 12 642 2296 651 643
10681 4 2 137 12 642 651 2296 171
10682 4 2 137 12 2309 564 555 613
10683 4 2 137 12 2309 555 564 563
10684 4 2 137 12 554 555 2309 563
10685 4 2 137 12 612 554 2309 563
10686 4 2 137 12 2308 486 477 535
10687 4 2 137 12 2308 477 486 485
10688 4 2 137 12 476 477 2308 485
10689 4 2 137 12 534 476 2308 485
10690 4 2 137 12 134 2310 133 495
10691 4 2 137 12 134 133 2310 599
10692 4 2 137 12 598 133 2310 495
10693 4 2 137 12 598 2310 133 599
10694 4 2 137 12 1340 1342 2310 589
10695 4 2 137 12 1340 2310 1342 505
10696 4 2 137 12 590 2310 1342 589
10697 4 2 137 12 728 727 301 1289
10698 4 2 137 12 728 301 727 736
10699 4 2 137 12 300 301 727 1289
10700 4 2 137 12 300 727 301 736
10701 4 2 137 12 25 1025 311 1016
10702 4 2 137 12 25 311 1025 1329
10703 4 2 137 12 1024 311 1025 1016
10704 4 2 137 12 1024 1025 311 1329
10705 4 2 137 12 1360 1052 1323 1043
10706 4 2 137 12 1360 1323 1052 2433
10707 4 2 137 12 1051 1323 1052 1043
10708 4 2 137 12 1051 1052 1323 2433
10709 4 2 137 12 591 1336 590 1342
10710 4 2 137 12 591 590 1336 582
10711 4 2 137 12 90 816 1481 825
10712 4 2 137 12 1481 816 90 328
10713 4 2 137 12 1481 5 90 825
10714 4 2 137 12 90 5 1481 328
10715 4 2 137 12 124 475 1480 466
10716 4 2 137 12 1480 475 124 321
10717 4 2 137 12 1480 9 124 466
10718 4 2 137 12 124 9 1480 321
10719 4 2 137 12 918 2290 861 919
10720 4 2 137 12 861 927 918 919
10721 4 2 137 12 918 927 861 860
10722 4 2 137 12 615 616 2343 624
10723 4 2 137 12 615 2343 616 558
10724 4 2 137 12 897 905 2341 896
10725 4 2 137 12 906 905 2341 897
10726 4 2 137 12 2341 905 906 812
10727 4 2 137 12 906 2341 2335 897
10728 4 2 137 12 2335 2341 906 812
10729 4 2 137 12 813 2335 906 812
10730 4 2 137 12 904 905 2341 810
10731 4 2 137 12 904 2341 905 896
10732 4 2 137 12 906 2335 898 897
10733 4 2 137 12 906 907 2335 813
10734 4 2 137 12 906 2335 907 898
10735 4 2 137 12 2335 907 2417 813
10736 4 2 137 12 2335 2417 907 898
10737 4 2 137 12 2417 899 907 898
10738 4 2 137 12 666 675 1333 674
10739 4 2 137 12 666 1333 675 581
10740 4 2 137 12 580 1333 2314 674
10741 4 2 137 12 1333 675 2314 674
10742 4 2 137 12 595 603 1337 594
10743 4 2 137 12 1337 603 595 509
10744 4 2 137 12 21 1421 1304 704
10745 4 2 137 12 21 1304 1421 1445
10746 4 2 137 12 695 1304 1421 704
10747 4 2 137 12 695 1421 1304 1445
10748 4 2 137 12 2395 298 712 1309
10749 4 2 137 12 2395 712 298 711
10750 4 2 137 12 316 519 520 528
10751 4 2 137 12 316 520 519 1338
10752 4 2 137 12 848 781 847 1468
10753 4 2 137 12 848 847 781 839
10754 4 2 137 12 847 781 838 1468
10755 4 2 137 12 847 838 781 839
10756 4 2 137 12 838 789 781 839
10757 4 2 137 12 601 1337 1342 507
10758 4 2 137 12 1342 1337 601 592
10759 4 2 137 12 595 510 596 1338
10760 4 2 137 12 595 596 510 604
10761 4 2 137 12 605 596 510 1338
10762 4 2 137 12 605 510 596 604
10763 4 2 137 12 1342 599 2310 590
10764 4 2 137 12 2310 599 1342 505
10765 4 2 137 12 756 653 2301 1339
10766 4 2 137 12 2301 653 756 173
10767 4 2 137 12 2301 757 756 1339
10768 4 2 137 12 756 757 2301 173
10769 4 2 137 12 598 504 597 495
10770 4 2 137 12 598 597 504 1340
10771 4 2 137 12 503 597 504 495
10772 4 2 137 12 503 504 597 1340
10773 4 2 137 12 780 781 838 789
10774 4 2 137 12 780 838 781 1468
10775 4 2 137 12 510 511 605 1338
10776 4 2 137 12 510 605 511 502
10777 4 2 137 12 787 788 845 796
10778 4 2 137 12 787 845 788 1466
10779 4 2 137 12 890 2306 2400 984
10780 4 2 137 12 890 2400 2306 2388
10781 4 2 137 12 975 2400 2306 984
10782 4 2 137 12 975 2306 2400 2388
10783 4 2 137 12 711 710 2447 702
10784 4 2 137 12 2447 710 711 298
10785 4 2 137 12 2447 2395 711 702
10786 4 2 137 12 711 2395 2447 298
10787 4 2 137 12 894 2360 2402 893
10788 4 2 137 12 894 2402 2360 2325
10789 4 2 137 12 2446 621 622 630
10790 4 2 137 12 622 621 2446 2323
10791 4 2 137 12 622 631 2446 630
10792 4 2 137 12 2446 631 622 2323
10793 4 2 137 12 698 2298 2364 699
10794 4 2 137 12 2364 2298 698 631
10795 4 2 137 12 545 2412 2359 544
10796 4 2 137 12 2359 2412 545 2326
10797 4 2 137 12 2359 536 545 544
10798 4 2 137 12 545 536 2359 2326
10799 4 2 137 12 1463 994 946 995
10800 4 2 137 12 1463 946 994 937
10801 4 2 137 12 236 991 943 942
10802 4 2 137 12 236 943 991 992
10803 4 2 137 12 934 943 991 942
10804 4 2 137 12 934 991 943 992
10805 4 2 137 12 541 549 2347 482
10806 4 2 137 12 2347 549 541 550
10807 4 2 137 12 839 782 791 790
10808 4 2 137 12 791 782 839 840
10809 4 2 137 12 791 202 839 790
10810 4 2 137 12 839 202 791 840
10811 4 2 137 12 2312 917 869 868
10812 4 2 137 12 860 869 917 868
10813 4 2 137 12 860 917 869 918
10814 4 2 137 12 1462 920 872 921
10815 4 2 137 12 872 920 1462 863
10816 4 2 137 12 1335 756 661 755
10817 4 2 137 12 1335 661 756 662
10818 4 2 137 12 653 661 756 755
10819 4 2 137 12 653 756 661 662
10820 4 2 137 12 680 585 576 577
10821 4 2 137 12 576 585 680 679
10822 4 2 137 12 576 155 680 577
10823 4 2 137 12 680 155 576 679
10824 4 2 137 12 679 680 1334 585
10825 4 2 137 12 679 1334 680 671
10826 4 2 137 12 670 1335 585 1334
10827 4 2 137 12 585 1335 670 2299
10828 4 2 137 12 585 679 670 1334
10829 4 2 137 12 670 679 585 2299
10830 4 2 137 12 2295 1335 651 754
10831 4 2 137 12 1224 1232 2342 2426
10832 4 2 137 12 2342 1232 1224 1233
10833 4 2 137 12 2342 1225 1224 2426
10834 4 2 137 12 1224 1225 2342 1233
10835 4 2 137 12 2392 2354 2415 273
10836 4 2 137 12 2415 2354 2392 2380
10837 4 2 137 12 2415 272 2392 273
10838 4 2 137 12 2392 272 2415 2380
10839 4 2 137 12 1438 686 1422 1406
10840 4 2 137 12 1422 686 1438 628
10841 4 2 137 12 2298 699 2337 2364
10842 4 2 137 12 2337 699 2298 690
10843 4 2 137 12 2337 632 2298 2364
10844 4 2 137 12 2298 632 2337 690
10845 4 2 137 12 620 619 2366 2406
10846 4 2 137 12 2366 619 620 628
10847 4 2 137 12 619 1444 2366 2406
10848 4 2 137 12 2366 1444 619 628
10849 4 2 137 12 619 1407 1444 2406
10850 4 2 137 12 1444 1407 619 628
10851 4 2 137 12 886 972 2430 981
10852 4 2 137 12 886 2430 972 2465
10853 4 2 137 12 2334 2430 972 981
10854 4 2 137 12 2334 972 2430 2465
10855 4 2 137 12 2368 2418 975 2388
10856 4 2 137 12 2368 975 2418 974
10857 4 2 137 12 2306 975 2418 2388
10858 4 2 137 12 2306 2418 975 974
10859 4 2 137 12 475 1377 321 2421
10860 4 2 137 12 475 321 1377 1376
10861 4 2 137 12 1428 70 610 1458
10862 4 2 137 12 1428 610 70 561
10863 4 2 137 12 149 610 70 1458
10864 4 2 137 12 149 70 610 561
10865 4 2 137 12 907 908 2417 813
10866 4 2 137 12 907 2417 908 899
10867 4 2 137 12 934 1469 942 991
10868 4 2 137 12 934 942 1469 933
10869 4 2 137 12 2307 1470 203 841
10870 4 2 137 12 658 659 1336 667
10871 4 2 137 12 221 917 869 2312
10872 4 2 137 12 221 869 917 918
10873 4 2 137 12 869 861 918 2290
10874 4 2 137 12 869 918 861 860
10875 4 2 137 12 556 2338 2315 614
10876 4 2 137 12 613 2315 2338 614
10877 4 2 137 12 556 564 613 555
10878 4 2 137 12 613 564 556 2315
10879 4 2 137 12 613 2338 556 555
10880 4 2 137 12 556 2338 613 2315
10881 4 2 137 12 580 572 675 581
10882 4 2 137 12 675 572 580 2314
10883 4 2 137 12 675 1333 580 581
10884 4 2 137 12 580 1333 675 2314
10885 4 2 137 12 2313 659 1336 658
10886 4 2 137 12 1336 659 2313 744
10887 4 2 137 12 1336 752 2313 658
10888 4 2 137 12 2313 752 1336 744
10889 4 2 137 12 753 2295 170 754
10890 4 2 137 12 753 170 2295 650
10891 4 2 137 12 651 170 2295 754
10892 4 2 137 12 651 2295 170 650
10893 4 2 137 12 753 744 659 2295
10894 4 2 137 12 659 744 753 2313
10895 4 2 137 12 659 650 753 2295
10896 4 2 137 12 753 650 659 2313
10897 4 2 137 12 634 2296 2420 633
10898 4 2 137 12 634 2420 2296 692
10899 4 2 137 12 691 2420 2296 633
10900 4 2 137 12 691 2296 2420 692
10901 4 2 137 12 676 572 152 573
10902 4 2 137 12 676 152 572 151
10903 4 2 137 12 2309 152 572 573
10904 4 2 137 12 2309 572 152 151
10905 4 2 137 12 792 1470 2307 783
10906 4 2 137 12 792 2307 1470 203
10907 4 2 137 12 801 204 792 203
10908 4 2 137 12 801 792 204 793
10909 4 2 137 12 2307 792 204 203
10910 4 2 137 12 2307 204 792 793
10911 4 2 137 12 576 2299 155 575
10912 4 2 137 12 576 155 2299 679
10913 4 2 137 12 155 2299 154 575
10914 4 2 137 12 155 154 2299 679
10915 4 2 137 12 154 2299 678 575
10916 4 2 137 12 154 678 2299 679
10917 4 2 137 12 537 489 135 488
10918 4 2 137 12 537 135 489 136
10919 4 2 137 12 2304 489 135 136
10920 4 2 137 12 489 497 135 488
10921 4 2 137 12 135 497 489 2304
10922 4 2 137 12 538 490 136 489
10923 4 2 137 12 538 136 490 137
10924 4 2 137 12 2303 136 490 489
10925 4 2 137 12 2303 490 136 137
10926 4 2 137 12 2303 602 1337 508
10927 4 2 137 12 1337 602 2303 601
10928 4 2 137 12 1337 507 2303 508
10929 4 2 137 12 2303 507 1337 601
10930 4 2 137 12 2310 496 599 505
10931 4 2 137 12 2310 599 496 134
10932 4 2 137 12 1342 599 496 505
10933 4 2 137 12 1342 496 599 134
10934 4 2 137 12 964 2291 2324 965
10935 4 2 137 12 964 2324 2291 1058
10936 4 2 137 12 1059 2324 2291 965
10937 4 2 137 12 1059 2291 2324 1058
10938 4 2 137 12 659 1335 651 2295
10939 4 2 137 12 651 1335 659 660
10940 4 2 137 12 555 2309 2412 554
10941 4 2 137 12 555 2412 2309 613
10942 4 2 137 12 612 2412 2309 554
10943 4 2 137 12 612 2309 2412 613
10944 4 2 137 12 477 2308 2458 476
10945 4 2 137 12 477 2458 2308 535
10946 4 2 137 12 534 2458 2308 476
10947 4 2 137 12 534 2308 2458 535
10948 4 2 138 13 1490 1082 1488 1079
10949 4 2 138 13 1094 1490 1082 1067
10950 4 2 138 13 262 1088 1488 1071
10951 4 2 138 13 1076 1490 1072 1084
10952 4 2 138 13 1085 259 1490 260
10953 4 2 138 13 1490 1076 1077 1489
10954 4 2 138 13 1078 1490 1094 1072
10955 4 2 138 13 1088 1488 263 262
10956 4 2 138 13 1076 1491 1490 1068
10957 4 2 138 13 1071 1095 1488 261
10958 4 2 138 13 1080 1489 1090 1083
10959 4 2 138 13 1489 1077 1490 1079
10960 4 2 138 13 1491 1295 1302 254
10961 4 2 138 13 1490 259 1292 260
10962 4 2 138 13 1091 264 1489 265
10963 4 2 138 13 1293 1306 1308 1486
10964 4 2 138 13 1489 1090 1081 1080
10965 4 2 138 13 304 305 1503 1318
10966 4 2 138 13 24 304 1500 1326
10967 4 2 138 13 261 1095 1488 260
10968 4 2 138 13 1311 1312 1292 1487
10969 4 2 138 13 1074 1087 1491 252
10970 4 2 138 13 265 264 1489 1328
10971 4 2 138 13 263 1488 1303 1327
10972 4 2 138 13 1069 1489 1488 1086
10973 4 2 138 13 1489 1073 1083 1091
10974 4 2 138 13 297 298 1322 1498
10975 4 2 138 13 1067 259 1490 1085
10976 4 2 138 13 306 23 1502 1323
10977 4 2 138 13 1491 253 1295 254
10978 4 2 138 13 1093 1070 1489 1081
10979 4 2 138 13 296 297 1319 1499
10980 4 2 138 13 21 296 1304 1496
10981 4 2 138 13 34 337 1493 1500
10982 4 2 138 13 31 334 1494 1497
10983 4 2 138 13 254 1490 1491 1068
10984 4 2 138 13 298 20 1309 1497
10985 4 2 138 13 17 1070 1489 1093
10986 4 2 138 13 1073 1090 1489 1083
10987 4 2 138 13 1303 1489 1488 264
10988 4 2 138 13 1069 1488 1489 264
10989 4 2 138 13 339 33 1492 1502
10990 4 2 138 13 1488 1292 1311 1320
10991 4 2 138 13 1303 1324 333 1328
10992 4 2 138 13 1314 305 1501 306
10993 4 2 138 13 1067 1094 1490 1092
10994 4 2 138 13 332 32 1495 1496
10995 4 2 138 13 262 1488 263 1327
10996 4 2 138 13 333 1489 1303 1328
10997 4 2 138 13 1072 1490 1094 1092
10998 4 2 138 13 334 333 1488 1498
10999 4 2 138 13 1488 262 1071 261
11000 4 2 138 13 252 1087 1491 251
11001 4 2 138 13 260 1292 1488 1320
11002 4 2 138 13 333 332 1489 1499
11003 4 2 138 13 337 338 1491 1503
11004 4 2 138 13 252 1491 1074 253
11005 4 2 138 13 1302 1490 1491 254
11006 4 2 138 13 1489 1073 1091 265
11007 4 2 138 13 338 339 1490 1501
11008 4 2 138 13 1066 1093 1489 1081
11009 4 2 138 13 1489 1090 1066 1081
11010 4 2 138 13 256 1490 255 1084
11011 4 2 138 13 1489 1490 1488 1079
11012 4 2 138 13 1076 1490 1491 1489
11013 4 2 138 13 1292 259 1490 1325
11014 4 2 138 13 1310 1488 1311 1320
11015 4 2 138 13 1293 1308 17 1489
11016 4 2 138 13 1490 1488 1085 260
11017 4 2 138 13 1305 1308 1306 1486
11018 4 2 138 13 1308 1293 1486 1489
11019 4 2 138 13 1490 256 1072 1084
11020 4 2 138 13 1067 1490 259 258
11021 4 2 138 13 255 1302 1490 1301
11022 4 2 138 13 1507 336 1487 335
11023 4 2 138 13 1302 1295 1491 1318
11024 4 2 138 13 1486 1504 340 341
11025 4 2 138 13 303 302 1507 1300
11026 4 2 138 13 308 307 1299 1504
11027 4 2 138 13 1490 1067 1092 258
11028 4 2 138 13 1090 1489 1089 1073
11029 4 2 138 13 1292 1311 1487 1488
11030 4 2 138 13 1506 1493 34 341
11031 4 2 138 13 1490 1292 1325 1312
11032 4 2 138 13 31 1494 335 1508
11033 4 2 138 13 302 20 1508 1309
11034 4 2 138 13 1509 336 33 1492
11035 4 2 138 13 21 307 1505 1304
11036 4 2 138 13 1488 1490 1292 260
11037 4 2 138 13 1488 1303 1327 1322
11038 4 2 138 13 1505 340 32 1495
11039 4 2 138 13 1490 1292 1312 1487
11040 4 2 138 13 1090 1089 1489 1066
11041 4 2 138 13 1092 1072 1490 257
11042 4 2 138 13 1093 1489 17 268
11043 4 2 138 13 265 1489 1294 1328
11044 4 2 138 13 333 1489 1488 1303
11045 4 2 138 13 24 308 1326 1506
11046 4 2 138 13 1073 1489 266 265
11047 4 2 138 13 260 1488 261 1320
11048 4 2 138 13 258 1490 259 1325
11049 4 2 138 13 23 303 1509 1323
11050 4 2 138 13 256 255 1490 1301
11051 4 2 138 13 338 1490 1491 1302
11052 4 2 138 13 1492 1312 1313 1487
11053 4 2 138 13 256 1490 1072 257
11054 4 2 138 13 1308 17 1489 268
11055 4 2 138 13 1489 266 1089 1073
11056 4 2 138 13 1488 333 1303 1322
11057 4 2 138 13 1486 1305 1308 1489
11058 4 2 138 13 253 1317 1491 1295
11059 4 2 138 13 1490 1292 1487 1488
11060 4 2 138 13 1312 1311 1313 1487
11061 4 2 138 13 268 1093 1489 1066
11062 4 2 138 13 1296 1308 1305 1489
11063 4 2 138 13 303 1507 1487 1300
11064 4 2 138 13 1326 1493 1500 1506
11065 4 2 138 13 1488 1311 1487 1310
11066 4 2 138 13 1497 1508 20 1309
11067 4 2 138 13 1491 1486 1293 1489
11068 4 2 138 13 303 1507 336 1487
11069 4 2 138 13 1496 1505 32 1495
11070 4 2 138 13 1504 1299 308 1486
11071 4 2 138 13 1319 1296 1305 1489
11072 4 2 138 13 262 1298 1488 1327
11073 4 2 138 13 1502 1509 33 1492
11074 4 2 138 13 1486 308 1504 341
11075 4 2 138 13 1491 1293 1316 251
11076 4 2 138 13 258 1092 1490 257
11077 4 2 138 13 31 1494 1508 1497
11078 4 2 138 13 262 1488 1298 261
11079 4 2 138 13 1302 338 1490 1301
11080 4 2 138 13 333 1324 1303 1322
11081 4 2 138 13 266 1489 1294 265
11082 4 2 138 13 1500 1493 34 1506
11083 4 2 138 13 21 1304 1505 1496
11084 4 2 138 13 1491 252 1317 253
11085 4 2 138 13 1502 1323 1509 1492
11086 4 2 138 13 1494 1508 1497 1309
11087 4 2 138 13 1506 1326 1493 341
11088 4 2 138 13 1492 1490 1312 1487
11089 4 2 138 13 333 1488 1498 1322
11090 4 2 138 13 1314 1312 1313 1492
11091 4 2 138 13 1302 1491 338 1318
11092 4 2 138 13 1496 1304 1505 1495
11093 4 2 138 13 308 1326 1506 341
11094 4 2 138 13 1504 340 1299 1486
11095 4 2 138 13 1486 1495 1305 1489
11096 4 2 138 13 335 1487 1507 1300
11097 4 2 138 13 1489 332 1319 1499
11098 4 2 138 13 1319 1305 1304 1495
11099 4 2 138 13 1326 308 1307 1493
11100 4 2 138 13 1307 308 1299 1486
11101 4 2 138 13 1494 335 1508 302
11102 4 2 138 13 1487 1313 303 1300
11103 4 2 138 13 340 307 1304 1505
11104 4 2 138 13 1486 1307 308 1493
11105 4 2 138 13 302 335 1507 1300
11106 4 2 138 13 1487 1494 1488 1310
11107 4 2 138 13 336 303 1323 1509
11108 4 2 138 13 1299 307 340 1504
11109 4 2 138 13 308 1486 1493 341
11110 4 2 138 13 1495 1319 1305 1489
11111 4 2 138 13 1491 1503 338 1318
11112 4 2 138 13 1089 267 1489 1066
11113 4 2 138 13 1508 1494 302 1309
11114 4 2 138 13 1494 1488 1310 1321
11115 4 2 138 13 303 336 1492 1487
11116 4 2 138 13 1321 1498 1488 1322
11117 4 2 138 13 1323 336 1509 1492
11118 4 2 138 13 1323 1313 303 1492
11119 4 2 138 13 1492 1313 303 1487
11120 4 2 138 13 1304 1299 307 340
11121 4 2 138 13 1304 340 1505 1495
11122 4 2 138 13 1494 335 302 1300
11123 4 2 138 13 252 1491 1316 251
11124 4 2 138 13 1498 1321 298 1322
11125 4 2 138 13 304 1307 1315 1493
11126 4 2 138 13 1312 1314 1490 1492
11127 4 2 138 13 304 1326 1493 1500
11128 4 2 138 13 1488 1298 261 1320
11129 4 2 138 13 1309 1494 302 1300
11130 4 2 138 13 267 268 1489 1066
11131 4 2 138 13 1495 332 1319 1489
11132 4 2 138 13 1321 1310 1494 1309
11133 4 2 138 13 1326 308 1493 341
11134 4 2 138 13 335 1494 1487 1300
11135 4 2 138 13 340 1304 1299 1495
11136 4 2 138 13 256 1297 1490 257
11137 4 2 138 13 334 1498 1488 1321
11138 4 2 138 13 1295 1317 1491 1318
11139 4 2 138 13 334 1498 1321 298
11140 4 2 138 13 1321 1494 334 1309
11141 4 2 138 13 1309 1310 1494 1300
11142 4 2 138 13 267 1489 266 1089
11143 4 2 138 13 336 1323 303 1492
11144 4 2 138 13 1503 1315 304 1318
11145 4 2 138 13 296 1319 1304 1495
11146 4 2 138 13 1487 1494 1310 1300
11147 4 2 138 13 1489 1296 1308 268
11148 4 2 138 13 1320 1310 1488 1321
11149 4 2 138 13 1495 1299 340 1486
11150 4 2 138 13 1316 1315 1307 1491
11151 4 2 138 13 1493 1307 1315 1491
11152 4 2 138 13 24 1326 1500 1506
11153 4 2 138 13 1503 1491 1315 1318
11154 4 2 138 13 23 1323 1509 1502
11155 4 2 138 13 1493 1486 1307 1491
11156 4 2 138 13 1315 1493 1491 337
11157 4 2 138 13 304 1326 1307 1493
11158 4 2 138 13 1493 1315 304 337
11159 4 2 138 13 1502 306 1323 1492
11160 4 2 138 13 337 1491 1315 1503
11161 4 2 138 13 1488 1494 334 1321
11162 4 2 138 13 1490 1501 339 1314
11163 4 2 138 13 1490 1325 1297 1312
11164 4 2 138 13 1325 258 1490 1297
11165 4 2 138 13 298 1321 334 1309
11166 4 2 138 13 1319 296 332 1495
11167 4 2 138 13 1314 339 1490 1492
11168 4 2 138 13 1313 1323 1314 1492
11169 4 2 138 13 1301 1302 338 305
11170 4 2 138 13 257 1490 258 1297
11171 4 2 138 13 1316 1491 252 1317
11172 4 2 138 13 337 304 1493 1500
11173 4 2 138 13 1323 306 1314 1492
11174 4 2 138 13 1304 1305 1299 1495
11175 4 2 138 13 337 1315 304 1503
11176 4 2 138 13 1495 1305 1299 1486
11177 4 2 138 13 1327 1298 1488 1322
11178 4 2 138 13 1306 1299 1305 1486
11179 4 2 138 13 1310 1311 1487 1300
11180 4 2 138 13 1299 1306 1307 1486
11181 4 2 138 13 339 306 1502 1492
11182 4 2 138 13 305 1302 338 1318
11183 4 2 138 13 1489 1296 268 267
11184 4 2 138 13 297 333 1498 1322
11185 4 2 138 13 266 1294 1489 267
11186 4 2 138 13 333 297 1324 1322
11187 4 2 138 13 1296 1489 1294 267
11188 4 2 138 13 1505 32 21 1496
11189 4 2 138 13 1508 20 31 1497
11190 4 2 138 13 1500 34 24 1506
11191 4 2 138 13 1509 33 23 1502
11192 4 2 138 13 338 1503 305 1318
11193 4 2 138 13 1320 1488 1298 1321
11194 4 2 138 13 332 296 1319 1499
11195 4 2 138 13 339 1314 306 1492
11196 4 2 138 13 1488 1298 1321 1322
11197 4 2 138 13 1297 256 1490 1301
11198 4 2 138 13 1317 1315 1491 1318
11199 4 2 138 13 1501 339 1314 306
11200 4 2 138 13 1487 1311 1313 1300
11201 4 2 138 13 1489 1319 1296 1294
11202 4 2 138 13 1297 1301 1490 1314
11203 4 2 138 13 1314 1490 1297 1312
11204 4 2 138 13 1491 1316 1315 1317
11205 4 2 138 13 1079 1082 1488 1086
11206 4 2 138 13 1489 1069 264 1091
11207 4 2 138 13 1490 254 1084 1068
11208 4 2 138 13 1488 1069 1086 1088
11209 4 2 138 13 1491 1075 1087 1074
11210 4 2 138 13 1084 1076 1490 1068
11211 4 2 138 13 1302 1490 254 255
11212 4 2 138 13 1079 1488 1489 1086
11213 4 2 138 13 255 1490 254 1084
11214 4 2 138 13 1075 1491 1076 1068
11215 4 2 138 13 1491 1075 1076 1489
11216 4 2 138 13 1094 1082 1490 1078
11217 4 2 138 13 254 1491 253 1068
11218 4 2 138 13 1491 1074 253 1068
11219 4 2 138 13 1072 1078 1490 1076
11220 4 2 138 13 1491 1075 1074 1068
11221 4 2 138 13 1076 1078 1490 1077
11222 4 2 138 13 1077 1076 1075 1489
11223 4 2 138 13 1077 1078 1490 1079
11224 4 2 138 13 1081 1077 1489 1080
11225 4 2 138 13 1088 1086 1488 1071
11226 4 2 138 13 1489 1075 1077 1081
11227 4 2 138 13 1078 1082 1490 1079
11228 4 2 138 13 1080 1079 1489 1083
11229 4 2 138 13 1489 1077 1079 1080
11230 4 2 138 13 1070 1075 1489 1081
11231 4 2 138 13 1083 1079 1489 1086
11232 4 2 138 13 1069 1083 1489 1086
11233 4 2 138 13 1069 1489 1083 1091
11234 4 2 138 13 1067 1490 1082 1085
11235 4 2 138 13 1088 1488 1069 263
11236 4 2 138 13 1488 1069 263 264
11237 4 2 138 13 263 1303 1488 264
11238 4 2 138 13 264 1303 1489 1328
11239 4 2 138 13 1095 1488 1086 1071
11240 4 2 138 13 1095 1085 1488 260
11241 4 2 138 13 1086 1082 1488 1095
11242 4 2 138 13 251 1070 1489 17
11243 4 2 138 13 1489 1293 251 17
11244 4 2 138 13 251 1293 1489 1491
11245 4 2 138 13 305 1314 338 1301
11246 4 2 138 13 305 338 1314 1501
11247 4 2 138 13 1490 338 1314 1301
11248 4 2 138 13 1490 1314 338 1501
11249 4 2 138 13 1082 1488 1085 1490
11250 4 2 138 13 1085 1488 1082 1095
11251 4 2 138 13 1293 1486 1316 1306
11252 4 2 138 13 1293 1316 1486 1491
11253 4 2 138 13 1307 1316 1486 1306
11254 4 2 138 13 1307 1486 1316 1491
11255 4 2 138 13 333 1328 1294 1489
11256 4 2 138 13 1294 1328 333 1324
11257 4 2 138 13 333 1294 1319 1489
11258 4 2 138 13 1319 1294 333 1324
11259 4 2 138 13 333 1319 1499 1489
11260 4 2 138 13 334 1309 1497 298
11261 4 2 138 13 1497 1309 334 1494
11262 4 2 138 13 296 1495 1496 332
11263 4 2 138 13 1496 1495 296 1304
11264 4 2 138 13 1075 1087 1489 1491
11265 4 2 138 13 1075 1489 1087 1070
11266 4 2 138 13 251 1489 1087 1491
11267 4 2 138 13 251 1087 1489 1070
11268 4 2 138 13 297 1319 333 1324
11269 4 2 138 13 297 333 1319 1499
11270 4 2 136 14 32 1582 1290 1496
11271 4 2 136 14 986 989 987 2472
11272 4 2 136 14 1403 1428 1450 2481
11273 4 2 136 14 1496 1582 1290 332
11274 4 2 136 14 988 986 987 2472
11275 4 2 136 14 1402 1451 1427 2485
11276 4 2 136 14 1428 1414 1450 2481
11277 4 2 136 14 1331 1564 34 1500
11278 4 2 136 14 1427 1451 1412 2485
11279 4 2 136 14 1562 1499 333 1291
11280 4 2 136 14 1498 334 1579 1289
11281 4 2 136 14 1501 339 1330 1563
11282 4 2 136 14 1499 1562 332 1291
11283 4 2 136 14 1564 1331 337 1500
11284 4 2 136 14 1330 338 1501 1563
11285 4 2 136 14 20 298 1288 1497
11286 4 2 136 14 306 23 1329 1502
11287 4 2 136 14 306 1330 305 1501
11288 4 2 136 14 298 297 1289 1498
11289 4 2 136 14 24 304 1331 1500
11290 4 2 136 14 296 21 1290 1496
11291 4 2 136 14 304 305 1332 1503
11292 4 2 136 14 297 296 1291 1499
11293 4 2 136 14 333 1498 1579 1289
11294 4 2 136 14 193 320 194 2475
11295 4 2 136 14 1479 322 1719 323
11296 4 2 136 14 1446 2481 1444 2489
11297 4 2 136 14 1556 1435 1436 2491
11298 4 2 136 14 1332 309 337 1586
11299 4 2 136 14 1695 328 1688 327
11300 4 2 136 14 911 910 912 2474
11301 4 2 136 14 450 452 451 2469
11302 4 2 136 14 322 1727 1473 1479
11303 4 2 136 14 911 913 910 2474
11304 4 2 136 14 310 1332 338 1586
11305 4 2 136 14 451 453 450 2469
11306 4 2 136 14 435 434 437 2476
11307 4 2 136 14 106 1453 1427 2469
11308 4 2 136 14 447 446 449 2470
11309 4 2 136 14 1473 321 1480 1718
11310 4 2 136 14 758 759 760 2482
11311 4 2 136 14 1582 22 1290 299
11312 4 2 136 14 1702 326 1482 1478
11313 4 2 136 14 1717 1701 1483 1722
11314 4 2 136 14 25 319 1634 244
11315 4 2 136 14 433 431 430 2478
11316 4 2 136 14 758 761 759 2482
11317 4 2 136 14 446 447 448 2470
11318 4 2 136 14 1718 1475 1473 1727
11319 4 2 136 14 1394 1368 213 2474
11320 4 2 136 14 337 1578 1332 1586
11321 4 2 136 14 1331 26 1564 309
11322 4 2 136 14 1479 1719 1710 323
11323 4 2 136 14 322 1719 1710 1479
11324 4 2 136 14 30 1714 328 1692
11325 4 2 136 14 1718 1473 321 1694
11326 4 2 136 14 1460 1436 1440 2491
11327 4 2 136 14 1393 1345 1374 2492
11328 4 2 136 14 1343 1368 1392 2480
11329 4 2 136 14 1403 1425 1405 2491
11330 4 2 136 14 1480 316 1728 1699
11331 4 2 136 14 1700 1690 27 326
11332 4 2 136 14 1578 338 1332 1586
11333 4 2 136 14 1423 1402 1409 2488
11334 4 2 136 14 1699 1728 1480 1715
11335 4 2 136 14 59 1428 1458 2478
11336 4 2 136 14 353 1695 328 1688
11337 4 2 136 14 1474 1704 1695 328
11338 4 2 136 14 1444 1445 1446 2489
11339 4 2 136 14 328 1695 1474 327
11340 4 2 136 14 1686 1702 327 326
11341 4 2 136 14 322 1710 1727 1479
11342 4 2 136 14 1374 1396 127 2484
11343 4 2 136 14 1471 1697 1722 1709
11344 4 2 136 14 1700 351 1690 326
11345 4 2 136 14 353 328 1714 1692
11346 4 2 136 14 328 1474 1704 1481
11347 4 2 136 14 1353 1392 1368 2480
11348 4 2 136 14 1728 1475 1480 1718
11349 4 2 136 14 1473 1475 1484 1727
11350 4 2 136 14 352 1695 1688 327
11351 4 2 136 14 1717 1483 331 1722
11352 4 2 136 14 436 434 435 2476
11353 4 2 136 14 1479 1710 1484 1471
11354 4 2 136 14 1483 29 1701 1717
11355 4 2 136 14 1473 1480 1475 1718
11356 4 2 136 14 1480 1699 28 316
11357 4 2 136 14 1482 27 1700 1716
11358 4 2 136 14 1475 1713 1708 1728
11359 4 2 136 14 320 29 1630 193
11360 4 2 136 14 22 32 1582 1290
11361 4 2 136 14 1697 1471 1722 331
11362 4 2 136 14 1705 1474 1703 1485
11363 4 2 136 14 1474 1695 1703 327
11364 4 2 136 14 445 443 442 2486
11365 4 2 136 14 1706 1472 1485 1478
11366 4 2 136 14 1474 1705 1477 1485
11367 4 2 136 14 1699 1480 28 1715
11368 4 2 136 14 1483 1479 1710 323
11369 4 2 136 14 1485 1703 1706 1478
11370 4 2 136 14 1688 328 353 327
11371 4 2 136 14 1475 316 1713 1728
11372 4 2 136 14 1718 1708 1475 1727
11373 4 2 136 14 327 1703 1474 1478
11374 4 2 136 14 1708 1706 1476 1707
11375 4 2 136 14 1564 34 26 1331
11376 4 2 136 14 1727 1484 1473 1479
11377 4 2 136 14 430 431 432 2478
11378 4 2 136 14 1481 1714 30 1698
11379 4 2 136 14 1483 1710 1471 1722
11380 4 2 136 14 29 1483 331 1717
11381 4 2 136 14 1694 1727 1473 322
11382 4 2 136 14 1704 1714 328 1481
11383 4 2 136 14 1626 1719 322 323
11384 4 2 136 14 530 531 532 2479
11385 4 2 136 14 1686 352 351 326
11386 4 2 136 14 352 1686 327 326
11387 4 2 136 14 1710 1479 1483 1471
11388 4 2 136 14 1471 1710 1484 1707
11389 4 2 136 14 1711 1702 1482 1478
11390 4 2 136 14 1709 1707 1476 1705
11391 4 2 136 14 1728 1708 1475 1718
11392 4 2 136 14 1715 1480 321 1718
11393 4 2 136 14 352 1688 353 327
11394 4 2 136 14 1704 1705 1477 1474
11395 4 2 136 14 299 1290 1582 332
11396 4 2 136 14 1483 1710 1701 323
11397 4 2 136 14 27 1482 314 1716
11398 4 2 136 14 530 533 531 2479
11399 4 2 136 14 1704 1714 1695 328
11400 4 2 136 14 1721 1708 315 1713
11401 4 2 136 14 328 1714 30 1481
11402 4 2 136 14 1694 1473 321 322
11403 4 2 136 14 1393 1374 1375 2492
11404 4 2 136 14 1704 1705 1474 1703
11405 4 2 136 14 1702 1686 351 326
11406 4 2 136 14 1475 1708 1476 1707
11407 4 2 136 14 59 1414 1428 2478
11408 4 2 136 14 438 439 441 2477
11409 4 2 136 14 1715 1728 1480 1718
11410 4 2 136 14 1711 1472 1706 1478
11411 4 2 136 14 1475 1708 1706 1476
11412 4 2 136 14 1694 1719 1710 322
11413 4 2 136 14 301 1579 334 1289
11414 4 2 136 14 315 1475 1708 1721
11415 4 2 136 14 1719 1701 1710 323
11416 4 2 136 14 1701 1710 1483 1722
11417 4 2 136 14 326 27 1700 1482
11418 4 2 136 14 1459 1439 1432 2488
11419 4 2 136 14 1291 333 1562 300
11420 4 2 136 14 311 1330 339 1563
11421 4 2 136 14 1703 1711 1706 1478
11422 4 2 136 14 1473 1718 1727 1694
11423 4 2 136 14 1476 1484 1475 1707
11424 4 2 136 14 363 27 81 313
11425 4 2 136 14 1700 1711 1482 1716
11426 4 2 136 14 352 1686 1702 327
11427 4 2 136 14 1450 1425 1403 2481
11428 4 2 136 14 1628 1715 321 1635
11429 4 2 136 14 440 439 438 2477
11430 4 2 136 14 1484 1727 1710 1479
11431 4 2 136 14 315 1475 1713 1708
11432 4 2 136 14 19 317 181 1640
11433 4 2 136 14 1704 1714 1481 1698
11434 4 2 136 14 39 1690 351 326
11435 4 2 136 14 339 33 1502 2498
11436 4 2 136 14 1727 1694 1710 322
11437 4 2 136 14 1065 1062 1063 2473
11438 4 2 136 14 444 442 443 2486
11439 4 2 136 14 1709 1471 1710 1722
11440 4 2 136 14 31 334 1497 2497
11441 4 2 136 14 1712 1704 1481 329
11442 4 2 136 14 1591 26 1678 1673
11443 4 2 136 14 1702 327 326 1478
11444 4 2 136 14 1707 1471 1710 1709
11445 4 2 136 14 1725 30 1672 1675
11446 4 2 136 14 1427 1453 95 2470
11447 4 2 136 14 1709 1476 1471 1705
11448 4 2 136 14 1471 1697 1709 330
11449 4 2 136 14 1562 299 332 1291
11450 4 2 136 14 1330 310 338 1563
11451 4 2 136 14 1428 1403 69 2481
11452 4 2 136 14 321 1715 1718 1694
11453 4 2 136 14 1471 331 1483 1722
11454 4 2 136 14 316 1475 1713 315
11455 4 2 136 14 457 455 454 2471
11456 4 2 136 14 1714 1695 328 353
11457 4 2 136 14 315 314 1721 1696
11458 4 2 136 14 1471 1712 330 1709
11459 4 2 136 14 336 377 1585 335
11460 4 2 136 14 1379 175 1397 2482
11461 4 2 136 14 1402 1427 96 2485
11462 4 2 136 14 1415 1450 1414 2481
11463 4 2 136 14 1471 1477 1709 1705
11464 4 2 136 14 327 1702 1703 1478
11465 4 2 136 14 1615 1589 22 1620
11466 4 2 136 14 1471 1712 1709 1477
11467 4 2 136 14 1477 1712 1704 1481
11468 4 2 136 14 317 146 164 1624
11469 4 2 136 14 84 85 325 2486
11470 4 2 136 14 300 333 1579 1289
11471 4 2 136 14 316 1475 1480 1728
11472 4 2 136 14 1712 1709 1477 1705
11473 4 2 136 14 1707 1476 1471 1709
11474 4 2 136 14 1714 30 41 1692
11475 4 2 136 14 314 315 1721 1472
11476 4 2 136 14 329 1477 1481 1712
11477 4 2 136 14 1441 1424 1443 2485
11478 4 2 136 14 338 339 1501 1563
11479 4 2 136 14 318 28 130 1639
11480 4 2 136 14 1711 1721 1472 314
11481 4 2 136 14 1471 1697 330 331
11482 4 2 136 14 309 1564 1331 337
11483 4 2 136 14 22 1582 1615 299
11484 4 2 136 14 314 1482 1711 1716
11485 4 2 136 14 1717 29 1724 1657
11486 4 2 136 14 1709 330 1697 1712
11487 4 2 136 14 329 1481 30 1698
11488 4 2 136 14 1690 27 39 1700
11489 4 2 136 14 1412 1451 1413 2485
11490 4 2 136 14 1711 1696 1721 314
11491 4 2 136 14 165 164 146 2483
11492 4 2 136 14 1715 321 1635 1694
11493 4 2 136 14 1710 1727 1484 1707
11494 4 2 136 14 1400 1373 1380 2490
11495 4 2 136 14 1483 1701 29 323
11496 4 2 136 14 989 986 229 2472
11497 4 2 136 14 1699 316 1608 1599
11498 4 2 136 14 1364 1350 1343 2490
11499 4 2 136 14 1657 1717 29 331
11500 4 2 136 14 27 314 1614 1716
11501 4 2 136 14 329 1704 1481 1698
11502 4 2 136 14 1717 1657 1666 331
11503 4 2 136 14 1474 1695 1704 1703
11504 4 2 136 14 30 1672 1698 1725
11505 4 2 136 14 1690 39 27 326
11506 4 2 136 14 1369 158 1398 2496
11507 4 2 136 14 1626 1719 1694 322
11508 4 2 136 14 26 1591 1564 1673
11509 4 2 136 14 1626 1642 1719 323
11510 4 2 136 14 227 211 319 1627
11511 4 2 136 14 1673 1564 26 309
11512 4 2 136 14 28 316 1699 1599
11513 4 2 136 14 1440 2481 1552 2491
11514 4 2 136 14 1365 1390 1380 2480
11515 4 2 136 14 1655 1720 1666 330
11516 4 2 136 14 126 1375 1374 2492
11517 4 2 136 14 1471 1712 1477 330
11518 4 2 136 14 314 1696 1597 1614
11519 4 2 136 14 455 456 454 2471
11520 4 2 136 14 29 1676 1724 1657
11521 4 2 136 14 1703 1695 1702 327
11522 4 2 136 14 1706 1476 1705 1485
11523 4 2 136 14 1706 1472 1475 1476
11524 4 2 136 14 1402 1423 1451 2485
11525 4 2 136 14 1480 321 28 1715
11526 4 2 136 14 1472 1475 315 1721
11527 4 2 136 14 307 308 1551 1504
11528 4 2 136 14 1582 1589 22 1615
11529 4 2 136 14 1477 1471 1476 1705
11530 4 2 136 14 1476 1471 1484 1707
11531 4 2 136 14 321 1635 1694 322
11532 4 2 136 14 1064 1063 1062 2473
11533 4 2 136 14 1477 1704 1474 1481
11534 4 2 136 14 1485 1474 1703 1478
11535 4 2 136 14 1664 1583 1563 2498
11536 4 2 136 14 1664 1563 311 2498
11537 4 2 136 14 1655 329 1672 1698
11538 4 2 136 14 1579 1606 301 2497
11539 4 2 136 14 316 1608 1713 1699
11540 4 2 136 14 324 93 100 368
11541 4 2 136 14 65 72 312 362
11542 4 2 136 14 330 1655 1720 329
11543 4 2 136 14 232 987 989 2472
11544 4 2 136 14 1384 1390 1365 2480
11545 4 2 136 14 1717 1666 1697 331
11546 4 2 136 14 329 1655 1720 1698
11547 4 2 136 14 1608 1597 315 1713
11548 4 2 136 14 1596 299 1615 1562
11549 4 2 136 14 1724 1701 29 1717
11550 4 2 136 14 1407 1444 1415 2489
11551 4 2 136 14 338 310 1586 1563
11552 4 2 136 14 1703 1706 1705 1485
11553 4 2 136 14 1672 329 30 1698
11554 4 2 136 14 1482 1472 1711 1478
11555 4 2 136 14 299 1582 1615 1562
11556 4 2 136 14 1586 310 1654 1664
11557 4 2 136 14 986 988 228 2472
11558 4 2 136 14 1379 1347 175 2482
11559 4 2 136 14 310 1586 1563 1664
11560 4 2 136 14 1369 1398 144 2496
11561 4 2 136 14 337 309 1564 1586
11562 4 2 136 14 331 1697 1717 1722
11563 4 2 136 14 1482 1711 1472 314
11564 4 2 136 14 1658 1583 1664 2498
11565 4 2 136 14 1713 1728 316 1699
11566 4 2 136 14 1720 1697 1666 330
11567 4 2 136 14 1712 330 1720 329
11568 4 2 136 14 1698 1714 30 1725
11569 4 2 136 14 1642 1701 1719 323
11570 4 2 136 14 1700 1702 351 326
11571 4 2 136 14 836 835 834 2475
11572 4 2 136 14 334 1594 1579 2497
11573 4 2 136 14 1614 314 1696 1716
11574 4 2 136 14 1579 1596 1562 300
11575 4 2 136 14 1626 1694 1635 322
11576 4 2 136 14 1579 1565 1606 2497
11577 4 2 136 14 1702 1711 1703 1478
11578 4 2 136 14 1712 1704 329 1698
11579 4 2 136 14 1407 1414 60 2489
11580 4 2 136 14 341 340 1486 1561
11581 4 2 136 14 1597 1696 315 1713
11582 4 2 136 14 443 445 89 2486
11583 4 2 136 14 1702 1695 352 327
11584 4 2 136 14 1547 2485 1439 2488
11585 4 2 136 14 321 28 1715 1628
11586 4 2 136 14 335 1507 336 1637
11587 4 2 136 14 835 837 834 2475
11588 4 2 136 14 1606 1565 1600 2497
11589 4 2 136 14 1706 1476 1707 1705
11590 4 2 136 14 1716 27 1700 1723
11591 4 2 136 14 4 75 326 1556
11592 4 2 136 14 1658 1664 311 2498
11593 4 2 136 14 1579 1606 1596 300
11594 4 2 136 14 328 90 5 1554
11595 4 2 136 14 341 344 340 1561
11596 4 2 136 14 1591 34 26 1564
11597 4 2 136 14 110 111 26 2471
11598 4 2 136 14 15 988 987 2472
11599 4 2 136 14 1597 315 1696 314
11600 4 2 136 14 1726 1699 28 1715
11601 4 2 136 14 1427 2469 1453 2470
11602 4 2 136 14 329 1720 1712 1698
11603 4 2 136 14 141 1396 1374 2484
11604 4 2 136 14 1606 1600 301 2497
11605 4 2 136 14 1432 1431 328 2488
11606 4 2 136 14 1362 176 1347 2482
11607 4 2 136 14 1706 1472 1476 1485
11608 4 2 136 14 314 1711 1696 1716
11609 4 2 136 14 334 1579 301 2497
11610 4 2 136 14 1355 1369 1391 2496
11611 4 2 136 14 1705 1476 1477 1485
11612 4 2 136 14 1411 105 1412 2494
11613 4 2 136 14 1645 1636 1639 2479
11614 4 2 136 14 22 32 1589 1582
11615 4 2 136 14 1648 1726 28 1628
11616 4 2 136 14 1446 1426 1444 2481
11617 4 2 136 14 1564 1591 34 1580
11618 4 2 136 14 408 1715 1628 1635
11619 4 2 136 14 178 19 179 2482
11620 4 2 136 14 1382 1384 1365 2480
11621 4 2 136 14 1563 339 311 2498
11622 4 2 136 14 341 1689 344 1561
11623 4 2 136 14 685 682 683 2483
11624 4 2 136 14 321 9 28 1628
11625 4 2 136 14 1353 1352 1354 2495
11626 4 2 136 14 607 609 606 2484
11627 4 2 136 14 1608 315 316 1713
11628 4 2 136 14 318 130 129 1639
11629 4 2 136 14 1362 1347 1363 2493
11630 4 2 136 14 1696 1721 315 1713
11631 4 2 136 14 330 1720 1697 1712
11632 4 2 136 14 912 214 911 2474
11633 4 2 136 14 1477 1712 1705 1704
11634 4 2 136 14 214 1368 1343 2480
11635 4 2 136 14 1447 1440 1426 1559
11636 4 2 136 14 32 1589 1582 1566
11637 4 2 136 14 1586 1578 338 1563
11638 4 2 136 14 1492 336 33 1585
11639 4 2 136 14 450 101 452 2469
11640 4 2 136 14 1472 1706 1721 1711
11641 4 2 136 14 29 1701 1642 323
11642 4 2 136 14 1724 29 1701 1647
11643 4 2 136 14 331 1666 1697 330
11644 4 2 136 14 1597 1623 314 1614
11645 4 2 136 14 330 1477 329 1712
11646 4 2 136 14 1715 28 1726 1628
11647 4 2 136 14 1440 1426 1559 2481
11648 4 2 136 14 1678 1684 37 1591
11649 4 2 136 14 333 1579 1562 300
11650 4 2 136 14 1439 1449 1424 1558
11651 4 2 136 14 1625 336 377 1585
11652 4 2 136 14 1402 1408 1409 2488
11653 4 2 136 14 760 180 758 2482
11654 4 2 136 14 1394 213 15 2474
11655 4 2 136 14 1374 1345 141 2484
11656 4 2 136 14 1373 323 1372 2490
11657 4 2 136 14 1589 1685 35 1620
11658 4 2 136 14 332 1582 299 1562
11659 4 2 136 14 437 71 435 2476
11660 4 2 136 14 437 434 73 2476
11661 4 2 136 14 1714 41 30 1725
11662 4 2 136 14 1578 337 1564 1586
11663 4 2 136 14 1551 308 1545 1504
11664 4 2 136 14 1675 1725 41 1682
11665 4 2 136 14 1405 1404 1403 2491
11666 4 2 136 14 1354 1392 1353 2480
11667 4 2 136 14 326 1435 1436 1556
11668 4 2 136 14 1560 1585 377 335
11669 4 2 136 14 1655 329 1681 1672
11670 4 2 136 14 1635 408 1715 1694
11671 4 2 136 14 1411 1413 1441 2494
11672 4 2 136 14 447 449 97 2470
11673 4 2 136 14 1723 1617 39 1683
11674 4 2 136 14 1391 1356 1355 2496
11675 4 2 136 14 1688 353 1695 424
11676 4 2 136 14 1424 1439 1558 2485
11677 4 2 136 14 1454 87 1429 2488
11678 4 2 136 14 1446 1559 2481 2489
11679 4 2 136 14 1364 1343 1392 2480
11680 4 2 136 14 451 452 7 2469
11681 4 2 136 14 388 1689 345 1561
11682 4 2 136 14 1363 1347 1379 2493
11683 4 2 136 14 309 1680 1673 1654
11684 4 2 136 14 1622 299 1615 1596
11685 4 2 136 14 682 684 683 2483
11686 4 2 136 14 433 61 431 2478
11687 4 2 136 14 433 430 63 2478
11688 4 2 136 14 177 760 759 2482
11689 4 2 136 14 1428 2478 1414 2481
11690 4 2 136 14 1642 1701 29 1647
11691 4 2 136 14 1700 27 39 1723
11692 4 2 136 14 911 215 913 2474
11693 4 2 136 14 607 606 608 2484
11694 4 2 136 14 351 1690 422 1700
11695 4 2 136 14 146 317 318 1624
11696 4 2 136 14 1388 1646 1367 1381
11697 4 2 136 14 1588 339 1563 2498
11698 4 2 136 14 1642 13 29 323
11699 4 2 136 14 453 102 450 2469
11700 4 2 136 14 1426 1415 1444 2481
11701 4 2 136 14 1381 1646 1367 2496
11702 4 2 136 14 1688 423 1695 352
11703 4 2 136 14 1608 396 1597 1713
11704 4 2 136 14 244 319 1634 2473
11705 4 2 136 14 758 181 761 2482
11706 4 2 136 14 1618 1726 28 1648
11707 4 2 136 14 23 303 1651 1509
11708 4 2 136 14 1687 1568 340 344
11709 4 2 136 14 1678 37 26 1591
11710 4 2 136 14 26 108 109 2471
11711 4 2 136 14 334 333 1594 1574
11712 4 2 136 14 1380 1633 1400 2490
11713 4 2 136 14 344 1689 387 1561
11714 4 2 136 14 320 1462 319 1653
11715 4 2 136 14 317 318 1595 1334
11716 4 2 136 14 91 449 446 2470
11717 4 2 136 14 320 319 211 1627
11718 4 2 136 14 386 343 1566 1691
11719 4 2 136 14 34 26 37 1591
11720 4 2 136 14 35 22 1589 1620
11721 4 2 136 14 1556 2477 1435 2491
11722 4 2 136 14 1559 1552 1440 2481
11723 4 2 136 14 1725 41 30 1675
11724 4 2 136 14 1355 158 1369 2496
11725 4 2 136 14 1459 1549 1439 2488
11726 4 2 136 14 1468 325 1656 1659
11727 4 2 136 14 1598 313 1340 1601
11728 4 2 136 14 1630 320 193 2475
11729 4 2 136 14 1694 409 1719 1626
11730 4 2 136 14 1548 2481 1559 2489
11731 4 2 136 14 1345 1393 1346 2492
11732 4 2 136 14 424 353 1714 1692
11733 4 2 136 14 1632 1382 1383 2495
11734 4 2 136 14 1666 1657 1717 419
11735 4 2 136 14 1724 1676 29 1647
11736 4 2 136 14 531 127 532 2479
11737 4 2 136 14 1486 1493 341 1561
11738 4 2 136 14 1617 39 27 1723
11739 4 2 136 14 1693 388 345 1580
11740 4 2 136 14 448 447 96 2470
11741 4 2 136 14 57 361 56 2499
11742 4 2 136 14 1461 1468 325 1656
11743 4 2 136 14 1333 313 1340 1598
11744 4 2 136 14 1594 333 1579 1574
11745 4 2 136 14 35 22 32 1589
11746 4 2 136 14 1719 410 1642 1626
11747 4 2 136 14 1579 1562 1587 333
11748 4 2 136 14 1547 1439 1549 2488
11749 4 2 136 14 362 72 312 313
11750 4 2 136 14 325 93 324 368
11751 4 2 136 14 209 910 913 2474
11752 4 2 136 14 1577 332 1582 1566
11753 4 2 136 14 759 761 175 2482
11754 4 2 136 14 1580 34 337 1570
11755 4 2 136 14 105 453 451 2469
11756 4 2 136 14 435 69 436 2476
11757 4 2 136 14 1440 1436 1405 2491
11758 4 2 136 14 1650 1677 25 2498
11759 4 2 136 14 1696 1597 396 1713
11760 4 2 136 14 1565 1579 1594 2497
11761 4 2 136 14 1440 1447 1418 1559
11762 4 2 136 14 32 1566 343 1691
11763 4 2 136 14 381 1673 1654 1586
11764 4 2 136 14 1415 1425 1450 2481
11765 4 2 136 14 1439 1417 1449 1558
11766 4 2 136 14 1591 37 34 1580
11767 4 2 136 14 340 1568 1486 1561
11768 4 2 136 14 317 1613 1339 1616
11769 4 2 136 14 1467 1671 319 1674
11770 4 2 136 14 409 1694 1635 1626
11771 4 2 136 14 1650 1644 1590 2498
11772 4 2 136 14 1580 337 1564 1570
11773 4 2 136 14 1551 307 340 1505
11774 4 2 136 14 530 532 130 2479
11775 4 2 136 14 1547 1558 1439 2485
11776 4 2 136 14 1619 1649 19 2497
11777 4 2 136 14 1699 1608 397 1599
11778 4 2 136 14 1629 1649 1592 2497
11779 4 2 136 14 1545 308 1506 341
11780 4 2 136 14 1614 1696 1597 395
11781 4 2 136 14 345 34 1693 1580
11782 4 2 136 14 1650 25 1644 2498
11783 4 2 136 14 1686 351 422 1702
11784 4 2 136 14 126 531 533 2479
11785 4 2 136 14 1693 34 37 1580
11786 4 2 136 14 341 1493 34 1561
11787 4 2 136 14 1403 2481 1425 2491
11788 4 2 136 14 332 32 1566 1577
11789 4 2 136 14 423 352 1686 1702
11790 4 2 136 14 344 1568 340 1561
11791 4 2 136 14 318 401 1624 1595
11792 4 2 136 14 1596 372 1579 1562
11793 4 2 136 14 33 1492 1567 2498
11794 4 2 136 14 1719 410 1701 1642
11795 4 2 136 14 1717 1666 419 1697
11796 4 2 136 14 1579 1606 372 1596
11797 4 2 136 14 432 431 59 2478
11798 4 2 136 14 1605 22 1615 299
11799 4 2 136 14 1663 1673 26 309
11800 4 2 136 14 65 430 432 2478
11801 4 2 136 14 1650 1590 1677 2498
11802 4 2 136 14 1494 1560 31 335
11803 4 2 136 14 1656 325 324 368
11804 4 2 136 14 1598 362 312 313
11805 4 2 136 14 1666 418 1720 1655
11806 4 2 136 14 25 247 246 2473
11807 4 2 136 14 1507 1641 303 336
11808 4 2 136 14 400 317 1624 1595
11809 4 2 136 14 441 439 77 2477
11810 4 2 136 14 1601 314 1623 1614
11811 4 2 136 14 1589 32 35 1566
11812 4 2 136 14 1494 31 1560 1584
11813 4 2 136 14 1353 233 232 2472
11814 4 2 136 14 1065 1063 16 2473
11815 4 2 136 14 1619 1592 1649 2497
11816 4 2 136 14 1062 1065 244 2473
11817 4 2 136 14 444 443 88 2486
11818 4 2 136 14 31 1584 1494 2497
11819 4 2 136 14 344 340 1504 341
11820 4 2 136 14 338 339 1563 1575
11821 4 2 136 14 344 1687 1568 387
11822 4 2 136 14 1423 2485 1402 2488
11823 4 2 136 14 1615 1605 299 1622
11824 4 2 136 14 1663 1680 1673 309
11825 4 2 136 14 1680 309 310 1654
11826 4 2 136 14 1596 1622 299 300
11827 4 2 136 14 1382 1632 1383 1384
11828 4 2 136 14 1623 315 1597 314
11829 4 2 136 14 1673 381 1564 1586
11830 4 2 136 14 1566 32 35 1691
11831 4 2 136 14 1394 15 233 2472
11832 4 2 136 14 1506 345 1545 341
11833 4 2 136 14 1462 1467 319 1674
11834 4 2 136 14 1334 317 1339 1616
11835 4 2 136 14 1568 1687 343 386
11836 4 2 136 14 27 314 1601 1614
11837 4 2 136 14 22 54 55 2487
11838 4 2 136 14 344 1504 308 341
11839 4 2 136 14 307 340 1504 344
11840 4 2 136 14 83 445 442 2486
11841 4 2 136 14 320 1630 2474 2475
11842 4 2 136 14 164 1624 146 2483
11843 4 2 136 14 1505 340 1551 343
11844 4 2 136 14 24 1419 1442 2494
11845 4 2 136 14 307 308 1416 1551
11846 4 2 136 14 1355 1356 1348 2493
11847 4 2 136 14 339 1575 1588 1563
11848 4 2 136 14 1713 1608 397 1699
11849 4 2 136 14 319 2472 1634 2473
11850 4 2 136 14 1597 1611 315 1623
11851 4 2 136 14 1658 311 25 2498
11852 4 2 136 14 1596 1615 371 1562
11853 4 2 136 14 1600 19 301 2497
11854 4 2 136 14 1493 34 1561 1570
11855 4 2 136 14 334 1494 1584 2497
11856 4 2 136 14 1454 1429 98 2488
11857 4 2 136 14 418 1697 1666 1720
11858 4 2 136 14 1444 2481 1415 2489
11859 4 2 136 14 329 1659 1681 1672
11860 4 2 136 14 383 1664 1658 1583
11861 4 2 136 14 1372 323 2475 2490
11862 4 2 136 14 1413 1451 1423 2485
11863 4 2 136 14 33 1644 25 2498
11864 4 2 136 14 1435 1556 75 2477
11865 4 2 136 14 1629 1592 1581 2497
11866 4 2 136 14 330 1669 1655 1681
11867 4 2 136 14 1558 2485 1553 2494
11868 4 2 136 14 1630 320 405 1670
11869 4 2 136 14 1653 405 320 1670
11870 4 2 136 14 318 401 1595 1612
11871 4 2 136 14 1659 329 30 1672
11872 4 2 136 14 1457 1438 62 2489
11873 4 2 136 14 209 195 194 2474
11874 4 2 136 14 1432 1439 1409 2488
11875 4 2 136 14 26 1678 1673 1663
11876 4 2 136 14 1620 22 1615 1605
11877 4 2 136 14 1413 1424 1441 2485
11878 4 2 136 14 320 1627 405 1653
11879 4 2 136 14 23 247 25 2473
11880 4 2 136 14 1633 1357 1384 1390
11881 4 2 136 14 25 1677 1658 2498
11882 4 2 136 14 328 1549 353 327
11883 4 2 136 14 1640 1638 1645 2482
11884 4 2 136 14 1664 383 1563 1583
11885 4 2 136 14 19 1600 1619 2497
11886 4 2 136 14 335 1560 31 1637
11887 4 2 136 14 1360 1351 249 2495
11888 4 2 136 14 1582 371 1615 1562
11889 4 2 136 14 1627 320 319 1653
11890 4 2 136 14 317 318 1624 1595
11891 4 2 136 14 329 330 1655 1681
11892 4 2 136 14 1634 1627 1632 2472
11893 4 2 136 14 344 1504 1551 1545
11894 4 2 136 14 353 1714 1695 424
11895 4 2 136 14 1440 1425 1426 2481
11896 4 2 136 14 1629 19 1649 2497
11897 4 2 136 14 324 1663 1469 1656
11898 4 2 136 14 312 1341 1605 1598
11899 4 2 136 14 244 1634 245 2473
11900 4 2 136 14 395 1614 1696 1716
11901 4 2 136 14 910 211 912 2474
11902 4 2 136 14 1380 2480 1633 2490
11903 4 2 136 14 30 1659 1672 1675
11904 4 2 136 14 27 1601 1617 1614
11905 4 2 136 14 1561 345 388 1580
11906 4 2 136 14 1644 1567 1590 2498
11907 4 2 136 14 1424 1558 1443 2485
11908 4 2 136 14 1453 7 95 2470
11909 4 2 136 14 455 113 456 2471
11910 4 2 136 14 110 454 456 2471
11911 4 2 136 14 1630 320 1627 405
11912 4 2 136 14 1637 335 1507 302
11913 4 2 136 14 1591 1693 37 1580
11914 4 2 136 14 1725 1714 41 1692
11915 4 2 136 14 327 1418 1448 1546
11916 4 2 136 14 25 1467 311 1671
11917 4 2 136 14 19 301 1339 1613
11918 4 2 136 14 317 400 1613 1595
11919 4 2 136 14 1588 1563 1583 2498
11920 4 2 136 14 326 352 351 1546
11921 4 2 136 14 326 327 352 1546
11922 4 2 136 14 1460 1440 1418 1546
11923 4 2 136 14 1446 1445 1551 2489
11924 4 2 136 14 1612 1616 318 1338
11925 4 2 136 14 320 1466 1674 1670
11926 4 2 136 14 1408 1402 97 2488
11927 4 2 136 14 1565 1579 1606 373
11928 4 2 136 14 1600 1565 1606 373
11929 4 2 136 14 34 345 1561 1580
11930 4 2 136 14 440 78 439 2477
11931 4 2 136 14 25 319 1671 1634
11932 4 2 136 14 1349 1343 1350 2490
11933 4 2 136 14 352 353 1549 327
11934 4 2 136 14 325 1656 1659 414
11935 4 2 136 14 313 1598 392 1601
11936 4 2 136 14 336 1625 33 1585
11937 4 2 136 14 1424 1423 1439 2485
11938 4 2 136 14 312 361 57 2499
11939 4 2 136 14 316 28 1612 1599
11940 4 2 136 14 1492 339 1575 1576
11941 4 2 136 14 377 1560 335 1637
11942 4 2 136 14 33 1625 378 1585
11943 4 2 136 14 1559 1418 1440 1546
11944 4 2 136 14 1586 382 1563 1664
11945 4 2 136 14 1495 1569 1577 1572
11946 4 2 136 14 1417 1549 327 1448
11947 4 2 136 14 21 54 22 2487
11948 4 2 136 14 457 8 455 2471
11949 4 2 136 14 457 454 108 2471
11950 4 2 136 14 1577 1582 332 1562
11951 4 2 136 14 324 1469 1461 1656
11952 4 2 136 14 312 1333 1341 1598
11953 4 2 136 14 14 1399 196 2490
11954 4 2 136 14 1653 319 1671 1674
11955 4 2 136 14 1613 317 1595 1616
11956 4 2 136 14 1344 1345 1346 2496
11957 4 2 136 14 1623 1611 315 314
11958 4 2 136 14 1063 1064 249 2473
11959 4 2 136 14 1062 246 1064 2473
11960 4 2 136 14 1487 1560 1494 335
11961 4 2 136 14 1468 1461 1660 1656
11962 4 2 136 14 1602 1598 1333 1340
11963 4 2 136 14 1671 311 1665 1467
11964 4 2 136 14 1339 301 1607 1613
11965 4 2 136 14 300 1596 1622 1610
11966 4 2 136 14 1680 310 1668 1654
11967 4 2 136 14 21 307 1551 1505
11968 4 2 136 14 1657 29 1670 331
11969 4 2 136 14 1488 1574 1572 333
11970 4 2 136 14 1495 340 1568 1486
11971 4 2 136 14 1566 35 1589 1691
11972 4 2 136 14 39 1690 1700 1723
11973 4 2 136 14 1629 31 19 2497
11974 4 2 136 14 1449 1443 1424 1558
11975 4 2 136 14 1408 1429 1430 2488
11976 4 2 136 14 213 1368 214 2474
11977 4 2 136 14 382 1586 1654 1664
11978 4 2 136 14 1395 1378 230 2495
11979 4 2 136 14 1444 1407 1422 2489
11980 4 2 136 14 1504 1551 307 344
11981 4 2 136 14 1461 324 1656 325
11982 4 2 136 14 312 1333 1598 313
11983 4 2 136 14 344 1504 1545 308
11984 4 2 136 14 310 311 1665 1664
11985 4 2 136 14 1607 300 1606 301
11986 4 2 136 14 324 413 1663 1656
11987 4 2 136 14 391 312 1605 1598
11988 4 2 136 14 28 1612 1338 316
11989 4 2 136 14 319 404 1671 1634
11990 4 2 136 14 319 404 1627 1653
11991 4 2 136 14 1453 106 7 2469
11992 4 2 136 14 1656 1660 1468 1659
11993 4 2 136 14 1340 1602 1598 1601
11994 4 2 136 14 1674 1653 320 1670
11995 4 2 136 14 318 1595 1616 1612
11996 4 2 136 14 836 197 835 2475
11997 4 2 136 14 367 324 108 2471
11998 4 2 136 14 1506 34 345 341
11999 4 2 136 14 308 24 1545 1506
12000 4 2 136 14 1493 1486 1569 1561
12001 4 2 136 14 1454 98 6 2488
12002 4 2 136 14 1623 1340 314 1601
12003 4 2 136 14 3 1456 78 2491
12004 4 2 136 14 1637 1507 1641 302
12005 4 2 136 14 1431 1554 328 2488
12006 4 2 136 14 29 1466 1670 331
12007 4 2 136 14 986 228 229 2472
12008 4 2 136 14 78 1456 1433 2491
12009 4 2 136 14 1558 1439 1417 1549
12010 4 2 136 14 402 1618 28 1648
12011 4 2 136 14 337 34 1493 1570
12012 4 2 136 14 1671 404 319 1653
12013 4 2 136 14 310 1668 309 1680
12014 4 2 136 14 1610 299 1622 300
12015 4 2 136 14 1387 302 1641 1357
12016 4 2 136 14 1545 1443 1558 2494
12017 4 2 136 14 1577 1495 32 1568
12018 4 2 136 14 1434 1435 76 2491
12019 4 2 136 14 1572 1571 1573 1489
12020 4 2 136 14 1505 32 340 343
12021 4 2 136 14 378 1567 33 1585
12022 4 2 136 14 1545 1557 1442 2494
12023 4 2 136 14 1551 1445 1555 2489
12024 4 2 136 14 1583 1658 1590 2498
12025 4 2 136 14 107 101 102 2471
12026 4 2 136 14 232 233 987 2472
12027 4 2 136 14 177 176 1362 2482
12028 4 2 136 14 1677 1650 25 403
12029 4 2 136 14 1573 1487 1576 1593
12030 4 2 136 14 1658 1677 1590 2498
12031 4 2 136 14 401 1639 318 1624
12032 4 2 136 14 314 1340 27 1601
12033 4 2 136 14 438 81 440 2477
12034 4 2 136 14 33 1625 1644 378
12035 4 2 136 14 1556 4 75 2477
12036 4 2 136 14 1634 319 404 1627
12037 4 2 136 14 1658 25 311 1671
12038 4 2 136 14 301 19 1600 1613
12039 4 2 136 14 303 302 1641 1507
12040 4 2 136 14 1418 1447 1550 1559
12041 4 2 136 14 196 1399 1370 2490
12042 4 2 136 14 317 1640 400 1624
12043 4 2 136 14 1593 1494 1584 1488
12044 4 2 136 14 1395 250 1378 2495
12045 4 2 136 14 352 423 1695 1702
12046 4 2 136 14 1580 1561 34 1570
12047 4 2 136 14 1669 330 329 1681
12048 4 2 136 14 1702 351 422 1700
12049 4 2 136 14 1632 1384 1382 2480
12050 4 2 136 14 31 335 1637 1508
12051 4 2 136 14 1459 1417 1439 1549
12052 4 2 136 14 320 29 1670 1630
12053 4 2 136 14 1355 1348 159 2493
12054 4 2 136 14 1414 2478 60 2489
12055 4 2 136 14 1468 329 1659 1681
12056 4 2 136 14 1574 1572 1573 1488
12057 4 2 136 14 1619 1565 1592 2497
12058 4 2 136 14 1551 308 1416 1545
12059 4 2 136 14 1440 1559 1546 1552
12060 4 2 136 14 325 1468 30 1659
12061 4 2 136 14 313 27 1340 1601
12062 4 2 136 14 1668 1661 309 1680
12063 4 2 136 14 1610 299 1603 1622
12064 4 2 136 14 399 1649 19 1619
12065 4 2 136 14 199 1372 323 2475
12066 4 2 136 14 387 1568 344 1561
12067 4 2 136 14 1609 316 1612 1599
12068 4 2 136 14 989 231 232 2495
12069 4 2 136 14 318 1639 401 1612
12070 4 2 136 14 1417 1550 1449 1558
12071 4 2 136 14 127 1396 10 2484
12072 4 2 136 14 836 834 194 2475
12073 4 2 136 14 31 1629 1581 2497
12074 4 2 136 14 989 229 230 2472
12075 4 2 136 14 325 1656 414 368
12076 4 2 136 14 1598 392 362 313
12077 4 2 136 14 1495 340 32 1568
12078 4 2 136 14 1579 1587 1574 333
12079 4 2 136 14 320 1630 1627 2474
12080 4 2 136 14 302 1638 1386 1387
12081 4 2 136 14 1676 1630 29 1647
12082 4 2 136 14 129 128 148 2484
12083 4 2 136 14 1434 1433 1452 2491
12084 4 2 136 14 129 1639 130 2479
12085 4 2 136 14 1597 315 1611 1608
12086 4 2 136 14 1413 2485 1441 2494
12087 4 2 136 14 160 685 683 2483
12088 4 2 136 14 682 685 162 2483
12089 4 2 136 14 343 1566 1568 386
12090 4 2 136 14 1667 1657 1670 331
12091 4 2 136 14 317 1595 1616 1334
12092 4 2 136 14 1653 1462 319 1674
12093 4 2 136 14 1600 1565 1619 2497
12094 4 2 136 14 233 15 987 2472
12095 4 2 136 14 1632 2480 1382 2495
12096 4 2 136 14 1468 329 30 1659
12097 4 2 136 14 345 1545 1557 1506
12098 4 2 136 14 1566 1577 32 1568
12099 4 2 136 14 1640 400 1613 317
12100 4 2 136 14 1505 1551 1555 343
12101 4 2 136 14 1644 33 1567 2498
12102 4 2 136 14 1612 1338 316 1609
12103 4 2 136 14 244 243 319 2473
12104 4 2 136 14 321 1401 1643 322
12105 4 2 136 14 319 1627 1634 2472
12106 4 2 136 14 334 1584 1494 1488
12107 4 2 136 14 1428 69 70 2476
12108 4 2 136 14 1425 1415 1426 2481
12109 4 2 136 14 1581 31 1560 376
12110 4 2 136 14 1558 1547 1439 1549
12111 4 2 136 14 607 145 609 2484
12112 4 2 136 14 321 1376 124 2479
12113 4 2 136 14 147 606 609 2484
12114 4 2 136 14 1452 1433 1404 2491
12115 4 2 136 14 1446 1559 1426 2481
12116 4 2 136 14 320 1466 1462 1674
12117 4 2 136 14 318 1334 1338 1616
12118 4 2 136 14 1656 324 413 368
12119 4 2 136 14 312 391 362 1598
12120 4 2 136 14 316 1609 315 1608
12121 4 2 136 14 1646 1367 1387 1388
12122 4 2 136 14 19 1288 301 2497
12123 4 2 136 14 1447 1426 1446 1559
12124 4 2 136 14 1374 127 126 2479
12125 4 2 136 14 1669 1655 1666 330
12126 4 2 136 14 368 325 2470 2486
12127 4 2 136 14 1659 1660 1468 1681
12128 4 2 136 14 1340 1623 1602 1601
12129 4 2 136 14 1562 332 1577 1587
12130 4 2 136 14 835 198 837 2475
12131 4 2 136 14 1667 1670 1466 331
12132 4 2 136 14 1561 1569 1493 1570
12133 4 2 136 14 1452 1405 1436 2491
12134 4 2 136 14 1584 31 1560 1581
12135 4 2 136 14 1486 1568 1569 1561
12136 4 2 136 14 1344 1391 1369 2496
12137 4 2 136 14 316 1609 1608 1599
12138 4 2 136 14 1567 33 1644 378
12139 4 2 136 14 311 1329 25 2498
12140 4 2 136 14 32 1566 1568 343
12141 4 2 136 14 93 446 448 2470
12142 4 2 136 14 1653 320 1462 1674
12143 4 2 136 14 1616 1595 318 1334
12144 4 2 136 14 23 1360 2473 2495
12145 4 2 136 14 1354 1382 1365 2480
12146 4 2 136 14 1646 1388 1359 1381
12147 4 2 136 14 1637 1560 31 376
12148 4 2 136 14 1465 1470 1662 1669
12149 4 2 136 14 1337 1604 1342 1611
12150 4 2 136 14 310 1665 1668 1664
12151 4 2 136 14 1610 300 1606 1607
12152 4 2 136 14 226 227 988 2472
12153 4 2 136 14 420 1717 1724 1657
12154 4 2 136 14 335 1637 1508 302
12155 4 2 136 14 1464 1679 1662 1668
12156 4 2 136 14 1336 1621 1610 1604
12157 4 2 136 14 411 1724 1701 1647
12158 4 2 136 14 1490 1573 1571 1489
12159 4 2 136 14 106 1412 105 2469
12160 4 2 136 14 31 1508 1629 1638
12161 4 2 136 14 1380 1373 1350 2490
12162 4 2 136 14 1354 1364 1392 2480
12163 4 2 136 14 1351 1360 1361 2495
12164 4 2 136 14 1446 1550 1447 1559
12165 4 2 136 14 1465 1662 1679 1669
12166 4 2 136 14 1604 1337 1621 1611
12167 4 2 136 14 311 1665 1658 1671
12168 4 2 136 14 1600 1607 301 1613
12169 4 2 136 14 1667 1666 1657 331
12170 4 2 136 14 176 175 1347 2482
12171 4 2 136 14 1435 326 75 1556
12172 4 2 136 14 1618 28 1612 402
12173 4 2 136 14 1416 1446 1550 1447
12174 4 2 136 14 1724 1676 420 1657
12175 4 2 136 14 32 332 1495 1577
12176 4 2 136 14 1362 2482 1347 2493
12177 4 2 136 14 368 369 325 2486
12178 4 2 136 14 1646 2493 1367 2496
12179 4 2 136 14 339 1588 1575 1576
12180 4 2 136 14 60 1414 59 2478
12181 4 2 136 14 338 1578 1575 1563
12182 4 2 136 14 1572 1495 1569 1489
12183 4 2 136 14 1341 1603 1598 1333
12184 4 2 136 14 1461 1469 1661 1656
12185 4 2 136 14 1667 1666 331 330
12186 4 2 136 14 1508 1637 31 1629
12187 4 2 136 14 302 1641 1638 1387
12188 4 2 136 14 1384 1633 1390 2480
12189 4 2 136 14 1353 232 1352 2495
12190 4 2 136 14 1572 1577 1495 1489
12191 4 2 136 14 1680 1663 1469 309
12192 4 2 136 14 1622 1605 299 1341
12193 4 2 136 14 328 1431 90 1554
12194 4 2 136 14 1663 1661 1469 1656
12195 4 2 136 14 1341 1603 1605 1598
12196 4 2 136 14 1640 317 181 2482
12197 4 2 136 14 12 1397 175 2482
12198 4 2 136 14 1599 28 1612 1618
12199 4 2 136 14 29 1670 1676 1657
12200 4 2 136 14 412 1684 37 1678
12201 4 2 136 14 1685 390 35 1620
12202 4 2 136 14 1634 2472 1632 2473
12203 4 2 136 14 214 1343 215 2474
12204 4 2 136 14 1652 1626 322 323
12205 4 2 136 14 245 244 25 1634
12206 4 2 136 14 1609 1611 315 1608
12207 4 2 136 14 1352 1382 1354 2495
12208 4 2 136 14 1363 1379 1348 2493
12209 4 2 136 14 1556 27 4 2477
12210 4 2 136 14 1670 1630 29 1676
12211 4 2 136 14 1676 406 1630 1647
12212 4 2 136 14 64 58 63 2499
12213 4 2 136 14 1652 1400 1633 2490
12214 4 2 136 14 1726 1648 407 1628
12215 4 2 136 14 1366 1367 1356 2496
12216 4 2 136 14 988 227 228 2472
12217 4 2 136 14 319 1467 25 1671
12218 4 2 136 14 317 19 1339 1613
12219 4 2 136 14 1405 1452 1404 2491
12220 4 2 136 14 1467 1665 1671 1674
12221 4 2 136 14 1613 1607 1339 1616
12222 4 2 136 14 1587 1572 1574 333
12223 4 2 136 14 1643 1652 1400 1358
12224 4 2 136 14 21 1551 1555 1505
12225 4 2 136 14 333 332 1587 1489
12226 4 2 136 14 1400 1358 1633 1380
12227 4 2 136 14 1487 1560 1593 1494
12228 4 2 136 14 1435 75 76 2477
12229 4 2 136 14 51 1438 1457 2489
12230 4 2 136 14 1365 1380 1364 2480
12231 4 2 136 14 1570 337 1564 1578
12232 4 2 136 14 403 1650 25 1634
12233 4 2 136 14 1367 1366 1381 2496
12234 4 2 136 14 1347 2482 1379 2493
12235 4 2 136 14 15 226 988 2472
12236 4 2 136 14 1458 2 59 2478
12237 4 2 136 14 179 760 178 2482
12238 4 2 136 14 1550 1447 1418 1448
12239 4 2 136 14 1448 1549 327 1546
12240 4 2 136 14 1667 1669 1666 330
12241 4 2 136 14 912 212 213 2474
12242 4 2 136 14 1575 1490 339 1492
12243 4 2 136 14 1465 1464 1679 1662
12244 4 2 136 14 1337 1336 1604 1621
12245 4 2 136 14 1649 375 1629 1592
12246 4 2 136 14 1654 310 1668 1664
12247 4 2 136 14 1606 1596 300 1610
12248 4 2 136 14 1491 1493 1569 1570
12249 4 2 136 14 390 22 35 1620
12250 4 2 136 14 412 37 26 1678
12251 4 2 136 14 1394 15 2472 2474
12252 4 2 136 14 1545 24 1557 1506
12253 4 2 136 14 1658 384 1583 1590
12254 4 2 136 14 1488 1572 1573 1489
12255 4 2 136 14 311 1665 1664 1658
12256 4 2 136 14 1606 1600 1607 301
12257 4 2 136 14 415 1675 41 1682
12258 4 2 136 14 1683 1617 39 393
12259 4 2 136 14 1593 1573 1487 1488
12260 4 2 136 14 452 100 99 2469
12261 4 2 136 14 1635 321 1643 322
12262 4 2 136 14 1556 1546 1552 2491
12263 4 2 136 14 834 837 192 2475
12264 4 2 136 14 1661 1464 1660 1662
12265 4 2 136 14 1336 1603 1602 1604
12266 4 2 136 14 1633 1380 1390 2480
12267 4 2 136 14 299 22 1341 1605
12268 4 2 136 14 309 1469 26 1663
12269 4 2 136 14 411 1701 1642 1647
12270 4 2 136 14 24 1442 1557 2494
12271 4 2 136 14 65 362 312 2478
12272 4 2 136 14 1560 1593 1494 1584
12273 4 2 136 14 317 1624 164 2483
12274 4 2 136 14 443 89 88 2486
12275 4 2 136 14 1449 1550 1443 1558
12276 4 2 136 14 1629 1508 1637 1638
12277 4 2 136 14 1448 1418 1550 1546
12278 4 2 136 14 1715 1726 407 1628
12279 4 2 136 14 25 1677 403 1671
12280 4 2 136 14 1381 2492 1646 2496
12281 4 2 136 14 105 2469 1412 2494
12282 4 2 136 14 1658 384 1590 1677
12283 4 2 136 14 31 1581 1584 2497
12284 4 2 136 14 19 399 1619 1613
12285 4 2 136 14 1402 96 97 2470
12286 4 2 136 14 1434 76 77 2491
12287 4 2 136 14 1641 1387 1357 1646
12288 4 2 136 14 1335 1607 300 1610
12289 4 2 136 14 1463 310 1665 1668
12290 4 2 136 14 311 1463 310 1665
12291 4 2 136 14 1607 1335 300 301
12292 4 2 136 14 1574 1593 1584 1488
12293 4 2 136 14 1383 1361 1360 2495
12294 4 2 136 14 19 317 1640 1613
12295 4 2 136 14 1367 1385 1356 2493
12296 4 2 136 14 1617 27 39 393
12297 4 2 136 14 1675 41 30 415
12298 4 2 136 14 370 1589 1615 1620
12299 4 2 136 14 1614 1617 1723 394
12300 4 2 136 14 334 31 1494 2497
12301 4 2 136 14 1638 1508 1637 302
12302 4 2 136 14 181 317 182 2482
12303 4 2 136 14 1630 1670 406 1676
12304 4 2 136 14 1643 1400 322 1358
12305 4 2 136 14 1423 1424 1413 2485
12306 4 2 136 14 375 1581 1629 1592
12307 4 2 136 14 1422 1445 1444 2489
12308 4 2 136 14 1623 1342 1611 314
12309 4 2 136 14 63 62 433 2478
12310 4 2 136 14 433 62 61 2478
12311 4 2 136 14 95 96 1427 2470
12312 4 2 136 14 1384 1632 1383 1641
12313 4 2 136 14 1493 1569 1486 1491
12314 4 2 136 14 1339 1607 1335 1616
12315 4 2 136 14 1467 1463 1665 1674
12316 4 2 136 14 318 28 1639 1612
12317 4 2 136 14 28 1639 402 1648
12318 4 2 136 14 1545 1558 1553 2494
12319 4 2 136 14 1492 1575 1490 1576
12320 4 2 136 14 389 1693 37 1591
12321 4 2 136 14 425 1725 41 1692
12322 4 2 136 14 1632 1627 1631 2472
12323 4 2 136 14 683 684 158 2483
12324 4 2 136 14 684 682 164 2483
12325 4 2 136 14 1359 1401 1636 2492
12326 4 2 136 14 1680 1663 1661 1469
12327 4 2 136 14 1603 1605 1622 1341
12328 4 2 136 14 68 69 1403 2491
12329 4 2 136 14 5 1554 90 2486
12330 4 2 136 14 334 1574 1584 1488
12331 4 2 136 14 303 1384 1383 1641
12332 4 2 136 14 1633 1389 1357 1390
12333 4 2 136 14 1578 1571 1491 338
12334 4 2 136 14 1417 1449 1550 1448
12335 4 2 136 14 1571 1578 1575 338
12336 4 2 136 14 1560 1576 1487 1593
12337 4 2 136 14 1404 68 1403 2491
12338 4 2 136 14 1435 1434 1436 2491
12339 4 2 136 14 1489 1488 1572 333
12340 4 2 136 14 1406 1421 1422 2489
12341 4 2 136 14 1464 1463 1679 1668
12342 4 2 136 14 1335 1336 1621 1610
12343 4 2 136 14 1571 1491 1570 1578
12344 4 2 136 14 302 20 1638 1508
12345 4 2 136 14 1699 1599 398 1618
12346 4 2 136 14 25 1658 1677 1671
12347 4 2 136 14 19 1619 1600 1613
12348 4 2 136 14 29 1466 320 1670
12349 4 2 136 14 28 318 1338 1612
12350 4 2 136 14 1334 1621 1616 1335
12351 4 2 136 14 1463 1462 1679 1674
12352 4 2 136 14 1448 1550 1549 1546
12353 4 2 136 14 1428 69 2476 2481
12354 4 2 136 14 1620 390 22 1605
12355 4 2 136 14 26 412 1678 1663
12356 4 2 136 14 1640 181 180 2482
12357 4 2 136 14 1581 1629 31 376
12358 4 2 136 14 1461 1464 1660 1661
12359 4 2 136 14 1603 1336 1602 1333
12360 4 2 136 14 1660 1461 1661 1656
12361 4 2 136 14 1333 1603 1598 1602
12362 4 2 136 14 339 1492 33 2498
12363 4 2 136 14 608 143 607 2484
12364 4 2 136 14 10 608 606 2484
12365 4 2 136 14 1434 1452 1436 2491
12366 4 2 136 14 181 758 180 2482
12367 4 2 136 14 1348 1379 160 2493
12368 4 2 136 14 1549 1417 1550 1448
12369 4 2 136 14 1443 1416 1550 1449
12370 4 2 136 14 26 1469 324 1663
12371 4 2 136 14 22 312 1341 1605
12372 4 2 136 14 35 385 1589 1691
12373 4 2 136 14 39 1690 1723 421
12374 4 2 136 14 1577 332 1495 1489
12375 4 2 136 14 114 1455 1437 2494
12376 4 2 136 14 1463 1467 1462 1674
12377 4 2 136 14 1335 1334 1339 1616
12378 4 2 136 14 74 79 80 2477
12379 4 2 136 14 1490 1573 1487 1576
12380 4 2 136 14 1568 1569 1495 1486
12381 4 2 136 14 1464 1470 1660 1662
12382 4 2 136 14 1336 1602 1342 1604
12383 4 2 136 14 1668 1665 1463 1679
12384 4 2 136 14 1335 1607 1610 1621
12385 4 2 136 14 1669 329 1470 1681
12386 4 2 136 14 73 313 72 2476
12387 4 2 136 14 1491 337 1570 1578
12388 4 2 136 14 1345 2484 1374 2492
12389 4 2 136 14 759 176 177 2482
12390 4 2 136 14 1340 1602 1623 314
12391 4 2 136 14 1723 1716 1614 394
12392 4 2 136 14 128 129 532 2479
12393 4 2 136 14 215 911 214 2474
12394 4 2 136 14 1640 2482 1645 2483
12395 4 2 136 14 1678 380 1591 1673
12396 4 2 136 14 1427 2470 96 2485
12397 4 2 136 14 1571 1575 1490 338
12398 4 2 136 14 416 1725 1672 1675
12399 4 2 136 14 303 1383 1651 1641
12400 4 2 136 14 1457 2489 62 2499
12401 4 2 136 14 1646 1381 1359 2492
12402 4 2 136 14 1390 1633 1358 1380
12403 4 2 136 14 1453 2469 7 2470
12404 4 2 136 14 1617 1601 27 393
12405 4 2 136 14 30 1659 1675 415
12406 4 2 136 14 1577 1569 1495 1568
12407 4 2 136 14 1422 1438 1406 2489
12408 4 2 136 14 19 1649 399 1640
12409 4 2 136 14 1584 1594 334 2497
12410 4 2 136 14 1726 1699 398 1618
12411 4 2 136 14 374 1592 1619 1565
12412 4 2 136 14 1465 1470 1464 1662
12413 4 2 136 14 1604 1337 1342 1336
12414 4 2 136 14 1660 1669 1470 1681
12415 4 2 136 14 1602 1342 1611 1623
12416 4 2 136 14 450 102 101 2469
12417 4 2 136 14 178 760 177 2482
12418 4 2 136 14 1591 389 1693 1580
12419 4 2 136 14 1714 1725 425 1692
12420 4 2 136 14 32 35 1555 2487
12421 4 2 136 14 1420 1411 1441 2494
12422 4 2 136 14 337 338 1578 1491
12423 4 2 136 14 322 1389 1643 1358
12424 4 2 136 14 215 1343 1349 2490
12425 4 2 136 14 1367 1646 1387 2493
12426 4 2 136 14 1646 1359 1389 1643
12427 4 2 136 14 379 1590 1650 1644
12428 4 2 136 14 15 212 226 2472
12429 4 2 136 14 370 1589 1582 1615
12430 4 2 136 14 1626 1635 1643 322
12431 4 2 136 14 1430 1409 1408 2488
12432 4 2 136 14 1572 1587 1489 333
12433 4 2 136 14 1364 1343 2480 2490
12434 4 2 136 14 1391 1366 1356 2496
12435 4 2 136 14 1370 1399 216 2490
12436 4 2 136 14 451 7 106 2469
12437 4 2 136 14 1643 1401 321 1636
12438 4 2 136 14 1454 6 87 2486
12439 4 2 136 14 318 146 1624 2484
12440 4 2 136 14 1643 1359 1389 322
12441 4 2 136 14 1487 1492 1490 1576
12442 4 2 136 14 1490 1571 1491 1489
12443 4 2 136 14 308 24 1442 1545
12444 4 2 136 14 1353 2472 232 2495
12445 4 2 136 14 180 760 179 2482
12446 4 2 136 14 1652 2475 323 2490
12447 4 2 136 14 99 93 94 2470
12448 4 2 136 14 1600 374 1619 1565
12449 4 2 136 14 1401 1643 1359 1636
12450 4 2 136 14 345 1689 344 341
12451 4 2 136 14 85 442 444 2486
12452 4 2 136 14 1671 403 25 1634
12453 4 2 136 14 1466 1674 1670 1667
12454 4 2 136 14 1338 1612 1616 1609
12455 4 2 136 14 1629 1637 31 376
12456 4 2 136 14 1336 1333 1342 1602
12457 4 2 136 14 1464 1470 1461 1660
12458 4 2 136 14 1385 1367 1387 2493
12459 4 2 136 14 1554 1549 328 2488
12460 4 2 136 14 1641 1638 1387 1646
12461 4 2 136 14 216 1399 14 2490
12462 4 2 136 14 452 99 7 2469
12463 4 2 136 14 307 21 1551 1445
12464 4 2 136 14 1402 96 2470 2485
12465 4 2 136 14 325 93 368 2470
12466 4 2 136 14 329 1468 1660 1681
12467 4 2 136 14 1384 1632 1633 2480
12468 4 2 136 14 759 175 176 2482
12469 4 2 136 14 1572 1569 1571 1489
12470 4 2 136 14 1584 1594 1574 334
12471 4 2 136 14 1351 1378 250 2495
12472 4 2 136 14 1387 1646 1638 2493
12473 4 2 136 14 1463 1462 1465 1679
12474 4 2 136 14 1334 1335 1337 1621
12475 4 2 136 14 1360 249 248 2473
12476 4 2 136 14 322 1400 1652 323
12477 4 2 136 14 320 211 210 2474
12478 4 2 136 14 1441 1442 1420 2494
12479 4 2 136 14 214 912 213 2474
12480 4 2 136 14 194 320 209 2474
12481 4 2 136 14 129 318 1639 2479
12482 4 2 136 14 1345 1344 142 2496
12483 4 2 136 14 340 1687 344 343
12484 4 2 136 14 28 1639 1612 402
12485 4 2 136 14 70 435 71 2476
12486 4 2 136 14 1387 1357 1646 1388
12487 4 2 136 14 1443 1545 1416 308
12488 4 2 136 14 73 434 74 2476
12489 4 2 136 14 108 324 107 2471
12490 4 2 136 14 312 57 58 2499
12491 4 2 136 14 1389 1643 1358 1633
12492 4 2 136 14 101 100 452 2469
12493 4 2 136 14 1661 1668 309 1464
12494 4 2 136 14 299 1610 1603 1336
12495 4 2 136 14 244 1065 243 2473
12496 4 2 136 14 16 243 1065 2473
12497 4 2 136 14 127 531 126 2479
12498 4 2 136 14 379 1590 1644 1567
12499 4 2 136 14 1488 1573 1490 1489
12500 4 2 136 14 367 2469 324 2471
12501 4 2 136 14 447 97 96 2470
12502 4 2 136 14 314 315 1342 1611
12503 4 2 136 14 250 249 1351 2495
12504 4 2 136 14 1419 113 1410 2494
12505 4 2 136 14 1690 1700 1723 421
12506 4 2 136 14 1566 1589 385 1691
12507 4 2 136 14 213 212 15 2474
12508 4 2 136 14 209 210 910 2474
12509 4 2 136 14 230 231 989 2495
12510 4 2 136 14 1725 1672 1698 416
12511 4 2 136 14 1545 345 344 341
12512 4 2 136 14 1466 1674 1465 1462
12513 4 2 136 14 1338 1337 1616 1334
12514 4 2 136 14 1416 1446 1551 1550
12515 4 2 136 14 12 761 182 2482
12516 4 2 136 14 53 1421 52 2499
12517 4 2 136 14 1419 1420 1442 2494
12518 4 2 136 14 1457 62 1 2499
12519 4 2 136 14 1549 328 1459 327
12520 4 2 136 14 1462 1465 1679 1674
12521 4 2 136 14 1334 1621 1337 1616
12522 4 2 136 14 1674 1466 1465 1667
12523 4 2 136 14 1337 1338 1616 1609
12524 4 2 136 14 69 435 70 2476
12525 4 2 136 14 74 434 3 2476
12526 4 2 136 14 1384 1641 1357 1633
12527 4 2 136 14 530 130 131 2479
12528 4 2 136 14 319 227 1627 2472
12529 4 2 136 14 1362 20 177 2482
12530 4 2 136 14 1642 1626 1652 323
12531 4 2 136 14 94 7 99 2470
12532 4 2 136 14 25 1644 33 2473
12533 4 2 136 14 1550 1418 1559 1546
12534 4 2 136 14 92 91 446 2470
12535 4 2 136 14 105 451 106 2469
12536 4 2 136 14 1470 1662 1669 1660
12537 4 2 136 14 1342 1611 1604 1602
12538 4 2 136 14 1605 390 22 361
12539 4 2 136 14 412 26 367 1663
12540 4 2 136 14 344 1551 340 343
12541 4 2 136 14 1429 1408 98 2488
12542 4 2 136 14 1550 1545 1416 1443
12543 4 2 136 14 1564 1591 380 1673
12544 4 2 136 14 1640 1645 1624 2483
12545 4 2 136 14 1640 317 2482 2483
12546 4 2 136 14 1570 1569 1491 1571
12547 4 2 136 14 1601 363 27 393
12548 4 2 136 14 415 30 1659 369
12549 4 2 136 14 1651 1632 1383 2495
12550 4 2 136 14 312 2478 361 2499
12551 4 2 136 14 532 129 130 2479
12552 4 2 136 14 1494 1593 1487 1488
12553 4 2 136 14 308 1545 344 341
12554 4 2 136 14 161 160 1379 2483
12555 4 2 136 14 449 91 6 2470
12556 4 2 136 14 1469 1661 1680 309
12557 4 2 136 14 1603 1622 299 1341
12558 4 2 136 14 1550 1446 1551 1559
12559 4 2 136 14 1545 24 1442 1557
12560 4 2 136 14 340 307 1551 344
12561 4 2 136 14 1490 1491 1571 338
12562 4 2 136 14 1386 1387 1638 2493
12563 4 2 136 14 1351 1361 1378 2495
12564 4 2 136 14 28 1628 9 2479
12565 4 2 136 14 21 1551 1445 1555
12566 4 2 136 14 1386 1362 1363 2493
12567 4 2 136 14 1545 1416 1551 1550
12568 4 2 136 14 1574 1573 1593 1488
12569 4 2 136 14 1414 2481 2478 2489
12570 4 2 136 14 310 1464 309 1668
12571 4 2 136 14 300 299 1336 1610
12572 4 2 136 14 1569 1491 1571 1489
12573 4 2 136 14 1486 1569 1495 1489
12574 4 2 136 14 127 128 532 2479
12575 4 2 136 14 19 399 1613 1640
12576 4 2 136 14 1402 2470 97 2488
12577 4 2 136 14 1400 1652 1643 322
12578 4 2 136 14 61 60 431 2478
12579 4 2 136 14 430 64 63 2478
12580 4 2 136 14 1623 1602 1342 314
12581 4 2 136 14 1401 1359 1643 322
12582 4 2 136 14 1464 1463 1465 1679
12583 4 2 136 14 1335 1336 1337 1621
12584 4 2 136 14 1393 1375 1377 2492
12585 4 2 136 14 1463 1464 310 1668
12586 4 2 136 14 1335 300 1336 1610
12587 4 2 136 14 182 761 181 2482
12588 4 2 136 14 1636 321 1643 1635
12589 4 2 136 14 1435 2477 76 2491
12590 4 2 136 14 1571 1575 1573 1490
12591 4 2 136 14 98 97 449 2470
12592 4 2 136 14 72 437 73 2476
12593 4 2 136 14 71 437 72 2476
12594 4 2 136 14 1551 1446 1416 307
12595 4 2 136 14 1419 1410 1420 2494
12596 4 2 136 14 64 63 2478 2499
12597 4 2 136 14 392 363 362 313
12598 4 2 136 14 368 414 325 369
12599 4 2 136 14 175 761 12 2482
12600 4 2 136 14 229 243 16 2473
12601 4 2 136 14 1558 1417 1550 1549
12602 4 2 136 14 1460 327 326 1546
12603 4 2 136 14 329 1470 330 1669
12604 4 2 136 14 181 180 19 1640
12605 4 2 136 14 1433 1456 67 2491
12606 4 2 136 14 1628 321 1636 1635
12607 4 2 136 14 431 60 59 2478
12608 4 2 136 14 430 65 64 2478
12609 4 2 136 14 1487 1573 1490 1488
12610 4 2 136 14 1550 1545 1443 1558
12611 4 2 136 14 57 22 56 361
12612 4 2 136 14 1354 1365 1364 2480
12613 4 2 136 14 1409 1430 1432 2488
12614 4 2 136 14 34 345 1557 1506
12615 4 2 136 14 1651 1383 1632 1641
12616 4 2 136 14 1461 1470 1468 1660
12617 4 2 136 14 1333 1340 1342 1602
12618 4 2 136 14 100 324 368 2469
12619 4 2 136 14 315 1337 1342 1611
12620 4 2 136 14 333 334 1488 1574
12621 4 2 136 14 530 9 533 2479
12622 4 2 136 14 1361 1383 1382 2495
12623 4 2 136 14 1547 1549 1554 2488
12624 4 2 136 14 1652 1626 1643 322
12625 4 2 136 14 216 913 215 2474
12626 4 2 136 14 1669 1667 1679 1465
12627 4 2 136 14 1621 1337 1609 1611
12628 4 2 136 14 111 456 112 2471
12629 4 2 136 14 1575 1573 1490 1576
12630 4 2 136 14 320 1627 211 2474
12631 4 2 136 14 1660 1470 329 1681
12632 4 2 136 14 367 413 324 368
12633 4 2 136 14 312 391 361 362
12634 4 2 136 14 1371 1370 1349 2490
12635 4 2 136 14 1493 1491 337 1570
12636 4 2 136 14 318 1624 1639 2484
12637 4 2 136 14 1555 32 1505 343
12638 4 2 136 14 165 146 145 2483
12639 4 2 136 14 1694 1635 408 409
12640 4 2 136 14 315 1609 1337 1611
12641 4 2 136 14 387 1689 388 1561
12642 4 2 136 14 1695 423 1688 424
12643 4 2 136 14 1454 6 2486 2488
12644 4 2 136 14 146 2483 1624 2484
12645 4 2 136 14 1630 1631 2474 2475
12646 4 2 136 14 1631 2472 1627 2474
12647 4 2 136 14 1359 1381 1401 2492
12648 4 2 136 14 102 453 103 2469
12649 4 2 136 14 2 66 432 2478
12650 4 2 136 14 1634 1644 25 2473
12651 4 2 136 14 209 913 14 2474
12652 4 2 136 14 330 1470 1465 1669
12653 4 2 136 14 1433 1434 77 2491
12654 4 2 136 14 32 22 35 2487
12655 4 2 136 14 1366 1346 1381 2496
12656 4 2 136 14 1497 334 1288 2497
12657 4 2 136 14 1634 1650 25 1644
12658 4 2 136 14 1421 1445 1422 2489
12659 4 2 136 14 1631 2472 2474 2480
12660 4 2 136 14 1356 2493 1355 2496
12661 4 2 136 14 1410 1437 1420 2494
12662 4 2 136 14 1353 1354 2480 2495
12663 4 2 136 14 95 94 448 2470
12664 4 2 136 14 67 1456 3 2491
12665 4 2 136 14 104 453 105 2469
12666 4 2 136 14 1651 33 1644 2473
12667 4 2 136 14 214 2474 1368 2480
12668 4 2 136 14 1674 1463 1665 1679
12669 4 2 136 14 1607 1335 1616 1621
12670 4 2 136 14 1359 1636 1646 2492
12671 4 2 136 14 407 408 1715 1628
12672 4 2 136 14 1643 1652 1358 1633
12673 4 2 136 14 1556 39 27 2477
12674 4 2 136 14 129 148 318 2484
12675 4 2 136 14 330 1465 1667 1669
12676 4 2 136 14 1553 2470 2469 2485
12677 4 2 136 14 1508 31 20 1638
12678 4 2 136 14 1376 321 1377 2492
12679 4 2 136 14 1684 389 37 1591
12680 4 2 136 14 1682 1725 41 425
12681 4 2 136 14 392 362 391 1598
12682 4 2 136 14 414 1656 413 368
12683 4 2 136 14 126 533 125 2479
12684 4 2 136 14 79 74 3 2477
12685 4 2 136 14 124 1376 125 2479
12686 4 2 136 14 325 92 93 2470
12687 4 2 136 14 159 158 1355 2483
12688 4 2 136 14 410 1701 1642 411
12689 4 2 136 14 363 39 27 393
12690 4 2 136 14 415 41 30 369
12691 4 2 136 14 390 35 22 361
12692 4 2 136 14 367 37 26 412
12693 4 2 136 14 1329 339 1502 2498
12694 4 2 136 14 1431 1430 89 2488
12695 4 2 136 14 1641 1384 1632 1633
12696 4 2 136 14 1422 1407 1438 2489
12697 4 2 136 14 1430 1429 88 2488
12698 4 2 136 14 35 385 1685 1589
12699 4 2 136 14 1683 39 1723 421
12700 4 2 136 14 376 1581 1629 375
12701 4 2 136 14 390 1605 391 361
12702 4 2 136 14 367 413 412 1663
12703 4 2 136 14 1679 1667 1674 1465
12704 4 2 136 14 1616 1337 1609 1621
12705 4 2 136 14 1446 1551 1445 307
12706 4 2 136 14 1443 1442 1545 308
12707 4 2 136 14 403 1671 404 1634
12708 4 2 136 14 1601 392 363 393
12709 4 2 136 14 414 415 1659 369
12710 4 2 136 14 1063 250 16 2473
12711 4 2 136 14 1062 244 245 2473
12712 4 2 136 14 1402 2485 2470 2488
12713 4 2 136 14 14 195 209 2474
12714 4 2 136 14 311 1467 1463 1665
12715 4 2 136 14 301 1335 1339 1607
12716 4 2 136 14 1406 1438 51 2489
12717 4 2 136 14 1569 1486 1491 1489
12718 4 2 136 14 318 147 146 2484
12719 4 2 136 14 55 2487 54 2499
12720 4 2 136 14 327 1549 352 1546
12721 4 2 136 14 1640 1624 317 2483
12722 4 2 136 14 1666 419 1697 418
12723 4 2 136 14 101 2469 102 2471
12724 4 2 136 14 1634 1632 1651 2473
12725 4 2 136 14 160 159 1348 2493
12726 4 2 136 14 1609 315 1337 316
12727 4 2 136 14 1551 1555 1548 2489
12728 4 2 136 14 1357 1646 1389 1633
12729 4 2 136 14 361 312 362 2478
12730 4 2 136 14 1367 2493 1356 2496
12731 4 2 136 14 29 13 1642 2475
12732 4 2 136 14 1428 2476 2478 2481
12733 4 2 136 14 1646 1359 1643 1636
12734 4 2 136 14 12 182 162 2482
12735 4 2 136 14 66 65 432 2478
12736 4 2 136 14 432 59 2 2478
12737 4 2 136 14 1642 323 1652 2475
12738 4 2 136 14 72 313 362 2476
12739 4 2 136 14 249 250 1063 2473
12740 4 2 136 14 246 1062 245 2473
12741 4 2 136 14 1657 420 1717 419
12742 4 2 136 14 1638 1637 1641 302
12743 4 2 136 14 144 143 1369 2496
12744 4 2 136 14 1608 397 396 1713
12745 4 2 136 14 1340 314 1342 1602
12746 4 2 136 14 448 96 95 2470
12747 4 2 136 14 90 89 445 2486
12748 4 2 136 14 910 210 211 2474
12749 4 2 136 14 214 1343 2474 2480
12750 4 2 136 14 1398 158 11 2483
12751 4 2 136 14 2469 2485 1412 2494
12752 4 2 136 14 303 23 1651 1383
12753 4 2 136 14 47 1617 1723 1683
12754 4 2 136 14 1357 1646 1388 1389
12755 4 2 136 14 302 303 1641 1357
12756 4 2 136 14 37 34 1693 345
12757 4 2 136 14 1652 1400 1358 1633
12758 4 2 136 14 77 439 78 2477
12759 4 2 136 14 1431 1432 1430 2488
12760 4 2 136 14 61 1407 60 2489
12761 4 2 136 14 912 211 212 2474
12762 4 2 136 14 215 2474 1343 2490
12763 4 2 136 14 1454 2486 87 2488
12764 4 2 136 14 343 35 32 1691
12765 4 2 136 14 10 1396 141 2484
12766 4 2 136 14 2469 2470 1427 2485
12767 4 2 136 14 247 248 1064 2473
12768 4 2 136 14 441 4 438 2477
12769 4 2 136 14 330 1465 331 1667
12770 4 2 136 14 1675 50 1725 1682
12771 4 2 136 14 1589 44 1685 1620
12772 4 2 136 14 177 20 178 2482
12773 4 2 136 14 1345 142 141 2484
12774 4 2 136 14 1636 1628 1639 2479
12775 4 2 136 14 71 66 2 2478
12776 4 2 136 14 53 2487 1421 2499
12777 4 2 136 14 1627 2472 211 2474
12778 4 2 136 14 1461 1469 1464 1661
12779 4 2 136 14 1333 1336 1341 1603
12780 4 2 136 14 1646 1357 1641 1633
12781 4 2 136 14 1430 88 89 2488
12782 4 2 136 14 1382 2480 1354 2495
12783 4 2 136 14 1652 1633 1631 2490
12784 4 2 136 14 1631 1632 2472 2480
12785 4 2 136 14 1376 1377 1375 2492
12786 4 2 136 14 685 161 162 2483
12787 4 2 136 14 685 160 161 2483
12788 4 2 136 14 1468 1470 329 1660
12789 4 2 136 14 230 989 2472 2495
12790 4 2 136 14 1385 1348 1356 2493
12791 4 2 136 14 1668 1464 1661 1662
12792 4 2 136 14 1603 1336 1610 1604
12793 4 2 136 14 396 1597 1696 395
12794 4 2 136 14 1643 1389 1646 1633
12795 4 2 136 14 1678 46 1684 1591
12796 4 2 136 14 1385 1387 1386 2493
12797 4 2 136 14 196 195 14 2490
12798 4 2 136 14 1619 43 1649 1592
12799 4 2 136 14 48 1726 1618 1648
12800 4 2 136 14 198 1372 199 2475
12801 4 2 136 14 1700 1690 422 421
12802 4 2 136 14 386 1566 385 1691
12803 4 2 136 14 1650 1590 45 1677
12804 4 2 136 14 1724 49 1676 1647
12805 4 2 136 14 1557 24 34 1506
12806 4 2 136 14 1631 2475 1652 2490
12807 4 2 136 14 318 1639 2479 2484
12808 4 2 136 14 383 1658 384 1583
12809 4 2 136 14 339 338 1490 1575
12810 4 2 136 14 114 1437 1410 2494
12811 4 2 136 14 1337 316 1338 1609
12812 4 2 136 14 400 1613 399 1640
12813 4 2 136 14 113 455 114 2471
12814 4 2 136 14 109 454 110 2471
12815 4 2 136 14 383 1563 382 1664
12816 4 2 136 14 1398 2484 144 2496
12817 4 2 136 14 112 456 113 2471
12818 4 2 136 14 110 456 111 2471
12819 4 2 136 14 8 102 103 2469
12820 4 2 136 14 1464 1469 309 1661
12821 4 2 136 14 1336 299 1341 1603
12822 4 2 136 14 76 441 77 2477
12823 4 2 136 14 424 1714 425 1692
12824 4 2 136 14 389 388 1693 1580
12825 4 2 136 14 989 232 2472 2495
12826 4 2 136 14 321 1628 1636 2479
12827 4 2 136 14 1545 1553 1557 2494
12828 4 2 136 14 8 457 107 2471
12829 4 2 136 14 107 457 108 2471
12830 4 2 136 14 1549 1554 328 353
12831 4 2 136 14 247 1064 246 2473
12832 4 2 136 14 1553 1547 2470 2485
12833 4 2 136 14 248 249 1064 2473
12834 4 2 136 14 26 367 108 2471
12835 4 2 136 14 362 313 363 2476
12836 4 2 136 14 1555 32 21 1505
12837 4 2 136 14 428 427 426 2499
12838 4 2 136 14 1546 351 326 1556
12839 4 2 136 14 1579 1606 373 372
12840 4 2 136 14 1465 1466 331 1667
12841 4 2 136 14 1361 1382 1352 2495
12842 4 2 136 14 195 194 2474 2475
12843 4 2 136 14 105 1411 104 2494
12844 4 2 136 14 88 87 444 2486
12845 4 2 136 14 1386 1638 1362 2493
12846 4 2 136 14 112 24 111 2471
12847 4 2 136 14 1568 1687 386 387
12848 4 2 136 14 1686 422 423 1702
12849 4 2 136 14 87 88 1429 2488
12850 4 2 136 14 1670 405 1630 406
12851 4 2 136 14 324 367 368 2469
12852 4 2 136 14 81 438 82 2477
12853 4 2 136 14 1366 1344 1346 2496
12854 4 2 136 14 1459 1417 1549 327
12855 4 2 136 14 1418 327 1460 1546
12856 4 2 136 14 377 1560 1637 376
12857 4 2 136 14 1672 417 1698 416
12858 4 2 136 14 1631 1633 1632 2480
12859 4 2 136 14 1567 1644 379 378
12860 4 2 136 14 381 1564 380 1673
12861 4 2 136 14 1641 303 1384 1357
12862 4 2 136 14 1596 371 372 1562
12863 4 2 136 14 158 2483 1398 2496
12864 4 2 136 14 1716 395 1614 394
12865 4 2 136 14 1497 1288 31 2497
12866 4 2 136 14 1359 1388 1646 1389
12867 4 2 136 14 1366 1391 1344 2496
12868 4 2 136 14 1447 1550 1416 1448
12869 4 2 136 14 370 1582 371 1615
12870 4 2 136 14 1437 1411 1420 2494
12871 4 2 136 14 198 835 197 2475
12872 4 2 136 14 79 440 80 2477
12873 4 2 136 14 107 324 101 2471
12874 4 2 136 14 128 127 10 2484
12875 4 2 136 14 1631 1630 1642 2475
12876 4 2 136 14 194 834 193 2475
12877 4 2 136 14 1639 401 1612 402
12878 4 2 136 14 27 363 81 2477
12879 4 2 136 14 1631 1633 2480 2490
12880 4 2 136 14 107 102 8 2471
12881 4 2 136 14 446 93 92 2470
12882 4 2 136 14 20 302 1638 1386
12883 4 2 136 14 195 836 194 2475
12884 4 2 136 14 114 455 8 2471
12885 4 2 136 14 126 1374 2479 2492
12886 4 2 136 14 108 454 109 2471
12887 4 2 136 14 1631 1627 1630 2474
12888 4 2 136 14 1393 1377 1346 2492
12889 4 2 136 14 84 83 442 2486
12890 4 2 136 14 33 1329 1502 2498
12891 4 2 136 14 7 94 95 2470
12892 4 2 136 14 193 29 1630 2475
12893 4 2 136 14 23 1360 248 2473
12894 4 2 136 14 37 34 345 1557
12895 4 2 136 14 397 1699 1599 398
12896 4 2 136 14 1371 1349 1350 2490
12897 4 2 136 14 1625 1651 33 1644
12898 4 2 136 14 1555 35 32 343
12899 4 2 136 14 1385 1363 1348 2493
12900 4 2 136 14 1449 1416 1550 1448
12901 4 2 136 14 1629 20 1638 2482
12902 4 2 136 14 1345 2492 1346 2496
12903 4 2 136 14 405 1627 404 1653
12904 4 2 136 14 410 1719 409 1626
12905 4 2 136 14 78 440 79 2477
12906 4 2 136 14 1584 1581 1594 2497
12907 4 2 136 14 429 426 427 2499
12908 4 2 136 14 1438 1407 61 2489
12909 4 2 136 14 129 318 2479 2484
12910 4 2 136 14 1378 1361 1352 2495
12911 4 2 136 14 125 533 124 2479
12912 4 2 136 14 62 1438 61 2489
12913 4 2 136 14 1362 1638 2482 2493
12914 4 2 136 14 1633 1358 1389 1390
12915 4 2 136 14 193 834 192 2475
12916 4 2 136 14 1433 67 1404 2491
12917 4 2 136 14 80 440 81 2477
12918 4 2 136 14 159 160 683 2483
12919 4 2 136 14 682 162 163 2483
12920 4 2 136 14 1630 1642 29 1647
12921 4 2 136 14 1556 1552 2477 2491
12922 4 2 136 14 75 441 76 2477
12923 4 2 136 14 10 148 128 2484
12924 4 2 136 14 1374 127 2479 2484
12925 4 2 136 14 25 245 1634 2473
12926 4 2 136 14 301 1288 334 2497
12927 4 2 136 14 29 1642 1630 2475
12928 4 2 136 14 1648 28 1639 1628
12929 4 2 136 14 33 1651 23 2473
12930 4 2 136 14 1651 1644 1634 2473
12931 4 2 136 14 145 607 144 2484
12932 4 2 136 14 148 606 147 2484
12933 4 2 136 14 1350 1373 1371 2490
12934 4 2 136 14 1590 384 45 1677
12935 4 2 136 14 97 98 1408 2488
12936 4 2 136 14 158 159 683 2483
12937 4 2 136 14 682 163 164 2483
12938 4 2 136 14 1344 1369 143 2496
12939 4 2 136 14 20 1362 1386 1638
12940 4 2 136 14 1565 1600 374 373
12941 4 2 136 14 1360 249 2473 2495
12942 4 2 136 14 212 2472 15 2474
12943 4 2 136 14 11 145 144 2484
12944 4 2 136 14 339 1329 311 2498
12945 4 2 136 14 1723 1617 47 394
12946 4 2 136 14 19 1629 1649 1640
12947 4 2 136 14 1592 1619 43 374
12948 4 2 136 14 1726 398 48 1618
12949 4 2 136 14 94 93 448 2470
12950 4 2 136 14 114 1410 113 2494
12951 4 2 136 14 1724 1676 49 420
12952 4 2 136 14 362 2478 2476 2481
12953 4 2 136 14 144 607 143 2484
12954 4 2 136 14 10 606 148 2484
12955 4 2 136 14 2487 2489 1421 2499
12956 4 2 136 14 216 1349 1370 2490
12957 4 2 136 14 1371 1372 198 2490
12958 4 2 136 14 1355 2483 158 2496
12959 4 2 136 14 684 165 11 2483
12960 4 2 136 14 1589 370 44 1620
12961 4 2 136 14 19 1629 1640 2482
12962 4 2 136 14 7 2469 99 2470
12963 4 2 136 14 1629 1638 1640 2482
12964 4 2 136 14 1437 104 1411 2494
12965 4 2 136 14 1685 385 44 1589
12966 4 2 136 14 1683 1723 47 421
12967 4 2 136 14 20 19 1629 31
12968 4 2 136 14 1636 1376 321 2479
12969 4 2 136 14 377 378 1625 1585
12970 4 2 136 14 28 131 130 2479
12971 4 2 136 14 312 64 2478 2499
12972 4 2 136 14 147 609 146 2484
12973 4 2 136 14 146 609 145 2484
12974 4 2 136 14 312 58 64 2499
12975 4 2 136 14 142 608 141 2484
12976 4 2 136 14 320 2474 194 2475
12977 4 2 136 14 1636 1376 2479 2492
12978 4 2 136 14 1457 51 2489 2499
12979 4 2 136 14 46 389 1684 1591
12980 4 2 136 14 50 1725 1682 425
12981 4 2 136 14 85 86 91 2486
12982 4 2 136 14 24 1557 2471 2494
12983 4 2 136 14 195 2474 14 2490
12984 4 2 136 14 1557 367 37 2471
12985 4 2 136 14 1556 363 39 2477
12986 4 2 136 14 49 406 1676 1647
12987 4 2 136 14 1372 1371 1373 2490
12988 4 2 136 14 87 86 444 2486
12989 4 2 136 14 62 2478 63 2499
12990 4 2 136 14 402 48 1618 1648
12991 4 2 136 14 164 165 684 2483
12992 4 2 136 14 684 11 158 2483
12993 4 2 136 14 43 375 1649 1592
12994 4 2 136 14 48 1726 1648 407
12995 4 2 136 14 1362 1638 20 2482
12996 4 2 136 14 5 90 445 2486
12997 4 2 136 14 11 165 145 2483
12998 4 2 136 14 418 1720 1655 417
12999 4 2 136 14 25 33 23 2473
13000 4 2 136 14 23 2473 1651 2495
13001 4 2 136 14 230 1378 231 2495
13002 4 2 136 14 45 379 1590 1650
13003 4 2 136 14 2474 2480 1343 2490
13004 4 2 136 14 21 32 1555 2487
13005 4 2 136 14 1433 77 78 2491
13006 4 2 136 14 198 197 1371 2490
13007 4 2 136 14 319 228 227 2472
13008 4 2 136 14 1642 1652 1631 2475
13009 4 2 136 14 141 608 10 2484
13010 4 2 136 14 143 608 142 2484
13011 4 2 136 14 49 1724 411 1647
13012 4 2 136 14 1353 2480 2472 2495
13013 4 2 136 14 50 1725 416 1675
13014 4 2 136 14 530 131 9 2479
13015 4 2 136 14 43 1649 399 1619
13016 4 2 136 14 197 1370 1371 2490
13017 4 2 136 14 45 1650 1677 403
13018 4 2 136 14 1401 1377 321 2492
13019 4 2 136 14 1355 159 2483 2493
13020 4 2 136 14 1376 1636 321 2492
13021 4 2 136 14 1639 1628 28 2479
13022 4 2 136 14 428 426 56 2499
13023 4 2 136 14 46 1678 380 1591
13024 4 2 136 14 1583 1567 1588 2498
13025 4 2 136 14 82 27 81 2477
13026 4 2 136 14 1372 2475 198 2490
13027 4 2 136 14 129 2479 128 2484
13028 4 2 136 14 179 19 180 2482
13029 4 2 136 14 1624 401 400 1595
13030 4 2 136 14 23 248 247 2473
13031 4 2 136 14 1386 1363 1385 2493
13032 4 2 136 14 74 2476 3 2477
13033 4 2 136 14 1548 1555 2487 2489
13034 4 2 136 14 1586 1654 381 382
13035 4 2 136 14 1629 20 31 1638
13036 4 2 136 14 54 2487 53 2499
13037 4 2 136 14 442 85 84 2486
13038 4 2 136 14 1377 1381 1346 2492
13039 4 2 136 14 1377 1401 1381 2492
13040 4 2 136 14 1379 2483 160 2493
13041 4 2 136 14 1548 2478 362 2481
13042 4 2 136 14 1345 142 2484 2496
13043 4 2 136 14 1590 1567 1583 2498
13044 4 2 136 14 91 86 6 2486
13045 4 2 136 14 1370 197 196 2490
13046 4 2 136 14 22 32 21 2487
13047 4 2 136 14 74 313 73 2476
13048 4 2 136 14 31 1288 19 2497
13049 4 2 136 14 1378 1352 231 2495
13050 4 2 136 14 21 1421 53 2487
13051 4 2 136 14 37 367 26 2471
13052 4 2 136 14 445 83 5 2486
13053 4 2 136 14 39 363 27 2477
13054 4 2 136 14 100 101 324 2469
13055 4 2 136 14 1646 1645 1638 2493
13056 4 2 136 14 61 60 2478 2489
13057 4 2 136 14 25 1329 33 2498
13058 4 2 136 14 324 2469 101 2471
13059 4 2 136 14 193 192 29 2475
13060 4 2 136 14 50 1675 415 1682
13061 4 2 136 14 1683 47 1617 393
13062 4 2 136 14 62 63 1 2499
13063 4 2 136 14 1552 362 2476 2481
13064 4 2 136 14 232 231 1352 2495
13065 4 2 136 14 1554 2486 1547 2488
13066 4 2 136 14 102 2469 8 2471
13067 4 2 136 14 52 1406 51 2499
13068 4 2 136 14 361 35 22 2487
13069 4 2 136 14 53 427 428 2499
13070 4 2 136 14 76 2477 77 2491
13071 4 2 136 14 1344 143 142 2496
13072 4 2 136 14 325 91 92 2470
13073 4 2 136 14 412 46 1684 1678
13074 4 2 136 14 44 390 1685 1620
13075 4 2 136 14 86 85 444 2486
13076 4 2 136 14 88 2486 89 2488
13077 4 2 136 14 1636 1645 1646 2492
13078 4 2 136 14 62 2489 2478 2499
13079 4 2 136 14 320 210 209 2474
13080 4 2 136 14 1565 1594 1581 2497
13081 4 2 136 14 369 41 30 1554
13082 4 2 136 14 146 145 2483 2484
13083 4 2 136 14 1559 1548 1552 2481
13084 4 2 136 14 1645 2482 1638 2493
13085 4 2 136 14 1406 2489 51 2499
13086 4 2 136 14 62 61 2478 2489
13087 4 2 136 14 82 438 4 2477
13088 4 2 136 14 19 1640 180 2482
13089 4 2 136 14 1651 33 23 1509
13090 4 2 136 14 26 109 110 2471
13091 4 2 136 14 216 215 1349 2490
13092 4 2 136 14 86 87 6 2486
13093 4 2 136 14 1547 1553 1558 2485
13094 4 2 136 14 2478 2487 361 2499
13095 4 2 136 14 1346 2492 1381 2496
13096 4 2 136 14 1548 2487 2478 2489
13097 4 2 136 14 1636 2479 1645 2492
13098 4 2 136 14 199 837 198 2475
13099 4 2 136 14 361 1555 35 2487
13100 4 2 136 14 25 246 245 2473
13101 4 2 136 14 3 2477 2476 2491
13102 4 2 136 14 64 65 312 2478
13103 4 2 136 14 105 104 2469 2494
13104 4 2 136 14 82 4 27 2477
13105 4 2 136 14 91 6 2470 2486
13106 4 2 136 14 368 2469 1553 2470
13107 4 2 136 14 1592 1565 1581 2497
13108 4 2 136 14 97 2470 98 2488
13109 4 2 136 14 1552 1548 362 2481
13110 4 2 136 14 1557 1553 2471 2494
13111 4 2 136 14 1355 2493 2483 2496
13112 4 2 136 14 53 54 21 2487
13113 4 2 136 14 2483 2484 1398 2496
13114 4 2 136 14 426 429 57 2499
13115 4 2 136 14 1651 2473 1632 2495
13116 4 2 136 14 1646 1645 2493 2496
13117 4 2 136 14 9 131 28 2479
13118 4 2 136 14 2482 2483 1379 2493
13119 4 2 136 14 9 124 533 2479
13120 4 2 136 14 1374 2484 2479 2492
13121 4 2 136 14 2484 2492 1345 2496
13122 4 2 136 14 85 91 325 2486
13123 4 2 136 14 368 1553 1547 2470
13124 4 2 136 14 67 68 1404 2491
13125 4 2 136 14 318 148 147 2484
13126 4 2 136 14 1645 2483 2482 2493
13127 4 2 136 14 1646 2492 1645 2496
13128 4 2 136 14 91 2470 325 2486
13129 4 2 136 14 428 55 54 2499
13130 4 2 136 14 28 130 1639 2479
13131 4 2 136 14 128 2479 127 2484
13132 4 2 136 14 2478 2489 2487 2499
13133 4 2 136 14 77 2477 78 2491
13134 4 2 136 14 317 164 163 2483
13135 4 2 136 14 1547 2486 2470 2488
13136 4 2 136 14 1548 361 2478 2487
13137 4 2 136 14 192 837 13 2475
13138 4 2 136 14 87 2486 88 2488
13139 4 2 136 14 1401 321 1636 2492
13140 4 2 136 14 1 63 58 2499
13141 4 2 136 14 2470 2486 6 2488
13142 4 2 136 14 250 2473 249 2495
13143 4 2 136 14 427 51 429 2499
13144 4 2 136 14 216 2474 215 2490
13145 4 2 136 14 114 113 2471 2494
13146 4 2 136 14 4 441 75 2477
13147 4 2 136 14 160 2483 159 2493
13148 4 2 136 14 1457 1 51 2499
13149 4 2 136 14 195 2475 2474 2490
13150 4 2 136 14 11 2483 145 2484
13151 4 2 136 14 13 29 192 2475
13152 4 2 136 14 1645 1624 2483 2484
13153 4 2 136 14 361 362 1548 2478
13154 4 2 136 14 367 1553 2469 2471
13155 4 2 136 14 1548 2478 2481 2489
13156 4 2 136 14 13 837 199 2475
13157 4 2 136 14 1552 2476 363 2477
13158 4 2 136 14 198 2475 197 2490
13159 4 2 136 14 1553 368 367 2469
13160 4 2 136 14 144 2484 143 2496
13161 4 2 136 14 1548 1555 361 2487
13162 4 2 136 14 362 363 1552 2476
13163 4 2 136 14 2470 2485 1547 2488
13164 4 2 136 14 337 1331 304 1500
13165 4 2 136 14 1503 304 337 1332
13166 4 2 136 14 21 32 1290 1496
13167 4 2 136 14 1496 1290 296 332
13168 4 2 136 14 1331 34 24 1500
13169 4 2 136 14 1499 332 296 1291
13170 4 2 136 14 305 338 1501 1330
13171 4 2 136 14 339 306 1329 1502
13172 4 2 136 14 1503 338 305 1332
13173 4 2 136 14 1498 333 297 1289
13174 4 2 136 14 297 333 1499 1291
13175 4 2 136 14 1501 339 306 1330
13176 4 2 136 14 20 31 1497 1288
13177 4 2 136 14 334 1498 298 1289
13178 4 2 136 14 1329 23 33 1502
13179 4 2 136 14 1497 334 298 1288
13180 4 2 136 14 2476 2477 1552 2491
13181 4 2 136 14 1552 2481 2476 2491
13182 4 2 136 14 1553 2469 2471 2494
13183 4 2 136 14 54 53 428 2499
13184 4 2 136 14 369 1547 1554 2486
13185 4 2 136 14 53 52 427 2499
13186 4 2 136 14 22 21 32 1290
13187 4 2 136 14 299 296 1290 332
13188 4 2 136 14 296 299 1291 332
13189 4 2 136 14 304 309 1331 337
13190 4 2 136 14 24 26 34 1331
13191 4 2 136 14 309 304 1332 337
13192 4 2 136 14 300 297 333 1289
13193 4 2 136 14 305 310 338 1330
13194 4 2 136 14 300 297 1291 333
13195 4 2 136 14 20 19 31 1288
13196 4 2 136 14 305 310 1332 338
13197 4 2 136 14 311 306 1329 339
13198 4 2 136 14 301 298 1289 334
13199 4 2 136 14 298 301 1288 334
13200 4 2 136 14 25 23 33 1329
13201 4 2 136 14 306 311 1330 339
13202 4 2 136 14 2479 2484 1645 2492
13203 4 2 136 14 426 57 56 2499
13204 4 2 136 14 367 1557 1553 2471
13205 4 2 136 14 1556 1552 363 2477
13206 4 2 136 14 143 2484 142 2496
13207 4 2 136 14 428 56 55 2499
13208 4 2 136 14 1553 2485 2469 2494
13209 4 2 136 14 427 52 51 2499
13210 4 2 136 14 429 1 58 2499
13211 4 2 136 14 1631 2480 2474 2490
13212 4 2 136 14 1632 2473 2472 2495
13213 4 2 136 14 429 58 57 2499
13214 4 2 136 14 51 1 429 2499
13215 4 2 136 14 2472 2480 1632 2495
13216 4 2 136 14 2474 2475 1631 2490
13217 4 2 136 14 1645 2483 2493 2496
13218 4 2 136 14 1645 2492 2484 2496
13219 4 2 136 14 1645 2484 2483 2496
13220 4 2 136 14 81 80 363 313
13221 4 2 136 14 363 80 81 2477
13222 4 2 136 14 74 2476 363 313
13223 4 2 136 14 363 2476 74 2477
13224 4 2 136 14 80 74 363 313
13225 4 2 136 14 363 74 80 2477
13226 4 2 136 14 99 93 368 100
13227 4 2 136 14 368 93 99 2470
13228 4 2 136 14 368 2469 99 100
13229 4 2 136 14 99 2469 368 2470
13230 4 2 136 14 2474 1368 2472 1394
13231 4 2 136 14 2474 2472 1368 2480
13232 4 2 136 14 233 2472 1368 1394
13233 4 2 136 14 309 310 1586 1332
13234 4 2 136 14 1586 310 309 1654
13235 4 2 136 14 300 299 1562 1291
13236 4 2 136 14 300 1562 299 1596
13237 4 2 136 14 66 65 362 72
13238 4 2 136 14 66 362 65 2478
13239 4 2 136 14 310 311 1563 1330
13240 4 2 136 14 1563 311 310 1664
13241 4 2 136 14 300 301 1579 1606
13242 4 2 136 14 300 1579 301 1289
13243 4 2 136 14 338 337 1332 1503
13244 4 2 136 14 338 1332 337 1578
13245 4 2 136 14 1475 1707 1727 1708
13246 4 2 136 14 1727 1707 1475 1484
13247 4 2 136 14 324 26 367 108
13248 4 2 136 14 22 312 361 57
13249 4 2 136 14 337 34 1564 1500
13250 4 2 136 14 337 1564 34 1580
13251 4 2 136 14 1702 1482 1700 1711
13252 4 2 136 14 1700 1482 1702 326
13253 4 2 136 14 1721 1475 1706 1472
13254 4 2 136 14 1721 1706 1475 1708
13255 4 2 136 14 333 334 1579 1498
13256 4 2 136 14 333 1579 334 1594
13257 4 2 136 14 32 332 1582 1496
13258 4 2 136 14 32 1582 332 1566
13259 4 2 136 14 1556 326 39 351
13260 4 2 136 14 1692 353 30 41
13261 4 2 136 14 1692 30 353 328
13262 4 2 136 14 326 27 1556 39
13263 4 2 136 14 326 1556 27 4
13264 4 2 136 14 2486 89 1554 90
13265 4 2 136 14 2486 1554 89 2488
13266 4 2 136 14 1431 1554 89 90
13267 4 2 136 14 1431 89 1554 2488
13268 4 2 136 14 2494 1443 1442 1545
13269 4 2 136 14 2494 1442 1443 1441
13270 4 2 136 14 1699 1618 28 1599
13271 4 2 136 14 28 1618 1699 1726
13272 4 2 136 14 1698 1655 417 1672
13273 4 2 136 14 1698 417 1655 1720
13274 4 2 136 14 335 1585 1487 1560
13275 4 2 136 14 335 1487 1585 336
13276 4 2 136 14 1576 1487 1585 1560
13277 4 2 136 14 161 12 2482 1397
13278 4 2 136 14 2482 1379 161 1397
13279 4 2 136 14 161 1379 2482 2483
13280 4 2 136 14 227 211 2472 226
13281 4 2 136 14 2472 211 227 1627
13282 4 2 136 14 103 2469 1455 8
13283 4 2 136 14 1443 2485 2494 1441
13284 4 2 136 14 2494 2485 1443 1558
13285 4 2 136 14 321 9 2479 124
13286 4 2 136 14 2479 9 321 1628
13287 4 2 136 14 1673 1586 309 1654
13288 4 2 136 14 309 1586 1673 1564
13289 4 2 136 14 1460 2491 1556 1436
13290 4 2 136 14 1556 2491 1460 1546
13291 4 2 136 14 1556 326 1460 1436
13292 4 2 136 14 1460 326 1556 1546
13293 4 2 136 14 2488 1459 328 1432
13294 4 2 136 14 2488 328 1459 1549
13295 4 2 136 14 1561 345 341 1689
13296 4 2 136 14 1561 341 345 34
13297 4 2 136 14 2476 2 71 70
13298 4 2 136 14 2476 71 2 2478
13299 4 2 136 14 1554 30 353 41
13300 4 2 136 14 1637 336 1641 1507
13301 4 2 136 14 1637 1641 336 1625
13302 4 2 136 14 1492 1585 1487 336
13303 4 2 136 14 1487 1585 1492 1576
13304 4 2 136 14 2490 1400 323 1652
13305 4 2 136 14 2490 323 1400 1373
13306 4 2 136 14 1723 1614 27 1617
13307 4 2 136 14 1723 27 1614 1716
13308 4 2 136 14 2491 1425 1440 2481
13309 4 2 136 14 2491 1440 1425 1405
13310 4 2 136 14 319 228 2473 243
13311 4 2 136 14 319 2473 228 2472
13312 4 2 136 14 229 2473 228 243
13313 4 2 136 14 229 228 2473 2472
13314 4 2 136 14 1559 2489 1551 1548
13315 4 2 136 14 1551 2489 1559 1446
13316 4 2 136 14 343 1568 340 1687
13317 4 2 136 14 343 340 1568 32
13318 4 2 136 14 13 323 2475 199
13319 4 2 136 14 2475 323 13 1642
13320 4 2 136 14 1567 1492 1585 1576
13321 4 2 136 14 1567 1585 1492 33
13322 4 2 136 14 1415 2489 1414 1407
13323 4 2 136 14 1414 2489 1415 2481
13324 4 2 136 14 211 212 2472 226
13325 4 2 136 14 211 2472 212 2474
13326 4 2 136 14 2491 1546 1440 1460
13327 4 2 136 14 2491 1440 1546 1552
13328 4 2 136 14 98 6 2470 449
13329 4 2 136 14 98 2470 6 2488
13330 4 2 136 14 2488 1423 1439 1409
13331 4 2 136 14 2488 1439 1423 2485
13332 4 2 136 14 2487 1421 1555 21
13333 4 2 136 14 2487 1555 1421 2489
13334 4 2 136 14 1445 1555 1421 21
13335 4 2 136 14 1445 1421 1555 2489
13336 4 2 136 14 2494 1413 1412 1411
13337 4 2 136 14 2494 1412 1413 2485
13338 4 2 136 14 11 1398 2484 144
13339 4 2 136 14 11 2484 1398 2483
13340 4 2 136 14 336 1637 377 335
13341 4 2 136 14 377 1637 336 1625
13342 4 2 136 14 2491 69 2481 2476
13343 4 2 136 14 2491 2481 69 1403
13344 4 2 136 14 103 104 2469 453
13345 4 2 136 14 1576 1567 2498 1588
13346 4 2 136 14 2498 1567 1576 1492
13347 4 2 136 14 2498 339 1576 1588
13348 4 2 136 14 1576 339 2498 1492
13349 4 2 136 14 1427 2469 1412 106
13350 4 2 136 14 1427 1412 2469 2485
13351 4 2 136 14 162 163 2482 182
13352 4 2 136 14 162 2482 163 2483
13353 4 2 136 14 317 2482 163 182
13354 4 2 136 14 317 163 2482 2483
13355 4 2 136 14 2490 1364 1380 2480
13356 4 2 136 14 2490 1380 1364 1350
13357 4 2 136 14 2495 23 1383 1651
13358 4 2 136 14 2495 1383 23 1360
13359 4 2 136 14 2471 26 24 111
13360 4 2 136 14 14 216 2474 913
13361 4 2 136 14 2474 216 14 2490
13362 4 2 136 14 1577 1489 1587 332
13363 4 2 136 14 1587 1489 1577 1572
13364 4 2 136 14 367 1663 324 413
13365 4 2 136 14 324 1663 367 26
13366 4 2 136 14 1605 361 312 391
13367 4 2 136 14 312 361 1605 22
13368 4 2 136 14 1659 369 325 414
13369 4 2 136 14 325 369 1659 30
13370 4 2 136 14 363 1601 313 392
13371 4 2 136 14 313 1601 363 27
13372 4 2 136 14 1353 2472 1368 233
13373 4 2 136 14 1368 2472 1353 2480
13374 4 2 136 14 1509 1651 336 303
13375 4 2 136 14 1641 1651 336 1625
13376 4 2 136 14 1641 336 1651 303
13377 4 2 136 14 2484 1639 1645 1624
13378 4 2 136 14 2484 1645 1639 2479
13379 4 2 136 14 1376 2492 125 2479
13380 4 2 136 14 1376 125 2492 1375
13381 4 2 136 14 126 125 2492 2479
13382 4 2 136 14 126 2492 125 1375
13383 4 2 136 14 2471 24 1419 112
13384 4 2 136 14 1419 24 2471 2494
13385 4 2 136 14 1419 113 2471 112
13386 4 2 136 14 2471 113 1419 2494
13387 4 2 136 14 3 2477 78 79
13388 4 2 136 14 78 2477 3 2491
13389 4 2 136 14 83 369 84 30
13390 4 2 136 14 84 369 83 2486
13391 4 2 136 14 369 325 84 30
13392 4 2 136 14 84 325 369 2486
13393 4 2 136 14 5 1554 369 30
13394 4 2 136 14 369 1554 5 2486
13395 4 2 136 14 83 5 369 30
13396 4 2 136 14 369 5 83 2486
13397 4 2 136 14 2495 230 2473 2472
13398 4 2 136 14 229 230 2473 16
13399 4 2 136 14 229 2473 230 2472
13400 4 2 136 14 2499 1406 1421 52
13401 4 2 136 14 2499 1421 1406 2489
13402 4 2 136 14 162 2482 161 12
13403 4 2 136 14 162 161 2482 2483
13404 4 2 136 14 2486 368 1547 2470
13405 4 2 136 14 2486 1547 368 369
13406 4 2 136 14 332 333 1562 1499
13407 4 2 136 14 332 1562 333 1587
13408 4 2 136 14 230 1395 2473 16
13409 4 2 136 14 230 2473 1395 2495
13410 4 2 136 14 250 2473 1395 16
13411 4 2 136 14 250 1395 2473 2495
13412 4 2 136 14 436 2476 3 434
13413 4 2 136 14 20 19 2482 1629
13414 4 2 136 14 20 2482 19 178
13415 4 2 136 14 8 114 2494 1455
13416 4 2 136 14 2494 114 8 2471
13417 4 2 136 14 2494 2469 8 1455
13418 4 2 136 14 8 2469 2494 2471
13419 4 2 136 14 2471 24 34 1557
13420 4 2 136 14 34 24 2471 26
13421 4 2 136 14 34 37 2471 1557
13422 4 2 136 14 2471 37 34 26
13423 4 2 136 14 361 56 2487 22
13424 4 2 136 14 361 2487 56 2499
13425 4 2 136 14 55 2487 56 22
13426 4 2 136 14 55 56 2487 2499
13427 4 2 136 14 72 2476 2478 71
13428 4 2 136 14 2478 2476 72 362
13429 4 2 136 14 2478 66 72 71
13430 4 2 136 14 72 66 2478 362
13431 4 2 136 14 30 328 1554 353
13432 4 2 136 14 1554 328 30 5
13433 4 2 136 14 104 2469 1437 103
13434 4 2 136 14 104 1437 2469 2494
13435 4 2 136 14 1455 1437 2469 103
13436 4 2 136 14 1455 2469 1437 2494
13437 4 2 136 14 2 70 2478 1458
13438 4 2 136 14 2 2478 70 2476
13439 4 2 136 14 1428 2478 70 1458
13440 4 2 136 14 1428 70 2478 2476
13441 4 2 136 14 1651 336 33 1509
13442 4 2 136 14 1651 33 336 1625
13443 4 2 136 14 197 196 2475 836
13444 4 2 136 14 197 2475 196 2490
13445 4 2 136 14 195 2475 196 836
13446 4 2 136 14 195 196 2475 2490
13447 4 2 136 14 69 68 2476 2491
13448 4 2 136 14 2476 68 69 436
13449 4 2 136 14 67 3 2476 2491
13450 4 2 136 14 2476 3 67 436
13451 4 2 136 14 68 67 2476 2491
13452 4 2 136 14 2476 67 68 436
13453 4 2 136 15 1548 1533 1559 1552
13454 4 2 136 15 1532 1547 1538 1543
13455 4 2 136 15 1547 1553 1538 1543
13456 4 2 136 15 1543 1547 1553 1558
13457 4 2 136 15 1537 1544 1533 1552
13458 4 2 136 15 1544 1559 1533 1552
13459 4 2 136 15 1548 1533 1540 1536
13460 4 2 136 15 1543 1532 1547 1534
13461 4 2 136 15 1539 1547 1532 1534
13462 4 2 136 15 1533 1559 1536 1548
13463 4 2 136 15 1553 1538 1545 1557
13464 4 2 136 15 1553 1545 1538 1543
13465 4 2 136 15 1557 1538 1530 1542
13466 4 2 136 15 1541 1556 1531 1552
13467 4 2 136 15 1558 1543 1547 1534
13468 4 2 136 15 1548 1540 1555 1551
13469 4 2 136 15 1543 1553 1545 1558
13470 4 2 136 15 1539 1554 1547 1534
13471 4 2 136 15 1537 1531 1544 1552
13472 4 2 136 15 1537 1541 1531 1552
13473 4 2 136 15 1559 1544 1531 1552
13474 4 2 136 15 1559 1533 1536 1544
13475 4 2 136 15 1544 1550 1559 1531
13476 4 2 136 15 1543 1550 1534 1558
13477 4 2 136 15 1514 1516 1556 1541
13478 4 2 136 15 1543 1545 1550 1558
13479 4 2 136 15 1536 1559 1544 1550
13480 4 2 136 15 1547 1538 1524 1532
13481 4 2 136 15 1511 1513 1557 1542
13482 4 2 136 15 1551 1536 1510 1511
13483 4 2 136 15 1533 1548 1519 1552
13484 4 2 136 15 1538 1547 1524 1553
13485 4 2 136 15 1549 1534 1515 1514
13486 4 2 136 15 1539 1554 1515 1517
13487 4 2 136 15 1555 1540 1512 1510
13488 4 2 136 15 1537 1533 1519 1552
13489 4 2 136 15 1550 1535 1534 1531
13490 4 2 136 15 1531 1549 1550 1546
13491 4 2 136 15 1534 1549 1550 1531
13492 4 2 136 15 1551 1530 1511 1545
13493 4 2 136 15 1530 1551 1511 1536
13494 4 2 136 15 1536 1530 1550 1535
13495 4 2 136 15 1544 1550 1531 1535
13496 4 2 136 15 1514 1549 1531 1546
13497 4 2 136 15 1549 1534 1514 1531
13498 4 2 136 15 1551 1536 1530 1550
13499 4 2 136 15 1551 1530 1545 1550
13500 4 2 136 15 1551 1548 1540 1536
13501 4 2 136 15 1530 1545 1538 1557
13502 4 2 136 15 1557 1530 1511 1542
13503 4 2 136 15 1545 1530 1538 1543
13504 4 2 136 15 1549 1558 1547 1534
13505 4 2 136 15 1549 1547 1554 1534
13506 4 2 136 15 1559 1531 1546 1552
13507 4 2 136 15 1540 1555 1551 1510
13508 4 2 136 15 1550 1559 1531 1546
13509 4 2 136 15 1556 1546 1531 1552
13510 4 2 136 15 1548 1559 1536 1551
13511 4 2 136 15 1556 1531 1514 1541
13512 4 2 136 15 1539 1554 1534 1515
13513 4 2 136 15 1550 1543 1534 1535
13514 4 2 136 15 1536 1550 1544 1535
13515 4 2 136 15 1524 1538 365 1532
13516 4 2 136 15 1535 1530 1550 1543
13517 4 2 136 15 1549 1550 1558 1534
13518 4 2 136 15 1536 1559 1550 1551
13519 4 2 136 15 1530 1545 1550 1543
13520 4 2 136 15 1536 348 1510 1511
13521 4 2 136 15 1510 344 1551 1511
13522 4 2 136 15 356 1515 1534 1514
13523 4 2 136 15 1515 1549 1514 352
13524 4 2 136 15 1519 359 1533 1537
13525 4 2 136 15 1525 1553 1538 1524
13526 4 2 136 15 1519 1548 1533 1540
13527 4 2 136 15 1524 1539 1547 1532
13528 4 2 136 15 1511 1536 348 1530
13529 4 2 136 15 1511 344 1551 1545
13530 4 2 136 15 1549 1514 352 1546
13531 4 2 136 15 1534 356 1514 1531
13532 4 2 136 15 1557 1553 1538 1525
13533 4 2 136 15 1545 1530 1511 1557
13534 4 2 136 15 1536 1540 1551 1510
13535 4 2 136 15 1524 1539 1554 1547
13536 4 2 136 15 1552 1541 1556 1518
13537 4 2 136 15 1542 1557 1538 1525
13538 4 2 136 15 1519 1548 1540 1555
13539 4 2 136 15 1552 1519 1537 1518
13540 4 2 136 15 1552 1537 1541 1518
13541 4 2 136 15 1534 1554 1549 1515
13542 4 2 136 15 1546 1531 1514 1556
13543 4 2 136 15 365 1525 1538 1524
13544 4 2 136 15 1519 359 1537 1518
13545 4 2 136 15 1516 1556 1541 1522
13546 4 2 136 15 1554 1539 1528 1517
13547 4 2 136 15 1523 1516 1541 1522
13548 4 2 136 15 1539 1529 1528 1517
13549 4 2 136 15 368 1553 1524 1547
13550 4 2 136 15 1513 1557 1542 1526
13551 4 2 136 15 1555 1540 1520 1512
13552 4 2 136 15 1518 1541 1556 1522
13553 4 2 136 15 1540 1521 1520 1512
13554 4 2 136 15 1527 1513 1542 1526
13555 4 2 136 15 1539 1528 1524 1554
13556 4 2 136 15 1557 1542 1526 1525
13557 4 2 136 15 1540 1520 1519 1555
13558 4 2 136 15 1552 1548 1519 362
13559 4 2 136 15 1541 1518 1523 1522
13560 4 2 136 15 1529 1528 1524 1539
13561 4 2 136 15 1519 1521 1520 1540
13562 4 2 136 15 1526 1542 1527 1525
13563 4 2 136 15 355 1516 1514 1541
13564 4 2 136 15 1514 1516 351 1556
13565 4 2 136 15 1511 1513 345 1557
13566 4 2 136 15 349 1513 1511 1542
13567 4 2 136 15 1554 1515 1517 353
13568 4 2 136 15 357 1539 1515 1517
13569 4 2 136 15 1512 343 1555 1510
13570 4 2 136 15 347 1512 1540 1510
13571 4 2 136 15 1524 1525 1553 368
13572 4 2 136 15 1519 1552 362 1518
13573 4 2 136 15 1546 1514 351 1556
13574 4 2 136 15 1531 355 1514 1541
13575 4 2 136 15 1545 1511 345 1557
13576 4 2 136 15 1530 349 1511 1542
13577 4 2 136 15 1554 1549 1515 353
13578 4 2 136 15 1515 1534 1539 357
13579 4 2 136 15 343 1551 1555 1510
13580 4 2 136 15 347 1540 1536 1510
13581 4 2 136 15 1519 358 1521 1540
13582 4 2 136 15 1542 364 1527 1525
13583 4 2 136 15 366 1529 1524 1539
13584 4 2 136 15 1541 1518 360 1523
13585 4 2 136 15 358 1519 1533 1540
13586 4 2 136 15 348 349 1511 1530
13587 4 2 136 15 1511 345 344 1545
13588 4 2 136 15 1524 366 1539 1532
13589 4 2 136 15 348 347 1536 1510
13590 4 2 136 15 343 344 1551 1510
13591 4 2 136 15 1534 1515 356 357
13592 4 2 136 15 1549 1515 353 352
13593 4 2 136 15 364 1542 1538 1525
13594 4 2 136 15 355 1514 356 1531
13595 4 2 136 15 1514 351 352 1546
13596 4 2 136 15 1518 1537 1541 360
13597 4 2 136 15 1539 42 1529 1517
13598 4 2 136 15 1541 40 1516 1523
13599 4 2 136 15 1540 36 1521 1512
13600 4 2 136 15 38 1513 1542 1527
13601 4 2 136 15 354 1528 1529 1517
13602 4 2 136 15 1522 1523 1516 350
13603 4 2 136 15 1526 1527 1513 346
13604 4 2 136 15 342 1520 1521 1512
13605 4 2 136 15 40 1516 355 1541
13606 4 2 136 15 357 42 1539 1517
13607 4 2 136 15 1554 1528 41 1517
13608 4 2 136 15 42 1529 366 1539
13609 4 2 136 15 1513 349 38 1542
13610 4 2 136 15 1556 1516 39 1522
13611 4 2 136 15 40 1541 360 1523
13612 4 2 136 15 1555 1520 35 1512
13613 4 2 136 15 1557 1513 37 1526
13614 4 2 136 15 1540 36 1512 347
13615 4 2 136 15 36 1521 358 1540
13616 4 2 136 15 1523 40 1516 350
13617 4 2 136 15 42 354 1529 1517
13618 4 2 136 15 364 38 1542 1527
13619 4 2 136 15 36 342 1521 1512
13620 4 2 136 15 38 1513 1527 346
13621 4 2 136 15 366 1524 365 1532
13622 4 2 136 15 1519 359 358 1533
13623 4 2 136 15 1528 354 41 1517
13624 4 2 136 15 1522 1516 39 350
13625 4 2 136 15 1520 342 35 1512
13626 4 2 136 15 1526 1513 37 346
13627 4 2 136 15 351 1516 39 1556
13628 4 2 136 15 1525 1538 364 365
13629 4 2 136 15 359 1537 1518 360
13630 4 2 136 15 41 1554 1517 353
13631 4 2 136 15 37 345 1513 1557
13632 4 2 136 15 343 1555 35 1512
13633 4 2 136 15 1519 1520 361 1555
13634 4 2 136 15 1557 1526 367 1525
13635 4 2 136 15 1528 369 1524 1554
13636 4 2 136 15 1522 1556 1518 363
13637 4 2 136 15 1548 1519 361 1555
13638 4 2 136 15 1554 369 1524 1547
13639 4 2 136 15 367 1553 1557 1525
13640 4 2 136 15 1518 1556 1552 363
13641 4 2 136 15 41 369 1528 1554
13642 4 2 136 15 39 1556 1522 363
13643 4 2 136 15 35 361 1520 1555
13644 4 2 136 15 37 1557 1526 367
13645 4 2 136 15 369 368 1524 1547
13646 4 2 136 15 361 1519 1548 362
13647 4 2 136 15 1525 367 1553 368
13648 4 2 136 15 1552 362 1518 363
$EndElements
